plastic_type,plastic_type_enc,replacement_pct,particle_size_mm,wc_ratio,additive_type,additive_type_enc,additive_pct,curing_temp_c,curing_days,compressive_strength_mpa,flexural_strength_mpa,split_tensile_mpa,density_kgm3,water_absorption_pct,thermal_conductivity_wm,durability_index,score_paving_block_light,suitable_paving_block_light,score_paving_block_heavy,suitable_paving_block_heavy,score_floor_tile_indoor,suitable_floor_tile_indoor,score_floor_tile_outdoor,suitable_floor_tile_outdoor,score_hollow_concrete_block,suitable_hollow_concrete_block,score_lightweight_partition_block,suitable_lightweight_partition_block,score_structural_concrete,suitable_structural_concrete,score_nonstructural_concrete_fill,suitable_nonstructural_concrete_fill,score_plastic_sand_paver,suitable_plastic_sand_paver,score_wall_cladding_panel,suitable_wall_cladding_panel,score_thermal_insulation_panel,suitable_thermal_insulation_panel,score_kerb_stone,suitable_kerb_stone,primary_application
Mixed,5,4.5,15.0,0.42,fly_ash,1,22.1,60.6,72,38.47,5.34,3.98,2339.4,2.72,0.921,100.0,97.33,1,68.9,1,61.62,1,49.68,0,100.0,1,66.58,1,86.47,1,85.39,1,75.0,1,66.49,1,49.61,0,96.72,1,hollow_concrete_block
PET,0,23.6,1.1,0.38,fly_ash,1,15.2,21.6,28,18.74,2.48,1.98,2107.2,6.06,0.658,62.9,64.72,1,39.19,0,29.34,0,23.66,0,100.0,1,74.25,1,69.3,1,87.08,1,55.79,1,72.64,1,60.97,1,53.77,0,hollow_concrete_block
Mixed,5,26.0,11.1,0.42,silica_fume,2,24.3,20.4,23,14.34,1.84,1.23,2034.4,3.64,0.539,79.6,71.31,1,41.03,0,26.27,0,20.18,0,100.0,1,79.4,1,61.05,1,87.7,1,54.12,0,80.17,1,69.36,1,58.74,1,hollow_concrete_block
Mixed,5,16.9,5.9,0.41,silica_fume,2,3.1,42.8,48,20.61,2.91,1.78,2122.4,4.77,0.689,84.5,74.17,1,44.71,0,33.48,0,26.93,0,100.0,1,73.2,1,79.05,1,86.96,1,62.48,1,73.27,1,59.26,1,62.06,1,hollow_concrete_block
LDPE,2,24.1,16.2,0.57,none,0,0.0,78.4,51,10.82,1.43,0.96,2060.9,6.33,0.586,71.7,54.18,0,32.73,0,18.61,0,14.6,0,100.0,1,77.16,1,55.05,1,87.47,1,43.92,0,75.29,1,65.66,1,44.44,0,hollow_concrete_block
PET,0,22.1,16.7,0.54,silica_fume,2,17.3,62.3,8,9.85,1.44,0.59,2095.8,3.99,0.705,68.8,62.06,1,35.5,0,20.13,0,15.26,0,100.0,1,73.0,1,55.19,1,87.18,1,48.13,0,72.87,1,58.59,1,50.55,0,hollow_concrete_block
Mixed,5,9.1,6.1,0.37,fly_ash,1,26.0,42.8,61,35.54,4.89,3.26,2214.7,3.45,0.916,97.3,95.39,1,62.4,1,55.49,1,45.03,0,100.0,1,67.62,1,95.33,1,86.26,1,75.0,1,67.1,1,50.23,0,87.49,1,hollow_concrete_block
Mixed,5,33.4,3.7,0.46,silica_fume,2,21.1,61.0,12,7.74,1.18,0.7,1912.2,5.05,0.551,63.1,51.93,0,30.13,0,15.97,0,12.14,0,100.0,1,80.12,1,37.09,0,88.83,1,45.32,0,80.19,1,69.02,1,42.2,0,hollow_concrete_block
PP,4,25.4,10.9,0.42,fibres,3,11.4,79.4,84,23.04,3.13,2.37,2012.2,6.38,0.61,84.5,71.3,1,44.13,0,35.04,0,28.62,0,100.0,1,76.74,1,75.22,1,87.89,1,59.98,1,74.37,1,64.28,1,60.17,1,hollow_concrete_block
Mixed,5,22.3,13.8,0.6,none,0,0.0,33.7,7,4.19,0.83,0.69,2069.1,6.42,0.684,55.4,43.2,0,25.44,0,10.42,0,7.81,0,88.9,1,66.76,1,40.41,0,65.33,1,34.66,0,60.13,1,59.75,1,34.53,0,hollow_concrete_block
LDPE,2,16.0,1.8,0.62,silica_fume,2,6.4,50.0,85,22.77,3.65,2.27,2168.1,3.21,0.801,91.2,86.42,1,51.5,0,40.2,0,32.12,0,100.0,1,70.1,1,85.04,1,86.6,1,65.36,1,69.81,1,54.19,0,73.66,1,hollow_concrete_block
PVC,3,5.7,3.2,0.57,silica_fume,2,22.4,45.7,77,35.44,4.99,3.15,2289.3,1.96,0.988,100.0,96.96,1,71.76,1,61.52,1,48.52,0,100.0,1,65.97,1,90.05,1,85.73,1,75.0,1,65.51,1,48.03,0,94.58,1,hollow_concrete_block
PVC,3,14.5,19.9,0.39,fibres,3,2.7,22.8,17,13.2,1.7,1.5,2222.1,4.4,0.808,77.6,66.19,1,38.91,0,23.51,0,18.21,0,100.0,1,69.5,1,61.75,1,86.2,1,52.6,0,69.4,1,53.7,0,54.34,0,hollow_concrete_block
HDPE,1,25.1,15.9,0.48,none,0,0.0,43.1,79,20.35,2.64,1.97,1989.3,5.93,0.638,80.0,68.43,1,41.75,0,31.45,0,25.4,0,100.0,1,76.01,1,67.95,1,88.1,1,58.61,1,74.29,1,62.67,1,57.27,1,hollow_concrete_block
PVC,3,21.2,19.4,0.61,none,0,0.0,60.8,17,7.53,0.98,0.47,2136.0,5.68,0.642,60.9,50.85,0,29.98,0,14.67,0,11.11,0,100.0,1,74.5,1,52.17,0,86.85,1,42.9,0,73.99,1,61.75,1,41.13,0,hollow_concrete_block
Mixed,5,35.4,15.1,0.58,silica_fume,2,3.3,46.1,61,11.38,2.16,1.17,1915.2,7.79,0.373,60.0,49.47,0,30.18,0,20.2,0,16.54,0,96.39,1,80.89,1,42.58,0,88.8,1,39.14,0,86.41,1,85.44,1,40.67,0,hollow_concrete_block
PET,0,38.2,17.6,0.43,fly_ash,1,15.2,26.4,83,18.84,3.38,1.85,1988.5,8.86,0.369,69.6,59.57,1,37.23,0,30.3,0,25.36,0,93.81,1,80.12,1,62.71,1,86.16,1,46.19,0,84.76,1,85.06,1,49.84,0,hollow_concrete_block
LDPE,2,33.7,10.4,0.41,silica_fume,2,22.9,52.4,70,25.61,3.82,2.38,1910.2,4.28,0.524,86.3,81.66,1,49.07,0,41.39,0,33.61,0,100.0,1,80.94,1,72.68,1,88.85,1,69.15,1,81.7,1,71.27,1,69.07,1,hollow_concrete_block
PET,0,24.0,10.0,0.38,silica_fume,2,26.4,69.9,42,25.98,3.47,2.62,2102.1,3.17,0.643,82.4,90.2,1,53.24,0,43.07,0,34.19,0,100.0,1,74.76,1,86.01,1,87.13,1,69.64,1,75.03,1,61.84,1,76.63,1,hollow_concrete_block
HDPE,1,2.3,17.6,0.63,none,0,0.0,63.9,11,10.12,1.14,1.32,2294.5,2.29,1.006,77.9,69.93,1,45.03,0,24.61,0,17.46,0,100.0,1,65.69,1,51.52,0,85.69,1,48.49,0,65.2,1,47.57,0,62.88,1,hollow_concrete_block
PP,4,30.6,3.0,0.49,fly_ash,1,8.0,72.3,57,14.48,2.42,1.13,1913.4,7.61,0.58,62.0,54.14,0,33.14,0,24.03,0,19.69,0,96.9,1,78.89,1,48.13,0,88.81,1,43.84,0,74.25,1,66.83,1,44.85,0,hollow_concrete_block
HDPE,1,37.2,15.2,0.56,silica_fume,2,12.0,60.3,50,10.82,1.67,1.14,1840.4,6.75,0.408,60.3,50.18,0,30.15,0,18.95,0,15.09,0,99.69,1,81.73,1,36.38,0,89.56,1,42.08,0,87.66,1,84.69,1,41.22,0,hollow_concrete_block
PVC,3,36.0,9.3,0.42,none,0,0.0,40.3,78,15.88,2.01,1.96,2022.2,8.0,0.493,64.7,56.5,1,34.88,0,24.24,0,19.59,0,95.83,1,79.78,1,58.93,1,87.8,1,44.51,0,78.0,1,73.57,1,46.89,0,hollow_concrete_block
PP,4,9.2,4.8,0.37,none,0,0.0,33.7,7,13.89,2.29,1.23,2246.0,3.82,0.903,85.7,71.34,1,41.77,0,26.6,0,20.84,0,100.0,1,67.58,1,63.27,1,86.03,1,53.52,0,67.22,1,50.48,0,58.95,1,hollow_concrete_block
LDPE,2,2.8,5.1,0.55,fly_ash,1,16.2,63.4,76,28.61,3.78,2.68,2285.5,2.47,0.975,100.0,95.08,1,61.67,1,48.86,0,38.41,0,100.0,1,66.18,1,88.0,1,85.75,1,73.15,1,65.74,1,48.37,0,86.36,1,hollow_concrete_block
PP,4,18.9,15.8,0.59,fly_ash,1,2.8,59.5,48,14.34,2.01,1.73,2069.0,6.49,0.748,71.4,58.51,1,35.6,0,23.47,0,18.82,0,100.0,1,72.16,1,61.42,1,87.4,1,47.88,0,69.03,1,56.75,1,48.36,0,hollow_concrete_block
PVC,3,16.4,17.3,0.37,none,0,0.0,23.6,46,19.25,2.84,1.88,2215.6,5.14,0.75,80.5,71.29,1,43.03,0,31.54,0,25.46,0,100.0,1,70.83,1,73.04,1,86.25,1,60.67,1,70.96,1,56.03,1,59.27,1,hollow_concrete_block
PET,0,9.9,4.2,0.48,fibres,3,5.5,47.8,12,10.5,1.34,1.22,2260.4,3.28,0.86,81.2,70.59,1,40.23,0,21.98,0,16.31,0,100.0,1,68.2,1,55.43,1,85.93,1,49.0,0,68.04,1,51.75,0,57.91,1,hollow_concrete_block
PVC,3,32.3,17.2,0.38,none,0,0.0,78.1,33,10.42,1.51,1.05,2008.9,7.96,0.544,63.0,48.97,0,30.0,0,17.55,0,14.02,0,95.94,1,79.42,1,48.44,0,87.92,1,37.34,0,75.08,1,69.07,1,40.13,0,hollow_concrete_block
HDPE,1,16.3,9.9,0.61,none,0,0.0,29.9,3,7.96,0.7,0.61,2138.9,5.14,0.781,74.6,54.95,0,32.4,0,14.9,0,10.98,0,100.0,1,70.77,1,56.6,1,86.83,1,45.61,0,70.46,1,55.08,1,44.66,0,hollow_concrete_block
PVC,3,10.6,15.8,0.49,fibres,3,20.9,63.8,74,27.15,4.14,2.91,2268.8,3.78,0.879,100.0,89.46,1,54.72,0,44.55,0,36.12,0,100.0,1,67.8,1,86.76,1,85.87,1,71.2,1,67.61,1,51.12,0,75.69,1,hollow_concrete_block
Mixed,5,28.7,3.5,0.44,none,0,0.0,54.8,72,16.56,2.17,1.67,2060.7,6.42,0.604,69.1,61.3,1,37.31,0,26.14,0,21.0,0,100.0,1,76.49,1,63.94,1,87.47,1,51.16,0,74.3,1,64.44,1,50.86,0,hollow_concrete_block
PET,0,29.9,1.6,0.53,fly_ash,1,1.7,50.5,26,8.01,1.45,0.81,2027.6,7.1,0.585,53.8,46.3,0,27.76,0,15.39,0,12.21,0,98.47,1,77.52,1,43.4,0,87.75,1,36.97,0,74.14,1,65.89,1,37.53,0,hollow_concrete_block
PET,0,23.8,13.7,0.42,none,0,0.0,76.5,75,22.31,3.14,2.1,2183.5,6.54,0.542,81.9,71.14,1,43.96,0,34.24,0,28.02,0,100.0,1,77.92,1,80.79,1,86.49,1,58.29,1,76.52,1,68.44,1,59.6,1,hollow_concrete_block
HDPE,1,23.2,1.3,0.37,silica_fume,2,28.0,32.3,43,27.47,4.1,2.59,2024.1,3.91,0.695,84.4,87.2,1,51.93,0,44.54,0,36.14,0,100.0,1,73.95,1,83.43,1,87.79,1,71.63,1,73.56,1,59.41,1,73.46,1,hollow_concrete_block
HDPE,1,10.6,3.1,0.54,fibres,3,9.5,65.1,12,10.47,1.32,0.92,2255.6,4.07,0.778,82.2,65.2,1,37.91,0,20.32,0,15.35,0,100.0,1,69.87,1,55.98,1,85.96,1,48.96,0,70.02,1,54.72,0,53.22,0,hollow_concrete_block
PET,0,18.3,20.0,0.65,none,0,0.0,52.3,67,18.09,2.84,1.5,2158.0,5.8,0.69,80.0,67.04,1,40.81,0,29.79,0,24.23,0,100.0,1,72.86,1,75.09,1,86.68,1,56.3,1,71.87,1,59.05,1,55.75,1,hollow_concrete_block
LDPE,2,5.3,7.3,0.37,fly_ash,1,11.1,29.5,72,38.65,5.13,3.85,2177.0,2.54,0.908,100.0,96.13,1,69.29,1,61.97,1,49.65,0,100.0,1,68.06,1,98.07,1,86.54,1,75.0,1,67.42,1,50.62,0,96.46,1,hollow_concrete_block
Mixed,5,12.1,19.7,0.59,none,0,0.0,60.1,73,20.75,2.48,1.99,2202.7,4.75,0.747,93.2,75.04,1,46.1,0,32.56,0,25.91,0,100.0,1,71.01,1,79.72,1,86.34,1,62.67,1,71.1,1,56.21,1,63.34,1,hollow_concrete_block
LDPE,2,37.3,2.5,0.61,silica_fume,2,3.5,26.4,73,10.75,1.21,1.17,1822.6,7.86,0.444,59.4,47.76,0,29.07,0,17.17,0,13.5,0,96.2,1,81.95,1,34.76,0,89.75,1,38.08,0,82.92,1,80.03,1,39.27,0,hollow_concrete_block
HDPE,1,10.9,12.3,0.57,fly_ash,1,20.6,71.2,67,25.09,3.71,2.83,2161.4,4.82,0.739,89.5,80.21,1,49.14,0,39.9,0,32.52,0,100.0,1,71.55,1,88.95,1,86.66,1,68.45,1,71.52,1,56.73,1,68.03,1,hollow_concrete_block
PVC,3,10.0,18.2,0.37,fibres,3,24.9,22.6,45,27.02,3.87,2.58,2248.8,3.6,0.821,100.0,90.46,1,55.04,1,44.1,0,35.5,0,100.0,1,69.03,1,87.98,1,86.01,1,71.03,1,68.97,1,53.13,0,76.48,1,hollow_concrete_block
HDPE,1,25.5,5.6,0.57,fibres,3,16.8,26.7,22,9.67,1.15,1.15,2004.8,6.92,0.649,64.8,50.05,0,30.26,0,16.4,0,12.76,0,99.08,1,75.5,1,47.36,0,87.96,1,39.87,0,71.86,1,61.96,1,40.92,0,hollow_concrete_block
PP,4,1.4,7.7,0.52,fibres,3,3.8,38.5,8,10.65,1.72,1.19,2329.1,2.3,1.043,85.2,71.45,1,46.28,0,26.54,0,19.39,0,100.0,1,64.96,1,51.8,0,85.46,1,49.2,0,64.5,1,46.6,0,64.51,1,hollow_concrete_block
LDPE,2,8.4,5.4,0.38,fibres,3,29.2,65.0,33,22.47,3.08,2.2,2262.8,3.84,0.915,100.0,82.76,1,50.51,0,37.11,0,29.6,0,100.0,1,67.25,1,79.39,1,85.91,1,64.96,1,66.91,1,50.07,0,69.71,1,hollow_concrete_block
HDPE,1,39.0,16.3,0.61,none,0,0.0,30.8,45,7.07,1.19,0.64,1817.6,8.97,0.42,50.2,40.12,0,24.39,0,13.02,0,10.34,0,93.58,1,82.01,1,25.91,0,84.78,1,30.24,0,82.32,1,83.15,1,32.55,0,hollow_concrete_block
PVC,3,32.1,17.3,0.59,silica_fume,2,4.8,62.1,51,10.12,2.05,0.81,2008.6,7.49,0.558,63.4,49.41,0,30.1,0,18.81,0,15.34,0,97.25,1,78.81,1,48.02,0,87.92,1,38.42,0,74.98,1,67.97,1,40.44,0,hollow_concrete_block
PET,0,34.3,4.8,0.59,fibres,3,10.5,69.2,32,9.21,1.29,0.74,2019.6,7.9,0.534,55.5,46.63,0,28.34,0,15.81,0,12.5,0,96.1,1,79.77,1,45.27,0,87.83,1,35.91,0,75.65,1,69.85,1,37.97,0,hollow_concrete_block
HDPE,1,0.9,4.3,0.45,none,0,0.0,78.0,38,19.54,2.64,2.04,2320.6,1.83,0.999,97.6,83.24,1,59.5,1,40.71,0,30.43,0,100.0,1,65.58,1,70.38,1,85.51,1,61.05,1,65.21,1,47.64,0,75.66,1,hollow_concrete_block
LDPE,2,25.7,8.3,0.64,silica_fume,2,28.2,26.9,36,12.63,1.63,1.31,1939.0,3.41,0.579,74.2,69.52,1,39.32,0,24.53,0,18.57,0,100.0,1,78.66,1,50.0,0,88.57,1,51.84,0,78.64,1,66.77,1,57.07,1,hollow_concrete_block
HDPE,1,23.2,19.7,0.36,fibres,3,10.4,67.2,58,24.81,3.92,2.65,2022.7,6.17,0.602,83.9,74.27,1,45.85,0,38.93,0,32.18,0,100.0,1,76.92,1,78.77,1,87.8,1,63.33,1,75.09,1,64.75,1,62.71,1,hollow_concrete_block
PP,4,39.4,2.8,0.62,fly_ash,1,7.6,62.5,3,3.23,0.55,0.3,1796.3,9.71,0.404,36.2,32.3,0,19.32,0,7.35,0,5.52,0,71.0,1,68.8,1,14.67,0,58.05,1,23.53,0,70.49,1,85.54,1,25.59,0,thermal_insulation_panel
PP,4,37.0,11.0,0.57,fly_ash,1,10.9,24.2,88,14.78,1.95,1.52,1815.7,8.7,0.406,65.0,52.53,0,32.54,0,22.72,0,18.42,0,94.16,1,82.03,1,42.42,0,88.22,1,41.16,0,85.35,1,85.13,1,43.71,0,hollow_concrete_block
LDPE,2,24.9,13.4,0.39,silica_fume,2,15.2,60.0,44,25.55,4.01,2.75,2058.5,4.2,0.67,79.8,82.8,1,49.32,0,41.92,0,34.14,0,100.0,1,74.33,1,81.51,1,87.49,1,69.07,1,74.24,1,60.54,1,69.41,1,hollow_concrete_block
PVC,3,27.9,11.3,0.41,fibres,3,20.3,74.2,81,26.36,3.45,2.47,2067.0,6.17,0.555,86.4,76.67,1,47.64,0,39.31,0,32.13,0,100.0,1,78.38,1,85.16,1,87.42,1,65.4,1,77.12,1,67.92,1,65.08,1,hollow_concrete_block
PP,4,12.0,11.2,0.35,silica_fume,2,6.3,67.1,80,41.82,5.96,4.56,2205.1,3.41,0.775,100.0,95.66,1,68.13,1,64.54,1,52.82,0,100.0,1,70.34,1,96.06,1,86.33,1,75.0,1,70.32,1,55.04,1,90.07,1,hollow_concrete_block
Mixed,5,12.9,9.1,0.55,fibres,3,23.8,77.6,24,10.23,1.98,1.26,2174.7,3.64,0.874,86.8,67.22,1,38.9,0,22.51,0,17.36,0,100.0,1,68.65,1,62.54,1,86.55,1,48.64,0,68.12,1,51.66,0,55.34,1,hollow_concrete_block
Mixed,5,3.4,10.6,0.54,silica_fume,2,2.8,77.1,33,18.4,2.1,1.72,2307.7,2.48,0.926,92.9,81.63,1,52.29,0,34.4,0,25.96,0,100.0,1,66.73,1,68.22,1,85.6,1,59.53,1,66.52,1,49.58,0,74.23,1,hollow_concrete_block
Mixed,5,12.4,16.2,0.39,none,0,0.0,34.7,63,23.46,3.24,2.37,2210.4,4.52,0.758,87.7,79.78,1,48.36,0,37.46,0,30.21,0,100.0,1,70.69,1,82.27,1,86.29,1,66.28,1,70.76,1,55.71,1,67.23,1,hollow_concrete_block
PP,4,34.0,1.9,0.47,fly_ash,1,21.6,43.0,54,16.92,2.47,1.54,1905.2,8.17,0.549,61.5,56.37,1,34.78,0,26.36,0,21.58,0,95.4,1,80.28,1,51.48,0,88.48,1,45.41,0,75.13,1,69.21,1,46.96,0,hollow_concrete_block
HDPE,1,5.9,13.9,0.62,none,0,0.0,66.7,31,15.75,2.73,1.53,2297.1,3.32,0.98,80.7,77.8,1,44.72,0,30.61,0,24.05,0,100.0,1,66.02,1,61.44,1,85.67,1,56.0,1,65.61,1,48.2,0,64.05,1,hollow_concrete_block
HDPE,1,32.2,14.1,0.49,fly_ash,1,27.5,27.3,20,10.98,1.85,0.75,1866.9,6.98,0.504,54.8,49.44,0,29.7,0,19.43,0,15.62,0,98.88,1,81.43,1,37.13,0,89.28,1,41.38,0,79.63,1,73.33,1,40.55,0,hollow_concrete_block
PVC,3,26.7,19.8,0.53,fibres,3,18.4,63.2,67,18.5,2.61,2.18,2054.9,6.12,0.597,82.5,66.23,1,40.52,0,29.38,0,23.8,0,100.0,1,76.8,1,70.19,1,87.52,1,55.17,1,75.25,1,64.93,1,55.25,1,hollow_concrete_block
PVC,3,33.2,11.2,0.62,fibres,3,13.5,65.1,84,13.46,1.26,1.33,1995.5,8.24,0.52,70.7,53.43,0,33.1,0,19.85,0,15.65,0,95.23,1,80.05,1,54.53,0,87.46,1,40.6,0,76.17,1,71.18,1,44.22,0,hollow_concrete_block
LDPE,2,30.6,10.7,0.54,silica_fume,2,13.2,62.8,33,12.04,1.37,1.19,1941.1,5.13,0.566,62.0,57.44,1,33.73,0,20.66,0,15.94,0,100.0,1,79.16,1,46.04,0,88.55,1,51.05,0,79.26,1,67.71,1,47.15,0,hollow_concrete_block
LDPE,2,13.4,17.9,0.37,fly_ash,1,6.9,61.6,30,17.91,2.48,1.58,2141.8,3.93,0.897,81.9,75.12,1,44.04,0,30.9,0,24.36,0,100.0,1,68.54,1,75.26,1,86.81,1,58.88,1,67.8,1,51.09,0,62.22,1,hollow_concrete_block
PET,0,16.6,7.0,0.49,none,0,0.0,32.4,56,17.28,2.48,1.71,2182.4,5.23,0.789,80.6,68.1,1,41.05,0,28.58,0,22.92,0,100.0,1,70.23,1,72.15,1,86.5,1,58.04,1,70.05,1,54.58,0,56.47,1,hollow_concrete_block
PVC,3,36.2,11.9,0.56,fibres,3,14.3,76.6,41,7.98,1.03,0.34,1960.6,9.06,0.539,58.5,43.29,0,26.63,0,13.5,0,10.61,0,93.4,1,80.14,1,39.77,0,86.02,1,31.24,0,74.4,1,69.73,1,35.22,0,hollow_concrete_block
PVC,3,34.1,19.1,0.48,fly_ash,1,14.6,36.4,65,16.41,2.39,2.26,2059.6,8.09,0.441,59.4,56.7,1,34.97,0,25.68,0,20.99,0,95.6,1,79.42,1,61.12,1,87.26,1,44.95,0,81.53,1,79.13,1,47.02,0,hollow_concrete_block
PET,0,15.6,13.5,0.59,fly_ash,1,25.2,75.2,82,26.04,3.42,2.32,2179.3,4.38,0.85,90.8,83.69,1,51.0,0,40.68,0,32.8,0,100.0,1,69.04,1,89.59,1,86.52,1,69.72,1,68.61,1,52.41,0,70.98,1,hollow_concrete_block
PP,4,1.1,8.2,0.52,none,0,0.0,25.0,57,21.61,3.47,2.18,2308.3,2.81,1.01,97.1,85.91,1,53.55,0,39.77,0,31.4,0,100.0,1,65.53,1,74.61,1,85.6,1,63.81,1,65.08,1,47.43,0,76.55,1,hollow_concrete_block
HDPE,1,34.7,4.0,0.43,silica_fume,2,6.3,39.6,51,15.19,1.86,1.24,1895.5,7.97,0.41,65.6,54.79,0,33.76,0,23.19,0,18.66,0,95.91,1,81.1,1,48.96,0,88.99,1,43.67,0,85.32,1,84.09,1,45.53,0,hollow_concrete_block
LDPE,2,30.1,16.7,0.43,none,0,0.0,48.2,72,15.5,2.02,1.43,1893.7,7.44,0.507,73.4,57.03,1,35.12,0,24.13,0,19.46,0,97.4,1,81.12,1,51.35,0,89.01,1,45.76,0,78.58,1,72.9,1,47.48,0,hollow_concrete_block
PET,0,40.0,7.3,0.55,none,0,0.0,65.3,34,6.6,0.85,0.48,1944.7,9.5,0.425,42.8,38.92,0,23.67,0,11.53,0,8.98,0,92.54,1,80.57,1,32.31,0,79.35,1,28.45,0,79.04,1,81.75,1,31.33,0,hollow_concrete_block
HDPE,1,33.6,12.6,0.42,fibres,3,20.1,53.8,30,11.43,1.82,0.81,1899.3,7.78,0.525,63.8,49.9,0,30.51,0,19.41,0,15.67,0,96.42,1,81.06,1,42.5,0,88.95,1,39.23,0,76.99,1,71.24,1,41.08,0,hollow_concrete_block
PVC,3,28.0,15.5,0.4,none,0,0.0,66.7,23,8.1,0.65,0.82,2091.8,6.68,0.612,56.3,48.09,0,28.75,0,13.72,0,10.28,0,99.95,1,75.91,1,48.78,0,87.21,1,38.74,0,73.32,1,63.78,1,38.96,0,hollow_concrete_block
LDPE,2,4.3,1.0,0.44,fibres,3,11.9,62.9,12,14.05,1.6,1.27,2289.9,2.43,0.916,94.2,75.7,1,48.92,0,29.02,0,21.37,0,100.0,1,67.02,1,62.58,1,85.72,1,53.73,0,66.78,1,49.93,0,68.91,1,hollow_concrete_block
PP,4,27.6,12.7,0.38,silica_fume,2,25.5,56.0,18,15.84,2.47,1.36,1967.1,4.76,0.462,71.2,65.33,1,38.6,0,27.62,0,22.06,0,100.0,1,80.33,1,56.59,1,88.3,1,56.12,1,85.48,1,77.12,1,54.08,0,hollow_concrete_block
PP,4,31.3,7.3,0.48,silica_fume,2,2.1,58.9,4,6.97,0.92,0.77,1879.6,7.35,0.523,53.8,43.34,0,25.94,0,12.9,0,9.92,0,97.68,1,81.28,1,31.1,0,85.62,1,34.69,0,76.06,1,71.53,1,35.12,0,hollow_concrete_block
PVC,3,32.9,2.6,0.64,fibres,3,21.2,46.1,69,11.97,1.78,1.11,2022.8,7.75,0.526,71.4,52.5,0,32.34,0,19.86,0,15.99,0,96.51,1,79.77,1,54.17,0,87.8,1,40.05,0,76.29,1,70.51,1,43.27,0,hollow_concrete_block
Mixed,5,10.8,16.3,0.51,fibres,3,13.9,69.5,78,25.91,4.25,2.76,2205.2,4.42,0.818,96.0,83.51,1,51.43,0,42.57,0,34.88,0,100.0,1,69.44,1,88.86,1,86.33,1,69.55,1,69.23,1,53.41,0,70.8,1,hollow_concrete_block
LDPE,2,12.9,5.3,0.63,silica_fume,2,26.4,34.6,62,22.56,2.6,2.19,2166.1,3.26,0.823,96.8,86.13,1,51.66,0,37.24,0,29.08,0,100.0,1,69.67,1,86.27,1,86.62,1,65.08,1,69.29,1,53.39,0,73.01,1,hollow_concrete_block
PP,4,24.4,7.9,0.36,silica_fume,2,5.5,32.7,36,20.41,2.19,2.09,2020.5,5.1,0.691,74.5,70.82,1,42.54,0,31.11,0,24.66,0,100.0,1,74.09,1,68.87,1,87.82,1,62.21,1,73.71,1,59.63,1,59.09,1,hollow_concrete_block
LDPE,2,11.2,12.1,0.61,none,0,0.0,51.0,27,9.83,1.57,1.44,2195.3,4.12,0.809,73.8,62.59,1,36.14,0,20.23,0,15.47,0,100.0,1,69.7,1,57.07,1,86.4,1,48.11,0,69.5,1,53.78,0,50.97,0,hollow_concrete_block
PET,0,9.7,8.4,0.52,fly_ash,1,20.7,58.8,65,29.23,3.84,2.94,2241.6,3.94,0.871,95.4,90.96,1,55.5,1,45.6,0,36.78,0,100.0,1,68.15,1,91.64,1,86.06,1,73.97,1,67.89,1,51.48,0,77.18,1,hollow_concrete_block
PVC,3,31.7,2.3,0.42,fly_ash,1,9.2,54.9,63,16.7,2.26,1.47,2035.5,7.86,0.562,65.5,58.01,1,35.82,0,25.74,0,20.92,0,96.2,1,78.38,1,61.45,1,87.69,1,46.02,0,74.13,1,67.53,1,48.21,0,hollow_concrete_block
PP,4,21.2,8.8,0.57,silica_fume,2,10.6,47.2,42,17.73,2.89,1.86,2100.0,4.27,0.62,70.0,71.1,1,41.73,0,31.2,0,25.01,0,100.0,1,75.55,1,68.93,1,87.14,1,58.64,1,75.97,1,63.23,1,58.84,1,hollow_concrete_block
LDPE,2,9.2,14.6,0.44,fly_ash,1,5.7,64.3,38,21.28,3.18,2.12,2226.8,3.21,0.984,87.5,84.87,1,50.17,0,37.54,0,29.7,0,100.0,1,66.51,1,77.42,1,86.17,1,63.37,1,65.84,1,48.37,0,71.9,1,hollow_concrete_block
Mixed,5,23.6,15.3,0.53,none,0,0.0,70.0,40,11.49,1.83,1.25,2061.7,5.93,0.67,73.4,56.35,1,33.89,0,20.56,0,16.35,0,100.0,1,74.3,1,56.66,1,87.46,1,46.8,0,72.72,1,60.52,1,46.29,0,hollow_concrete_block
HDPE,1,14.4,6.4,0.56,fly_ash,1,8.2,78.5,73,23.72,3.8,2.27,2120.2,4.54,0.787,91.1,79.36,1,48.42,0,39.09,0,31.89,0,100.0,1,70.81,1,85.76,1,86.98,1,66.63,1,70.39,1,54.93,0,67.24,1,hollow_concrete_block
LDPE,2,27.9,3.0,0.61,fibres,3,3.1,20.7,39,6.77,1.41,0.65,1938.2,6.62,0.499,63.9,46.23,0,27.62,0,14.32,0,11.29,0,100.0,1,80.64,1,37.54,0,83.71,1,37.22,0,77.72,1,73.42,1,37.51,0,hollow_concrete_block
PVC,3,19.1,7.1,0.64,silica_fume,2,28.2,48.7,11,10.82,1.13,0.82,2158.5,3.93,0.701,70.8,64.44,1,36.99,0,20.43,0,15.25,0,100.0,1,72.55,1,60.58,1,86.68,1,49.43,0,72.71,1,58.5,1,52.57,0,hollow_concrete_block
PVC,3,19.7,11.8,0.56,fly_ash,1,4.5,53.8,41,12.56,1.68,0.72,2161.2,5.45,0.739,77.4,60.49,1,36.28,0,21.65,0,17.0,0,100.0,1,71.55,1,64.98,1,86.66,1,51.0,0,71.2,1,56.73,1,49.73,0,hollow_concrete_block
PET,0,39.8,2.8,0.58,fly_ash,1,23.3,42.8,59,12.84,1.72,1.06,2041.1,9.19,0.404,52.5,49.48,0,30.56,0,20.04,0,16.21,0,93.14,1,79.6,1,52.08,0,85.05,1,37.43,0,83.76,1,84.2,1,40.69,0,hollow_concrete_block
LDPE,2,34.4,19.8,0.44,none,0,0.0,56.6,15,7.19,0.96,0.6,1841.7,8.18,0.457,47.9,41.26,0,24.82,0,12.85,0,9.99,0,95.37,1,81.72,1,27.24,0,87.04,1,32.41,0,80.34,1,78.38,1,33.42,0,hollow_concrete_block
HDPE,1,25.0,5.7,0.37,fly_ash,1,5.2,24.5,3,9.54,1.26,1.25,1923.0,6.94,0.687,53.6,47.87,0,28.66,0,16.53,0,12.94,0,99.02,1,75.21,1,38.43,0,88.72,1,39.62,0,70.91,1,60.33,1,39.05,0,hollow_concrete_block
PVC,3,18.0,12.1,0.44,fly_ash,1,8.6,37.0,61,22.05,2.98,1.92,2155.7,4.8,0.818,86.3,76.2,1,46.23,0,35.06,0,28.22,0,100.0,1,69.86,1,83.47,1,86.7,1,64.4,1,69.46,1,53.62,0,64.06,1,hollow_concrete_block
PET,0,27.5,18.5,0.59,fly_ash,1,12.8,52.7,85,20.45,3.08,1.82,2067.5,7.15,0.526,76.9,65.89,1,40.78,0,31.88,0,26.22,0,98.31,1,79.35,1,72.91,1,87.41,1,53.37,0,76.93,1,70.3,1,55.15,1,hollow_concrete_block
HDPE,1,36.3,16.6,0.37,fly_ash,1,23.8,55.7,75,22.13,2.99,2.35,1858.8,8.39,0.513,64.6,63.02,1,39.18,0,32.78,0,26.97,0,94.86,1,81.52,1,57.65,1,88.44,1,51.76,0,77.2,1,72.54,1,53.05,0,hollow_concrete_block
LDPE,2,17.6,9.6,0.44,fibres,3,28.3,50.0,66,23.92,3.53,2.33,2108.1,4.67,0.782,99.1,78.92,1,49.05,0,38.46,0,31.23,0,100.0,1,71.02,1,86.87,1,87.08,1,66.89,1,70.58,1,55.18,1,66.93,1,hollow_concrete_block
PVC,3,3.2,1.3,0.48,silica_fume,2,18.1,21.6,32,26.32,4.0,2.49,2277.3,1.02,0.982,96.6,91.96,1,73.15,1,62.46,1,45.84,0,100.0,1,66.14,1,84.54,1,85.81,1,70.09,1,65.66,1,48.22,0,83.57,1,hollow_concrete_block
Mixed,5,33.4,11.7,0.64,silica_fume,2,17.3,65.8,25,12.01,1.06,1.54,1938.8,5.2,0.472,58.1,56.65,1,33.21,0,19.79,0,15.05,0,100.0,1,80.63,1,44.83,0,88.57,1,51.01,0,84.9,1,76.16,1,46.46,0,hollow_concrete_block
PVC,3,20.8,9.1,0.43,fibres,3,19.0,49.5,14,11.4,1.93,1.16,2156.9,5.6,0.685,76.8,58.34,1,35.01,0,20.99,0,16.69,0,100.0,1,73.01,1,63.2,1,86.69,1,48.53,0,72.53,1,59.31,1,47.85,0,hollow_concrete_block
PVC,3,13.9,7.0,0.55,fly_ash,1,9.9,61.6,39,12.95,1.41,1.44,2223.1,4.43,0.792,79.6,65.96,1,38.83,0,22.49,0,17.22,0,100.0,1,69.83,1,61.77,1,86.19,1,52.27,0,69.8,1,54.3,0,54.14,0,hollow_concrete_block
Mixed,5,37.8,16.4,0.52,fibres,3,2.6,35.1,17,5.02,0.5,0.54,1848.1,8.97,0.348,48.5,37.41,0,22.62,0,9.24,0,6.91,0,91.17,1,80.11,1,24.24,0,70.78,1,27.5,0,77.2,1,85.82,1,30.06,0,hollow_concrete_block
PVC,3,34.6,16.6,0.35,fibres,3,12.4,31.3,49,17.09,2.47,1.91,2071.3,8.63,0.389,65.0,57.6,1,35.83,0,26.35,0,21.62,0,94.31,1,79.31,1,64.53,1,85.92,1,44.42,0,84.57,1,84.66,1,47.9,0,hollow_concrete_block
PP,4,30.3,12.7,0.58,fly_ash,1,8.0,27.9,39,8.84,1.25,0.99,1890.4,7.53,0.508,56.1,45.87,0,27.68,0,15.51,0,12.2,0,97.13,1,81.16,1,35.58,0,89.04,1,36.58,0,78.41,1,72.82,1,37.41,0,hollow_concrete_block
PVC,3,35.2,10.0,0.36,fly_ash,1,21.3,38.6,4,6.68,0.66,0.4,1986.3,8.76,0.425,56.1,41.84,0,25.57,0,11.37,0,8.67,0,94.03,1,80.14,1,38.83,0,80.92,1,30.22,0,79.79,1,81.54,1,33.84,0,hollow_concrete_block
PP,4,16.3,4.9,0.6,none,0,0.0,47.7,18,9.27,1.35,0.75,2135.5,4.7,0.762,75.5,58.61,1,34.32,0,18.32,0,14.0,0,100.0,1,71.23,1,58.77,1,86.86,1,47.36,0,70.99,1,55.86,1,47.77,0,hollow_concrete_block
Mixed,5,33.3,10.2,0.56,silica_fume,2,12.5,48.9,63,15.95,2.58,1.45,1932.7,6.7,0.469,73.8,59.45,1,36.33,0,26.38,0,21.52,0,99.88,1,80.7,1,54.98,0,88.63,1,49.13,0,82.09,1,76.52,1,49.45,0,hollow_concrete_block
HDPE,1,18.3,3.3,0.41,fly_ash,1,25.9,36.6,56,27.98,3.75,2.92,2124.8,5.54,0.647,80.4,80.84,1,49.48,0,42.17,0,34.47,0,100.0,1,74.43,1,90.45,1,86.94,1,71.0,1,74.21,1,61.51,1,68.13,1,hollow_concrete_block
LDPE,2,37.4,10.4,0.6,silica_fume,2,21.8,70.2,77,15.44,2.14,1.67,1820.5,4.71,0.458,73.0,64.15,1,37.78,0,26.45,0,20.9,0,100.0,1,81.97,1,45.92,0,89.77,1,55.59,1,86.65,1,78.39,1,53.21,0,hollow_concrete_block
Mixed,5,19.6,3.4,0.51,silica_fume,2,10.0,65.8,51,21.36,3.32,2.3,2118.8,4.39,0.623,82.8,76.95,1,45.9,0,35.73,0,28.88,0,100.0,1,75.28,1,79.6,1,86.99,1,63.48,1,75.75,1,62.96,1,64.21,1,hollow_concrete_block
PVC,3,37.3,17.5,0.64,fly_ash,1,17.2,34.0,55,10.11,1.5,0.76,1963.2,9.14,0.439,54.6,45.58,0,28.06,0,16.78,0,13.5,0,93.23,1,80.37,1,42.51,0,85.84,1,33.9,0,81.07,1,79.86,1,37.28,0,hollow_concrete_block
PET,0,12.7,9.7,0.62,fibres,3,11.6,59.8,86,23.18,3.25,2.51,2211.3,4.32,0.786,96.5,80.43,1,49.37,0,37.48,0,30.17,0,100.0,1,70.05,1,84.0,1,86.28,1,65.91,1,70.0,1,54.58,0,67.97,1,hollow_concrete_block
HDPE,1,19.8,1.2,0.5,silica_fume,2,26.1,72.5,59,26.69,3.8,2.57,2112.5,2.98,0.694,90.7,91.23,1,55.5,1,45.14,0,35.93,0,100.0,1,73.15,1,90.06,1,87.04,1,70.59,1,73.15,1,59.05,1,79.99,1,hollow_concrete_block
PET,0,21.0,9.4,0.57,fibres,3,26.1,78.2,12,10.83,1.57,1.29,2101.7,5.89,0.729,74.6,56.03,1,33.69,0,19.28,0,15.16,0,100.0,1,72.32,1,58.73,1,87.13,1,46.13,0,70.68,1,57.44,1,45.93,0,hollow_concrete_block
PVC,3,31.3,5.7,0.54,fibres,3,19.5,71.1,89,18.65,2.46,2.15,2121.6,7.49,0.508,87.1,63.93,1,40.23,0,28.36,0,23.07,0,97.25,1,78.85,1,76.39,1,86.97,1,49.79,0,77.23,1,71.67,1,53.91,0,hollow_concrete_block
PP,4,15.2,6.7,0.57,fibres,3,26.2,22.2,11,11.41,1.44,1.06,2121.9,4.2,0.726,78.0,64.2,1,37.34,0,21.36,0,16.29,0,100.0,1,72.22,1,62.01,1,86.97,1,50.21,0,72.09,1,57.48,1,52.57,0,hollow_concrete_block
HDPE,1,25.2,18.5,0.65,none,0,0.0,46.0,15,5.2,0.72,0.57,2046.2,6.14,0.671,54.1,44.93,0,26.36,0,11.34,0,8.41,0,99.48,1,74.09,1,40.12,0,72.26,1,37.34,0,64.63,1,60.54,1,36.05,0,hollow_concrete_block
Mixed,5,28.2,2.5,0.4,silica_fume,2,27.1,22.8,10,13.19,2.05,1.09,2009.0,4.31,0.602,71.6,64.35,1,37.45,0,24.5,0,19.21,0,100.0,1,77.06,1,55.27,1,87.92,1,52.59,0,77.2,1,64.82,1,52.92,0,hollow_concrete_block
LDPE,2,14.3,8.9,0.42,fibres,3,17.0,67.6,24,19.08,2.48,1.8,2126.8,4.35,0.754,89.5,74.18,1,44.71,0,31.41,0,24.9,0,100.0,1,71.49,1,78.09,1,86.93,1,60.44,1,71.25,1,56.23,1,62.42,1,hollow_concrete_block
HDPE,1,3.2,17.5,0.54,fly_ash,1,14.9,55.0,32,20.97,2.76,1.93,2319.7,2.36,0.984,90.2,85.14,1,55.11,1,39.17,0,30.03,0,100.0,1,65.79,1,70.96,1,85.52,1,62.96,1,65.46,1,48.01,0,77.37,1,hollow_concrete_block
PVC,3,25.5,9.5,0.55,fibres,3,27.0,60.7,23,7.14,1.46,1.07,2089.4,6.43,0.632,74.3,49.56,0,29.86,0,14.94,0,11.78,0,100.0,1,75.24,1,51.62,0,84.83,1,38.55,0,71.77,1,62.55,1,40.26,0,hollow_concrete_block
PET,0,17.7,7.2,0.53,fibres,3,20.7,47.4,41,16.68,2.94,1.63,2154.4,4.63,0.698,85.4,69.8,1,41.84,0,29.79,0,24.05,0,100.0,1,72.67,1,74.38,1,86.71,1,57.24,1,72.82,1,58.67,1,58.12,1,hollow_concrete_block
HDPE,1,40.0,17.1,0.38,fibres,3,17.2,54.5,40,14.21,1.83,1.47,1793.5,9.68,0.526,59.6,49.79,0,30.96,0,21.54,0,17.48,0,92.22,1,82.3,1,38.97,0,86.6,1,38.23,0,75.58,1,71.78,1,41.38,0,hollow_concrete_block
PET,0,39.1,13.3,0.43,none,0,0.0,74.6,66,11.98,1.99,1.33,2026.1,9.27,0.396,61.8,49.26,0,30.6,0,19.83,0,16.24,0,92.98,1,79.74,1,51.96,0,85.03,1,36.11,0,84.16,1,84.87,1,40.54,0,hollow_concrete_block
LDPE,2,31.0,5.0,0.59,fly_ash,1,19.1,57.3,89,19.05,2.91,2.01,1938.7,8.05,0.604,73.7,61.12,1,38.01,0,29.64,0,24.44,0,95.7,1,77.71,1,60.55,1,88.44,1,48.59,0,72.43,1,65.05,1,51.19,0,hollow_concrete_block
Mixed,5,30.7,13.8,0.39,none,0,0.0,74.2,85,19.96,2.84,2.24,1941.7,7.67,0.52,77.0,63.37,1,39.37,0,30.54,0,25.05,0,96.73,1,80.6,1,63.13,1,88.54,1,50.95,0,77.19,1,71.45,1,53.16,0,hollow_concrete_block
PET,0,12.4,9.1,0.52,fly_ash,1,2.7,37.7,56,21.4,3.05,2.15,2188.9,4.53,0.846,92.8,76.82,1,46.96,0,34.91,0,28.09,0,100.0,1,69.03,1,81.68,1,86.45,1,63.53,1,68.66,1,52.51,0,64.86,1,hollow_concrete_block
HDPE,1,8.0,15.8,0.61,silica_fume,2,15.9,74.8,24,17.42,2.5,1.79,2286.1,2.31,0.894,89.1,80.16,1,52.16,0,35.21,0,26.71,0,100.0,1,67.41,1,67.16,1,85.75,1,58.23,1,67.23,1,50.59,0,72.84,1,hollow_concrete_block
LDPE,2,36.6,18.9,0.64,silica_fume,2,22.4,40.3,17,7.61,0.93,0.8,1858.8,4.74,0.458,51.1,51.21,0,29.12,0,15.56,0,11.56,0,100.0,1,81.52,1,29.99,0,89.37,1,45.15,0,86.41,1,78.16,1,41.47,0,hollow_concrete_block
PVC,3,38.5,3.2,0.64,fibres,3,29.0,68.3,49,9.66,0.9,0.85,1995.6,9.56,0.419,62.1,45.65,0,28.36,0,14.7,0,11.48,0,92.43,1,80.04,1,45.99,0,84.78,1,32.41,0,82.24,1,82.3,1,37.36,0,hollow_concrete_block
PET,0,31.6,0.8,0.51,fibres,3,11.1,64.9,36,13.77,1.49,0.94,2056.7,7.49,0.475,65.3,54.86,0,33.65,0,21.06,0,16.69,0,97.25,1,79.45,1,58.03,1,87.5,1,43.28,0,79.74,1,75.25,1,45.29,0,hollow_concrete_block
PP,4,15.2,13.0,0.46,fly_ash,1,14.1,57.2,74,27.74,3.71,2.52,2156.5,5.0,0.767,95.7,82.96,1,51.67,0,42.35,0,34.47,0,100.0,1,70.93,1,95.31,1,86.69,1,71.99,1,70.75,1,55.57,1,70.64,1,hollow_concrete_block
LDPE,2,36.6,4.8,0.37,fibres,3,27.3,38.1,55,13.39,1.42,1.2,1825.3,8.69,0.439,76.2,52.12,0,32.46,0,20.01,0,15.93,0,94.18,1,81.91,1,43.66,0,88.13,1,39.33,0,82.34,1,80.63,1,43.35,0,hollow_concrete_block
PET,0,5.6,19.0,0.44,fibres,3,3.5,34.1,71,29.49,4.56,2.93,2329.2,3.15,0.939,100.0,96.57,1,59.15,1,49.36,0,39.86,0,100.0,1,66.37,1,86.35,1,85.46,1,74.32,1,66.2,1,49.15,0,83.04,1,hollow_concrete_block
HDPE,1,15.5,7.7,0.63,fibres,3,17.6,63.6,56,16.71,2.53,1.94,2140.4,5.07,0.763,92.4,67.86,1,41.71,0,28.29,0,22.7,0,100.0,1,71.16,1,75.86,1,86.82,1,57.28,1,70.94,1,55.8,1,57.1,1,hollow_concrete_block
Mixed,5,4.0,10.0,0.47,silica_fume,2,1.0,42.2,59,22.98,3.76,2.29,2257.1,2.72,0.906,100.0,87.36,1,55.21,1,42.18,0,33.41,0,100.0,1,67.44,1,80.65,1,85.95,1,65.64,1,67.11,1,50.35,0,78.87,1,hollow_concrete_block
PVC,3,38.0,17.2,0.38,silica_fume,2,16.3,78.7,48,17.99,2.38,1.42,1975.4,4.99,0.351,67.8,66.88,1,39.77,0,29.28,0,23.34,0,100.0,1,80.25,1,59.9,1,88.22,1,58.99,1,90.8,1,85.12,1,55.55,1,hollow_concrete_block
PET,0,15.9,4.2,0.39,fibres,3,2.8,32.7,84,33.56,4.83,3.16,2194.3,4.86,0.704,100.0,86.83,1,57.49,1,51.12,0,42.07,0,100.0,1,72.17,1,96.84,1,86.41,1,75.0,1,72.45,1,58.21,1,78.28,1,hollow_concrete_block
PP,4,38.8,1.5,0.45,fly_ash,1,23.6,32.3,73,17.43,2.37,1.75,1795.6,8.17,0.406,59.8,56.03,1,34.51,0,26.62,0,21.71,0,95.4,1,82.28,1,44.38,0,89.63,1,46.09,0,86.08,1,85.25,1,46.8,0,hollow_concrete_block
HDPE,1,23.5,16.4,0.42,fly_ash,1,23.7,55.8,38,17.49,2.36,2.11,2042.6,6.0,0.676,74.8,64.18,1,38.99,0,27.83,0,22.4,0,100.0,1,74.31,1,65.66,1,87.62,1,54.43,0,72.45,1,60.29,1,53.38,0,hollow_concrete_block
HDPE,1,39.5,11.0,0.59,none,0,0.0,59.7,6,5.2,0.75,0.39,1821.9,9.27,0.452,38.6,35.9,0,21.56,0,9.95,0,7.66,0,92.46,1,81.62,1,20.13,0,71.69,1,27.07,0,73.07,1,79.07,1,28.75,0,hollow_concrete_block
HDPE,1,0.6,15.9,0.42,silica_fume,2,0.5,35.9,19,18.73,2.46,2.14,2347.6,2.92,0.957,97.8,82.36,1,50.81,0,34.01,0,26.26,0,100.0,1,65.97,1,67.1,1,85.33,1,59.97,1,65.81,1,48.6,0,72.23,1,hollow_concrete_block
Mixed,5,16.8,2.7,0.37,fibres,3,23.3,50.8,16,14.98,1.9,1.4,2130.4,5.19,0.774,83.5,65.02,1,39.15,0,24.87,0,19.61,0,100.0,1,71.0,1,69.98,1,86.9,1,54.97,0,70.69,1,55.4,1,53.88,0,hollow_concrete_block
PVC,3,20.2,18.9,0.36,silica_fume,2,13.7,77.8,10,17.59,3.11,2.1,2171.2,4.11,0.703,76.7,73.16,1,42.97,0,31.85,0,25.62,0,100.0,1,72.39,1,72.47,1,86.58,1,58.45,1,72.59,1,58.35,1,60.52,1,hollow_concrete_block
PVC,3,33.9,8.8,0.38,fibres,3,2.2,24.8,80,18.04,2.45,1.47,2039.9,8.36,0.467,77.7,60.54,1,37.85,0,27.35,0,22.36,0,94.94,1,79.61,1,67.13,1,86.79,1,46.38,0,79.29,1,76.2,1,50.59,0,hollow_concrete_block
HDPE,1,2.6,5.9,0.54,silica_fume,2,11.4,55.8,40,23.36,2.83,2.38,2345.3,2.58,0.938,100.0,88.52,1,56.78,1,40.77,0,31.53,0,100.0,1,66.27,1,74.98,1,85.35,1,66.15,1,66.15,1,49.11,0,80.38,1,hollow_concrete_block
PVC,3,20.2,8.9,0.59,none,0,0.0,71.2,86,17.74,2.43,1.95,2177.7,5.01,0.771,88.0,69.74,1,42.46,0,29.14,0,23.27,0,100.0,1,70.66,1,75.15,1,86.53,1,58.65,1,70.55,1,55.31,1,58.5,1,hollow_concrete_block
PP,4,28.8,4.7,0.49,fly_ash,1,12.4,69.6,54,14.28,2.12,1.53,1941.7,6.96,0.534,66.9,55.9,1,34.07,0,23.41,0,18.92,0,98.95,1,80.57,1,51.08,0,88.54,1,45.86,0,77.44,1,70.24,1,46.28,0,hollow_concrete_block
PVC,3,29.2,6.6,0.44,silica_fume,2,11.2,29.2,63,24.48,3.59,2.37,2095.8,4.49,0.619,71.0,79.04,1,47.13,0,39.39,0,31.95,0,100.0,1,75.63,1,80.13,1,87.18,1,67.64,1,76.03,1,63.32,1,66.11,1,hollow_concrete_block
PET,0,3.6,2.2,0.48,silica_fume,2,24.4,53.4,78,45.94,6.1,4.34,2349.9,1.4,0.963,100.0,97.41,1,89.22,1,79.05,1,61.98,1,100.0,1,65.87,1,85.72,1,85.32,1,75.0,1,65.69,1,48.43,0,97.37,1,hollow_concrete_block
PP,4,22.5,13.6,0.47,fibres,3,26.0,63.3,39,15.43,2.18,1.29,2054.8,5.85,0.585,82.3,62.86,1,38.18,0,25.44,0,20.38,0,100.0,1,77.26,1,65.02,1,87.52,1,52.48,0,76.41,1,65.76,1,52.15,0,hollow_concrete_block
PP,4,12.5,2.5,0.5,fly_ash,1,19.7,33.5,16,16.0,2.5,1.53,2158.9,4.12,0.916,75.9,70.8,1,41.45,0,28.72,0,22.75,0,100.0,1,68.08,1,70.49,1,86.68,1,56.33,1,67.35,1,50.46,0,58.41,1,hollow_concrete_block
LDPE,2,33.8,7.7,0.58,fly_ash,1,24.2,70.7,82,16.21,2.58,1.67,1858.9,8.01,0.489,66.5,55.93,1,34.52,0,25.99,0,21.36,0,95.81,1,81.52,1,48.28,0,89.34,1,44.92,0,79.18,1,74.84,1,46.61,0,hollow_concrete_block
PP,4,27.0,11.4,0.53,silica_fume,2,0.9,36.4,42,12.3,1.74,1.38,1957.4,6.77,0.495,67.5,53.85,0,32.67,0,20.59,0,16.42,0,99.62,1,80.44,1,49.05,0,88.39,1,43.97,0,80.04,1,73.7,1,44.38,0,hollow_concrete_block
LDPE,2,14.0,4.0,0.39,fibres,3,2.1,64.5,6,11.64,1.93,0.58,2212.5,4.46,0.845,71.2,62.96,1,36.79,0,22.44,0,17.56,0,100.0,1,68.86,1,58.19,1,86.27,1,50.52,0,68.58,1,52.44,0,51.46,0,hollow_concrete_block
PET,0,29.8,4.7,0.48,silica_fume,2,4.7,38.7,44,15.22,1.81,1.4,2118.4,6.6,0.564,68.0,59.38,1,36.17,0,23.79,0,18.94,0,100.0,1,77.52,1,65.55,1,86.99,1,48.58,0,75.56,1,66.99,1,49.09,0,hollow_concrete_block
PP,4,23.8,17.7,0.4,none,0,0.0,60.4,37,15.28,2.18,1.6,2078.2,6.26,0.653,73.7,60.68,1,36.9,0,24.99,0,20.09,0,100.0,1,74.67,1,64.24,1,87.32,1,50.19,0,72.55,1,61.38,1,50.24,0,hollow_concrete_block
PVC,3,26.5,10.0,0.48,silica_fume,2,6.5,50.7,47,18.03,2.88,1.93,2064.0,6.54,0.545,72.1,63.36,1,38.76,0,29.31,0,24.0,0,100.0,1,78.84,1,67.39,1,87.44,1,52.58,0,76.93,1,68.73,1,52.74,0,hollow_concrete_block
PVC,3,4.4,13.7,0.53,silica_fume,2,1.4,43.7,79,25.33,3.53,2.6,2317.8,2.88,1.015,100.0,90.94,1,56.71,1,43.41,0,34.32,0,100.0,1,65.39,1,80.23,1,85.53,1,68.77,1,64.97,1,47.27,0,80.37,1,hollow_concrete_block
PET,0,0.3,6.4,0.41,fly_ash,1,22.9,37.4,18,22.23,3.4,2.46,2310.3,2.29,1.031,91.8,86.75,1,56.82,1,42.37,0,32.91,0,100.0,1,65.25,1,74.14,1,85.58,1,64.64,1,64.75,1,46.94,0,78.84,1,hollow_concrete_block
PET,0,19.9,8.9,0.39,fly_ash,1,15.0,70.0,48,26.19,3.62,2.64,2151.8,5.59,0.647,74.5,77.78,1,47.46,0,40.01,0,32.71,0,100.0,1,74.2,1,87.62,1,86.73,1,68.31,1,73.95,1,61.39,1,65.34,1,hollow_concrete_block
PET,0,15.9,15.0,0.48,fibres,3,27.6,71.7,76,28.25,3.7,2.63,2131.2,4.61,0.695,100.0,85.15,1,53.07,0,43.28,0,35.09,0,100.0,1,72.95,1,95.74,1,86.89,1,72.67,1,73.03,1,58.92,1,72.47,1,hollow_concrete_block
PVC,3,22.9,14.3,0.48,none,0,0.0,44.3,44,15.18,1.92,1.97,2161.9,5.99,0.532,78.2,62.43,1,37.95,0,24.43,0,19.43,0,100.0,1,78.5,1,69.5,1,86.65,1,51.4,0,78.3,1,69.36,1,51.64,0,hollow_concrete_block
HDPE,1,32.1,12.6,0.6,silica_fume,2,2.6,70.7,34,6.48,0.5,0.85,1977.0,7.93,0.547,56.8,42.78,0,25.89,0,11.09,0,8.26,0,96.02,1,79.61,1,38.01,0,81.41,1,32.18,0,71.73,1,68.99,1,34.58,0,hollow_concrete_block
PVC,3,23.6,10.7,0.47,silica_fume,2,22.4,33.3,24,17.94,2.74,1.85,2128.9,3.72,0.608,75.1,75.67,1,43.93,0,31.96,0,25.29,0,100.0,1,75.72,1,72.65,1,86.91,1,58.92,1,76.34,1,63.87,1,62.58,1,hollow_concrete_block
PET,0,20.4,2.7,0.5,silica_fume,2,10.5,77.5,85,28.26,3.93,2.63,2119.0,4.55,0.764,94.0,85.35,1,52.56,0,43.95,0,35.76,0,100.0,1,71.33,1,93.99,1,86.99,1,72.68,1,71.01,1,55.85,1,72.65,1,hollow_concrete_block
HDPE,1,9.5,3.4,0.41,fly_ash,1,22.8,59.3,25,19.04,2.37,2.09,2188.5,3.62,0.885,80.9,79.03,1,46.02,0,32.33,0,25.27,0,100.0,1,68.34,1,74.73,1,86.45,1,60.39,1,67.83,1,51.26,0,65.45,1,hollow_concrete_block
Mixed,5,19.8,15.2,0.58,fibres,3,20.4,72.9,85,20.08,2.41,1.89,2112.1,4.93,0.725,94.5,72.7,1,44.89,0,31.51,0,25.09,0,100.0,1,72.33,1,79.99,1,87.04,1,61.77,1,72.17,1,57.57,1,61.44,1,hollow_concrete_block
Mixed,5,39.5,6.8,0.64,silica_fume,2,4.5,24.1,59,9.5,1.4,1.22,1860.0,8.12,0.414,55.0,45.43,0,27.61,0,16.28,0,12.97,0,95.53,1,81.51,1,34.22,0,89.06,1,35.66,0,84.97,1,83.72,1,37.15,0,hollow_concrete_block
Mixed,5,12.1,5.9,0.37,none,0,0.0,38.6,60,25.85,3.63,2.44,2178.9,3.62,0.906,88.6,88.23,1,52.54,0,42.29,0,33.93,0,100.0,1,68.07,1,88.74,1,86.52,1,69.47,1,67.45,1,50.67,0,74.43,1,hollow_concrete_block
PET,0,2.3,16.7,0.37,none,0,0.0,56.9,67,33.8,4.52,3.56,2318.8,2.91,0.932,100.0,97.18,1,63.83,1,54.26,0,43.5,0,100.0,1,66.56,1,87.94,1,85.53,1,75.0,1,66.37,1,49.38,0,90.26,1,hollow_concrete_block
PVC,3,18.5,11.3,0.59,none,0,0.0,47.0,76,15.72,2.84,1.33,2183.5,5.58,0.743,82.3,65.03,1,39.4,0,27.6,0,22.49,0,100.0,1,71.26,1,69.91,1,86.49,1,54.41,0,70.64,1,56.46,1,53.84,0,hollow_concrete_block
Mixed,5,7.5,12.3,0.5,none,0,0.0,47.0,46,17.56,2.47,1.73,2285.2,4.23,0.86,85.7,73.98,1,44.1,0,30.04,0,23.79,0,100.0,1,68.01,1,66.58,1,85.75,1,58.41,1,67.94,1,51.66,0,61.53,1,hollow_concrete_block
Mixed,5,3.4,13.1,0.36,fibres,3,29.7,51.4,81,41.78,6.62,4.02,2356.7,3.28,0.921,100.0,97.46,1,69.31,1,64.91,1,54.72,0,100.0,1,66.45,1,85.24,1,85.28,1,75.0,1,66.42,1,49.55,0,91.79,1,hollow_concrete_block
HDPE,1,14.6,18.4,0.47,silica_fume,2,20.4,23.1,83,42.43,5.83,4.2,2129.6,2.37,0.749,99.8,95.77,1,73.4,1,68.26,1,54.88,0,100.0,1,71.58,1,98.54,1,86.9,1,75.0,1,71.38,1,56.43,1,96.21,1,hollow_concrete_block
Mixed,5,13.4,6.9,0.52,fibres,3,8.5,63.4,87,25.71,3.37,2.62,2135.8,4.54,0.841,92.7,82.13,1,50.36,0,40.01,0,32.29,0,100.0,1,69.58,1,90.6,1,86.86,1,69.28,1,69.01,1,52.9,0,69.71,1,hollow_concrete_block
PP,4,34.9,7.0,0.52,fly_ash,1,27.5,38.6,86,18.31,2.93,1.59,1895.9,8.45,0.441,68.2,58.56,1,36.4,0,28.79,0,23.83,0,94.72,1,81.1,1,54.85,0,87.92,1,46.5,0,82.0,1,79.97,1,49.0,0,hollow_concrete_block
Mixed,5,26.5,3.0,0.56,none,0,0.0,38.6,51,12.23,1.74,1.33,1991.1,6.84,0.532,66.4,53.72,0,32.61,0,20.48,0,16.35,0,99.37,1,80.09,1,51.06,0,88.08,1,43.6,0,77.49,1,70.16,1,44.23,0,hollow_concrete_block
Mixed,5,31.7,16.4,0.55,none,0,0.0,58.8,57,9.42,1.1,1.19,1986.5,7.95,0.47,61.6,47.32,0,28.9,0,15.52,0,12.15,0,95.96,1,80.14,1,44.82,0,88.12,1,36.04,0,79.84,1,76.13,1,38.67,0,hollow_concrete_block
PP,4,14.5,7.6,0.4,fly_ash,1,10.3,66.0,27,19.54,2.78,2.42,2152.3,4.69,0.767,79.1,72.91,1,43.57,0,32.18,0,25.81,0,100.0,1,70.97,1,77.68,1,86.73,1,61.05,1,70.77,1,55.58,1,60.62,1,hollow_concrete_block
HDPE,1,40.0,3.5,0.44,none,0,0.0,50.5,72,12.21,1.92,1.41,1770.4,8.67,0.308,61.9,48.43,0,29.83,0,20.09,0,16.35,0,94.22,1,82.59,1,36.22,0,88.79,1,37.81,0,86.28,1,86.3,1,40.07,0,hollow_concrete_block
Mixed,5,35.3,1.2,0.45,fly_ash,1,17.9,29.3,26,8.48,0.54,0.93,1983.5,8.35,0.512,52.2,44.3,0,26.95,0,13.02,0,9.83,0,94.96,1,80.17,1,40.63,0,87.31,1,33.66,0,76.59,1,71.96,1,36.0,0,hollow_concrete_block
Mixed,5,30.8,16.3,0.4,fibres,3,1.3,41.9,33,11.61,1.9,1.1,1973.0,7.67,0.505,64.6,50.96,0,31.18,0,19.84,0,16.05,0,96.73,1,80.27,1,48.27,0,88.25,1,39.82,0,77.93,1,72.66,1,41.92,0,hollow_concrete_block
PVC,3,24.4,15.2,0.59,fly_ash,1,16.0,38.6,63,16.11,2.03,1.72,2091.2,6.4,0.634,75.2,61.71,1,37.68,0,25.35,0,20.29,0,100.0,1,75.16,1,66.93,1,87.21,1,50.65,0,72.94,1,62.42,1,51.19,0,hollow_concrete_block
HDPE,1,14.7,19.0,0.65,fibres,3,23.1,66.7,67,18.33,2.56,2.0,2187.4,4.87,0.78,90.6,71.18,1,43.49,0,30.21,0,24.16,0,100.0,1,70.38,1,76.11,1,86.46,1,59.44,1,70.27,1,54.91,0,59.94,1,hollow_concrete_block
PP,4,16.7,3.7,0.41,fly_ash,1,26.2,23.1,64,27.55,3.77,2.63,2103.1,5.03,0.776,86.6,82.19,1,50.33,0,42.28,0,34.46,0,100.0,1,71.2,1,89.77,1,87.12,1,71.73,1,70.76,1,55.44,1,69.66,1,hollow_concrete_block
LDPE,2,22.2,2.5,0.6,none,0,0.0,37.1,23,8.73,1.24,0.48,2004.4,5.94,0.607,64.1,51.09,0,30.34,0,16.32,0,12.62,0,100.0,1,76.92,1,45.59,0,87.96,1,43.07,0,75.47,1,64.52,1,41.62,0,hollow_concrete_block
LDPE,2,18.0,10.5,0.6,none,0,0.0,76.8,31,12.19,2.07,1.18,2137.3,5.3,0.713,67.9,59.18,1,35.15,0,22.4,0,17.83,0,100.0,1,72.42,1,61.82,1,86.84,1,51.25,0,72.42,1,58.02,1,48.52,0,hollow_concrete_block
PVC,3,35.4,18.6,0.47,fibres,3,15.1,34.1,13,6.56,0.8,0.69,2018.5,8.37,0.491,58.4,42.72,0,26.06,0,11.75,0,9.03,0,94.91,1,79.82,1,41.51,0,80.68,1,31.05,0,74.58,1,73.79,1,34.54,0,hollow_concrete_block
LDPE,2,9.0,6.7,0.38,silica_fume,2,23.7,28.3,39,34.45,4.38,2.93,2249.3,1.63,0.854,97.8,96.66,1,74.63,1,61.76,1,47.68,0,100.0,1,68.4,1,92.91,1,86.0,1,75.0,1,68.22,1,51.99,0,93.18,1,hollow_concrete_block
PVC,3,27.8,3.2,0.56,fibres,3,18.5,74.4,5,3.48,0.65,0.5,2068.6,5.97,0.556,61.8,44.2,0,25.91,0,9.57,0,6.95,0,81.46,1,66.52,1,40.83,0,60.6,1,35.91,0,64.09,1,67.83,1,35.33,0,hollow_concrete_block
LDPE,2,8.6,3.4,0.63,fibres,3,3.3,37.3,41,11.7,1.69,1.17,2244.4,3.6,0.822,88.3,70.0,1,40.77,0,23.33,0,17.77,0,100.0,1,69.04,1,60.4,1,86.04,1,50.6,0,68.97,1,53.11,0,57.89,1,hollow_concrete_block
PET,0,1.9,8.7,0.59,fibres,3,1.9,70.2,66,22.57,3.15,2.07,2318.3,1.99,0.963,100.0,87.27,1,60.56,1,43.85,0,33.49,0,100.0,1,66.1,1,75.6,1,85.53,1,65.09,1,65.82,1,48.55,0,79.29,1,hollow_concrete_block
PP,4,21.4,12.8,0.52,fly_ash,1,8.7,20.1,48,13.23,1.37,1.62,2034.5,5.58,0.731,71.3,59.27,1,35.47,0,21.43,0,16.63,0,100.0,1,72.9,1,57.08,1,87.69,1,51.09,0,71.71,1,57.66,1,48.84,0,hollow_concrete_block
HDPE,1,22.8,4.2,0.55,silica_fume,2,2.0,51.6,67,19.61,2.95,1.86,2097.8,5.62,0.695,78.1,68.95,1,41.85,0,31.73,0,25.79,0,100.0,1,73.25,1,73.98,1,87.16,1,59.36,1,72.43,1,59.07,1,57.49,1,hollow_concrete_block
PP,4,22.2,8.1,0.49,fibres,3,29.4,35.2,5,9.94,1.86,1.0,2006.6,6.18,0.633,80.9,54.1,0,32.73,0,18.9,0,15.12,0,100.0,1,76.0,1,52.07,0,87.94,1,43.46,0,73.85,1,62.88,1,44.42,0,hollow_concrete_block
LDPE,2,31.5,7.2,0.57,none,0,0.0,66.3,45,9.24,1.18,0.96,1859.1,7.28,0.588,56.6,46.69,0,28.1,0,15.85,0,12.39,0,97.89,1,79.19,1,34.13,0,89.36,1,37.96,0,74.67,1,66.57,1,38.15,0,hollow_concrete_block
HDPE,1,1.8,11.1,0.59,fly_ash,1,24.9,61.1,64,25.64,3.75,2.8,2346.5,2.72,0.935,95.1,91.57,1,57.47,1,44.82,0,35.46,0,100.0,1,66.31,1,78.08,1,85.34,1,69.19,1,66.2,1,49.19,0,82.53,1,hollow_concrete_block
Mixed,5,7.3,3.1,0.56,fibres,3,1.1,32.1,28,15.12,2.02,1.46,2298.6,3.54,0.913,89.9,75.44,1,44.31,0,27.7,0,21.38,0,100.0,1,67.01,1,62.64,1,85.66,1,55.16,1,66.81,1,49.99,0,62.83,1,hollow_concrete_block
PET,0,12.6,6.5,0.47,fibres,3,7.6,65.2,27,15.14,2.4,1.53,2235.8,4.88,0.836,84.3,67.24,1,40.38,0,26.6,0,21.25,0,100.0,1,68.84,1,65.72,1,86.1,1,55.19,1,68.68,1,52.65,0,55.7,1,hollow_concrete_block
LDPE,2,14.3,15.7,0.61,silica_fume,2,8.2,68.0,58,20.91,2.82,1.92,2114.2,3.04,0.888,82.7,83.54,1,49.53,0,36.73,0,28.72,0,100.0,1,68.93,1,78.5,1,87.03,1,62.88,1,68.11,1,51.49,0,71.72,1,hollow_concrete_block
PVC,3,29.7,17.9,0.47,fly_ash,1,14.9,49.9,69,18.45,2.5,1.91,2092.3,7.69,0.525,70.5,61.65,1,38.19,0,28.17,0,22.97,0,96.67,1,79.12,1,69.71,1,87.21,1,48.87,0,76.08,1,70.27,1,51.39,0,hollow_concrete_block
LDPE,2,32.0,14.7,0.37,fly_ash,1,16.4,39.3,13,10.99,1.46,1.42,1907.1,8.05,0.553,57.9,48.22,0,29.44,0,17.95,0,14.3,0,95.7,1,80.09,1,40.81,0,88.75,1,37.84,0,75.06,1,68.89,1,39.6,0,hollow_concrete_block
LDPE,2,26.4,6.5,0.53,fibres,3,5.0,46.6,60,15.04,1.72,1.58,1952.9,6.54,0.633,76.6,59.09,1,36.07,0,23.42,0,18.58,0,100.0,1,76.55,1,55.63,1,88.43,1,48.6,0,73.43,1,63.16,1,49.07,0,hollow_concrete_block
PET,0,29.1,18.3,0.53,fibres,3,8.2,78.8,10,7.39,1.13,1.08,2075.0,8.28,0.592,51.0,43.48,0,26.4,0,13.44,0,10.57,0,95.13,1,76.8,1,45.04,0,85.94,1,32.4,0,71.6,1,65.18,1,35.12,0,hollow_concrete_block
PET,0,26.8,8.4,0.5,fly_ash,1,28.6,28.6,80,24.44,3.54,2.7,2110.2,6.77,0.537,76.2,72.23,1,44.67,0,37.23,0,30.66,0,99.62,1,78.78,1,82.43,1,87.06,1,60.16,1,76.72,1,69.17,1,60.72,1,hollow_concrete_block
Mixed,5,31.3,1.2,0.37,silica_fume,2,10.9,77.0,7,9.83,1.2,1.1,2008.8,6.13,0.471,60.2,51.6,0,30.73,0,17.18,0,13.29,0,100.0,1,79.91,1,46.73,0,87.92,1,43.56,0,82.64,1,75.91,1,42.11,0,hollow_concrete_block
PP,4,6.1,9.3,0.46,fibres,3,22.9,54.4,70,30.64,4.11,3.04,2262.3,2.78,0.941,100.0,96.76,1,61.49,1,50.51,0,40.19,0,100.0,1,66.85,1,91.98,1,85.91,1,75.0,1,66.43,1,49.35,0,87.45,1,hollow_concrete_block
LDPE,2,15.9,13.2,0.42,none,0,0.0,21.6,26,14.32,1.74,1.34,2144.3,4.71,0.848,74.9,65.29,1,38.62,0,24.33,0,18.96,0,100.0,1,69.38,1,67.66,1,86.79,1,54.09,0,68.82,1,52.63,0,53.78,0,hollow_concrete_block
PVC,3,20.7,18.3,0.39,silica_fume,2,21.1,32.9,81,41.25,6.05,3.84,2100.5,2.83,0.753,96.7,95.56,1,69.2,1,65.67,1,53.52,0,100.0,1,71.75,1,96.26,1,87.14,1,75.0,1,71.4,1,56.39,1,94.32,1,hollow_concrete_block
LDPE,2,27.8,20.0,0.41,fly_ash,1,25.6,47.1,59,24.91,3.32,2.53,1998.7,7.81,0.686,75.7,70.0,1,43.68,0,36.62,0,30.15,0,96.34,1,74.45,1,75.12,1,88.01,1,57.11,1,69.24,1,59.99,1,59.07,1,hollow_concrete_block
PET,0,32.4,19.4,0.65,silica_fume,2,21.3,53.0,40,14.11,2.15,1.57,2019.2,4.37,0.514,63.8,64.39,1,37.42,0,25.59,0,20.14,0,100.0,1,79.81,1,55.53,1,87.83,1,53.81,0,81.69,1,71.6,1,52.95,0,hollow_concrete_block
LDPE,2,34.1,14.4,0.63,fly_ash,1,23.8,50.5,18,5.99,1.05,0.79,1865.0,8.73,0.431,45.0,38.71,0,23.33,0,11.67,0,9.18,0,94.09,1,81.45,1,26.16,0,77.56,1,29.37,0,77.69,1,81.41,1,31.17,0,hollow_concrete_block
HDPE,1,31.7,5.1,0.5,silica_fume,2,16.6,42.1,73,22.09,2.53,2.19,1905.7,5.75,0.556,74.1,69.94,1,42.48,0,33.05,0,26.54,0,100.0,1,79.97,1,63.37,1,88.89,1,61.92,1,78.88,1,68.66,1,58.68,1,hollow_concrete_block
HDPE,1,24.5,2.2,0.44,fibres,3,15.8,66.1,76,25.7,3.96,2.69,2002.7,6.03,0.614,91.4,75.69,1,47.38,0,40.02,0,33.04,0,100.0,1,76.69,1,80.75,1,87.98,1,65.22,1,74.98,1,64.07,1,64.65,1,hollow_concrete_block
PET,0,5.0,6.7,0.37,fibres,3,20.4,40.7,73,42.51,6.41,4.15,2267.9,2.96,0.837,100.0,96.8,1,70.81,1,66.52,1,55.22,1,100.0,1,68.57,1,91.58,1,85.87,1,75.0,1,68.52,1,52.49,0,93.96,1,hollow_concrete_block
Mixed,5,23.5,15.5,0.39,none,0,0.0,69.9,69,20.89,2.79,1.77,2071.7,6.02,0.589,72.2,68.56,1,41.78,0,32.29,0,26.18,0,100.0,1,76.95,1,72.74,1,87.38,1,58.86,1,75.75,1,65.4,1,57.28,1,hollow_concrete_block
HDPE,1,12.2,3.7,0.63,fly_ash,1,10.4,76.5,39,14.35,2.54,1.77,2166.7,3.96,0.84,75.2,69.55,1,40.4,0,27.43,0,21.72,0,100.0,1,69.33,1,67.01,1,86.62,1,54.13,0,68.89,1,52.8,0,57.18,1,hollow_concrete_block
PET,0,10.0,12.9,0.52,fly_ash,1,18.8,56.9,14,14.4,2.25,1.69,2250.0,3.72,0.806,74.1,71.73,1,41.4,0,27.19,0,21.23,0,100.0,1,69.32,1,60.86,1,86.0,1,54.2,0,69.33,1,53.67,0,58.86,1,hollow_concrete_block
PP,4,25.6,12.0,0.52,fly_ash,1,19.8,63.2,80,21.45,3.11,2.33,1956.0,7.21,0.602,77.6,66.36,1,41.1,0,32.92,0,27.06,0,98.12,1,77.6,1,66.79,1,88.4,1,54.49,0,73.58,1,65.09,1,55.75,1,hollow_concrete_block
LDPE,2,33.7,11.5,0.6,none,0,0.0,24.9,85,10.78,0.78,1.25,1890.2,7.95,0.498,68.6,49.27,0,30.26,0,16.08,0,12.35,0,95.96,1,81.16,1,42.0,0,89.05,1,37.85,0,78.48,1,73.77,1,40.57,0,hollow_concrete_block
PP,4,10.6,4.6,0.52,none,0,0.0,49.9,83,21.17,2.8,2.28,2159.2,4.03,0.773,98.0,79.03,1,48.2,0,34.79,0,27.65,0,100.0,1,70.77,1,84.63,1,86.67,1,63.23,1,70.58,1,55.31,1,66.62,1,hollow_concrete_block
PP,4,11.6,19.2,0.49,fibres,3,8.9,24.4,10,10.97,1.05,1.33,2160.3,3.76,0.836,82.3,67.2,1,38.68,0,20.69,0,15.32,0,100.0,1,69.46,1,63.65,1,86.66,1,49.63,0,69.01,1,52.97,0,54.96,0,hollow_concrete_block
HDPE,1,17.6,9.9,0.41,fly_ash,1,9.4,63.1,47,20.16,2.84,2.1,2126.2,5.24,0.718,78.2,71.19,1,42.99,0,32.35,0,26.12,0,100.0,1,72.38,1,76.95,1,86.93,1,61.88,1,72.32,1,57.83,1,59.34,1,hollow_concrete_block
PVC,3,5.2,7.7,0.52,silica_fume,2,7.3,27.4,60,27.45,3.52,2.16,2313.7,2.87,0.804,96.8,93.74,1,58.25,1,45.54,0,35.96,0,100.0,1,68.87,1,83.88,1,85.56,1,71.6,1,69.12,1,53.49,0,82.99,1,hollow_concrete_block
HDPE,1,5.6,1.5,0.63,fibres,3,7.4,71.9,23,13.4,2.49,1.34,2250.3,2.93,0.985,83.0,74.54,1,44.29,0,28.73,0,22.18,0,100.0,1,66.31,1,61.45,1,86.0,1,52.87,0,65.72,1,48.25,0,64.45,1,hollow_concrete_block
LDPE,2,37.4,14.6,0.41,fly_ash,1,14.9,50.9,66,14.81,1.93,1.29,1818.9,9.38,0.455,61.9,51.38,0,31.95,0,22.48,0,18.26,0,92.77,1,81.99,1,41.91,0,86.85,1,39.65,0,80.42,1,78.74,1,42.75,0,hollow_concrete_block
LDPE,2,19.9,2.3,0.47,fibres,3,29.0,32.9,48,16.55,1.85,1.83,2063.1,5.51,0.861,91.8,65.5,1,40.5,0,26.01,0,20.53,0,100.0,1,69.87,1,69.91,1,87.45,1,55.94,1,68.44,1,52.57,0,55.24,1,hollow_concrete_block
PET,0,2.0,10.2,0.61,fibres,3,8.6,20.5,16,11.23,1.44,1.35,2334.0,1.78,1.016,86.4,72.26,1,52.0,0,29.81,0,21.0,0,100.0,1,65.26,1,52.73,0,85.42,1,49.97,0,64.89,1,47.19,0,65.36,1,hollow_concrete_block
PVC,3,5.4,5.7,0.46,fibres,3,11.0,44.0,75,33.69,5.04,3.28,2337.1,3.0,0.962,100.0,97.31,1,63.42,1,55.18,1,44.64,0,100.0,1,65.98,1,86.64,1,85.4,1,75.0,1,65.76,1,48.51,0,89.4,1,hollow_concrete_block
PP,4,7.8,11.3,0.37,fibres,3,22.9,36.8,82,37.44,5.05,3.95,2227.2,3.24,0.835,100.0,96.5,1,65.1,1,58.3,1,47.22,0,100.0,1,68.93,1,94.49,1,86.16,1,75.0,1,68.74,1,52.72,0,91.34,1,hollow_concrete_block
Mixed,5,24.4,3.0,0.38,silica_fume,2,23.8,40.3,49,30.73,3.98,3.08,2087.4,3.8,0.657,82.7,91.78,1,55.18,1,47.7,0,38.46,0,100.0,1,74.46,1,91.73,1,87.25,1,75.0,1,74.57,1,61.11,1,78.1,1,hollow_concrete_block
HDPE,1,8.0,10.4,0.5,none,0,0.0,22.3,45,18.84,2.58,2.08,2274.4,4.48,0.909,89.9,74.29,1,45.01,0,31.24,0,24.88,0,100.0,1,67.26,1,70.57,1,85.83,1,60.12,1,66.98,1,50.2,0,62.42,1,hollow_concrete_block
PVC,3,20.8,3.4,0.62,fly_ash,1,9.8,56.8,23,9.78,1.26,1.05,2143.5,5.81,0.754,60.3,53.44,0,31.73,0,17.52,0,13.55,0,100.0,1,71.34,1,56.3,1,86.79,1,45.17,0,69.94,1,56.16,1,43.49,0,hollow_concrete_block
PVC,3,39.6,14.9,0.44,silica_fume,2,15.2,50.6,65,20.21,3.22,2.0,1910.1,6.11,0.471,66.3,65.5,1,39.73,0,32.62,0,26.76,0,100.0,1,80.94,1,58.55,1,88.85,1,57.5,1,83.23,1,76.43,1,54.77,0,hollow_concrete_block
Mixed,5,22.5,9.8,0.35,silica_fume,2,20.2,78.8,77,39.88,5.43,4.16,2085.2,3.53,0.644,94.5,93.77,1,64.94,1,61.01,1,49.75,0,100.0,1,74.89,1,94.6,1,87.26,1,75.0,1,75.08,1,61.86,1,88.64,1,hollow_concrete_block
LDPE,2,31.9,14.6,0.56,none,0,0.0,55.8,36,6.73,1.43,0.61,1930.3,8.35,0.571,54.4,41.84,0,25.39,0,13.5,0,10.84,0,94.96,1,79.07,1,34.47,0,82.68,1,31.33,0,71.09,1,67.39,1,33.86,0,hollow_concrete_block
Mixed,5,31.3,15.6,0.52,none,0,0.0,55.0,24,8.16,1.13,0.63,1968.5,7.16,0.59,52.6,45.8,0,27.43,0,14.71,0,11.45,0,98.28,1,77.92,1,39.12,0,88.29,1,36.95,0,74.13,1,65.84,1,37.17,0,hollow_concrete_block
PP,4,25.2,12.6,0.6,fly_ash,1,24.6,34.5,76,18.77,2.71,1.82,2003.5,6.35,0.666,70.5,64.16,1,39.12,0,29.74,0,24.19,0,100.0,1,74.99,1,63.9,1,87.97,1,54.42,0,72.27,1,61.02,1,53.5,0,hollow_concrete_block
Mixed,5,4.4,0.9,0.44,fly_ash,1,12.4,32.2,67,31.61,5.01,2.96,2274.7,3.0,0.943,100.0,96.85,1,61.32,1,53.02,0,42.95,0,100.0,1,66.72,1,91.09,1,85.83,1,75.0,1,66.35,1,49.24,0,86.57,1,hollow_concrete_block
PP,4,36.8,17.5,0.57,none,0,0.0,62.3,69,10.84,1.71,1.31,1830.5,8.53,0.482,65.1,47.63,0,29.33,0,18.24,0,14.75,0,94.54,1,81.85,1,36.94,0,88.42,1,36.34,0,79.23,1,75.72,1,39.25,0,hollow_concrete_block
HDPE,1,22.4,20.0,0.49,fibres,3,9.4,30.4,71,20.47,2.57,2.27,2035.0,5.16,0.706,82.8,71.75,1,43.36,0,32.06,0,25.68,0,100.0,1,73.54,1,72.13,1,87.69,1,62.29,1,73.15,1,58.82,1,59.98,1,hollow_concrete_block
LDPE,2,21.9,13.7,0.61,silica_fume,2,18.3,31.5,34,14.81,2.17,1.52,2058.1,3.59,0.697,74.0,71.82,1,41.17,0,27.66,0,21.48,0,100.0,1,73.57,1,62.09,1,87.49,1,54.75,0,73.32,1,59.15,1,59.11,1,hollow_concrete_block
LDPE,2,22.3,4.9,0.64,silica_fume,2,23.1,62.3,65,21.24,3.16,1.94,2063.7,3.39,0.706,86.2,83.11,1,48.53,0,37.01,0,29.37,0,100.0,1,73.27,1,76.34,1,87.44,1,63.32,1,73.0,1,58.69,1,69.53,1,hollow_concrete_block
LDPE,2,19.2,11.4,0.63,silica_fume,2,8.6,54.4,72,22.38,3.07,2.17,2074.9,4.4,0.752,79.1,77.52,1,46.18,0,36.12,0,29.0,0,100.0,1,72.01,1,77.22,1,87.35,1,64.84,1,71.56,1,56.55,1,64.75,1,hollow_concrete_block
PVC,3,35.8,8.2,0.45,fly_ash,1,8.7,37.3,13,5.68,0.5,0.76,2061.2,8.4,0.455,47.7,40.53,0,24.48,0,10.1,0,7.54,0,94.84,1,79.41,1,40.35,0,74.38,1,29.8,0,73.97,1,77.45,1,32.49,0,hollow_concrete_block
LDPE,2,37.0,13.3,0.57,fly_ash,1,6.1,52.3,74,12.95,1.53,1.34,1850.2,8.86,0.454,63.7,49.98,0,30.93,0,19.78,0,15.85,0,93.81,1,81.62,1,41.5,0,87.52,1,38.34,0,80.8,1,78.67,1,41.39,0,hollow_concrete_block
Mixed,5,10.9,2.6,0.57,fly_ash,1,7.3,60.2,70,16.84,2.56,1.55,2158.8,4.17,0.905,90.4,72.43,1,43.43,0,29.63,0,23.52,0,100.0,1,68.26,1,75.62,1,86.68,1,57.45,1,67.56,1,50.78,0,60.75,1,hollow_concrete_block
HDPE,1,25.5,1.5,0.47,fibres,3,3.0,66.2,3,8.7,1.7,1.13,2044.7,6.89,0.621,52.9,47.67,0,28.52,0,16.82,0,13.48,0,99.19,1,76.03,1,45.54,0,87.61,1,38.69,0,72.81,1,63.43,1,38.69,0,hollow_concrete_block
PP,4,39.1,3.6,0.55,fibres,3,14.3,32.0,39,7.48,0.79,1.18,1779.7,9.09,0.441,55.6,40.9,0,25.01,0,12.39,0,9.57,0,93.34,1,82.48,1,26.72,0,87.7,1,30.51,0,82.0,1,80.66,1,33.32,0,hollow_concrete_block
LDPE,2,11.4,1.7,0.58,fly_ash,1,16.1,63.4,7,12.0,1.49,1.24,2164.7,3.52,0.798,70.9,69.04,1,39.23,0,23.3,0,17.57,0,100.0,1,70.19,1,62.13,1,86.63,1,51.0,0,69.91,1,54.31,0,56.4,1,hollow_concrete_block
HDPE,1,16.7,16.8,0.63,none,0,0.0,79.8,53,12.84,1.59,1.0,2115.4,4.4,0.788,77.2,64.87,1,38.03,0,22.88,0,17.64,0,100.0,1,70.83,1,63.72,1,87.02,1,52.12,0,70.39,1,54.91,0,53.3,0,hollow_concrete_block
PVC,3,7.5,15.1,0.61,silica_fume,2,26.3,20.6,75,29.79,4.08,2.83,2288.3,2.55,0.794,100.0,96.67,1,62.19,1,50.45,0,39.93,0,100.0,1,69.27,1,89.77,1,85.73,1,74.72,1,69.47,1,53.97,0,87.79,1,hollow_concrete_block
PP,4,4.3,19.7,0.44,fibres,3,26.7,28.1,67,29.96,4.4,3.04,2265.3,2.65,0.896,100.0,96.73,1,61.62,1,51.02,0,40.7,0,100.0,1,67.54,1,91.7,1,85.89,1,74.95,1,67.27,1,50.61,0,87.87,1,hollow_concrete_block
PVC,3,10.9,16.3,0.45,fibres,3,19.4,63.1,4,10.82,2.08,1.07,2225.2,3.36,0.746,79.6,70.32,1,39.89,0,23.96,0,18.43,0,100.0,1,70.85,1,58.07,1,86.18,1,49.43,0,71.03,1,56.16,1,57.35,1,hollow_concrete_block
Mixed,5,13.5,6.3,0.55,fly_ash,1,5.3,71.4,54,17.53,2.61,1.44,2208.1,4.24,0.805,88.3,73.31,1,43.91,0,30.34,0,24.13,0,100.0,1,69.68,1,72.71,1,86.3,1,58.37,1,69.54,1,53.87,0,61.34,1,hollow_concrete_block
PVC,3,20.6,2.2,0.55,fly_ash,1,29.5,48.6,34,15.69,2.12,1.39,2089.7,5.42,0.68,66.0,62.85,1,37.56,0,25.91,0,20.62,0,100.0,1,73.75,1,63.77,1,87.23,1,55.36,1,73.5,1,59.86,1,51.92,0,hollow_concrete_block
PET,0,10.4,5.1,0.58,silica_fume,2,9.1,63.4,4,10.5,1.49,1.01,2229.6,3.23,0.866,72.6,69.32,1,39.45,0,22.48,0,16.78,0,100.0,1,68.34,1,55.43,1,86.15,1,49.0,0,68.04,1,51.68,0,57.17,1,hollow_concrete_block
LDPE,2,26.1,14.0,0.37,none,0,0.0,47.9,23,13.96,1.92,1.4,1998.0,6.79,0.656,65.3,56.06,1,34.07,0,22.69,0,18.19,0,99.55,1,75.35,1,54.15,0,88.02,1,46.1,0,71.85,1,61.6,1,46.31,0,hollow_concrete_block
PVC,3,27.4,18.5,0.62,silica_fume,2,20.7,58.3,40,13.53,2.0,1.12,2093.0,4.15,0.579,70.5,66.19,1,38.41,0,24.96,0,19.47,0,100.0,1,77.14,1,61.56,1,87.2,1,53.04,0,77.83,1,66.01,1,54.36,0,hollow_concrete_block
LDPE,2,24.6,4.8,0.39,fly_ash,1,13.6,79.3,50,17.34,2.26,1.75,2003.0,6.02,0.694,71.2,63.2,1,38.3,0,27.42,0,22.01,0,100.0,1,74.18,1,61.66,1,87.97,1,54.13,0,71.99,1,59.57,1,52.55,0,hollow_concrete_block
PVC,3,28.1,18.3,0.58,fly_ash,1,22.9,60.8,79,19.89,2.91,1.86,2136.3,6.58,0.624,75.6,66.71,1,41.01,0,31.22,0,25.51,0,100.0,1,75.09,1,76.56,1,86.85,1,54.89,0,72.79,1,62.82,1,55.67,1,hollow_concrete_block
PET,0,21.0,10.8,0.46,none,0,0.0,23.7,73,20.0,3.22,1.95,2155.0,5.88,0.678,85.3,69.64,1,42.84,0,32.59,0,26.69,0,100.0,1,73.23,1,79.85,1,86.71,1,58.41,1,72.1,1,59.68,1,58.43,1,hollow_concrete_block
PP,4,8.1,11.0,0.4,fibres,3,3.5,32.3,77,34.2,4.26,3.68,2183.1,3.87,0.935,99.9,92.01,1,60.08,1,51.74,0,41.84,0,100.0,1,67.58,1,97.64,1,86.49,1,75.0,1,66.88,1,49.83,0,83.2,1,hollow_concrete_block
PVC,3,3.6,10.5,0.59,fibres,3,4.0,44.9,75,23.61,2.97,2.32,2306.6,2.96,1.012,100.0,88.57,1,54.81,0,40.04,0,31.35,0,100.0,1,65.52,1,78.16,1,85.61,1,66.48,1,65.06,1,47.39,0,77.5,1,hollow_concrete_block
PET,0,22.4,13.6,0.44,none,0,0.0,43.8,3,7.1,0.93,0.37,2108.5,6.42,0.745,57.1,47.58,0,28.3,0,13.58,0,10.34,0,100.0,1,71.87,1,48.51,0,84.41,1,38.54,0,67.72,1,56.7,1,38.42,0,hollow_concrete_block
Mixed,5,8.7,1.9,0.48,none,0,0.0,52.5,10,9.52,1.33,1.01,2217.0,3.74,0.846,78.1,65.32,1,37.38,0,19.98,0,14.96,0,100.0,1,68.8,1,56.11,1,86.24,1,47.69,0,68.54,1,52.39,0,53.16,0,hollow_concrete_block
PET,0,39.4,9.7,0.44,fly_ash,1,23.1,65.9,85,19.7,2.76,1.88,1964.5,9.06,0.39,64.2,59.64,1,37.24,0,29.54,0,24.34,0,93.4,1,80.36,1,61.04,1,85.99,1,46.87,0,84.69,1,85.18,1,49.94,0,hollow_concrete_block
PVC,3,15.0,17.9,0.48,fibres,3,11.3,61.0,87,29.99,4.37,2.94,2228.4,4.57,0.834,100.0,88.38,1,55.12,1,46.75,0,38.26,0,100.0,1,68.94,1,94.38,1,86.16,1,74.99,1,68.76,1,52.75,0,75.22,1,hollow_concrete_block
PP,4,5.3,17.3,0.39,fibres,3,15.9,63.7,31,21.94,3.21,1.88,2239.6,2.48,0.928,100.0,85.84,1,55.66,1,40.72,0,31.67,0,100.0,1,67.23,1,80.17,1,86.07,1,64.25,1,66.77,1,49.79,0,78.12,1,hollow_concrete_block
PET,0,30.2,19.6,0.49,fibres,3,16.0,69.4,34,14.88,2.27,1.59,2003.0,7.22,0.508,65.4,56.45,1,34.54,0,24.25,0,19.7,0,98.08,1,79.97,1,56.07,1,87.97,1,45.69,0,78.23,1,72.23,1,46.75,0,hollow_concrete_block
PVC,3,13.8,5.9,0.63,none,0,0.0,21.9,87,18.87,2.5,1.49,2241.3,4.05,0.805,96.9,76.45,1,46.49,0,31.7,0,25.05,0,100.0,1,69.41,1,74.77,1,86.06,1,60.16,1,69.39,1,53.74,0,64.19,1,hollow_concrete_block
PVC,3,24.6,18.8,0.62,fly_ash,1,6.2,26.1,7,4.76,0.5,0.42,2149.3,7.21,0.57,55.5,42.86,0,25.66,0,9.71,0,7.12,0,92.98,1,73.74,1,47.11,0,68.48,1,32.24,0,64.96,1,66.41,1,34.29,0,hollow_concrete_block
PVC,3,23.9,14.2,0.36,none,0,0.0,44.1,32,14.52,2.0,1.98,2077.9,6.4,0.665,73.4,59.27,1,36.08,0,23.69,0,18.97,0,100.0,1,74.3,1,62.87,1,87.33,1,48.53,0,71.83,1,60.72,1,49.02,0,hollow_concrete_block
PP,4,8.7,17.3,0.37,silica_fume,2,7.0,75.0,76,41.36,5.88,4.06,2232.4,2.93,0.901,100.0,96.54,1,69.79,1,65.16,1,52.97,0,100.0,1,67.72,1,94.11,1,86.13,1,75.0,1,67.31,1,50.6,0,94.05,1,hollow_concrete_block
LDPE,2,23.1,15.6,0.6,fly_ash,1,9.1,28.6,87,18.72,2.61,2.1,2018.1,5.45,0.717,77.7,67.68,1,40.88,0,30.14,0,24.27,0,100.0,1,73.42,1,66.7,1,87.84,1,59.21,1,72.57,1,58.38,1,56.4,1,hollow_concrete_block
PP,4,8.8,6.4,0.37,fly_ash,1,18.8,45.6,66,36.63,4.95,3.94,2158.8,4.84,0.921,98.8,86.65,1,59.87,1,54.51,0,44.79,0,100.0,1,68.01,1,99.37,1,86.68,1,75.0,1,67.25,1,50.32,0,81.85,1,hollow_concrete_block
PET,0,38.9,18.9,0.55,silica_fume,2,20.9,44.5,41,12.11,1.78,1.32,1992.0,5.62,0.421,59.0,55.85,1,33.08,0,21.3,0,16.83,0,100.0,1,80.08,1,49.03,0,88.07,1,49.36,0,87.95,1,82.05,1,45.81,0,hollow_concrete_block
PVC,3,7.4,11.0,0.42,fly_ash,1,9.0,62.5,62,29.0,4.0,3.13,2297.5,2.16,0.922,97.7,95.69,1,64.17,1,51.35,0,40.17,0,100.0,1,66.87,1,87.8,1,85.67,1,73.67,1,66.64,1,49.74,0,86.89,1,hollow_concrete_block
PET,0,22.5,19.4,0.52,fly_ash,1,11.7,35.3,45,15.8,2.1,1.81,2160.2,5.74,0.683,68.0,62.73,1,37.79,0,25.7,0,20.5,0,100.0,1,73.04,1,68.04,1,86.67,1,53.59,0,72.24,1,59.4,1,51.82,0,hollow_concrete_block
Mixed,5,3.2,9.3,0.46,fly_ash,1,1.5,42.6,80,27.59,3.67,2.93,2338.6,2.78,0.988,100.0,94.11,1,59.25,1,46.36,0,36.64,0,100.0,1,65.6,1,82.51,1,85.39,1,71.79,1,65.32,1,47.84,0,84.19,1,hollow_concrete_block
PP,4,1.6,1.9,0.59,fly_ash,1,14.4,72.2,45,19.15,2.81,2.07,2349.5,2.76,1.011,94.9,82.94,1,51.69,0,35.84,0,27.82,0,100.0,1,65.21,1,67.0,1,85.32,1,60.53,1,64.91,1,47.25,0,74.33,1,hollow_concrete_block
LDPE,2,38.3,0.8,0.63,none,0,0.0,64.8,64,9.7,1.35,0.79,1797.4,8.6,0.392,53.9,44.41,0,27.09,0,16.18,0,12.89,0,94.38,1,82.25,1,29.99,0,88.63,1,34.64,0,86.17,1,86.13,1,36.39,0,hollow_concrete_block
HDPE,1,27.8,14.2,0.47,fly_ash,1,16.6,66.5,51,15.98,2.15,1.22,1970.0,7.0,0.542,69.8,58.65,1,35.91,0,25.16,0,20.31,0,98.81,1,79.9,1,56.67,1,88.27,1,47.97,0,76.78,1,69.43,1,48.73,0,hollow_concrete_block
PVC,3,21.3,7.5,0.43,fibres,3,14.0,68.2,63,23.28,2.78,2.18,2124.6,5.46,0.722,86.9,75.09,1,46.18,0,35.11,0,28.27,0,100.0,1,72.29,1,84.27,1,86.94,1,65.23,1,71.85,1,57.65,1,63.43,1,hollow_concrete_block
LDPE,2,36.6,7.7,0.47,fly_ash,1,22.2,21.0,73,15.86,1.62,1.71,1789.4,8.61,0.465,68.0,54.26,0,33.66,0,23.01,0,18.4,0,94.36,1,82.35,1,43.87,0,88.7,1,42.83,0,80.62,1,77.79,1,45.3,0,hollow_concrete_block
PP,4,23.2,8.6,0.4,silica_fume,2,6.9,54.2,34,16.1,1.35,1.65,2068.8,5.82,0.662,72.3,62.74,1,37.9,0,24.06,0,18.7,0,100.0,1,74.48,1,64.57,1,87.4,1,53.54,0,73.23,1,60.92,1,51.99,0,hollow_concrete_block
PVC,3,22.0,18.9,0.45,fibres,3,29.0,58.5,65,22.2,2.82,2.31,2156.2,6.38,0.808,95.3,71.25,1,45.16,0,33.43,0,27.14,0,100.0,1,70.05,1,85.99,1,86.7,1,58.86,1,67.24,1,53.98,0,60.53,1,hollow_concrete_block
PVC,3,6.7,16.0,0.4,fibres,3,5.5,73.4,85,37.05,5.18,3.35,2265.5,3.04,0.873,100.0,96.78,1,65.77,1,58.77,1,47.56,0,100.0,1,67.93,1,91.75,1,85.89,1,75.0,1,67.74,1,51.32,0,92.7,1,hollow_concrete_block
PET,0,21.0,16.9,0.37,none,0,0.0,65.9,55,20.68,3.23,2.07,2146.0,5.65,0.693,82.7,71.17,1,43.41,0,33.47,0,27.35,0,100.0,1,72.88,1,80.39,1,86.78,1,60.61,1,72.19,1,58.95,1,59.46,1,hollow_concrete_block
HDPE,1,33.7,5.0,0.56,none,0,0.0,33.1,61,9.58,1.14,0.9,1841.2,7.74,0.471,63.7,47.05,0,28.65,0,15.88,0,12.43,0,96.53,1,81.72,1,35.24,0,89.55,1,36.89,0,80.89,1,76.82,1,38.6,0,hollow_concrete_block
LDPE,2,2.4,12.9,0.63,fibres,3,19.8,20.9,71,22.43,3.2,2.41,2311.6,2.59,0.959,100.0,87.03,1,55.75,1,40.73,0,31.77,0,100.0,1,66.21,1,75.84,1,85.57,1,64.91,1,65.91,1,48.68,0,79.08,1,hollow_concrete_block
PP,4,16.5,0.8,0.57,silica_fume,2,0.5,68.8,89,19.67,2.02,1.94,2154.3,5.29,0.801,93.8,71.09,1,44.13,0,29.76,0,23.52,0,100.0,1,70.21,1,81.53,1,86.71,1,61.23,1,69.88,1,54.25,0,60.07,1,hollow_concrete_block
PVC,3,32.2,18.2,0.38,none,0,0.0,51.5,33,11.92,1.73,1.07,2034.6,8.04,0.577,59.4,50.6,0,31.02,0,19.56,0,15.75,0,95.73,1,77.77,1,51.85,0,87.59,1,39.11,0,73.17,1,66.42,1,41.56,0,hollow_concrete_block
HDPE,1,24.8,5.4,0.46,fibres,3,2.4,77.6,61,17.15,2.4,1.84,1962.0,5.55,0.6,72.3,64.18,1,38.6,0,27.95,0,22.44,0,100.0,1,77.61,1,58.69,1,88.35,1,56.5,1,76.95,1,65.19,1,53.35,0,hollow_concrete_block
PP,4,9.7,14.1,0.44,none,0,0.0,59.2,86,28.17,3.9,2.73,2253.4,3.88,0.87,100.0,90.03,1,55.25,1,44.79,0,36.18,0,100.0,1,68.08,1,89.56,1,85.98,1,72.56,1,67.86,1,51.46,0,76.28,1,hollow_concrete_block
PET,0,3.7,7.9,0.52,none,0,0.0,58.2,24,12.67,2.09,1.25,2334.2,2.24,0.867,89.6,74.18,1,48.92,0,29.8,0,22.12,0,100.0,1,67.52,1,55.93,1,85.42,1,51.89,0,67.59,1,51.25,0,67.44,1,hollow_concrete_block
PET,0,20.0,9.0,0.59,none,0,0.0,73.7,8,7.56,0.79,0.58,2189.8,5.12,0.782,58.0,52.86,0,30.77,0,14.74,0,10.92,0,100.0,1,70.32,1,49.63,0,86.44,1,45.08,0,70.2,1,54.82,0,42.67,0,hollow_concrete_block
HDPE,1,8.5,17.4,0.62,fibres,3,8.1,75.4,90,26.14,3.56,2.73,2215.5,3.46,0.875,99.2,90.17,1,54.49,0,42.75,0,34.16,0,100.0,1,68.29,1,88.89,1,86.25,1,69.85,1,67.91,1,51.46,0,76.15,1,hollow_concrete_block
LDPE,2,36.0,11.5,0.36,silica_fume,2,0.5,32.4,21,10.19,1.27,0.97,1805.4,7.37,0.45,59.8,47.78,0,28.88,0,16.98,0,13.35,0,97.61,1,82.16,1,32.7,0,89.94,1,38.91,0,83.23,1,79.41,1,39.23,0,hollow_concrete_block
Mixed,5,32.8,18.6,0.44,fly_ash,1,17.0,71.0,89,23.03,3.22,2.25,1940.7,8.12,0.449,77.5,66.79,1,41.75,0,34.36,0,28.35,0,95.53,1,80.61,1,68.31,1,88.25,1,53.7,0,81.48,1,78.76,1,56.31,1,hollow_concrete_block
PP,4,13.3,15.2,0.39,none,0,0.0,50.0,47,22.08,3.31,2.3,2158.4,4.66,0.83,85.4,76.89,1,46.43,0,36.08,0,29.22,0,100.0,1,69.6,1,83.1,1,86.68,1,64.44,1,69.16,1,53.18,0,64.51,1,hollow_concrete_block
PET,0,3.9,5.0,0.37,fibres,3,29.1,39.6,84,43.51,6.12,4.66,2275.0,2.11,0.95,100.0,96.85,1,77.15,1,71.15,1,57.27,1,100.0,1,66.62,1,91.07,1,85.82,1,75.0,1,66.22,1,49.05,0,96.97,1,hollow_concrete_block
LDPE,2,31.3,9.3,0.42,fibres,3,13.0,60.8,87,21.11,3.03,2.07,1947.1,6.99,0.489,82.1,66.83,1,41.37,0,32.5,0,26.64,0,98.84,1,80.54,1,66.74,1,88.49,1,54.85,0,80.12,1,74.35,1,56.15,1,hollow_concrete_block
PVC,3,3.4,12.6,0.59,none,0,0.0,24.9,22,9.33,1.25,1.27,2318.3,2.7,0.886,83.0,69.61,1,42.31,0,22.33,0,16.15,0,100.0,1,67.3,1,49.81,0,85.53,1,47.44,0,67.26,1,50.72,0,62.25,1,hollow_concrete_block
PVC,3,28.5,12.9,0.57,silica_fume,2,10.8,25.5,42,13.46,1.79,1.6,2096.0,5.15,0.585,68.2,61.16,1,36.28,0,23.11,0,18.15,0,100.0,1,76.88,1,61.06,1,87.18,1,52.95,0,77.53,1,65.57,1,50.3,0,hollow_concrete_block
PVC,3,14.4,5.8,0.39,fly_ash,1,12.9,53.4,68,32.64,5.04,3.06,2188.9,4.09,0.772,92.8,90.66,1,57.54,1,51.76,0,42.49,0,100.0,1,70.55,1,96.02,1,86.45,1,75.0,1,70.47,1,55.23,1,80.25,1,hollow_concrete_block
PVC,3,4.1,2.2,0.52,silica_fume,2,25.9,20.7,55,34.17,4.76,3.35,2315.6,1.31,1.043,100.0,97.15,1,80.39,1,66.43,1,50.72,0,100.0,1,65.06,1,88.17,1,85.55,1,75.0,1,64.55,1,46.65,0,93.19,1,hollow_concrete_block
PVC,3,31.2,14.6,0.52,fly_ash,1,17.2,30.2,51,14.22,2.6,1.42,2047.9,7.47,0.523,66.4,55.56,1,34.11,0,24.29,0,20.0,0,97.31,1,79.53,1,58.43,1,87.58,1,43.95,0,76.72,1,70.66,1,45.93,0,hollow_concrete_block
HDPE,1,5.6,6.4,0.5,none,0,0.0,30.0,38,14.04,2.43,1.12,2264.2,2.84,0.945,84.9,75.49,1,45.53,0,29.5,0,22.68,0,100.0,1,66.78,1,62.01,1,85.9,1,53.72,0,66.35,1,49.23,0,66.37,1,hollow_concrete_block
PVC,3,12.0,15.8,0.46,fly_ash,1,21.6,49.7,81,34.21,5.4,3.15,2241.7,3.9,0.841,96.2,92.25,1,59.95,1,54.55,0,44.85,0,100.0,1,68.7,1,93.12,1,86.06,1,75.0,1,68.54,1,52.46,0,83.36,1,hollow_concrete_block
HDPE,1,18.3,3.1,0.35,fibres,3,10.0,57.2,45,23.15,3.39,2.68,2089.9,5.58,0.661,83.2,74.27,1,45.38,0,36.4,0,29.73,0,100.0,1,74.31,1,80.62,1,87.23,1,64.32,1,73.75,1,60.88,1,62.36,1,hollow_concrete_block
PVC,3,13.4,16.4,0.61,fly_ash,1,9.0,56.2,28,12.69,2.22,1.34,2213.3,4.41,0.736,75.8,65.18,1,38.23,0,24.29,0,19.19,0,100.0,1,71.19,1,61.06,1,86.27,1,51.92,0,71.38,1,56.64,1,53.44,0,hollow_concrete_block
PVC,3,12.6,19.3,0.64,silica_fume,2,22.0,58.0,76,29.42,3.98,2.85,2238.3,2.39,0.808,100.0,95.81,1,62.67,1,50.53,0,39.77,0,100.0,1,69.37,1,92.73,1,86.08,1,74.23,1,69.33,1,53.64,0,87.08,1,hollow_concrete_block
HDPE,1,13.0,6.0,0.59,silica_fume,2,3.4,53.8,78,21.98,2.97,2.07,2191.6,3.97,0.773,95.8,80.73,1,49.0,0,36.12,0,28.79,0,100.0,1,70.5,1,83.23,1,86.43,1,64.31,1,70.43,1,55.17,1,68.06,1,hollow_concrete_block
PP,4,7.2,15.5,0.36,fibres,3,28.3,32.6,40,28.33,3.79,2.46,2276.2,3.02,0.932,100.0,94.63,1,58.43,1,46.64,0,37.11,0,100.0,1,66.88,1,88.2,1,85.82,1,72.77,1,66.54,1,49.54,0,82.47,1,hollow_concrete_block
Mixed,5,2.8,17.0,0.59,fibres,3,4.2,38.2,35,16.95,2.01,1.84,2315.4,2.12,0.938,93.6,79.75,1,53.89,0,34.55,0,25.62,0,100.0,1,66.49,1,65.44,1,85.55,1,57.6,1,66.27,1,49.22,0,72.53,1,hollow_concrete_block
Mixed,5,6.2,8.8,0.46,fibres,3,29.7,48.8,54,24.44,3.6,2.84,2225.6,3.76,0.912,100.0,85.67,1,52.24,0,40.53,0,32.6,0,100.0,1,67.59,1,85.33,1,86.18,1,67.59,1,67.13,1,50.3,0,72.32,1,hollow_concrete_block
PP,4,20.3,18.4,0.56,none,0,0.0,67.4,49,11.01,1.49,1.29,2052.8,6.26,0.623,73.5,54.77,0,33.09,0,18.99,0,14.93,0,100.0,1,75.89,1,55.25,1,87.54,1,44.5,0,73.85,1,63.27,1,44.96,0,hollow_concrete_block
Mixed,5,35.8,11.0,0.54,none,0,0.0,26.6,34,5.48,0.88,0.73,1889.9,7.4,0.473,52.4,41.17,0,24.54,0,11.28,0,8.64,0,97.52,1,81.17,1,28.99,0,75.58,1,32.53,0,74.19,1,76.32,1,33.16,0,hollow_concrete_block
Mixed,5,26.6,3.7,0.53,fibres,3,29.0,39.9,58,15.17,2.49,1.3,2037.9,7.27,0.512,85.0,59.08,1,36.79,0,25.06,0,20.5,0,97.93,1,79.63,1,64.07,1,87.67,1,45.9,0,77.72,1,71.69,1,49.38,0,hollow_concrete_block
PET,0,0.4,5.5,0.5,fly_ash,1,13.4,43.5,89,37.76,5.26,3.85,2331.5,1.8,0.996,100.0,97.27,1,75.77,1,65.72,1,51.73,0,100.0,1,65.54,1,87.04,1,85.44,1,75.0,1,65.21,1,47.67,0,97.27,1,hollow_concrete_block
PP,4,27.6,3.4,0.65,fibres,3,3.1,45.0,13,4.37,0.82,0.3,1971.2,7.15,0.5,50.8,40.57,0,24.03,0,10.15,0,7.68,0,89.09,1,74.43,1,32.54,0,67.4,1,31.93,0,68.58,1,73.15,1,32.45,0,hollow_concrete_block
PET,0,33.3,14.7,0.45,silica_fume,2,13.7,32.4,64,24.13,3.08,2.32,2040.9,6.12,0.488,70.8,72.21,1,44.17,0,36.19,0,29.43,0,100.0,1,79.6,1,75.58,1,87.64,1,62.67,1,81.31,1,73.98,1,60.64,1,hollow_concrete_block
LDPE,2,19.0,9.0,0.56,silica_fume,2,2.0,22.7,17,11.09,2.07,1.31,2080.9,4.88,0.673,68.1,58.95,1,34.59,0,21.73,0,17.22,0,100.0,1,74.03,1,56.01,1,87.3,1,49.79,0,74.03,1,60.27,1,48.22,0,hollow_concrete_block
PET,0,34.0,13.1,0.55,fly_ash,1,27.9,64.4,69,16.38,2.71,1.77,1975.1,8.54,0.44,62.2,55.72,1,34.52,0,26.28,0,21.72,0,94.52,1,80.25,1,55.76,1,86.96,1,43.7,0,81.53,1,79.67,1,46.33,0,hollow_concrete_block
HDPE,1,22.1,7.0,0.48,fibres,3,7.0,44.3,26,12.9,2.4,1.91,2061.0,5.9,0.695,73.0,58.26,1,35.09,0,23.42,0,18.98,0,100.0,1,73.59,1,58.86,1,87.47,1,48.84,0,71.93,1,59.24,1,48.0,0,hollow_concrete_block
HDPE,1,25.6,8.9,0.36,fly_ash,1,13.5,45.8,3,10.12,1.95,1.06,2009.1,6.87,0.637,61.9,50.43,0,30.44,0,18.88,0,15.25,0,99.26,1,75.84,1,47.67,0,87.92,1,40.66,0,72.38,1,62.63,1,41.24,0,hollow_concrete_block
Mixed,5,8.6,5.9,0.56,none,0,0.0,54.6,71,19.22,2.52,1.7,2255.7,3.86,0.894,99.2,78.24,1,47.56,0,32.43,0,25.55,0,100.0,1,67.65,1,74.48,1,85.96,1,60.63,1,67.35,1,50.71,0,65.66,1,hollow_concrete_block
HDPE,1,14.6,4.3,0.38,fibres,3,15.8,58.3,79,33.62,4.91,3.14,2135.4,4.91,0.823,100.0,86.18,1,57.16,1,51.33,0,42.3,0,100.0,1,69.93,1,98.96,1,86.86,1,75.0,1,69.43,1,53.53,0,77.88,1,hollow_concrete_block
PVC,3,24.5,11.9,0.45,fibres,3,18.5,68.8,41,15.12,1.66,1.44,2144.0,6.64,0.658,78.8,60.65,1,37.21,0,23.29,0,18.45,0,100.0,1,73.92,1,69.98,1,86.79,1,48.27,0,71.31,1,60.8,1,50.23,0,hollow_concrete_block
PP,4,23.6,13.6,0.44,fly_ash,1,9.2,31.0,21,11.92,1.47,1.33,2021.6,6.44,0.62,58.3,53.46,0,32.09,0,19.74,0,15.52,0,100.0,1,76.29,1,50.64,0,87.81,1,44.88,0,73.78,1,63.6,1,43.84,0,hollow_concrete_block
PP,4,15.5,12.1,0.52,fibres,3,5.6,58.1,85,26.18,3.52,2.45,2146.8,4.63,0.82,96.0,82.41,1,50.96,0,40.74,0,32.99,0,100.0,1,69.89,1,93.02,1,86.77,1,69.91,1,69.45,1,53.58,0,69.99,1,hollow_concrete_block
HDPE,1,22.2,10.0,0.39,silica_fume,2,25.3,57.2,48,30.34,3.84,3.28,2049.3,3.45,0.674,83.4,94.17,1,55.79,1,47.67,0,38.19,0,100.0,1,74.3,1,89.19,1,87.57,1,75.0,1,74.15,1,60.37,1,79.65,1,hollow_concrete_block
PET,0,19.4,4.3,0.47,fibres,3,12.3,49.5,59,21.56,2.71,1.89,2116.1,5.94,0.678,91.1,71.26,1,44.47,0,32.82,0,26.52,0,100.0,1,73.57,1,81.87,1,87.01,1,60.17,1,72.15,1,59.85,1,60.48,1,hollow_concrete_block
PVC,3,6.7,11.5,0.59,fly_ash,1,8.8,36.5,71,22.07,2.58,1.98,2323.4,3.14,0.872,96.0,86.64,1,52.42,0,37.01,0,28.82,0,100.0,1,67.51,1,74.01,1,85.49,1,64.43,1,67.53,1,51.13,0,74.19,1,hollow_concrete_block
LDPE,2,6.7,9.4,0.57,fibres,3,16.5,26.8,17,12.29,2.06,1.52,2243.4,2.68,0.879,89.0,73.0,1,45.15,0,27.39,0,20.65,0,100.0,1,68.0,1,61.63,1,86.05,1,51.39,0,67.71,1,51.22,0,66.3,1,hollow_concrete_block
LDPE,2,31.0,16.6,0.46,none,0,0.0,65.6,59,11.81,1.37,1.25,1905.2,7.59,0.497,66.0,51.03,0,31.2,0,18.75,0,14.82,0,96.96,1,81.0,1,44.12,0,88.9,1,40.34,0,78.93,1,73.79,1,42.07,0,hollow_concrete_block
PP,4,8.7,8.8,0.57,fly_ash,1,8.9,80.0,60,19.0,2.93,2.11,2168.9,3.19,0.795,88.5,81.4,1,48.1,0,34.68,0,27.29,0,100.0,1,70.21,1,78.01,1,86.6,1,60.33,1,69.96,1,54.41,0,69.13,1,hollow_concrete_block
LDPE,2,13.9,16.4,0.48,none,0,0.0,66.5,33,13.67,1.48,1.18,2121.1,4.58,0.795,76.7,65.07,1,38.36,0,23.19,0,17.85,0,100.0,1,70.63,1,65.39,1,86.97,1,53.23,0,70.18,1,54.62,0,53.56,0,hollow_concrete_block
HDPE,1,32.4,12.0,0.46,fibres,3,5.0,28.4,29,10.78,1.35,1.02,1949.8,8.37,0.449,61.0,48.16,0,29.58,0,17.34,0,13.78,0,94.91,1,80.51,1,44.31,0,87.58,1,36.68,0,81.13,1,78.71,1,39.53,0,hollow_concrete_block
HDPE,1,32.2,11.6,0.51,fly_ash,1,9.7,62.2,40,12.51,1.41,1.41,1948.6,7.35,0.471,61.1,52.13,0,31.73,0,19.66,0,15.53,0,97.68,1,80.53,1,47.13,0,88.47,1,42.08,0,80.8,1,76.22,1,42.94,0,hollow_concrete_block
PP,4,10.7,17.2,0.65,none,0,0.0,28.1,55,14.86,2.25,1.55,2207.1,3.4,0.892,87.7,75.57,1,43.89,0,28.33,0,21.97,0,100.0,1,68.07,1,68.18,1,86.31,1,54.81,0,67.6,1,50.97,0,62.72,1,hollow_concrete_block
PET,0,39.7,17.4,0.39,fly_ash,1,7.5,62.7,34,10.25,1.42,0.72,1980.3,9.37,0.401,54.2,45.58,0,28.12,0,16.65,0,13.36,0,92.79,1,80.2,1,43.86,0,85.25,1,33.59,0,84.21,1,84.95,1,37.28,0,hollow_concrete_block
Mixed,5,15.7,3.3,0.54,fibres,3,11.3,24.5,14,9.41,1.49,0.74,2153.0,4.76,0.776,73.7,58.44,1,34.25,0,18.74,0,14.44,0,100.0,1,70.76,1,59.37,1,86.72,1,47.55,0,70.53,1,55.22,1,47.62,0,hollow_concrete_block
PVC,3,20.6,5.9,0.63,silica_fume,2,13.6,49.3,77,23.48,3.53,2.26,2106.1,4.86,0.76,82.4,77.47,1,46.73,0,37.79,0,30.76,0,100.0,1,71.54,1,82.13,1,87.09,1,66.31,1,71.18,1,56.08,1,64.88,1,hollow_concrete_block
PET,0,34.8,17.0,0.38,fibres,3,19.0,61.8,11,9.92,1.24,1.04,2021.3,8.17,0.439,57.6,47.42,0,28.99,0,16.28,0,12.86,0,95.4,1,79.79,1,47.11,0,87.39,1,36.07,0,81.79,1,79.56,1,38.73,0,hollow_concrete_block
PP,4,15.9,19.4,0.6,fibres,3,8.1,69.7,46,13.07,1.58,1.29,2098.8,5.13,0.836,79.0,62.04,1,37.02,0,22.22,0,17.3,0,100.0,1,70.01,1,63.38,1,87.15,1,52.43,0,69.3,1,53.24,0,51.1,0,hollow_concrete_block
PP,4,23.1,11.5,0.5,silica_fume,2,26.8,65.7,8,12.02,1.83,1.3,2018.5,3.99,0.678,69.4,64.45,1,37.03,0,23.28,0,17.99,0,100.0,1,74.48,1,53.44,0,87.84,1,51.03,0,74.17,1,60.31,1,52.81,0,hollow_concrete_block
PET,0,25.0,16.8,0.35,fly_ash,1,13.2,20.0,57,27.16,4.07,2.56,2108.6,6.77,0.615,79.8,76.28,1,47.33,0,41.27,0,34.19,0,99.62,1,75.65,1,87.77,1,87.07,1,63.79,1,72.95,1,63.51,1,64.37,1,hollow_concrete_block
HDPE,1,39.8,18.2,0.61,silica_fume,2,4.8,76.0,38,11.01,1.31,0.82,1805.9,8.57,0.391,52.1,46.04,0,28.1,0,17.4,0,13.81,0,94.45,1,82.15,1,32.13,0,88.6,1,36.46,0,86.15,1,86.07,1,37.84,0,hollow_concrete_block
PET,0,26.2,5.4,0.46,fly_ash,1,1.6,57.5,32,10.06,1.62,0.88,2147.4,7.51,0.569,62.7,50.24,0,30.66,0,17.66,0,14.14,0,97.19,1,77.06,1,57.66,1,86.76,1,38.27,0,73.71,1,66.49,1,40.99,0,hollow_concrete_block
PVC,3,26.2,14.2,0.35,fibres,3,2.3,55.6,69,25.15,3.41,2.51,2101.9,5.95,0.606,77.8,75.34,1,46.2,0,38.16,0,31.18,0,100.0,1,76.03,1,83.43,1,87.13,1,64.91,1,75.0,1,64.12,1,63.33,1,hollow_concrete_block
Mixed,5,17.8,0.7,0.45,none,0,0.0,79.3,57,17.67,2.91,1.52,2151.9,5.09,0.719,84.6,69.15,1,41.82,0,30.18,0,24.45,0,100.0,1,72.13,1,76.01,1,86.73,1,58.56,1,72.17,1,57.67,1,57.65,1,hollow_concrete_block
Mixed,5,5.3,1.9,0.46,none,0,0.0,26.2,50,21.47,3.18,2.34,2273.8,2.71,0.866,92.4,85.47,1,53.33,0,39.26,0,30.71,0,100.0,1,67.99,1,75.63,1,85.83,1,63.63,1,67.86,1,51.51,0,77.25,1,hollow_concrete_block
LDPE,2,5.5,15.6,0.58,fly_ash,1,19.2,60.6,11,16.24,2.65,1.35,2231.7,3.18,0.945,80.9,77.99,1,45.36,0,31.25,0,24.41,0,100.0,1,67.03,1,66.97,1,86.13,1,56.65,1,66.49,1,49.36,0,65.38,1,hollow_concrete_block
PP,4,22.5,12.4,0.4,silica_fume,2,21.7,57.7,22,18.83,2.6,1.95,2027.5,2.74,0.651,75.9,79.33,1,48.1,0,35.06,0,27.05,0,100.0,1,75.21,1,67.09,1,87.76,1,60.11,1,75.1,1,61.73,1,70.9,1,hollow_concrete_block
PVC,3,24.6,9.1,0.42,none,0,0.0,28.4,18,10.55,2.37,1.13,2106.9,6.8,0.655,64.5,52.2,0,31.6,0,20.4,0,16.73,0,99.51,1,74.34,1,56.04,1,87.09,1,41.52,0,71.32,1,61.13,1,42.68,0,hollow_concrete_block
PP,4,29.2,7.4,0.48,fly_ash,1,7.4,58.7,34,12.2,2.33,0.99,1942.3,6.89,0.59,58.0,52.2,0,31.5,0,21.9,0,17.88,0,99.19,1,78.19,1,45.37,0,88.53,1,43.36,0,74.71,1,65.98,1,42.92,0,hollow_concrete_block
PP,4,24.0,14.6,0.44,none,0,0.0,70.9,87,21.21,2.88,2.32,2030.8,5.82,0.643,82.0,70.44,1,43.02,0,32.99,0,26.75,0,100.0,1,75.43,1,72.86,1,87.73,1,60.35,1,74.13,1,62.17,1,59.0,1,hollow_concrete_block
LDPE,2,8.2,12.3,0.41,fibres,3,8.9,23.3,33,18.24,2.49,1.76,2305.5,3.65,0.808,90.5,78.8,1,46.74,0,31.77,0,24.94,0,100.0,1,68.85,1,67.5,1,85.61,1,59.32,1,69.06,1,53.38,0,65.94,1,hollow_concrete_block
PVC,3,15.4,5.2,0.54,none,0,0.0,51.7,4,8.88,1.87,0.57,2147.3,5.52,0.788,63.9,53.61,0,31.68,0,18.39,0,14.61,0,100.0,1,70.55,1,55.99,1,86.77,1,45.66,0,69.73,1,54.77,0,43.55,0,hollow_concrete_block
LDPE,2,37.4,3.1,0.61,fibres,3,11.0,61.0,63,10.41,0.67,1.04,1825.0,9.1,0.388,61.5,45.84,0,28.3,0,15.02,0,11.53,0,93.32,1,81.92,1,34.9,0,87.31,1,34.39,0,85.48,1,85.96,1,37.72,0,hollow_concrete_block
PET,0,0.7,1.8,0.43,none,0,0.0,75.4,53,25.26,3.61,2.35,2331.0,1.73,1.022,100.0,90.95,1,65.95,1,49.7,0,37.94,0,100.0,1,65.21,1,79.17,1,85.44,1,68.68,1,64.81,1,47.06,0,82.58,1,hollow_concrete_block
PP,4,11.5,14.4,0.58,fibres,3,21.1,24.9,71,20.68,2.91,1.78,2174.8,4.05,0.959,97.3,78.37,1,47.74,0,34.54,0,27.55,0,100.0,1,67.3,1,82.64,1,86.55,1,62.57,1,66.49,1,49.22,0,66.02,1,hollow_concrete_block
PP,4,24.6,5.9,0.44,fly_ash,1,29.2,29.3,44,20.61,3.18,2.12,2047.3,6.58,0.65,70.3,66.36,1,40.68,0,32.61,0,26.79,0,100.0,1,75.05,1,70.04,1,87.58,1,55.85,1,72.19,1,61.69,1,55.48,1,hollow_concrete_block
PVC,3,23.5,15.4,0.54,none,0,0.0,38.6,58,15.84,2.55,1.46,2087.2,6.15,0.607,72.8,61.67,1,37.45,0,26.55,0,21.56,0,100.0,1,76.13,1,65.58,1,87.25,1,51.47,0,74.59,1,64.12,1,51.09,0,hollow_concrete_block
Mixed,5,38.1,5.2,0.42,fibres,3,3.5,56.7,10,8.23,1.02,0.81,1875.5,9.2,0.316,44.6,41.14,0,25.03,0,13.68,0,10.75,0,93.12,1,81.33,1,30.55,0,86.59,1,31.26,0,85.07,1,85.66,1,33.4,0,hollow_concrete_block
LDPE,2,26.6,13.3,0.4,none,0,0.0,62.5,4,7.8,1.45,0.68,1913.3,7.04,0.569,53.7,45.29,0,27.05,0,15.21,0,12.06,0,98.67,1,79.34,1,34.86,0,88.82,1,36.92,0,75.63,1,67.63,1,36.76,0,hollow_concrete_block
HDPE,1,19.9,7.3,0.51,silica_fume,2,5.0,27.6,37,14.5,1.97,1.33,2007.2,5.38,0.765,76.4,62.05,1,37.18,0,24.38,0,19.32,0,100.0,1,72.36,1,58.56,1,87.94,1,54.03,0,71.41,1,56.34,1,51.32,0,hollow_concrete_block
Mixed,5,35.5,15.5,0.36,fibres,3,8.2,23.8,76,18.08,2.47,1.81,1924.2,8.66,0.431,73.7,58.84,1,36.76,0,27.33,0,22.38,0,94.25,1,80.79,1,57.9,1,87.18,1,45.66,0,82.45,1,81.08,1,49.25,0,hollow_concrete_block
Mixed,5,3.1,9.4,0.46,fibres,3,25.8,30.0,23,17.67,2.91,1.91,2334.9,2.59,1.024,100.0,80.86,1,51.79,0,35.24,0,27.29,0,100.0,1,65.15,1,66.24,1,85.42,1,58.56,1,64.76,1,47.0,0,73.49,1,hollow_concrete_block
LDPE,2,30.9,17.9,0.55,none,0,0.0,33.7,68,10.85,1.94,1.23,1894.8,7.37,0.551,68.2,50.34,0,30.7,0,19.32,0,15.65,0,97.61,1,80.31,1,42.34,0,89.0,1,39.79,0,76.15,1,69.11,1,41.43,0,hollow_concrete_block
PET,0,1.8,17.3,0.42,fibres,3,10.9,75.2,25,21.26,3.07,2.47,2364.7,2.4,1.02,95.1,85.86,1,55.77,1,40.05,0,30.97,0,100.0,1,64.99,1,69.48,1,85.22,1,63.35,1,64.71,1,46.99,0,77.96,1,hollow_concrete_block
PET,0,22.1,18.3,0.57,fibres,3,6.7,34.9,43,14.21,2.53,1.38,2110.2,5.72,0.614,70.3,60.58,1,36.42,0,25.2,0,20.42,0,100.0,1,75.67,1,63.87,1,87.06,1,51.58,0,75.15,1,63.57,1,49.96,0,hollow_concrete_block
LDPE,2,33.0,11.6,0.39,none,0,0.0,30.8,69,15.72,1.78,1.58,1905.2,7.58,0.581,70.9,56.86,1,35.03,0,23.69,0,18.95,0,96.99,1,78.94,1,51.89,0,88.9,1,45.59,0,74.29,1,66.81,1,47.32,0,hollow_concrete_block
PET,0,38.2,1.8,0.49,silica_fume,2,23.2,38.6,14,10.82,1.32,1.25,1946.7,5.68,0.436,56.9,53.35,0,31.47,0,18.81,0,14.58,0,100.0,1,80.55,1,43.1,0,88.49,1,47.29,0,86.74,1,80.32,1,43.64,0,hollow_concrete_block
PP,4,18.3,7.7,0.44,silica_fume,2,22.2,34.6,50,26.19,3.4,2.74,2057.1,3.36,0.657,93.5,89.92,1,53.54,0,42.63,0,33.9,0,100.0,1,74.74,1,85.99,1,87.5,1,69.92,1,74.72,1,61.25,1,76.06,1,hollow_concrete_block
PP,4,38.9,20.0,0.58,fly_ash,1,4.5,75.9,6,2.24,0.5,0.35,1767.0,9.23,0.43,36.1,31.29,0,18.53,0,6.38,0,4.7,0,61.52,1,62.57,1,12.99,0,52.64,0,23.21,0,65.42,1,78.33,1,24.67,0,thermal_insulation_panel
HDPE,1,21.7,12.9,0.56,none,0,0.0,77.1,3,4.69,0.5,0.54,2001.4,5.94,0.661,60.1,45.2,0,26.48,0,10.43,0,7.51,0,94.13,1,71.42,1,37.61,0,69.25,1,37.68,0,63.97,1,61.3,1,36.31,0,hollow_concrete_block
Mixed,5,15.1,14.9,0.44,fly_ash,1,15.9,34.3,65,26.21,3.57,2.77,2171.3,4.84,0.797,83.6,81.69,1,49.55,0,40.64,0,33.0,0,100.0,1,70.15,1,88.6,1,86.58,1,69.95,1,69.9,1,54.32,0,68.7,1,hollow_concrete_block
PET,0,38.9,3.3,0.43,none,0,0.0,75.3,69,14.31,2.19,1.23,1965.3,8.99,0.41,62.1,52.29,0,32.46,0,22.75,0,18.64,0,93.54,1,80.35,1,51.58,0,86.12,1,39.84,0,83.78,1,83.71,1,43.31,0,hollow_concrete_block
PVC,3,28.0,7.8,0.64,none,0,0.0,54.8,67,13.72,2.25,1.11,2102.7,7.57,0.599,70.6,55.64,1,34.28,0,22.87,0,18.65,0,97.02,1,76.28,1,62.59,1,87.12,1,42.95,0,72.42,1,64.58,1,45.94,0,hollow_concrete_block
HDPE,1,25.5,8.2,0.53,none,0,0.0,46.1,19,11.32,1.89,1.18,2026.9,6.65,0.619,58.1,52.19,0,31.39,0,20.06,0,16.1,0,100.0,1,76.27,1,49.97,0,87.76,1,43.16,0,73.4,1,63.64,1,42.74,0,hollow_concrete_block
HDPE,1,11.7,17.1,0.63,fibres,3,21.0,64.1,43,17.21,2.16,2.03,2202.4,3.55,0.843,84.2,77.43,1,45.05,0,30.12,0,23.37,0,100.0,1,68.98,1,71.53,1,86.35,1,57.95,1,68.67,1,52.55,0,64.13,1,hollow_concrete_block
PVC,3,10.9,2.0,0.41,none,0,0.0,29.3,24,16.39,2.56,1.52,2250.2,4.74,0.811,78.6,69.15,1,41.22,0,28.42,0,22.74,0,100.0,1,69.22,1,65.31,1,86.0,1,56.85,1,69.21,1,53.48,0,57.12,1,hollow_concrete_block
PVC,3,18.6,8.4,0.51,fly_ash,1,13.6,47.8,18,13.88,2.53,1.39,2203.6,5.88,0.684,66.3,59.87,1,36.03,0,24.74,0,20.09,0,100.0,1,72.65,1,61.3,1,86.34,1,50.25,0,71.68,1,59.16,1,49.23,0,hollow_concrete_block
PET,0,6.3,13.9,0.6,none,0,0.0,32.9,44,17.61,2.97,1.87,2262.5,3.93,0.879,86.6,75.68,1,44.83,0,31.82,0,25.43,0,100.0,1,67.85,1,68.52,1,85.91,1,58.48,1,67.63,1,51.14,0,63.02,1,hollow_concrete_block
HDPE,1,3.6,5.3,0.46,none,0,0.0,60.6,36,19.49,3.2,2.12,2312.4,2.83,0.948,94.4,83.12,1,51.39,0,36.91,0,28.99,0,100.0,1,66.36,1,70.09,1,85.57,1,60.99,1,66.1,1,48.97,0,73.83,1,hollow_concrete_block
HDPE,1,1.2,8.4,0.49,fly_ash,1,2.8,26.1,20,11.35,1.5,1.18,2298.8,2.37,0.972,95.1,72.16,1,47.16,0,26.35,0,19.16,0,100.0,1,66.12,1,57.67,1,85.66,1,50.13,0,65.74,1,48.39,0,65.72,1,hollow_concrete_block
PET,0,0.5,16.7,0.64,fly_ash,1,5.9,44.0,90,29.8,4.03,2.95,2342.9,1.91,1.002,100.0,97.09,1,67.72,1,53.84,0,41.78,0,100.0,1,65.38,1,85.89,1,85.37,1,74.73,1,65.07,1,47.49,0,88.09,1,hollow_concrete_block
Mixed,5,37.5,2.1,0.53,none,0,0.0,21.3,11,3.15,0.63,0.44,1857.1,9.11,0.406,43.2,34.17,0,20.49,0,7.65,0,5.78,0,71.29,1,67.54,1,20.41,0,57.95,1,24.69,0,70.18,1,84.88,1,27.14,0,thermal_insulation_panel
HDPE,1,36.1,9.1,0.39,silica_fume,2,3.7,76.5,9,9.18,1.28,1.01,1832.7,7.79,0.448,47.3,44.39,0,26.67,0,15.8,0,12.48,0,96.39,1,81.83,1,29.76,0,89.64,1,36.2,0,82.62,1,79.48,1,36.19,0,hollow_concrete_block
HDPE,1,37.0,8.9,0.57,fibres,3,0.9,61.0,25,6.02,0.5,0.5,1827.2,8.56,0.433,46.3,38.86,0,23.38,0,10.39,0,7.77,0,94.47,1,81.89,1,23.85,0,78.53,1,29.83,0,78.04,1,81.37,1,31.33,0,hollow_concrete_block
LDPE,2,8.6,4.1,0.43,fly_ash,1,1.0,57.2,34,18.16,2.8,1.69,2190.9,3.13,0.847,85.9,80.44,1,47.48,0,33.68,0,26.38,0,100.0,1,69.0,1,74.37,1,86.43,1,59.21,1,68.63,1,52.46,0,68.43,1,hollow_concrete_block
Mixed,5,11.8,8.5,0.52,none,0,0.0,25.3,52,15.79,1.82,1.49,2207.9,4.36,0.795,84.6,70.34,1,41.81,0,26.46,0,20.57,0,100.0,1,69.89,1,68.87,1,86.31,1,56.05,1,69.79,1,54.25,0,58.32,1,hollow_concrete_block
HDPE,1,16.8,13.0,0.59,fly_ash,1,18.9,68.1,5,7.39,1.03,0.57,2133.7,4.31,0.73,64.5,56.68,1,32.43,0,16.15,0,11.97,0,100.0,1,72.01,1,52.69,0,86.14,1,44.85,0,71.55,1,57.25,1,45.83,0,hollow_concrete_block
PVC,3,31.3,7.5,0.51,fibres,3,10.3,53.9,44,11.97,2.48,1.27,2022.5,7.6,0.442,65.2,52.0,0,31.85,0,21.68,0,17.9,0,96.93,1,79.78,1,52.56,0,87.8,1,40.52,0,82.27,1,79.19,1,42.78,0,hollow_concrete_block
PVC,3,10.8,1.0,0.53,none,0,0.0,73.7,38,13.4,2.15,1.23,2243.9,3.69,0.925,81.6,71.48,1,41.32,0,26.0,0,20.22,0,100.0,1,67.24,1,61.55,1,86.04,1,52.87,0,66.8,1,49.86,0,58.64,1,hollow_concrete_block
PET,0,32.3,9.7,0.46,fly_ash,1,29.2,26.0,87,25.88,3.87,2.68,2047.8,7.97,0.419,72.7,71.03,1,44.36,0,38.9,0,32.33,0,95.91,1,79.53,1,79.47,1,87.58,1,57.93,1,83.64,1,82.05,1,59.95,1,hollow_concrete_block
HDPE,1,10.7,16.4,0.63,none,0,0.0,65.8,31,12.74,1.77,0.99,2199.7,4.61,0.902,77.4,64.35,1,37.97,0,22.95,0,17.88,0,100.0,1,67.97,1,62.53,1,86.37,1,51.99,0,67.44,1,50.7,0,52.82,0,hollow_concrete_block
PP,4,33.9,16.0,0.46,fly_ash,1,5.3,55.6,48,13.37,1.76,1.0,1832.4,8.73,0.478,59.2,50.03,0,30.84,0,20.82,0,16.81,0,94.09,1,81.83,1,39.78,0,87.97,1,39.21,0,79.28,1,76.12,1,41.43,0,hollow_concrete_block
PP,4,1.1,14.2,0.63,fly_ash,1,16.9,31.3,66,24.02,3.93,2.73,2400.7,2.13,0.998,95.0,89.81,1,60.42,1,46.36,0,36.2,0,100.0,1,65.02,1,71.49,1,85.0,1,67.03,1,64.92,1,47.38,0,81.46,1,hollow_concrete_block
PP,4,12.4,10.1,0.38,fly_ash,1,18.0,21.2,64,35.59,4.63,3.6,2137.9,4.0,0.772,91.1,90.84,1,59.87,1,53.83,0,43.78,0,100.0,1,70.98,1,97.49,1,86.84,1,75.0,1,70.7,1,55.44,1,83.96,1,hollow_concrete_block
PET,0,13.3,12.5,0.59,silica_fume,2,21.5,75.1,44,21.87,2.9,2.35,2187.8,2.72,0.861,88.8,85.37,1,52.85,0,38.92,0,30.26,0,100.0,1,68.77,1,81.52,1,86.45,1,64.16,1,68.33,1,52.02,0,77.04,1,hollow_concrete_block
PET,0,0.9,11.9,0.63,none,0,0.0,70.8,49,16.27,2.21,1.86,2347.1,1.95,1.011,91.4,79.08,1,54.9,0,35.47,0,26.24,0,100.0,1,65.23,1,61.47,1,85.34,1,56.69,1,64.92,1,47.26,0,71.88,1,hollow_concrete_block
PET,0,14.9,18.9,0.47,none,0,0.0,40.2,44,18.28,2.68,1.77,2180.3,4.33,0.803,84.9,73.62,1,43.89,0,31.14,0,24.83,0,100.0,1,69.95,1,75.07,1,86.51,1,59.37,1,69.71,1,54.06,0,61.32,1,hollow_concrete_block
HDPE,1,39.0,14.8,0.48,fibres,3,19.5,30.5,74,12.59,1.9,0.84,1790.4,9.01,0.37,67.9,49.38,0,30.65,0,20.3,0,16.52,0,93.5,1,82.34,1,38.39,0,87.87,1,37.5,0,85.79,1,86.17,1,40.95,0,hollow_concrete_block
Mixed,5,35.6,12.5,0.46,fly_ash,1,11.4,64.0,40,10.02,1.49,0.96,1837.9,7.56,0.436,56.9,47.1,0,28.49,0,17.27,0,13.75,0,97.05,1,81.76,1,34.0,0,89.59,1,38.05,0,83.89,1,80.93,1,38.6,0,hollow_concrete_block
HDPE,1,7.1,0.5,0.56,fibres,3,25.5,66.2,75,21.1,2.8,2.0,2293.0,3.12,0.913,100.0,85.12,1,51.9,0,36.65,0,28.69,0,100.0,1,67.05,1,74.95,1,85.7,1,63.13,1,66.83,1,50.01,0,73.03,1,hollow_concrete_block
PET,0,7.3,6.7,0.59,fly_ash,1,19.2,26.2,66,22.51,3.38,2.29,2294.4,4.88,0.786,98.5,77.5,1,48.34,0,36.42,0,29.59,0,100.0,1,69.4,1,77.2,1,85.69,1,65.01,1,69.65,1,54.25,0,65.48,1,hollow_concrete_block
HDPE,1,13.2,2.0,0.45,silica_fume,2,5.0,73.1,14,13.49,1.97,1.34,2153.8,3.71,0.818,72.8,69.72,1,40.05,0,25.6,0,19.79,0,100.0,1,69.87,1,65.88,1,86.71,1,52.99,0,69.46,1,53.63,0,57.18,1,hollow_concrete_block
Mixed,5,26.8,14.7,0.45,none,0,0.0,35.9,34,12.53,1.63,1.03,2001.5,7.33,0.571,65.6,53.13,0,32.45,0,20.24,0,16.14,0,97.74,1,78.34,1,52.1,0,87.99,1,42.17,0,74.59,1,67.02,1,43.77,0,hollow_concrete_block
Mixed,5,2.7,5.5,0.38,none,0,0.0,22.9,59,28.03,4.15,2.94,2371.7,2.42,0.993,100.0,94.94,1,61.94,1,49.42,0,39.07,0,100.0,1,65.29,1,80.88,1,85.18,1,72.37,1,65.11,1,47.6,0,86.12,1,hollow_concrete_block
Mixed,5,16.8,3.7,0.47,fibres,3,10.5,42.5,64,23.65,3.1,2.51,2134.2,5.0,0.753,90.9,77.34,1,47.6,0,36.73,0,29.66,0,100.0,1,71.45,1,86.6,1,86.87,1,66.53,1,71.24,1,56.24,1,65.61,1,hollow_concrete_block
PP,4,26.0,13.9,0.4,none,0,0.0,68.0,7,8.15,1.2,1.13,2003.9,7.03,0.587,56.2,46.75,0,28.05,0,14.94,0,11.67,0,98.71,1,77.68,1,42.56,0,87.96,1,37.42,0,74.28,1,65.87,1,37.95,0,hollow_concrete_block
LDPE,2,0.8,5.6,0.38,silica_fume,2,5.1,42.5,12,19.95,3.06,2.29,2320.4,1.83,0.906,92.6,83.79,1,59.38,1,42.17,0,31.87,0,100.0,1,66.96,1,69.82,1,85.51,1,61.6,1,66.85,1,50.11,0,76.15,1,hollow_concrete_block
PP,4,37.7,19.6,0.45,fibres,3,21.1,45.9,86,17.68,2.33,1.9,1799.5,8.92,0.377,77.9,57.56,1,36.06,0,26.49,0,21.65,0,93.68,1,82.23,1,49.44,0,87.94,1,44.5,0,85.82,1,86.11,1,48.31,0,hollow_concrete_block
HDPE,1,24.3,9.0,0.37,silica_fume,2,6.2,31.4,73,25.1,3.46,2.18,2048.4,5.89,0.659,89.3,75.62,1,47.05,0,38.28,0,31.3,0,100.0,1,74.76,1,82.47,1,87.57,1,65.16,1,73.28,1,61.18,1,64.41,1,hollow_concrete_block
Mixed,5,37.0,11.0,0.55,silica_fume,2,7.1,23.0,76,12.65,2.29,1.45,1880.4,7.88,0.39,63.0,51.12,0,31.32,0,21.76,0,17.85,0,96.15,1,81.27,1,42.98,0,89.14,1,40.56,0,86.5,1,85.64,1,42.23,0,hollow_concrete_block
PP,4,33.6,3.5,0.46,fibres,3,2.6,69.4,83,15.78,2.05,1.37,1901.2,7.94,0.514,70.4,56.25,1,34.77,0,24.26,0,19.63,0,95.99,1,81.04,1,51.58,0,88.94,1,44.55,0,77.42,1,72.21,1,46.84,0,hollow_concrete_block
PP,4,19.2,2.4,0.41,silica_fume,2,29.3,48.4,17,15.75,2.29,1.19,2070.5,2.73,0.811,87.1,76.34,1,46.8,0,31.24,0,23.85,0,100.0,1,70.76,1,67.9,1,87.39,1,56.0,1,70.03,1,54.25,0,68.78,1,hollow_concrete_block
LDPE,2,31.4,9.7,0.62,silica_fume,2,2.7,52.6,26,7.3,1.4,0.56,1917.3,7.32,0.542,56.7,44.47,0,26.71,0,14.44,0,11.46,0,97.77,1,80.46,1,35.08,0,87.44,1,35.23,0,75.91,1,69.71,1,36.08,0,hollow_concrete_block
LDPE,2,35.4,7.7,0.48,silica_fume,2,13.2,35.8,37,14.29,2.09,1.1,1815.0,6.11,0.474,57.4,55.82,1,33.34,0,23.88,0,19.14,0,100.0,1,82.04,1,39.61,0,89.83,1,49.6,0,83.6,1,76.65,1,46.17,0,hollow_concrete_block
PP,4,2.5,15.2,0.55,none,0,0.0,60.1,72,26.76,4.2,2.8,2316.0,2.37,0.915,100.0,92.84,1,60.92,1,48.51,0,38.34,0,100.0,1,66.84,1,82.74,1,85.54,1,70.68,1,66.7,1,49.87,0,84.3,1,hollow_concrete_block
PVC,3,38.8,12.0,0.52,fibres,3,24.6,45.1,71,12.37,1.36,1.3,1976.7,8.22,0.375,70.2,51.81,0,32.04,0,19.01,0,15.07,0,95.28,1,80.24,1,51.24,0,87.68,1,39.2,0,85.52,1,85.12,1,42.78,0,hollow_concrete_block
Mixed,5,34.7,9.8,0.61,fibres,3,9.0,43.7,7,7.6,1.23,0.49,1930.8,7.63,0.534,45.2,43.02,0,25.72,0,14.17,0,11.16,0,96.84,1,80.69,1,33.6,0,88.65,1,34.6,0,76.5,1,70.3,1,34.79,0,hollow_concrete_block
PP,4,22.8,10.6,0.52,fly_ash,1,3.6,65.4,25,10.01,1.8,0.74,1978.6,5.87,0.71,60.0,52.31,0,31.0,0,19.05,0,15.14,0,100.0,1,74.0,1,44.83,0,88.19,1,45.15,0,71.95,1,58.91,1,42.72,0,hollow_concrete_block
HDPE,1,38.9,16.3,0.39,fibres,3,2.4,61.0,28,5.08,0.58,0.62,1845.3,8.82,0.396,54.7,38.41,0,23.33,0,9.55,0,7.2,0,92.12,1,80.54,1,25.73,0,71.52,1,27.94,0,77.56,1,85.84,1,30.96,0,hollow_concrete_block
Mixed,5,5.9,12.1,0.45,none,0,0.0,25.2,74,24.15,3.26,2.45,2289.7,2.86,0.913,94.2,89.16,1,55.11,1,41.62,0,32.72,0,100.0,1,67.07,1,79.43,1,85.72,1,67.2,1,66.84,1,50.02,0,79.0,1,hollow_concrete_block
PVC,3,22.1,17.2,0.51,none,0,0.0,67.2,82,18.13,2.67,1.62,2141.8,6.16,0.651,83.3,66.27,1,40.68,0,29.13,0,23.66,0,100.0,1,74.16,1,75.99,1,86.81,1,54.48,0,72.53,1,61.2,1,55.27,1,hollow_concrete_block
PP,4,20.9,8.7,0.47,fly_ash,1,17.0,55.0,15,10.31,1.38,1.15,2052.7,5.53,0.698,67.5,55.22,1,32.76,0,18.58,0,14.41,0,100.0,1,73.59,1,52.54,0,87.54,1,47.5,0,72.78,1,59.13,1,45.14,0,hollow_concrete_block
PET,0,22.5,2.5,0.44,silica_fume,2,26.3,35.8,86,34.87,5.23,3.42,2144.5,4.11,0.594,96.6,90.22,1,59.54,1,54.43,0,44.72,0,100.0,1,76.1,1,99.38,1,86.79,1,75.0,1,76.88,1,64.73,1,82.6,1,hollow_concrete_block
PVC,3,22.9,9.7,0.4,fibres,3,4.3,56.5,54,19.92,2.55,2.34,2106.7,5.9,0.667,75.3,68.24,1,41.56,0,30.81,0,24.84,0,100.0,1,73.98,1,74.41,1,87.09,1,58.2,1,72.67,1,60.48,1,56.92,1,hollow_concrete_block
PET,0,15.8,17.6,0.56,none,0,0.0,64.7,37,12.43,1.84,1.18,2193.9,4.63,0.687,76.3,63.67,1,37.53,0,22.79,0,17.81,0,100.0,1,72.64,1,62.15,1,86.41,1,51.57,0,73.01,1,59.05,1,52.22,0,hollow_concrete_block
LDPE,2,0.8,16.4,0.44,silica_fume,2,25.3,71.5,90,56.6,7.93,5.7,2359.3,0.78,1.073,100.0,97.48,1,96.32,1,94.19,1,74.23,1,100.0,1,64.38,1,85.05,1,85.26,1,75.0,1,63.95,1,45.84,0,97.42,1,hollow_concrete_block
PET,0,38.9,4.9,0.44,fibres,3,23.2,39.3,56,15.19,1.91,1.88,1995.9,9.22,0.428,67.8,54.1,0,33.8,0,22.86,0,18.53,0,93.08,1,80.04,1,56.69,1,85.39,1,40.5,0,81.75,1,81.1,1,44.94,0,hollow_concrete_block
PP,4,25.8,4.2,0.41,fibres,3,22.2,65.6,50,19.62,2.79,1.57,1943.7,6.57,0.628,82.7,65.78,1,40.5,0,30.65,0,24.98,0,100.0,1,76.81,1,64.17,1,88.52,1,54.57,0,73.63,1,63.51,1,55.14,1,hollow_concrete_block
PET,0,20.6,3.6,0.44,fibres,3,4.1,71.1,75,26.7,3.15,2.7,2095.6,6.01,0.686,87.9,77.76,1,48.39,0,39.01,0,31.66,0,100.0,1,73.52,1,88.15,1,87.18,1,66.66,1,71.81,1,59.53,1,66.15,1,hollow_concrete_block
PET,0,6.9,17.6,0.41,none,0,0.0,35.0,61,26.24,4.06,2.83,2300.6,3.19,0.925,95.6,92.03,1,55.64,1,44.75,0,35.94,0,100.0,1,66.8,1,82.49,1,85.65,1,69.99,1,66.57,1,49.64,0,78.67,1,hollow_concrete_block
PET,0,36.7,14.2,0.43,fibres,3,15.2,58.1,18,9.7,1.85,1.18,1972.1,8.75,0.385,57.8,45.98,0,28.25,0,17.37,0,14.19,0,94.05,1,80.28,1,43.28,0,86.54,1,34.27,0,84.96,1,85.14,1,37.58,0,hollow_concrete_block
Mixed,5,1.2,7.8,0.53,fly_ash,1,28.8,48.5,73,32.44,3.98,3.01,2326.5,2.1,0.922,100.0,97.23,1,68.01,1,55.09,1,42.99,0,100.0,1,66.65,1,87.39,1,85.47,1,75.0,1,66.52,1,49.63,0,91.17,1,hollow_concrete_block
LDPE,2,13.8,16.8,0.43,none,0,0.0,37.1,52,19.9,2.73,1.84,2184.1,5.15,0.769,84.3,72.13,1,43.77,0,31.9,0,25.67,0,100.0,1,70.65,1,77.35,1,86.48,1,61.53,1,70.57,1,55.37,1,60.28,1,hollow_concrete_block
PET,0,6.5,11.7,0.64,fly_ash,1,19.4,60.7,37,18.14,2.43,1.79,2309.1,2.41,0.968,84.3,81.29,1,51.72,0,35.28,0,26.81,0,100.0,1,66.1,1,65.48,1,85.59,1,59.19,1,65.77,1,48.45,0,73.29,1,hollow_concrete_block
Mixed,5,16.4,0.9,0.58,none,0,0.0,48.4,19,8.24,1.13,0.82,2093.1,5.55,0.756,69.9,52.98,0,31.39,0,15.87,0,12.12,0,100.0,1,71.75,1,52.59,0,87.2,1,44.62,0,70.77,1,56.3,1,43.09,0,hollow_concrete_block
Mixed,5,6.9,16.1,0.42,silica_fume,2,21.4,62.6,38,32.35,4.22,3.33,2255.7,2.28,0.79,100.0,96.71,1,66.07,1,54.6,0,42.99,0,100.0,1,69.61,1,92.45,1,85.96,1,75.0,1,69.71,1,54.25,0,90.69,1,hollow_concrete_block
PVC,3,35.8,17.1,0.49,fly_ash,1,14.0,60.6,82,15.77,2.34,1.67,1988.7,8.16,0.457,64.3,55.81,1,34.49,0,24.89,0,20.34,0,95.42,1,80.11,1,56.25,1,87.71,1,43.9,0,80.54,1,77.57,1,46.34,0,hollow_concrete_block
PVC,3,23.4,0.6,0.65,silica_fume,2,16.8,55.6,39,16.26,2.17,1.04,2116.5,3.71,0.567,68.8,72.65,1,41.85,0,28.87,0,22.48,0,100.0,1,77.41,1,67.35,1,87.01,1,56.68,1,78.3,1,66.78,1,59.86,1,hollow_concrete_block
LDPE,2,27.4,9.9,0.45,silica_fume,2,19.2,71.7,36,18.42,2.98,1.9,1940.0,4.45,0.566,71.9,70.12,1,41.32,0,31.86,0,25.64,0,100.0,1,79.18,1,59.14,1,88.56,1,59.56,1,79.27,1,67.71,1,58.28,1,hollow_concrete_block
Mixed,5,28.4,17.9,0.44,fly_ash,1,15.5,34.4,10,7.51,0.53,0.67,1999.7,7.07,0.553,52.9,45.38,0,27.13,0,12.61,0,9.38,0,98.57,1,79.11,1,40.35,0,88.0,1,36.42,0,75.92,1,68.4,1,36.73,0,hollow_concrete_block
PP,4,16.2,6.7,0.39,none,0,0.0,59.3,40,19.16,2.29,2.07,2085.8,4.62,0.684,79.4,72.27,1,43.07,0,30.66,0,24.26,0,100.0,1,73.67,1,72.71,1,87.26,1,60.55,1,73.62,1,59.68,1,60.11,1,hollow_concrete_block
LDPE,2,36.3,8.4,0.57,fly_ash,1,10.3,62.8,90,15.32,2.3,1.73,1846.6,8.09,0.439,64.0,54.22,0,33.4,0,24.37,0,19.9,0,95.6,1,81.66,1,45.27,0,89.27,1,43.5,0,82.89,1,80.5,1,45.1,0,hollow_concrete_block
PP,4,25.5,9.8,0.63,silica_fume,2,15.2,70.7,87,25.54,3.22,2.73,2008.3,5.32,0.597,86.3,77.73,1,47.67,0,38.6,0,31.27,0,100.0,1,77.25,1,79.57,1,87.93,1,69.05,1,77.42,1,65.16,1,65.84,1,hollow_concrete_block
PP,4,7.2,2.4,0.39,silica_fume,2,21.8,53.5,26,31.7,4.25,2.86,2189.6,2.26,0.798,97.2,96.22,1,65.08,1,54.12,0,42.63,0,100.0,1,69.98,1,97.09,1,86.44,1,75.0,1,69.79,1,54.21,0,89.56,1,hollow_concrete_block
Mixed,5,36.0,13.3,0.42,fly_ash,1,22.3,38.4,45,14.73,2.12,1.56,1906.7,8.99,0.412,55.7,51.64,0,31.91,0,23.0,0,18.78,0,93.54,1,80.98,1,46.45,0,86.68,1,40.4,0,83.92,1,83.74,1,42.8,0,hollow_concrete_block
LDPE,2,10.4,6.2,0.61,fibres,3,1.6,58.1,77,18.27,2.81,2.01,2214.8,4.35,0.785,98.1,73.75,1,45.27,0,31.43,0,25.15,0,100.0,1,70.05,1,75.82,1,86.25,1,59.36,1,70.01,1,54.6,0,61.97,1,hollow_concrete_block
PP,4,2.8,17.8,0.5,fibres,3,15.9,44.8,22,17.91,2.73,2.15,2259.8,2.29,0.921,98.4,80.62,1,53.49,0,36.38,0,27.76,0,100.0,1,67.18,1,72.01,1,85.93,1,58.88,1,66.81,1,49.91,0,73.39,1,hollow_concrete_block
HDPE,1,39.7,7.2,0.65,fibres,3,4.3,71.7,26,3.93,0.78,0.67,1819.0,9.26,0.355,40.3,34.4,0,20.62,0,8.76,0,6.76,0,79.17,1,73.19,1,18.24,0,63.27,1,25.4,0,73.47,1,86.0,1,27.41,0,thermal_insulation_panel
PET,0,19.5,12.8,0.4,none,0,0.0,20.3,38,19.01,2.89,1.89,2148.3,4.7,0.654,81.7,72.44,1,43.33,0,31.91,0,25.68,0,100.0,1,74.01,1,77.51,1,86.76,1,60.35,1,74.4,1,61.01,1,60.22,1,hollow_concrete_block
HDPE,1,30.4,3.8,0.58,fibres,3,23.6,66.8,19,5.6,0.84,0.76,1889.8,7.55,0.591,63.7,42.43,0,25.61,0,11.23,0,8.58,0,97.08,1,78.73,1,32.08,0,76.38,1,32.19,0,67.62,1,66.19,1,34.34,0,hollow_concrete_block
PP,4,17.3,8.9,0.48,fibres,3,11.5,22.3,28,18.13,2.04,2.02,2094.8,5.42,0.763,76.8,67.45,1,40.71,0,28.15,0,22.31,0,100.0,1,71.57,1,70.97,1,87.19,1,58.61,1,70.91,1,56.0,1,56.07,1,hollow_concrete_block
Mixed,5,14.9,0.8,0.45,fly_ash,1,0.5,20.2,34,15.26,1.58,1.65,2172.7,4.94,0.829,79.9,66.37,1,39.65,0,24.61,0,19.12,0,100.0,1,69.49,1,69.3,1,86.57,1,55.35,1,69.12,1,53.16,0,54.82,0,hollow_concrete_block
HDPE,1,27.7,7.2,0.39,fibres,3,15.1,38.4,11,10.57,1.22,0.91,2000.6,7.56,0.573,66.0,50.14,0,30.64,0,17.15,0,13.46,0,97.05,1,78.26,1,48.87,0,87.99,1,38.78,0,74.17,1,66.88,1,41.13,0,hollow_concrete_block
PET,0,11.9,6.2,0.57,silica_fume,2,13.0,61.2,20,14.88,2.44,1.62,2292.8,2.71,0.803,81.8,76.74,1,46.77,0,30.82,0,23.62,0,100.0,1,69.05,1,60.57,1,85.7,1,54.84,0,69.23,1,53.61,0,68.53,1,hollow_concrete_block
LDPE,2,39.8,10.1,0.58,fly_ash,1,28.4,75.1,54,10.74,1.44,0.9,1807.3,9.45,0.357,55.1,44.97,0,27.72,0,17.16,0,13.78,0,92.64,1,82.13,1,32.55,0,86.85,1,34.07,0,85.27,1,86.07,1,36.99,0,hollow_concrete_block
PET,0,9.1,14.7,0.39,none,0,0.0,55.4,24,19.29,2.74,1.94,2278.4,3.29,0.865,78.1,82.06,1,47.52,0,34.25,0,26.87,0,100.0,1,67.97,1,68.0,1,85.8,1,60.72,1,67.86,1,51.52,0,68.13,1,hollow_concrete_block
PET,0,14.7,13.2,0.36,silica_fume,2,23.1,57.4,79,52.82,6.93,5.58,2197.5,2.7,0.748,100.0,96.28,1,80.33,1,69.88,1,59.04,1,100.0,1,71.03,1,96.61,1,86.38,1,75.0,1,71.1,1,56.19,1,96.2,1,hollow_concrete_block
PET,0,26.5,13.2,0.36,none,0,0.0,45.0,51,21.09,2.21,2.36,2103.1,6.29,0.549,77.7,69.01,1,42.35,0,30.85,0,24.68,0,100.0,1,78.31,1,76.72,1,87.12,1,57.8,1,77.01,1,68.23,1,57.73,1,hollow_concrete_block
PET,0,21.9,9.8,0.4,none,0,0.0,38.1,87,25.24,3.19,2.75,2147.7,5.57,0.682,84.7,77.52,1,47.62,0,38.0,0,30.83,0,100.0,1,73.17,1,88.62,1,86.76,1,67.17,1,72.76,1,59.5,1,65.37,1,hollow_concrete_block
PET,0,26.5,5.8,0.53,fly_ash,1,12.6,73.9,68,19.87,3.1,2.09,2103.8,7.47,0.602,69.2,63.85,1,39.5,0,31.19,0,25.73,0,97.31,1,76.16,1,72.56,1,87.11,1,51.48,0,72.43,1,64.37,1,53.32,0,hollow_concrete_block
Mixed,5,24.7,6.0,0.59,fibres,3,6.0,32.0,36,11.26,2.2,0.92,2030.4,6.61,0.627,63.5,52.88,0,31.9,0,20.79,0,16.89,0,100.0,1,75.97,1,51.51,0,87.73,1,43.25,0,73.13,1,63.13,1,43.36,0,hollow_concrete_block
PP,4,38.9,7.5,0.47,fly_ash,1,1.2,49.8,29,8.98,1.95,0.94,1760.8,8.38,0.429,51.2,43.16,0,26.15,0,17.04,0,13.97,0,94.89,1,82.72,1,28.09,0,89.54,1,34.25,0,83.96,1,82.3,1,35.28,0,hollow_concrete_block
Mixed,5,37.3,6.9,0.35,none,0,0.0,74.4,76,17.76,2.49,1.66,1851.0,9.05,0.486,62.9,56.07,1,34.89,0,26.93,0,22.11,0,93.42,1,81.61,1,49.37,0,87.13,1,44.31,0,78.29,1,75.19,1,46.88,0,hollow_concrete_block
Mixed,5,19.8,19.0,0.58,none,0,0.0,63.4,15,10.07,1.58,1.29,2062.2,5.02,0.696,64.8,56.48,1,33.08,0,19.33,0,15.03,0,100.0,1,73.55,1,52.13,0,87.46,1,48.43,0,73.33,1,59.18,1,46.07,0,hollow_concrete_block
LDPE,2,25.8,9.4,0.64,silica_fume,2,13.9,26.0,25,13.77,2.14,1.33,1950.3,5.29,0.565,69.2,60.1,1,35.71,0,24.16,0,19.25,0,100.0,1,79.11,1,51.43,0,88.46,1,53.36,0,79.26,1,67.73,1,49.6,0,hollow_concrete_block
PET,0,34.1,7.5,0.55,fibres,3,22.2,25.7,8,5.47,1.24,0.68,2015.1,7.93,0.471,57.4,41.79,0,25.27,0,11.93,0,9.45,0,96.02,1,79.85,1,39.2,0,74.33,1,30.83,0,72.88,1,75.88,1,33.64,0,hollow_concrete_block
PET,0,34.1,13.4,0.4,silica_fume,2,26.8,77.3,37,18.8,2.45,1.85,2021.6,4.03,0.511,68.6,73.17,1,42.68,0,31.54,0,24.88,0,100.0,1,79.79,1,64.75,1,87.81,1,60.07,1,81.86,1,71.86,1,60.67,1,hollow_concrete_block
Mixed,5,3.7,16.4,0.4,fibres,3,12.0,47.4,52,26.72,3.23,2.31,2263.1,2.38,1.042,100.0,92.39,1,60.55,1,46.0,0,35.7,0,100.0,1,65.47,1,86.45,1,85.91,1,70.63,1,64.78,1,46.87,0,83.98,1,hollow_concrete_block
Mixed,5,34.0,16.1,0.54,fly_ash,1,3.4,61.8,10,5.75,0.92,0.6,1922.7,7.64,0.563,51.4,41.23,0,24.67,0,11.54,0,8.89,0,96.82,1,79.49,1,31.53,0,77.06,1,32.1,0,69.15,1,68.03,1,33.2,0,hollow_concrete_block
HDPE,1,4.1,18.3,0.49,fibres,3,5.4,42.8,48,20.56,2.57,2.0,2264.1,2.94,0.902,100.0,84.18,1,52.07,0,36.06,0,27.95,0,100.0,1,67.45,1,76.12,1,85.9,1,62.41,1,67.16,1,50.44,0,73.8,1,hollow_concrete_block
PP,4,1.2,13.8,0.6,fly_ash,1,14.5,49.3,55,24.09,3.44,2.61,2365.8,1.99,0.941,97.3,89.64,1,61.84,1,46.09,0,35.45,0,100.0,1,66.08,1,74.68,1,85.22,1,67.12,1,66.02,1,48.96,0,81.36,1,hollow_concrete_block
PVC,3,1.8,5.6,0.44,fly_ash,1,29.3,60.2,46,30.71,4.34,2.76,2308.8,2.29,0.969,100.0,97.1,1,64.86,1,53.2,0,42.01,0,100.0,1,66.08,1,88.66,1,85.59,1,75.0,1,65.75,1,48.43,0,89.0,1,hollow_concrete_block
PP,4,20.9,14.2,0.38,fly_ash,1,14.5,59.8,85,30.42,4.41,3.34,2116.1,5.6,0.711,90.7,83.53,1,52.44,0,46.21,0,38.1,0,100.0,1,72.66,1,95.83,1,87.01,1,73.33,1,71.87,1,58.21,1,71.93,1,hollow_concrete_block
PVC,3,5.9,16.6,0.62,none,0,0.0,20.7,23,11.25,1.55,1.21,2218.0,3.33,0.918,80.6,71.2,1,40.42,0,23.13,0,17.39,0,100.0,1,67.56,1,59.56,1,86.23,1,50.0,0,67.05,1,50.16,0,58.15,1,hollow_concrete_block
PP,4,34.0,17.1,0.61,none,0,0.0,65.1,44,11.0,1.34,1.02,1918.4,7.79,0.462,53.7,48.22,0,29.27,0,17.77,0,14.05,0,96.39,1,80.85,1,40.56,0,88.77,1,38.63,0,81.02,1,77.37,1,39.53,0,hollow_concrete_block
HDPE,1,13.2,5.9,0.5,fibres,3,12.1,34.1,61,23.49,3.35,2.09,2150.6,4.13,0.798,94.8,81.46,1,49.6,0,38.32,0,30.84,0,100.0,1,70.31,1,88.41,1,86.74,1,66.32,1,69.97,1,54.37,0,68.88,1,hollow_concrete_block
PVC,3,32.1,9.2,0.61,fibres,3,9.5,78.8,86,15.04,1.57,1.72,2052.6,8.33,0.541,77.0,56.6,1,35.29,0,22.17,0,17.69,0,95.01,1,79.13,1,62.85,1,86.75,1,42.46,0,74.57,1,69.11,1,47.01,0,hollow_concrete_block
PET,0,4.1,8.5,0.52,none,0,0.0,69.6,80,27.76,4.29,2.88,2307.3,3.65,0.983,100.0,91.5,1,55.81,1,45.79,0,37.14,0,100.0,1,65.9,1,85.03,1,85.6,1,72.01,1,65.52,1,48.08,0,77.37,1,hollow_concrete_block
PP,4,25.5,17.9,0.52,fibres,3,28.5,41.8,9,5.69,0.5,0.63,1985.9,6.34,0.625,75.5,47.22,0,28.31,0,11.15,0,8.12,0,100.0,1,76.48,1,42.12,0,76.06,1,37.03,0,67.93,1,63.47,1,38.29,0,hollow_concrete_block
HDPE,1,33.8,7.0,0.58,fibres,3,21.5,41.8,60,12.71,1.44,1.25,1856.0,7.93,0.472,69.4,51.72,0,31.83,0,19.67,0,15.62,0,96.02,1,81.55,1,42.98,0,89.4,1,40.49,0,80.48,1,76.62,1,42.82,0,hollow_concrete_block
PET,0,3.9,13.3,0.35,silica_fume,2,24.9,77.9,40,40.9,5.69,3.98,2224.3,2.44,0.996,100.0,96.48,1,72.1,1,66.05,1,53.13,0,100.0,1,66.37,1,94.69,1,86.18,1,75.0,1,65.66,1,48.09,0,96.71,1,hollow_concrete_block
PP,4,20.9,14.2,0.36,fly_ash,1,14.8,69.3,55,26.11,3.3,2.95,2104.9,5.82,0.738,81.1,77.42,1,47.5,0,38.94,0,31.69,0,100.0,1,72.07,1,86.09,1,87.1,1,66.89,1,70.56,1,57.02,1,65.17,1,hollow_concrete_block
PET,0,10.2,4.3,0.39,fibres,3,6.5,69.5,27,18.27,2.43,1.85,2237.4,3.75,0.842,87.2,77.6,1,45.82,0,31.46,0,24.69,0,100.0,1,68.71,1,71.57,1,86.09,1,59.36,1,68.54,1,52.44,0,64.72,1,hollow_concrete_block
Mixed,5,13.5,15.3,0.36,none,0,0.0,66.3,60,25.89,3.31,2.45,2142.7,4.82,0.692,94.5,81.14,1,50.2,0,39.7,0,32.08,0,100.0,1,72.94,1,91.86,1,86.8,1,69.52,1,73.08,1,59.02,1,68.94,1,hollow_concrete_block
PVC,3,26.3,19.1,0.39,fibres,3,0.1,64.2,73,23.09,3.14,1.79,2089.3,6.71,0.555,77.1,70.51,1,43.54,0,34.91,0,28.57,0,99.84,1,78.17,1,78.92,1,87.23,1,58.61,1,75.96,1,67.82,1,59.19,1,hollow_concrete_block
PVC,3,33.6,9.9,0.5,fly_ash,1,20.8,30.4,19,11.28,1.78,0.94,1982.9,7.92,0.485,51.9,48.65,0,29.58,0,19.1,0,15.41,0,96.04,1,80.17,1,45.17,0,88.16,1,38.61,0,78.85,1,74.57,1,39.84,0,hollow_concrete_block
PET,0,15.5,12.2,0.61,fibres,3,12.6,56.5,34,12.19,1.86,1.61,2224.1,4.77,0.758,78.5,63.21,1,37.43,0,22.43,0,17.59,0,100.0,1,70.57,1,60.15,1,86.19,1,51.25,0,70.7,1,55.65,1,51.83,0,hollow_concrete_block
LDPE,2,15.9,7.2,0.44,fly_ash,1,4.1,56.2,68,24.65,3.26,2.47,2124.2,4.66,0.693,89.1,80.06,1,48.82,0,38.52,0,31.08,0,100.0,1,73.07,1,87.09,1,86.95,1,67.87,1,73.13,1,59.05,1,67.83,1,hollow_concrete_block
LDPE,2,33.7,11.2,0.44,fly_ash,1,6.0,57.5,40,11.16,1.71,1.01,1904.7,7.72,0.58,53.1,48.38,0,29.33,0,18.89,0,15.18,0,96.59,1,78.99,1,39.69,0,88.9,1,39.06,0,74.15,1,66.88,1,39.68,0,hollow_concrete_block
Mixed,5,13.8,13.6,0.64,fly_ash,1,15.1,61.7,44,15.49,2.31,1.39,2190.2,5.0,0.682,78.9,66.44,1,39.74,0,26.6,0,21.21,0,100.0,1,72.81,1,68.18,1,86.44,1,55.65,1,73.2,1,59.32,1,54.88,0,hollow_concrete_block
Mixed,5,4.6,7.4,0.49,fibres,3,20.2,73.6,71,23.95,3.06,2.72,2275.0,2.36,0.921,100.0,88.79,1,58.38,1,42.9,0,33.14,0,100.0,1,67.06,1,80.99,1,85.82,1,66.93,1,66.75,1,49.85,0,80.71,1,hollow_concrete_block
LDPE,2,35.1,8.7,0.35,none,0,0.0,21.5,21,6.68,0.62,0.97,1903.8,8.28,0.412,60.0,42.36,0,25.79,0,11.45,0,8.66,0,95.13,1,81.01,1,33.93,0,82.77,1,31.45,0,81.97,1,83.76,1,34.36,0,hollow_concrete_block
PET,0,26.8,4.4,0.58,fly_ash,1,29.5,61.0,21,12.5,1.95,1.09,2088.6,6.76,0.615,61.1,54.34,0,32.89,0,21.32,0,17.14,0,99.65,1,75.83,1,57.11,1,87.24,1,44.28,0,73.06,1,63.6,1,44.62,0,hollow_concrete_block
PET,0,27.6,6.3,0.58,none,0,0.0,41.5,60,13.91,1.62,1.67,2091.7,7.24,0.659,64.1,55.62,1,34.01,0,21.64,0,17.21,0,98.02,1,74.36,1,60.45,1,87.21,1,44.33,0,70.53,1,60.98,1,45.87,0,hollow_concrete_block
PET,0,24.6,13.7,0.52,fly_ash,1,22.3,53.7,33,14.23,1.83,1.11,2121.8,7.43,0.539,64.7,55.99,1,34.35,0,22.39,0,17.97,0,97.43,1,78.59,1,63.29,1,86.97,1,44.1,0,75.51,1,68.95,1,46.2,0,hollow_concrete_block
PP,4,31.4,16.1,0.44,none,0,0.0,75.6,52,13.99,1.99,1.38,1857.3,7.75,0.491,58.2,52.37,0,31.98,0,22.41,0,18.12,0,96.51,1,81.54,1,42.33,0,89.38,1,42.74,0,79.4,1,74.65,1,43.35,0,hollow_concrete_block
PVC,3,38.3,19.5,0.44,none,0,0.0,20.8,35,10.4,1.74,1.05,1993.0,9.32,0.437,54.1,45.92,0,28.32,0,17.61,0,14.34,0,92.88,1,80.07,1,44.99,0,85.23,1,33.9,0,80.9,1,79.96,1,37.56,0,hollow_concrete_block
HDPE,1,24.8,15.7,0.61,fly_ash,1,27.3,62.3,85,20.01,3.2,2.07,2011.1,5.96,0.642,74.9,67.43,1,41.05,0,32.48,0,26.61,0,100.0,1,75.66,1,67.63,1,87.9,1,58.0,1,73.95,1,62.33,1,56.34,1,hollow_concrete_block
LDPE,2,30.2,11.2,0.53,fly_ash,1,8.8,30.6,90,16.59,2.08,1.45,1981.9,7.97,0.643,71.2,57.98,1,35.93,0,25.14,0,20.33,0,95.91,1,75.92,1,58.9,1,88.16,1,45.54,0,70.69,1,62.42,1,48.29,0,hollow_concrete_block
PET,0,7.5,3.9,0.5,fibres,3,1.2,36.7,36,17.36,2.04,1.6,2249.7,3.85,0.868,90.6,75.79,1,45.15,0,29.39,0,22.84,0,100.0,1,68.14,1,70.04,1,86.0,1,58.15,1,67.92,1,51.54,0,63.45,1,hollow_concrete_block
HDPE,1,6.4,17.0,0.35,fibres,3,21.3,29.3,22,22.7,3.87,1.97,2298.8,3.61,0.855,100.0,85.0,1,51.56,0,39.76,0,32.13,0,100.0,1,67.99,1,77.2,1,85.66,1,65.27,1,67.99,1,51.77,0,71.5,1,hollow_concrete_block
LDPE,2,23.9,15.6,0.54,silica_fume,2,14.7,54.4,48,19.59,2.67,1.79,1986.7,5.27,0.642,79.2,69.41,1,41.86,0,31.33,0,25.2,0,100.0,1,75.9,1,66.29,1,88.12,1,61.12,1,75.66,1,62.45,1,57.94,1,hollow_concrete_block
PET,0,31.4,6.7,0.42,fly_ash,1,15.6,67.2,23,10.92,1.3,1.31,2004.9,7.49,0.531,57.0,49.67,0,30.15,0,17.73,0,13.96,0,97.25,1,79.95,1,47.45,0,87.96,1,39.48,0,76.45,1,70.17,1,40.67,0,hollow_concrete_block
PVC,3,21.7,8.4,0.45,fly_ash,1,19.9,39.9,40,18.24,2.67,1.96,2165.9,5.51,0.66,76.0,67.72,1,40.96,0,29.75,0,24.03,0,100.0,1,73.67,1,73.75,1,86.62,1,58.2,1,73.61,1,60.6,1,56.25,1,hollow_concrete_block
HDPE,1,38.0,12.6,0.49,none,0,0.0,26.9,47,10.63,1.08,1.13,1762.5,8.86,0.525,51.0,44.7,0,27.3,0,16.34,0,12.84,0,93.81,1,82.7,1,30.79,0,88.48,1,35.24,0,76.61,1,72.06,1,36.73,0,hollow_concrete_block
PVC,3,9.6,13.0,0.63,fly_ash,1,28.8,61.0,44,16.4,2.52,1.33,2239.8,3.97,0.824,82.1,73.6,1,43.15,0,29.42,0,23.25,0,100.0,1,69.04,1,66.97,1,86.07,1,56.87,1,68.94,1,53.06,0,60.74,1,hollow_concrete_block
PVC,3,36.6,18.9,0.47,silica_fume,2,0.7,51.0,50,11.69,1.76,1.22,1992.1,8.62,0.445,58.7,49.06,0,30.21,0,19.18,0,15.53,0,94.33,1,80.08,1,48.26,0,86.63,1,37.24,0,80.94,1,78.97,1,40.32,0,hollow_concrete_block
PP,4,32.1,9.2,0.36,fly_ash,1,9.6,24.9,15,9.82,1.32,0.78,1885.1,7.45,0.463,56.0,47.27,0,28.55,0,16.7,0,13.17,0,97.37,1,81.22,1,36.8,0,89.1,1,38.15,0,81.61,1,77.45,1,38.67,0,hollow_concrete_block
HDPE,1,38.9,15.6,0.51,none,0,0.0,32.6,83,12.6,2.0,1.17,1821.5,9.22,0.439,60.4,48.46,0,30.0,0,20.49,0,16.76,0,93.08,1,81.96,1,38.02,0,87.12,1,37.05,0,81.84,1,80.65,1,40.09,0,hollow_concrete_block
HDPE,1,34.6,8.8,0.38,fibres,3,19.4,76.4,90,22.87,3.31,2.29,1806.5,8.29,0.592,82.7,65.94,1,41.34,0,34.36,0,28.42,0,95.1,1,79.66,1,59.79,1,89.23,1,53.01,0,73.49,1,66.61,1,55.79,1,hollow_concrete_block
HDPE,1,1.0,14.5,0.36,none,0,0.0,23.3,35,23.82,3.45,2.44,2371.9,1.68,1.022,100.0,89.33,1,65.61,1,48.32,0,36.66,0,100.0,1,64.91,1,73.85,1,85.18,1,66.76,1,64.65,1,46.92,0,81.07,1,hollow_concrete_block
PP,4,2.8,16.5,0.62,fibres,3,11.6,57.8,58,19.86,2.88,2.19,2335.7,2.05,0.999,100.0,83.78,1,57.74,1,40.07,0,30.44,0,100.0,1,65.47,1,69.84,1,85.41,1,61.48,1,65.15,1,47.59,0,76.13,1,hollow_concrete_block
LDPE,2,0.7,13.6,0.51,none,0,0.0,65.4,77,26.31,3.7,2.6,2375.7,2.09,0.934,100.0,92.68,1,63.09,1,48.32,0,37.51,0,100.0,1,66.11,1,77.73,1,85.15,1,70.08,1,66.11,1,49.11,0,84.08,1,hollow_concrete_block
PET,0,28.0,1.9,0.63,none,0,0.0,37.4,90,15.24,2.5,1.64,2052.9,8.03,0.593,78.3,57.47,1,35.77,0,24.81,0,20.39,0,95.76,1,76.97,1,63.54,1,87.46,1,43.57,0,72.34,1,65.21,1,47.76,0,hollow_concrete_block
LDPE,2,24.3,6.0,0.63,fibres,3,11.9,59.6,63,13.24,2.01,1.49,2039.1,6.8,0.679,75.8,56.65,1,34.65,0,22.19,0,17.86,0,99.51,1,74.25,1,58.58,1,87.65,1,45.1,0,70.79,1,60.15,1,46.81,0,hollow_concrete_block
HDPE,1,21.3,3.2,0.47,silica_fume,2,28.8,28.6,89,35.7,5.1,3.76,2047.2,3.93,0.753,98.7,90.61,1,60.41,1,55.24,1,45.18,0,100.0,1,72.25,1,92.66,1,87.58,1,75.0,1,71.67,1,56.64,1,83.97,1,hollow_concrete_block
Mixed,5,25.9,19.2,0.35,fly_ash,1,3.7,20.3,79,24.37,3.37,2.5,2010.5,7.2,0.633,82.2,71.24,1,44.33,0,36.5,0,30.02,0,98.15,1,75.96,1,76.73,1,87.91,1,58.42,1,72.0,1,62.86,1,60.07,1,hollow_concrete_block
PVC,3,21.5,19.0,0.44,silica_fume,2,6.4,74.3,68,22.78,2.79,2.33,2081.8,5.52,0.67,94.3,73.91,1,46.16,0,34.59,0,27.88,0,100.0,1,74.11,1,82.27,1,87.29,1,64.19,1,73.62,1,60.43,1,62.79,1,hollow_concrete_block
HDPE,1,6.4,4.8,0.6,fly_ash,1,3.4,60.3,75,25.71,3.54,2.55,2290.9,3.83,0.822,91.5,87.36,1,52.65,0,41.52,0,33.35,0,100.0,1,68.68,1,81.25,1,85.71,1,69.28,1,68.78,1,52.93,0,73.8,1,hollow_concrete_block
PET,0,34.1,18.7,0.65,fibres,3,19.3,24.4,88,12.6,1.94,1.36,2051.3,7.66,0.373,78.2,54.53,0,33.73,0,20.93,0,16.93,0,96.76,1,79.5,1,59.0,1,87.55,1,41.17,0,85.84,1,84.75,1,45.05,0,hollow_concrete_block
PET,0,10.0,4.3,0.52,silica_fume,2,10.7,60.3,33,19.89,2.18,2.02,2276.8,2.94,0.827,87.2,83.39,1,50.34,0,34.41,0,26.39,0,100.0,1,68.69,1,71.45,1,85.81,1,61.52,1,68.72,1,52.8,0,72.75,1,hollow_concrete_block
PET,0,11.4,1.9,0.41,fibres,3,13.5,57.0,42,22.63,2.76,2.12,2255.1,4.18,0.837,90.4,80.8,1,48.85,0,35.91,0,28.55,0,100.0,1,68.67,1,78.39,1,85.96,1,65.17,1,68.58,1,52.54,0,68.16,1,hollow_concrete_block
Mixed,5,23.4,11.5,0.46,silica_fume,2,28.8,30.1,43,21.5,2.36,2.19,2100.4,3.14,0.62,86.4,84.23,1,49.9,0,35.89,0,27.79,0,100.0,1,75.55,1,79.44,1,87.14,1,63.67,1,75.96,1,63.23,1,71.93,1,hollow_concrete_block
HDPE,1,31.4,14.4,0.54,silica_fume,2,25.2,28.1,45,18.09,2.4,1.67,1854.5,4.63,0.631,73.1,68.32,1,40.38,0,29.85,0,23.71,0,100.0,1,77.7,1,52.79,0,89.41,1,59.12,1,76.86,1,63.82,1,56.87,1,hollow_concrete_block
PVC,3,18.5,7.5,0.44,none,0,0.0,30.5,80,23.52,3.39,2.35,2149.9,5.66,0.734,88.7,74.95,1,46.42,0,36.71,0,29.98,0,100.0,1,71.77,1,86.94,1,86.74,1,64.34,1,70.86,1,57.0,1,63.53,1,hollow_concrete_block
PET,0,33.7,17.2,0.39,fly_ash,1,7.9,73.2,12,7.62,1.46,0.89,2006.5,8.47,0.47,49.1,42.78,0,25.96,0,14.42,0,11.59,0,94.68,1,79.94,1,40.04,0,86.83,1,32.2,0,79.12,1,76.03,1,34.61,0,hollow_concrete_block
Mixed,5,3.0,0.9,0.5,none,0,0.0,68.8,77,24.95,2.96,2.59,2257.6,2.05,0.851,100.0,89.99,1,61.71,1,45.36,0,34.62,0,100.0,1,68.39,1,83.9,1,85.95,1,68.27,1,68.25,1,52.06,0,81.82,1,hollow_concrete_block
PVC,3,30.8,4.6,0.36,silica_fume,2,16.3,79.9,63,29.15,3.98,2.71,2022.2,5.27,0.51,80.2,82.54,1,50.32,0,44.16,0,36.13,0,100.0,1,79.78,1,85.02,1,87.8,1,73.87,1,81.92,1,71.95,1,69.71,1,hollow_concrete_block
Mixed,5,31.0,7.6,0.42,silica_fume,2,4.0,50.1,14,7.86,1.16,1.05,1980.1,6.81,0.548,55.7,46.58,0,27.82,0,14.68,0,11.41,0,99.47,1,79.53,1,40.25,0,88.18,1,37.89,0,76.72,1,68.9,1,37.79,0,hollow_concrete_block
PVC,3,14.6,0.7,0.42,fly_ash,1,22.7,28.4,23,18.03,2.43,1.77,2217.7,4.23,0.73,72.6,72.91,1,42.91,0,30.41,0,24.05,0,100.0,1,71.3,1,68.83,1,86.23,1,59.04,1,71.54,1,56.9,1,60.29,1,hollow_concrete_block
HDPE,1,22.7,11.5,0.61,fly_ash,1,22.1,49.0,48,12.66,1.41,1.3,2007.7,6.29,0.661,63.0,55.29,1,33.25,0,20.42,0,15.99,0,100.0,1,75.09,1,52.09,0,87.93,1,46.56,0,72.55,1,61.27,1,45.48,0,hollow_concrete_block
PET,0,8.8,10.0,0.37,silica_fume,2,7.0,60.1,69,41.83,6.1,3.98,2277.2,2.74,0.873,98.7,96.87,1,71.24,1,66.56,1,54.28,0,100.0,1,67.84,1,90.91,1,85.81,1,75.0,1,67.7,1,51.27,0,96.18,1,hollow_concrete_block
LDPE,2,15.5,18.4,0.61,none,0,0.0,78.8,44,9.45,1.21,0.92,2116.4,4.32,0.748,77.1,60.77,1,35.28,0,18.65,0,14.05,0,100.0,1,71.73,1,58.12,1,87.01,1,47.6,0,71.47,1,56.54,1,49.56,0,hollow_concrete_block
PET,0,28.1,10.7,0.6,silica_fume,2,17.4,54.2,51,17.41,2.49,1.61,2112.6,4.13,0.603,75.8,72.26,1,42.39,0,30.09,0,23.81,0,100.0,1,76.05,1,70.78,1,87.04,1,58.21,1,76.63,1,64.27,1,59.8,1,hollow_concrete_block
Mixed,5,15.1,12.0,0.62,none,0,0.0,51.0,51,13.93,1.89,1.29,2192.3,4.15,0.725,77.4,68.29,1,39.91,0,25.08,0,19.49,0,100.0,1,71.64,1,65.04,1,86.42,1,53.57,0,71.8,1,57.23,1,56.13,1,hollow_concrete_block
HDPE,1,20.7,7.4,0.61,fibres,3,23.8,73.2,3,8.41,1.29,0.65,2053.0,5.48,0.654,72.6,53.47,0,31.69,0,16.5,0,12.72,0,100.0,1,74.87,1,50.7,0,87.54,1,45.28,0,74.45,1,61.44,1,43.56,0,hollow_concrete_block
PP,4,35.3,9.1,0.42,silica_fume,2,6.3,31.2,49,12.63,2.25,1.43,1872.6,7.12,0.463,58.6,51.86,0,31.39,0,22.0,0,17.93,0,98.41,1,81.36,1,41.26,0,89.22,1,43.06,0,82.19,1,77.52,1,42.76,0,hollow_concrete_block
PP,4,28.7,2.8,0.42,silica_fume,2,21.6,48.9,64,25.83,3.76,2.84,1902.1,4.15,0.562,78.8,82.18,1,48.79,0,41.66,0,33.73,0,100.0,1,79.75,1,70.55,1,88.93,1,69.44,1,79.69,1,68.22,1,69.04,1,hollow_concrete_block
PVC,3,8.4,3.6,0.6,none,0,0.0,34.6,19,11.04,1.33,1.06,2256.6,3.2,0.874,77.0,70.77,1,40.58,0,22.7,0,16.82,0,100.0,1,67.98,1,55.53,1,85.95,1,49.72,0,67.76,1,51.32,0,58.68,1,hollow_concrete_block
PP,4,23.7,3.1,0.5,fly_ash,1,1.7,35.5,26,9.66,1.13,1.03,2057.1,6.32,0.694,60.2,51.24,0,30.63,0,16.7,0,12.9,0,100.0,1,73.66,1,49.9,0,87.5,1,42.42,0,71.08,1,59.3,1,41.77,0,hollow_concrete_block
PP,4,38.3,12.2,0.52,none,0,0.0,72.7,87,12.52,1.42,0.96,1774.4,9.37,0.473,65.3,48.42,0,30.09,0,18.92,0,15.13,0,92.79,1,82.54,1,37.61,0,87.36,1,36.62,0,79.39,1,77.01,1,40.16,0,hollow_concrete_block
LDPE,2,37.9,4.7,0.53,fibres,3,26.0,30.2,55,7.72,1.02,0.83,1813.3,8.08,0.387,67.9,44.33,0,27.1,0,13.57,0,10.58,0,95.63,1,82.06,1,31.23,0,89.66,1,33.4,0,86.67,1,86.03,1,36.25,0,hollow_concrete_block
PP,4,5.7,11.9,0.58,silica_fume,2,5.0,61.1,61,23.34,2.61,2.3,2271.9,3.06,0.949,98.3,87.95,1,53.8,0,38.58,0,30.02,0,100.0,1,66.66,1,80.19,1,85.85,1,66.12,1,66.25,1,49.09,0,76.11,1,hollow_concrete_block
PP,4,23.6,5.0,0.47,none,0,0.0,21.0,69,16.48,1.74,1.57,2039.0,6.81,0.682,79.6,61.41,1,37.78,0,24.75,0,19.66,0,99.47,1,74.17,1,64.95,1,87.66,1,49.38,0,70.67,1,60.0,1,51.1,0,hollow_concrete_block
PP,4,27.4,16.6,0.53,fly_ash,1,14.3,56.9,7,7.93,0.94,0.77,2004.1,6.55,0.67,52.4,47.04,0,27.91,0,14.35,0,10.96,0,100.0,1,74.86,1,41.23,0,87.96,1,39.07,0,71.74,1,60.8,1,38.1,0,hollow_concrete_block
PP,4,20.1,2.8,0.49,fly_ash,1,27.1,52.4,3,11.21,1.15,1.24,2037.5,5.05,0.709,65.1,57.73,1,33.92,0,19.37,0,14.76,0,100.0,1,73.44,1,52.34,0,87.67,1,49.95,0,73.04,1,58.67,1,47.25,0,hollow_concrete_block
Mixed,5,26.0,10.7,0.46,none,0,0.0,61.9,57,13.72,1.47,1.35,2022.4,6.9,0.657,71.9,56.48,1,34.52,0,21.26,0,16.77,0,99.15,1,75.07,1,57.19,1,87.8,1,45.35,0,71.5,1,61.42,1,46.69,0,hollow_concrete_block
HDPE,1,37.5,9.9,0.58,silica_fume,2,17.7,64.5,76,19.89,2.85,1.92,1780.4,5.55,0.421,72.1,66.47,1,40.02,0,31.82,0,25.77,0,100.0,1,82.47,1,51.64,0,90.22,1,60.15,1,89.4,1,83.24,1,55.66,1,hollow_concrete_block
PET,0,17.0,5.5,0.58,none,0,0.0,37.0,72,18.65,2.26,1.9,2205.2,5.67,0.789,86.1,68.84,1,42.27,0,29.0,0,23.18,0,100.0,1,70.04,1,74.22,1,86.33,1,57.79,1,69.06,1,54.49,0,57.66,1,hollow_concrete_block
PVC,3,10.3,0.6,0.57,none,0,0.0,54.7,18,10.25,1.55,1.27,2212.2,3.71,0.807,77.1,66.35,1,37.97,0,21.31,0,16.15,0,100.0,1,69.6,1,57.41,1,86.27,1,48.67,0,69.47,1,53.78,0,54.07,0,hollow_concrete_block
PP,4,0.3,13.3,0.56,silica_fume,2,12.3,26.4,57,32.16,4.32,2.74,2333.3,1.91,1.022,100.0,97.28,1,69.7,1,56.92,1,44.39,0,100.0,1,65.19,1,86.91,1,85.43,1,75.0,1,64.8,1,47.05,0,90.87,1,hollow_concrete_block
Mixed,5,23.4,5.6,0.51,silica_fume,2,18.4,79.5,53,21.62,2.64,2.27,2032.5,4.8,0.678,80.0,74.41,1,44.65,0,33.78,0,26.98,0,100.0,1,74.35,1,73.15,1,87.71,1,63.83,1,74.09,1,60.24,1,62.2,1,hollow_concrete_block
HDPE,1,16.5,15.8,0.49,silica_fume,2,16.8,49.0,42,23.58,3.27,2.31,2154.2,3.37,0.716,92.2,87.07,1,51.63,0,39.67,0,31.51,0,100.0,1,72.19,1,87.64,1,86.71,1,66.44,1,72.25,1,57.8,1,73.37,1,hollow_concrete_block
PP,4,13.8,14.3,0.57,none,0,0.0,64.9,60,16.48,2.54,1.53,2161.5,4.61,0.699,90.4,69.68,1,42.22,0,28.61,0,22.84,0,100.0,1,72.58,1,74.82,1,86.66,1,56.97,1,72.76,1,58.59,1,58.51,1,hollow_concrete_block
Mixed,5,38.0,2.5,0.5,silica_fume,2,24.0,56.8,90,22.85,3.08,2.06,1885.4,5.34,0.448,79.0,72.73,1,44.03,0,35.54,0,28.79,0,100.0,1,81.22,1,64.44,1,89.09,1,65.42,1,87.01,1,79.18,1,61.1,1,hollow_concrete_block
Mixed,5,2.1,8.1,0.54,none,0,0.0,69.4,63,22.3,3.56,2.34,2292.3,2.92,1.051,100.0,86.71,1,53.8,0,40.33,0,31.97,0,100.0,1,65.14,1,77.0,1,85.7,1,64.73,1,64.53,1,46.56,0,76.22,1,hollow_concrete_block
PP,4,17.4,1.7,0.42,none,0,0.0,56.5,52,17.38,2.51,1.32,2115.2,4.91,0.835,79.8,68.88,1,41.22,0,29.09,0,23.27,0,100.0,1,69.88,1,71.94,1,87.02,1,58.17,1,69.25,1,53.2,0,57.15,1,hollow_concrete_block
PVC,3,24.6,10.7,0.56,none,0,0.0,76.7,25,6.14,0.72,0.3,2138.8,5.6,0.632,54.9,48.54,0,28.33,0,12.7,0,9.37,0,100.0,1,74.8,1,48.51,0,77.77,1,41.52,0,70.04,1,62.33,1,39.01,0,hollow_concrete_block
Mixed,5,19.8,0.7,0.61,silica_fume,2,5.8,67.0,68,17.41,2.93,1.81,2076.6,4.91,0.704,82.7,68.96,1,41.33,0,30.17,0,24.41,0,100.0,1,73.2,1,69.98,1,87.34,1,58.21,1,73.0,1,58.72,1,57.3,1,hollow_concrete_block
PP,4,27.9,12.5,0.55,silica_fume,2,7.2,20.0,23,7.98,1.3,0.3,1927.9,5.82,0.613,60.6,49.45,0,29.12,0,15.81,0,12.25,0,100.0,1,77.5,1,37.97,0,88.67,1,42.71,0,75.91,1,64.53,1,40.2,0,hollow_concrete_block
PET,0,39.9,15.7,0.46,fibres,3,12.2,32.0,4,3.19,0.5,0.36,1960.6,8.95,0.377,47.7,35.73,0,21.55,0,7.42,0,5.49,0,72.04,1,66.67,1,29.02,0,57.51,1,25.11,0,70.45,1,85.2,1,28.39,0,thermal_insulation_panel
Mixed,5,28.1,18.4,0.51,silica_fume,2,10.4,68.9,31,12.44,1.72,1.68,1956.0,4.85,0.618,63.4,59.38,1,34.73,0,22.24,0,17.36,0,100.0,1,77.02,1,48.13,0,88.4,1,51.59,0,76.8,1,64.06,1,48.76,0,hollow_concrete_block
PP,4,38.5,9.4,0.47,none,0,0.0,35.7,55,9.58,1.11,0.91,1841.6,9.25,0.466,52.0,43.53,0,26.7,0,15.24,0,12.03,0,93.02,1,81.72,1,32.27,0,86.85,1,32.95,0,79.57,1,77.36,1,35.62,0,hollow_concrete_block
PP,4,4.3,1.9,0.44,none,0,0.0,68.2,35,16.99,1.53,1.54,2316.6,2.98,0.924,92.1,79.81,1,48.34,0,29.76,0,22.33,0,100.0,1,66.7,1,65.03,1,85.54,1,57.65,1,66.52,1,49.61,0,69.43,1,hollow_concrete_block
PP,4,32.5,11.7,0.56,fibres,3,16.9,66.2,46,9.38,1.37,1.09,1831.9,7.97,0.559,65.2,46.53,0,28.43,0,16.15,0,12.83,0,95.91,1,80.69,1,34.63,0,89.65,1,35.93,0,75.31,1,68.85,1,38.18,0,hollow_concrete_block
PVC,3,27.3,18.0,0.61,fibres,3,3.5,24.1,84,16.66,3.18,1.64,2102.4,6.62,0.6,77.3,62.26,1,38.2,0,28.64,0,23.7,0,100.0,1,76.25,1,69.19,1,87.12,1,50.41,0,73.9,1,64.51,1,51.73,0,hollow_concrete_block
HDPE,1,27.1,5.0,0.44,silica_fume,2,15.5,20.6,36,20.21,2.52,2.06,2017.2,4.93,0.642,72.1,70.91,1,42.39,0,31.92,0,25.48,0,100.0,1,75.6,1,67.68,1,87.85,1,61.95,1,75.5,1,62.3,1,59.11,1,hollow_concrete_block
HDPE,1,11.5,8.3,0.57,silica_fume,2,2.3,75.9,63,21.05,3.03,1.91,2199.7,3.49,0.796,89.7,83.01,1,49.05,0,36.27,0,28.75,0,100.0,1,69.93,1,79.53,1,86.37,1,63.07,1,69.8,1,54.24,0,69.73,1,hollow_concrete_block
LDPE,2,14.1,17.9,0.43,fly_ash,1,15.0,32.0,33,19.24,2.34,2.13,2165.5,4.26,0.712,79.6,74.82,1,44.29,0,31.35,0,24.73,0,100.0,1,72.2,1,76.37,1,86.62,1,60.65,1,72.32,1,57.94,1,62.11,1,hollow_concrete_block
LDPE,2,8.3,4.5,0.42,silica_fume,2,4.7,26.4,13,14.27,2.03,1.35,2171.1,3.01,0.86,85.6,75.11,1,44.53,0,28.2,0,21.5,0,100.0,1,68.93,1,69.22,1,86.58,1,54.03,0,68.43,1,52.12,0,64.64,1,hollow_concrete_block
Mixed,5,38.2,10.1,0.35,none,0,0.0,70.9,50,11.73,2.15,0.79,1911.8,8.79,0.47,58.9,48.32,0,29.77,0,20.14,0,16.56,0,93.96,1,80.92,1,42.64,0,87.03,1,36.88,0,79.3,1,76.53,1,39.78,0,hollow_concrete_block
PP,4,12.6,18.0,0.61,silica_fume,2,14.7,79.1,68,28.62,3.89,2.64,2210.5,2.97,0.822,98.0,94.53,1,58.39,1,47.32,0,37.68,0,100.0,1,69.32,1,93.38,1,86.29,1,73.16,1,69.12,1,53.24,0,82.91,1,hollow_concrete_block
LDPE,2,15.9,15.1,0.39,fibres,3,14.3,52.4,67,25.55,3.76,2.44,2118.7,4.89,0.686,94.1,80.21,1,49.64,0,40.4,0,32.97,0,100.0,1,73.32,1,89.48,1,86.99,1,69.07,1,73.39,1,59.43,1,68.17,1,hollow_concrete_block
LDPE,2,15.7,13.9,0.4,none,0,0.0,61.9,61,24.26,3.66,2.41,2132.8,4.71,0.832,86.9,79.38,1,48.23,0,39.07,0,31.81,0,100.0,1,69.78,1,86.49,1,86.88,1,67.35,1,69.23,1,53.22,0,66.98,1,hollow_concrete_block
LDPE,2,27.6,0.7,0.41,none,0,0.0,39.5,81,20.31,3.19,1.88,2002.1,6.36,0.667,77.8,67.06,1,41.12,0,32.48,0,26.66,0,100.0,1,74.97,1,68.23,1,87.98,1,56.43,1,72.22,1,60.97,1,56.13,1,hollow_concrete_block
LDPE,2,7.5,5.6,0.43,silica_fume,2,11.0,49.9,29,23.11,2.67,2.22,2211.6,2.37,0.881,95.2,87.2,1,56.81,1,41.04,0,31.42,0,100.0,1,68.22,1,83.53,1,86.28,1,65.81,1,67.81,1,51.28,0,79.37,1,hollow_concrete_block
PVC,3,28.0,7.8,0.61,silica_fume,2,13.5,54.3,76,20.6,2.98,1.84,2057.6,5.86,0.543,82.6,69.77,1,42.64,0,32.6,0,26.53,0,100.0,1,79.0,1,73.91,1,87.5,1,59.32,1,78.49,1,68.92,1,58.38,1,hollow_concrete_block
Mixed,5,9.1,2.4,0.43,fly_ash,1,16.7,71.4,28,19.41,2.72,2.15,2274.4,3.59,0.844,84.4,80.58,1,47.19,0,33.64,0,26.53,0,100.0,1,68.38,1,70.11,1,85.83,1,60.88,1,68.34,1,52.23,0,66.92,1,hollow_concrete_block
HDPE,1,32.0,14.9,0.49,none,0,0.0,30.6,66,14.24,2.26,1.42,1923.8,8.42,0.539,67.6,53.31,0,33.01,0,23.06,0,18.88,0,94.79,1,80.53,1,49.91,0,87.72,1,41.16,0,75.27,1,69.92,1,44.23,0,hollow_concrete_block
HDPE,1,39.8,17.1,0.51,silica_fume,2,23.6,38.0,74,15.33,1.36,1.61,1793.9,5.29,0.415,70.8,61.21,1,36.41,0,23.77,0,18.39,0,100.0,1,82.3,1,43.7,0,90.07,1,55.44,1,90.45,1,83.98,1,50.83,0,hollow_concrete_block
PP,4,1.9,2.4,0.4,fly_ash,1,24.4,48.6,83,47.59,6.69,4.61,2352.2,2.26,0.998,100.0,97.42,1,79.78,1,71.8,1,59.48,1,100.0,1,65.37,1,85.56,1,85.3,1,75.0,1,65.1,1,47.55,0,97.38,1,hollow_concrete_block
PET,0,18.0,7.0,0.46,silica_fume,2,10.3,44.7,47,23.28,3.28,2.33,2189.8,4.05,0.638,82.6,81.95,1,48.65,0,38.06,0,30.56,0,100.0,1,74.17,1,82.14,1,86.44,1,66.04,1,74.82,1,61.75,1,68.39,1,hollow_concrete_block
Mixed,5,38.5,4.4,0.52,fly_ash,1,29.4,37.1,44,11.5,1.52,1.1,1898.3,8.65,0.345,50.9,47.13,0,28.82,0,18.38,0,14.73,0,94.27,1,81.07,1,39.24,0,87.46,1,36.91,0,85.49,1,85.54,1,38.7,0,hollow_concrete_block
Mixed,5,20.4,15.6,0.48,none,0,0.0,42.9,39,12.54,1.47,1.22,2109.7,5.67,0.709,78.3,59.48,1,35.81,0,20.92,0,16.32,0,100.0,1,72.77,1,63.1,1,87.06,1,49.64,0,71.79,1,58.33,1,48.96,0,hollow_concrete_block
PVC,3,25.3,3.3,0.4,silica_fume,2,12.7,56.7,54,25.68,3.68,2.47,2084.3,4.66,0.597,81.3,80.99,1,48.76,0,40.6,0,33.01,0,100.0,1,76.52,1,83.95,1,87.27,1,69.24,1,77.04,1,64.8,1,67.99,1,hollow_concrete_block
PET,0,3.2,7.2,0.44,silica_fume,2,21.3,56.3,53,43.62,5.89,4.28,2317.1,1.7,0.965,100.0,97.16,1,82.03,1,74.03,1,58.46,1,100.0,1,66.08,1,88.06,1,85.54,1,75.0,1,65.79,1,48.5,0,97.2,1,hollow_concrete_block
LDPE,2,35.5,15.7,0.63,fibres,3,12.4,31.0,5,1.0,0.5,0.3,1875.3,7.76,0.317,47.9,33.92,0,19.95,0,5.69,0,4.04,0,51.95,0,53.0,0,19.33,0,45.86,0,25.39,0,65.02,1,75.66,1,26.7,0,thermal_insulation_panel
HDPE,1,29.1,13.4,0.63,none,0,0.0,32.6,53,10.5,1.14,0.85,1916.4,7.28,0.532,63.6,49.64,0,30.13,0,17.01,0,13.27,0,97.89,1,80.87,1,42.12,0,88.79,1,39.64,0,77.2,1,70.55,1,40.74,0,hollow_concrete_block
PET,0,3.8,18.8,0.49,none,0,0.0,21.6,53,18.01,2.26,1.58,2305.4,2.47,0.983,91.1,81.09,1,51.83,0,34.46,0,26.11,0,100.0,1,65.91,1,67.28,1,85.62,1,59.01,1,65.53,1,48.09,0,73.75,1,hollow_concrete_block
PP,4,30.6,2.1,0.43,fly_ash,1,2.5,75.9,52,14.21,2.16,1.79,1893.4,7.64,0.451,58.8,53.19,0,32.48,0,23.1,0,18.78,0,96.82,1,81.13,1,45.43,0,89.01,1,43.38,0,82.22,1,78.78,1,44.02,0,hollow_concrete_block
LDPE,2,9.2,14.9,0.48,fly_ash,1,3.9,70.3,6,11.18,1.56,1.35,2177.2,3.86,0.955,77.6,66.35,1,38.22,0,21.99,0,16.74,0,100.0,1,67.33,1,61.59,1,86.53,1,49.91,0,66.55,1,49.32,0,54.22,0,hollow_concrete_block
PET,0,26.5,17.3,0.45,fibres,3,14.0,72.3,37,14.82,2.08,1.17,2133.6,6.53,0.628,68.1,59.13,1,35.98,0,24.1,0,19.37,0,100.0,1,74.98,1,65.99,1,86.87,1,48.35,0,72.73,1,62.59,1,48.83,0,hollow_concrete_block
PP,4,17.8,19.4,0.56,fly_ash,1,17.7,47.4,84,22.51,3.58,2.18,2136.4,5.17,0.641,89.7,75.18,1,46.26,0,36.62,0,29.96,0,100.0,1,74.52,1,84.55,1,86.85,1,65.01,1,74.95,1,61.8,1,63.7,1,hollow_concrete_block
PP,4,17.4,13.0,0.51,silica_fume,2,14.4,33.6,14,13.49,2.1,1.35,2052.3,3.72,0.849,76.7,69.37,1,39.88,0,25.91,0,20.12,0,100.0,1,70.2,1,60.17,1,87.54,1,52.99,0,69.24,1,53.01,0,57.02,1,hollow_concrete_block
PVC,3,12.3,8.5,0.4,none,0,0.0,20.0,20,14.37,2.33,1.48,2239.4,3.78,0.827,82.3,72.18,1,41.93,0,27.25,0,21.36,0,100.0,1,68.98,1,63.67,1,86.08,1,54.16,0,68.87,1,52.95,0,59.34,1,hollow_concrete_block
LDPE,2,11.5,10.9,0.56,fibres,3,28.4,48.6,4,7.03,1.41,0.68,2158.9,4.47,0.813,87.1,57.74,1,34.06,0,16.52,0,12.58,0,100.0,1,69.93,1,58.41,1,83.54,1,44.37,0,68.0,1,53.78,0,47.37,0,hollow_concrete_block
PVC,3,31.9,12.1,0.59,silica_fume,2,5.7,72.9,58,12.24,1.7,1.32,2055.7,6.06,0.465,67.1,56.18,1,33.76,0,20.89,0,16.53,0,100.0,1,79.46,1,55.87,1,87.51,1,47.12,0,82.99,1,76.34,1,46.16,0,hollow_concrete_block
PVC,3,10.0,14.4,0.54,fibres,3,6.6,24.8,83,25.84,3.46,2.31,2222.6,2.99,0.845,98.2,90.92,1,55.99,1,43.41,0,34.34,0,100.0,1,68.78,1,87.88,1,86.2,1,69.45,1,68.53,1,52.4,0,79.46,1,hollow_concrete_block
HDPE,1,20.7,16.1,0.53,silica_fume,2,8.5,64.6,37,14.85,2.06,1.56,2125.1,4.15,0.747,77.5,69.03,1,40.37,0,26.43,0,20.66,0,100.0,1,71.67,1,67.84,1,86.94,1,54.8,0,71.46,1,56.54,1,56.89,1,hollow_concrete_block
PVC,3,7.5,1.8,0.39,none,0,0.0,58.2,82,32.02,4.54,3.11,2284.3,3.95,0.918,100.0,92.24,1,58.52,1,50.12,0,40.81,0,100.0,1,67.04,1,90.41,1,85.76,1,75.0,1,66.77,1,49.9,0,80.7,1,hollow_concrete_block
PVC,3,10.9,12.6,0.41,none,0,0.0,29.1,71,26.4,3.25,2.6,2282.6,3.35,0.784,96.3,91.96,1,55.15,1,42.49,0,33.68,0,100.0,1,69.53,1,84.22,1,85.77,1,70.2,1,69.75,1,54.37,0,77.57,1,hollow_concrete_block
PET,0,7.4,2.5,0.43,fibres,3,21.8,34.0,22,16.35,2.05,1.55,2237.3,2.94,0.924,91.8,78.37,1,47.55,0,30.55,0,23.29,0,100.0,1,67.31,1,69.55,1,86.09,1,56.8,1,66.85,1,49.91,0,68.61,1,hollow_concrete_block
PET,0,19.7,7.2,0.44,fibres,3,29.9,47.8,7,8.0,0.93,0.95,2153.0,5.36,0.707,75.0,54.36,0,32.23,0,15.3,0,11.5,0,100.0,1,72.44,1,57.35,1,86.72,1,45.49,0,72.46,1,58.24,1,44.19,0,hollow_concrete_block
LDPE,2,3.2,15.1,0.39,silica_fume,2,23.3,24.3,63,47.1,6.71,4.63,2334.4,1.09,1.008,100.0,97.29,1,91.57,1,84.46,1,66.65,1,100.0,1,65.36,1,86.83,1,85.42,1,75.0,1,65.01,1,47.38,0,97.29,1,hollow_concrete_block
HDPE,1,7.7,16.9,0.6,none,0,0.0,27.3,34,12.74,1.78,1.25,2279.6,2.96,0.846,86.1,73.87,1,44.03,0,26.2,0,19.72,0,100.0,1,68.31,1,59.05,1,85.79,1,51.99,0,68.27,1,52.14,0,63.88,1,hollow_concrete_block
PVC,3,30.8,9.1,0.57,none,0,0.0,32.0,15,5.23,1.0,0.86,2045.3,7.82,0.48,52.7,41.3,0,24.84,0,11.14,0,8.65,0,96.1,1,79.42,1,39.75,0,72.47,1,30.84,0,71.43,1,74.78,1,33.13,0,hollow_concrete_block
PP,4,26.6,4.6,0.47,silica_fume,2,28.1,29.5,8,11.71,1.78,1.04,1915.8,4.27,0.498,69.5,61.65,1,35.6,0,22.41,0,17.37,0,100.0,1,80.88,1,45.61,0,88.79,1,50.61,0,83.26,1,73.63,1,50.59,0,hollow_concrete_block
Mixed,5,37.5,10.7,0.43,silica_fume,2,6.0,73.3,88,20.29,2.9,2.42,1912.0,7.44,0.439,71.4,63.31,1,39.13,0,31.12,0,25.53,0,97.4,1,80.92,1,60.12,1,88.83,1,52.14,0,83.36,1,80.13,1,53.1,0,hollow_concrete_block
HDPE,1,38.9,5.1,0.48,none,0,0.0,30.0,38,5.85,0.54,0.47,1748.2,9.02,0.404,45.3,37.33,0,22.5,0,10.16,0,7.65,0,93.48,1,82.88,1,21.37,0,77.33,1,28.49,0,80.18,1,85.85,1,30.12,0,hollow_concrete_block
PP,4,4.8,15.9,0.35,none,0,0.0,54.9,63,32.82,4.81,3.33,2270.9,3.1,0.962,100.0,96.82,1,61.91,1,53.45,0,43.19,0,100.0,1,66.47,1,91.36,1,85.85,1,75.0,1,66.03,1,48.76,0,87.14,1,hollow_concrete_block
Mixed,5,23.8,7.7,0.38,fly_ash,1,15.0,61.2,46,19.49,2.81,2.19,2034.6,7.12,0.617,73.9,64.06,1,39.53,0,30.26,0,24.76,0,98.41,1,76.27,1,68.19,1,87.69,1,52.2,0,72.65,1,63.73,1,53.54,0,hollow_concrete_block
Mixed,5,2.4,7.4,0.4,none,0,0.0,27.5,32,19.11,2.74,1.56,2303.6,2.0,0.971,97.7,82.54,1,57.2,1,39.29,0,29.67,0,100.0,1,66.1,1,70.88,1,85.63,1,60.48,1,65.74,1,48.4,0,75.06,1,hollow_concrete_block
LDPE,2,39.3,15.9,0.58,fibres,3,22.0,21.3,51,9.3,0.59,1.34,1796.9,8.76,0.418,62.3,44.68,0,27.46,0,13.82,0,10.52,0,94.03,1,82.26,1,31.47,0,88.3,1,33.71,0,84.28,1,83.55,1,36.67,0,hollow_concrete_block
LDPE,2,29.0,5.4,0.36,fibres,3,16.8,52.6,65,20.37,2.91,1.92,1923.2,6.95,0.493,82.7,65.79,1,40.71,0,31.48,0,25.76,0,98.98,1,80.8,1,63.96,1,88.72,1,54.02,0,80.06,1,74.08,1,55.27,1,hollow_concrete_block
HDPE,1,22.7,11.1,0.45,fibres,3,8.3,69.9,73,23.64,3.46,2.53,2044.2,5.87,0.701,81.2,73.54,1,45.03,0,36.83,0,30.17,0,100.0,1,73.59,1,77.66,1,87.61,1,63.32,1,71.89,1,59.02,1,61.78,1,hollow_concrete_block
HDPE,1,2.8,3.5,0.44,silica_fume,2,16.2,47.2,84,51.47,6.92,5.36,2339.4,1.89,1.012,100.0,97.33,1,86.5,1,74.11,1,61.39,1,100.0,1,65.27,1,86.47,1,85.39,1,75.0,1,64.93,1,47.26,0,97.31,1,hollow_concrete_block
PP,4,15.2,4.1,0.36,silica_fume,2,23.3,34.3,11,20.88,2.89,2.26,2126.9,2.69,0.799,88.5,83.59,1,51.83,0,38.02,0,29.52,0,100.0,1,70.49,1,80.84,1,86.93,1,62.84,1,70.06,1,54.44,0,75.82,1,hollow_concrete_block
Mixed,5,38.7,16.5,0.41,fibres,3,23.0,29.2,39,9.56,1.32,0.74,1791.3,9.05,0.45,65.2,44.97,0,27.78,0,15.81,0,12.61,0,93.42,1,82.33,1,32.65,0,87.78,1,33.37,0,81.3,1,79.5,1,36.98,0,hollow_concrete_block
LDPE,2,16.4,6.8,0.38,none,0,0.0,22.6,19,10.43,1.36,0.6,2156.6,4.52,0.817,77.5,61.4,1,35.95,0,19.73,0,15.06,0,100.0,1,69.87,1,61.78,1,86.69,1,48.91,0,69.48,1,53.65,0,50.18,0,hollow_concrete_block
HDPE,1,34.9,4.4,0.5,none,0,0.0,21.9,85,13.22,1.51,1.39,1839.6,8.32,0.452,63.3,50.95,0,31.37,0,20.2,0,16.11,0,95.03,1,81.74,1,41.09,0,88.8,1,40.06,0,81.61,1,78.97,1,42.19,0,hollow_concrete_block
PVC,3,26.3,10.8,0.56,silica_fume,2,1.5,33.2,12,3.67,0.58,0.3,2083.6,6.81,0.664,55.2,41.7,0,24.69,0,9.04,0,6.6,0,82.92,1,63.74,1,40.53,0,61.74,1,32.3,0,58.32,1,60.74,1,33.25,0,hollow_concrete_block
PET,0,37.2,4.6,0.5,none,0,0.0,48.1,84,13.19,2.0,1.05,1995.9,8.92,0.476,59.7,50.82,0,31.46,0,21.18,0,17.27,0,93.68,1,80.04,1,51.28,0,85.97,1,38.51,0,78.27,1,75.44,1,41.93,0,hollow_concrete_block
PET,0,14.4,15.0,0.62,silica_fume,2,23.8,23.5,81,29.45,3.86,2.96,2224.7,3.35,0.759,98.8,95.6,1,57.72,1,47.06,0,37.68,0,100.0,1,70.55,1,93.75,1,86.18,1,74.27,1,70.67,1,55.61,1,80.93,1,hollow_concrete_block
LDPE,2,21.2,14.8,0.6,none,0,0.0,76.7,69,16.01,2.33,1.85,2055.5,5.35,0.615,72.6,64.06,1,38.39,0,26.82,0,21.47,0,100.0,1,76.14,1,63.55,1,87.51,1,56.24,1,76.35,1,63.75,1,53.05,0,hollow_concrete_block
PET,0,4.0,5.0,0.47,fly_ash,1,15.8,34.9,83,39.03,5.82,4.27,2336.5,3.19,0.911,100.0,97.31,1,67.2,1,61.94,1,50.58,0,100.0,1,66.76,1,86.68,1,85.41,1,75.0,1,66.69,1,49.9,0,92.38,1,hollow_concrete_block
HDPE,1,22.3,11.4,0.57,silica_fume,2,20.2,62.2,57,23.37,3.4,2.36,2051.7,3.74,0.73,87.2,83.1,1,49.29,0,39.0,0,31.25,0,100.0,1,72.76,1,79.29,1,87.55,1,66.16,1,72.32,1,57.62,1,69.92,1,hollow_concrete_block
PET,0,6.7,4.0,0.47,silica_fume,2,19.7,52.0,79,46.34,6.74,4.74,2271.2,2.25,0.83,100.0,96.82,1,78.38,1,71.85,1,59.64,1,100.0,1,68.68,1,91.34,1,85.85,1,75.0,1,68.67,1,52.72,0,96.95,1,hollow_concrete_block
PVC,3,37.3,18.1,0.52,silica_fume,2,25.3,44.7,84,18.3,2.65,1.66,2012.3,5.21,0.361,78.8,68.05,1,40.93,0,30.04,0,24.18,0,100.0,1,79.88,1,65.87,1,87.89,1,59.4,1,90.6,1,84.94,1,56.66,1,hollow_concrete_block
PVC,3,33.0,6.8,0.42,fly_ash,1,11.3,53.0,35,11.65,1.9,1.17,2048.4,7.56,0.476,56.9,50.83,0,30.94,0,19.93,0,16.11,0,97.05,1,79.53,1,51.75,0,87.57,1,40.22,0,79.61,1,75.18,1,41.67,0,hollow_concrete_block
LDPE,2,38.5,9.2,0.47,none,0,0.0,79.0,79,13.63,2.41,1.2,1831.8,8.06,0.363,60.5,51.48,0,31.57,0,22.96,0,18.89,0,95.68,1,81.84,1,40.5,0,89.5,1,41.33,0,86.57,1,85.92,1,42.64,0,hollow_concrete_block
PET,0,20.7,19.9,0.44,silica_fume,2,29.5,32.9,43,23.84,2.86,2.47,2142.8,3.59,0.724,90.4,85.51,1,50.9,0,38.42,0,30.35,0,100.0,1,72.08,1,87.4,1,86.8,1,66.79,1,72.06,1,57.48,1,72.17,1,hollow_concrete_block
PET,0,30.9,18.9,0.6,fly_ash,1,2.8,47.6,22,8.13,1.12,0.58,2082.0,7.33,0.49,51.0,46.09,0,27.69,0,14.57,0,11.36,0,97.74,1,79.21,1,46.77,0,87.29,1,36.31,0,78.81,1,73.59,1,37.29,0,hollow_concrete_block
HDPE,1,10.6,17.8,0.42,silica_fume,2,24.3,25.5,54,35.33,4.82,3.6,2213.1,1.99,0.817,100.0,96.39,1,70.97,1,60.78,1,47.87,0,100.0,1,69.39,1,95.49,1,86.27,1,75.0,1,69.22,1,53.41,0,94.04,1,hollow_concrete_block
PP,4,36.7,14.8,0.57,fibres,3,5.2,69.5,76,12.9,2.43,1.53,1854.0,8.05,0.488,64.1,51.13,0,31.4,0,22.29,0,18.38,0,95.7,1,81.57,1,41.79,0,89.29,1,40.39,0,79.23,1,74.97,1,42.3,0,hollow_concrete_block
PET,0,23.8,6.4,0.57,fibres,3,2.4,23.4,45,11.81,1.7,1.37,2134.2,5.93,0.68,67.1,56.55,1,33.93,0,20.56,0,16.25,0,100.0,1,73.35,1,60.76,1,86.87,1,47.23,0,72.02,1,59.67,1,46.35,0,hollow_concrete_block
LDPE,2,35.2,9.0,0.63,none,0,0.0,72.2,32,6.51,0.82,0.61,1869.6,7.92,0.569,43.0,40.37,0,24.07,0,11.93,0,9.14,0,96.04,1,79.83,1,26.85,0,82.66,1,32.25,0,71.33,1,67.88,1,32.53,0,hollow_concrete_block
Mixed,5,26.1,12.2,0.35,fibres,3,1.6,51.5,43,16.54,2.43,1.77,2020.7,6.68,0.629,71.2,60.62,1,37.05,0,26.61,0,21.59,0,99.95,1,75.99,1,61.59,1,87.82,1,50.0,0,72.97,1,63.05,1,50.37,0,hollow_concrete_block
PP,4,22.6,6.9,0.56,fly_ash,1,1.5,63.9,53,15.31,2.4,1.71,1994.4,6.04,0.646,69.0,60.11,1,36.29,0,25.73,0,20.79,0,100.0,1,75.7,1,57.09,1,88.05,1,51.32,0,73.71,1,62.18,1,49.78,0,hollow_concrete_block
PVC,3,30.1,11.7,0.38,fibres,3,8.7,43.7,19,11.86,1.5,1.32,2031.9,8.11,0.504,63.2,50.86,0,31.28,0,18.9,0,15.07,0,95.55,1,79.69,1,52.54,0,87.45,1,38.83,0,77.11,1,72.46,1,41.81,0,hollow_concrete_block
LDPE,2,3.3,11.6,0.36,fibres,3,7.9,43.9,58,34.71,4.69,3.64,2265.9,3.17,0.951,100.0,96.78,1,63.22,1,54.85,0,44.24,0,100.0,1,66.67,1,91.72,1,85.89,1,75.0,1,66.24,1,49.06,0,88.81,1,hollow_concrete_block
Mixed,5,5.2,3.1,0.52,fibres,3,11.9,54.3,74,26.1,3.9,2.49,2262.5,2.85,0.863,100.0,91.56,1,57.24,1,45.21,0,35.96,0,100.0,1,68.13,1,85.46,1,85.91,1,69.8,1,67.97,1,51.65,0,81.3,1,hollow_concrete_block
PP,4,39.9,10.7,0.42,silica_fume,2,23.3,39.4,76,20.11,3.06,2.05,1743.9,5.51,0.441,73.4,66.78,1,40.21,0,32.6,0,26.52,0,100.0,1,82.94,1,52.34,0,90.64,1,60.69,1,88.03,1,80.89,1,55.99,1,hollow_concrete_block
PET,0,4.5,8.6,0.46,fly_ash,1,9.6,55.6,6,14.88,2.39,1.67,2292.6,2.38,0.902,83.2,76.82,1,48.95,0,32.06,0,24.25,0,100.0,1,67.23,1,60.95,1,85.7,1,54.84,0,67.04,1,50.33,0,69.17,1,hollow_concrete_block
LDPE,2,6.8,7.3,0.6,fibres,3,18.7,46.4,32,14.71,1.41,1.47,2257.5,3.11,0.963,94.1,76.34,1,45.72,0,26.81,0,20.02,0,100.0,1,66.56,1,65.97,1,85.95,1,54.61,0,66.06,1,48.78,0,65.26,1,hollow_concrete_block
HDPE,1,27.4,3.5,0.57,none,0,0.0,26.7,9,8.05,1.06,0.99,2018.2,7.46,0.534,52.0,45.39,0,27.31,0,14.27,0,11.1,0,97.34,1,79.79,1,42.34,0,87.84,1,35.76,0,76.26,1,69.85,1,36.78,0,hollow_concrete_block
HDPE,1,38.0,18.6,0.61,silica_fume,2,0.4,61.6,17,4.41,0.76,0.58,1796.6,8.8,0.329,45.7,36.09,0,21.66,0,9.34,0,7.16,0,85.14,1,76.66,1,19.07,0,67.62,1,27.09,0,75.67,1,86.13,1,28.92,0,thermal_insulation_panel
LDPE,2,18.0,0.9,0.41,fly_ash,1,6.1,51.4,36,16.17,2.28,1.56,2127.0,4.1,0.729,76.6,70.99,1,41.55,0,28.37,0,22.32,0,100.0,1,72.1,1,69.95,1,86.93,1,56.56,1,71.98,1,57.32,1,58.62,1,hollow_concrete_block
PP,4,19.3,14.7,0.39,none,0,0.0,42.6,87,26.67,4.25,2.49,2094.3,5.62,0.774,89.2,78.87,1,48.94,0,42.04,0,34.75,0,100.0,1,71.33,1,88.34,1,87.19,1,68.77,1,70.09,1,55.56,1,67.17,1,hollow_concrete_block
PP,4,1.7,3.8,0.44,silica_fume,2,1.6,59.3,4,10.91,1.86,1.18,2279.1,2.02,0.994,89.3,71.43,1,49.05,0,28.76,0,20.87,0,100.0,1,65.96,1,56.86,1,85.8,1,49.55,0,65.46,1,47.92,0,65.01,1,hollow_concrete_block
PET,0,15.5,5.8,0.61,silica_fume,2,25.9,21.1,86,30.69,3.42,3.17,2163.0,2.07,0.626,100.0,96.02,1,65.97,1,52.12,0,40.24,0,100.0,1,74.79,1,99.07,1,86.64,1,75.0,1,75.42,1,62.59,1,88.21,1,hollow_concrete_block
PVC,3,9.2,7.9,0.64,none,0,0.0,74.2,65,17.07,2.32,1.98,2281.7,4.3,0.792,89.2,72.92,1,43.84,0,29.07,0,22.95,0,100.0,1,69.37,1,66.91,1,85.78,1,57.76,1,69.55,1,54.07,0,61.01,1,hollow_concrete_block
PP,4,21.3,4.1,0.5,fibres,3,16.8,62.7,8,6.11,0.79,0.56,2061.0,5.85,0.712,72.4,49.28,0,29.27,0,12.64,0,9.42,0,100.0,1,73.13,1,47.39,0,78.2,1,40.06,0,66.86,1,58.41,1,39.9,0,hollow_concrete_block
HDPE,1,36.9,6.4,0.5,fly_ash,1,0.6,61.1,48,12.88,1.71,1.1,1844.5,8.32,0.521,54.3,49.44,0,30.24,0,20.36,0,16.38,0,95.03,1,81.69,1,38.57,0,88.75,1,39.61,0,76.89,1,71.91,1,40.81,0,hollow_concrete_block
Mixed,5,12.1,19.9,0.64,silica_fume,2,24.4,57.5,52,21.06,2.81,2.25,2194.0,2.25,0.902,91.5,84.33,1,55.51,1,39.94,0,30.54,0,100.0,1,68.01,1,80.42,1,86.41,1,63.08,1,67.46,1,50.72,0,76.82,1,hollow_concrete_block
PET,0,37.8,19.0,0.42,silica_fume,2,26.9,59.4,14,11.03,1.74,0.78,1997.7,4.86,0.474,56.8,56.97,1,33.08,0,20.87,0,16.31,0,100.0,1,80.02,1,47.07,0,88.02,1,49.71,0,84.43,1,75.64,1,46.52,0,hollow_concrete_block
Mixed,5,15.3,19.2,0.53,fly_ash,1,12.5,54.4,57,20.55,3.21,2.23,2166.3,4.66,0.742,87.3,74.91,1,45.34,0,34.3,0,27.76,0,100.0,1,71.43,1,80.47,1,86.62,1,62.4,1,71.41,1,56.58,1,62.93,1,hollow_concrete_block
LDPE,2,36.4,6.9,0.51,fly_ash,1,19.6,54.9,90,16.25,1.96,1.76,1805.6,8.17,0.382,66.6,55.35,1,34.2,0,24.41,0,19.7,0,95.4,1,82.15,1,44.56,0,89.52,1,44.51,0,86.61,1,86.08,1,46.2,0,hollow_concrete_block
HDPE,1,34.5,6.5,0.56,fly_ash,1,12.9,74.5,21,7.46,1.12,0.94,1886.3,8.13,0.473,49.6,42.23,0,25.47,0,13.54,0,10.63,0,95.5,1,81.21,1,31.32,0,88.5,1,32.91,0,79.84,1,76.34,1,34.23,0,hollow_concrete_block
Mixed,5,37.3,18.4,0.45,none,0,0.0,31.0,21,8.81,1.27,0.79,1854.0,8.14,0.474,49.8,43.8,0,26.48,0,15.26,0,12.08,0,95.48,1,81.57,1,31.31,0,89.07,1,34.68,0,80.09,1,76.42,1,35.69,0,hollow_concrete_block
Mixed,5,1.2,6.7,0.64,fibres,3,9.1,64.7,84,25.88,3.58,2.87,2320.5,2.6,0.98,100.0,91.7,1,58.69,1,45.09,0,35.44,0,100.0,1,65.84,1,80.95,1,85.51,1,69.51,1,65.52,1,48.11,0,83.27,1,hollow_concrete_block
Mixed,5,11.0,15.7,0.38,fly_ash,1,0.8,79.2,81,32.32,4.65,3.3,2214.9,3.96,0.954,100.0,91.66,1,58.4,1,50.68,0,41.33,0,100.0,1,67.04,1,95.36,1,86.25,1,75.0,1,66.4,1,49.19,0,80.64,1,hollow_concrete_block
LDPE,2,24.2,12.4,0.53,fly_ash,1,20.6,41.6,64,19.81,2.81,2.18,2019.5,6.37,0.622,74.0,66.04,1,40.4,0,31.02,0,25.26,0,100.0,1,76.24,1,67.67,1,87.83,1,55.72,1,73.85,1,63.49,1,55.18,1,hollow_concrete_block
HDPE,1,20.1,12.3,0.56,silica_fume,2,5.5,43.2,63,14.37,2.07,1.34,2118.4,5.01,0.639,80.6,64.58,1,38.57,0,24.87,0,19.69,0,100.0,1,74.75,1,67.36,1,86.99,1,54.16,0,75.11,1,62.0,1,53.32,0,hollow_concrete_block
HDPE,1,6.6,4.9,0.47,none,0,0.0,75.5,55,20.63,3.03,2.12,2287.0,2.87,0.903,90.4,84.45,1,51.66,0,37.5,0,29.35,0,100.0,1,67.26,1,72.78,1,85.74,1,62.51,1,67.05,1,50.32,0,74.67,1,hollow_concrete_block
HDPE,1,29.7,19.8,0.58,none,0,0.0,30.6,59,12.59,1.92,1.36,1937.2,7.51,0.635,63.8,52.19,0,31.88,0,20.94,0,16.91,0,97.19,1,76.65,1,47.14,0,88.58,1,41.64,0,71.86,1,63.12,1,43.05,0,hollow_concrete_block
PP,4,19.6,6.8,0.49,fly_ash,1,12.8,66.6,80,24.56,3.11,2.28,2069.7,5.97,0.693,85.1,74.83,1,46.2,0,36.8,0,29.91,0,100.0,1,73.57,1,82.02,1,87.39,1,64.01,1,71.8,1,59.3,1,63.22,1,hollow_concrete_block
Mixed,5,33.0,14.5,0.47,none,0,0.0,51.2,60,11.91,1.51,1.25,1892.6,8.45,0.472,66.5,49.79,0,30.74,0,18.84,0,15.07,0,94.72,1,81.13,1,43.52,0,87.96,1,37.97,0,79.64,1,76.41,1,41.11,0,hollow_concrete_block
PVC,3,33.1,1.3,0.65,fibres,3,29.5,22.4,52,7.64,1.27,0.9,2047.1,7.56,0.516,67.6,46.77,0,28.51,0,14.34,0,11.31,0,97.05,1,79.54,1,47.72,0,87.59,1,34.88,0,77.01,1,71.28,1,38.04,0,hollow_concrete_block
PP,4,30.6,19.3,0.41,fibres,3,11.9,38.3,39,13.4,2.18,1.5,1908.3,7.12,0.573,68.7,54.37,0,33.19,0,22.6,0,18.34,0,98.41,1,79.23,1,47.68,0,88.86,1,44.08,0,75.34,1,67.37,1,44.99,0,hollow_concrete_block
PVC,3,6.7,6.2,0.63,fly_ash,1,13.9,58.8,14,7.5,1.29,0.75,2322.4,2.77,0.741,78.1,66.67,1,39.92,0,20.35,0,14.69,0,100.0,1,70.22,1,45.21,0,85.5,1,45.0,0,70.78,1,56.0,1,58.78,1,hollow_concrete_block
Mixed,5,20.0,4.0,0.53,fly_ash,1,11.8,39.4,6,8.64,0.7,0.67,2182.7,5.48,0.737,59.9,53.2,0,31.32,0,15.26,0,11.32,0,100.0,1,71.42,1,52.42,0,86.49,1,45.58,0,71.08,1,56.73,1,43.11,0,hollow_concrete_block
HDPE,1,18.1,18.0,0.62,fibres,3,2.7,39.4,86,16.19,2.22,1.57,2086.4,5.21,0.742,86.4,66.24,1,40.22,0,26.86,0,21.39,0,100.0,1,72.14,1,69.59,1,87.25,1,56.59,1,71.79,1,56.93,1,55.36,1,hollow_concrete_block
Mixed,5,31.9,14.5,0.39,none,0,0.0,62.4,84,17.48,2.59,1.36,1889.7,8.04,0.547,75.0,58.83,1,36.55,0,27.27,0,22.37,0,95.73,1,80.54,1,54.77,0,88.95,1,46.52,0,75.49,1,69.46,1,49.21,0,hollow_concrete_block
LDPE,2,3.4,14.3,0.57,fly_ash,1,11.4,42.8,24,12.17,1.49,1.16,2253.5,2.32,0.982,90.3,72.92,1,47.54,0,27.39,0,19.9,0,100.0,1,66.33,1,61.04,1,85.98,1,51.23,0,65.76,1,48.32,0,66.46,1,hollow_concrete_block
LDPE,2,22.6,13.4,0.4,fly_ash,1,5.4,62.7,56,19.11,2.9,1.53,2046.6,5.75,0.676,76.9,67.35,1,40.89,0,31.0,0,25.21,0,100.0,1,74.27,1,69.18,1,87.59,1,57.94,1,73.01,1,60.28,1,56.16,1,hollow_concrete_block
LDPE,2,12.4,15.5,0.48,fly_ash,1,3.5,27.9,28,15.87,1.96,1.71,2164.3,4.17,0.805,76.6,70.46,1,41.31,0,27.16,0,21.17,0,100.0,1,70.04,1,70.07,1,86.63,1,56.16,1,69.73,1,54.05,0,58.13,1,hollow_concrete_block
PET,0,24.9,5.4,0.49,fibres,3,16.3,20.3,66,19.0,2.64,1.95,2111.0,6.8,0.673,80.2,65.4,1,40.36,0,29.52,0,24.02,0,99.51,1,73.76,1,74.45,1,87.05,1,52.78,0,70.64,1,60.14,1,54.59,0,hollow_concrete_block
HDPE,1,8.7,13.4,0.49,fibres,3,2.4,56.0,34,18.2,2.19,1.94,2247.7,2.8,0.874,84.9,80.92,1,49.21,0,33.2,0,25.35,0,100.0,1,68.05,1,70.12,1,86.02,1,59.27,1,67.8,1,51.36,0,71.67,1,hollow_concrete_block
PP,4,11.1,12.8,0.6,fly_ash,1,1.5,28.9,86,20.02,3.21,1.87,2165.4,4.03,0.868,94.1,77.55,1,46.87,0,34.66,0,27.85,0,100.0,1,68.83,1,81.39,1,86.63,1,61.69,1,68.29,1,51.89,0,65.27,1,hollow_concrete_block
LDPE,2,1.5,17.1,0.55,silica_fume,2,9.9,25.3,16,17.58,2.62,1.32,2312.7,1.6,1.001,83.6,80.57,1,59.59,1,40.8,0,30.04,0,100.0,1,65.62,1,64.11,1,85.57,1,58.44,1,65.21,1,47.62,0,72.56,1,hollow_concrete_block
PVC,3,39.7,3.6,0.44,fly_ash,1,29.0,65.0,49,16.49,2.47,1.68,2008.3,10.08,0.448,56.7,53.66,0,33.54,0,25.31,0,20.9,0,91.53,1,79.92,1,56.9,1,83.8,1,40.51,0,79.27,1,78.53,1,44.59,0,hollow_concrete_block
PET,0,3.7,6.3,0.46,fibres,3,24.6,65.5,73,32.79,4.55,3.18,2289.3,2.39,0.877,100.0,96.96,1,65.81,1,55.32,1,43.91,0,100.0,1,67.68,1,90.05,1,85.73,1,75.0,1,67.56,1,51.1,0,91.4,1,hollow_concrete_block
PET,0,11.7,3.1,0.56,silica_fume,2,9.9,44.8,29,15.05,2.16,1.5,2240.9,3.08,0.978,86.9,76.67,1,45.37,0,29.11,0,22.34,0,100.0,1,66.48,1,65.87,1,86.06,1,55.07,1,65.88,1,48.46,0,65.48,1,hollow_concrete_block
Mixed,5,8.4,1.6,0.52,none,0,0.0,49.0,80,21.69,3.11,2.05,2214.6,2.98,0.896,96.3,85.32,1,52.26,0,38.41,0,30.2,0,100.0,1,67.94,1,81.23,1,86.26,1,63.92,1,67.49,1,50.82,0,74.53,1,hollow_concrete_block
Mixed,5,11.5,12.4,0.44,silica_fume,2,27.8,56.9,66,38.65,5.71,4.14,2180.7,2.63,0.859,100.0,96.15,1,68.77,1,63.06,1,50.99,0,100.0,1,68.86,1,97.81,1,86.51,1,75.0,1,68.41,1,52.11,0,96.48,1,hollow_concrete_block
PP,4,29.2,10.2,0.59,fly_ash,1,21.3,78.8,3,5.01,1.18,0.55,1947.1,6.93,0.501,46.5,41.17,0,24.23,0,11.81,0,9.21,0,96.54,1,78.94,1,30.78,0,71.89,1,33.62,0,71.14,1,73.18,1,32.97,0,hollow_concrete_block
PET,0,1.0,12.7,0.39,fly_ash,1,24.0,79.9,55,38.67,5.09,3.87,2289.6,1.73,1.019,100.0,96.96,1,77.24,1,66.81,1,52.32,0,100.0,1,65.56,1,90.03,1,85.72,1,75.0,1,65.02,1,47.29,0,97.05,1,hollow_concrete_block
PET,0,13.4,11.4,0.54,none,0,0.0,58.4,39,13.93,1.65,1.19,2208.8,4.67,0.845,77.9,65.79,1,38.97,0,23.77,0,18.45,0,100.0,1,68.89,1,63.99,1,86.3,1,53.57,0,68.59,1,52.46,0,54.13,0,hollow_concrete_block
LDPE,2,31.6,6.5,0.5,silica_fume,2,23.0,26.8,45,14.71,2.14,1.31,1882.6,5.14,0.567,72.6,61.81,1,36.72,0,25.25,0,20.07,0,100.0,1,79.76,1,49.03,0,89.12,1,54.61,0,79.55,1,67.95,1,51.19,0,hollow_concrete_block
LDPE,2,15.8,11.6,0.64,fly_ash,1,5.8,70.0,89,17.41,2.5,1.95,2112.8,5.38,0.828,93.5,67.45,1,41.83,0,28.62,0,23.0,0,100.0,1,70.04,1,75.33,1,87.04,1,57.91,1,69.29,1,53.45,0,56.88,1,hollow_concrete_block
PVC,3,36.6,16.0,0.54,fibres,3,4.7,47.6,71,12.83,1.97,1.57,2015.7,8.39,0.429,64.2,51.74,0,31.96,0,20.93,0,17.02,0,94.86,1,79.84,1,53.25,0,86.93,1,39.36,0,82.41,1,80.87,1,42.67,0,hollow_concrete_block
LDPE,2,18.5,16.4,0.63,none,0,0.0,70.1,41,8.73,1.18,1.09,2019.7,5.94,0.779,69.8,51.9,0,30.96,0,16.17,0,12.46,0,100.0,1,71.92,1,48.14,0,87.82,1,43.07,0,69.57,1,55.71,1,42.33,0,hollow_concrete_block
PP,4,29.0,6.7,0.51,fly_ash,1,17.3,39.9,48,15.26,2.14,1.77,1960.4,6.66,0.594,63.7,57.6,1,34.95,0,24.61,0,19.83,0,100.0,1,77.85,1,53.22,0,88.36,1,48.37,0,74.83,1,65.61,1,47.72,0,hollow_concrete_block
PET,0,38.8,6.0,0.36,fibres,3,18.8,70.5,76,19.05,2.45,2.25,2004.8,8.69,0.351,73.7,60.69,1,37.97,0,28.24,0,23.08,0,94.18,1,79.95,1,65.28,1,86.37,1,46.88,0,84.85,1,84.98,1,50.81,0,hollow_concrete_block
PP,4,15.6,12.1,0.61,silica_fume,2,21.2,38.9,7,11.61,1.7,1.41,2148.3,3.27,0.782,71.5,70.06,1,39.73,0,24.01,0,18.15,0,100.0,1,70.67,1,62.56,1,86.76,1,50.48,0,70.39,1,55.0,1,57.65,1,hollow_concrete_block
LDPE,2,16.6,10.2,0.42,fibres,3,24.9,38.2,70,25.22,3.85,2.51,2127.7,4.86,0.7,100.0,79.96,1,50.01,0,40.33,0,32.97,0,100.0,1,72.85,1,90.44,1,86.92,1,68.63,1,72.88,1,58.69,1,67.92,1,hollow_concrete_block
LDPE,2,7.0,7.8,0.36,fly_ash,1,27.4,46.6,6,17.32,2.23,1.68,2221.7,3.71,0.88,87.0,76.5,1,45.02,0,30.08,0,23.46,0,100.0,1,68.16,1,71.05,1,86.2,1,58.09,1,67.78,1,51.27,0,63.71,1,hollow_concrete_block
PVC,3,36.2,3.5,0.45,fibres,3,22.0,51.4,44,13.71,1.89,1.17,1943.5,7.93,0.388,71.4,53.94,0,33.31,0,21.8,0,17.59,0,96.02,1,80.58,1,51.41,0,88.52,1,41.82,0,86.07,1,85.29,1,44.7,0,hollow_concrete_block
HDPE,1,30.8,2.4,0.64,fly_ash,1,6.2,22.2,52,10.47,1.58,0.6,1885.9,7.9,0.552,59.0,47.74,0,29.09,0,17.8,0,14.26,0,96.1,1,80.36,1,38.71,0,89.09,1,37.59,0,75.42,1,69.08,1,39.17,0,hollow_concrete_block
Mixed,5,34.6,2.8,0.44,none,0,0.0,61.2,79,16.04,2.74,1.56,1919.6,8.31,0.601,62.7,55.24,1,34.13,0,26.1,0,21.59,0,95.06,1,78.02,1,51.35,0,88.01,1,43.85,0,72.36,1,65.35,1,45.94,0,hollow_concrete_block
PET,0,13.3,17.8,0.38,silica_fume,2,0.7,65.5,84,34.59,4.81,3.57,2201.3,4.31,0.836,100.0,89.51,1,59.46,1,52.8,0,43.21,0,100.0,1,69.12,1,96.34,1,86.35,1,75.0,1,68.83,1,52.79,0,81.66,1,hollow_concrete_block
HDPE,1,12.8,4.3,0.43,silica_fume,2,23.2,60.3,37,29.33,3.85,2.85,2158.5,1.86,0.791,96.6,95.1,1,66.64,1,53.29,0,41.14,0,100.0,1,70.39,1,98.05,1,86.68,1,74.11,1,70.11,1,54.61,0,86.56,1,hollow_concrete_block
HDPE,1,6.3,2.7,0.64,none,0,0.0,32.4,47,13.07,2.14,1.4,2240.4,3.08,0.985,89.5,74.02,1,43.92,0,27.08,0,20.74,0,100.0,1,66.39,1,63.27,1,86.07,1,52.43,0,65.77,1,48.29,0,63.39,1,hollow_concrete_block
PP,4,12.7,3.3,0.56,silica_fume,2,17.2,30.3,42,22.31,3.05,2.25,2151.1,1.97,0.912,89.6,85.68,1,58.72,1,43.47,0,33.1,0,100.0,1,68.22,1,85.08,1,86.74,1,64.75,1,67.46,1,50.61,0,78.05,1,hollow_concrete_block
PP,4,35.7,11.0,0.37,none,0,0.0,48.2,89,19.75,2.75,1.83,1828.6,7.79,0.578,69.1,61.09,1,37.79,0,30.05,0,24.62,0,96.39,1,79.94,1,52.68,0,89.69,1,50.3,0,74.62,1,67.46,1,51.27,0,hollow_concrete_block
PET,0,4.2,1.5,0.48,fly_ash,1,21.1,73.5,83,37.46,5.11,4.0,2309.7,2.26,1.0,100.0,97.11,1,70.88,1,62.03,1,49.4,0,100.0,1,65.65,1,88.59,1,85.59,1,75.0,1,65.24,1,47.66,0,97.11,1,hollow_concrete_block
Mixed,5,28.0,12.5,0.44,fly_ash,1,21.4,60.3,71,23.0,3.44,2.78,2065.6,6.77,0.661,75.6,69.9,1,43.15,0,35.54,0,29.28,0,99.62,1,74.54,1,76.69,1,87.43,1,58.24,1,71.35,1,60.99,1,58.69,1,hollow_concrete_block
PET,0,38.9,15.2,0.49,fly_ash,1,2.8,68.1,62,12.01,1.17,1.17,1948.3,9.33,0.47,51.0,47.35,0,29.18,0,17.79,0,14.07,0,92.86,1,80.53,1,43.69,0,85.63,1,36.02,0,78.57,1,76.33,1,38.91,0,hollow_concrete_block
PET,0,18.2,13.8,0.56,fibres,3,14.1,76.8,21,10.98,1.87,1.06,2195.3,5.42,0.744,73.9,58.31,1,34.81,0,20.58,0,16.29,0,100.0,1,71.14,1,59.01,1,86.4,1,49.08,0,70.98,1,56.37,1,47.7,0,hollow_concrete_block
PP,4,10.3,7.6,0.41,silica_fume,2,23.7,72.9,61,37.47,4.91,3.89,2201.7,2.26,0.824,100.0,96.31,1,70.35,1,61.54,1,48.87,0,100.0,1,69.35,1,96.31,1,86.35,1,75.0,1,69.11,1,53.21,0,96.55,1,hollow_concrete_block
PVC,3,1.2,9.8,0.46,fibres,3,25.4,36.9,47,26.44,3.6,2.38,2360.9,2.13,0.984,100.0,92.74,1,62.77,1,47.96,0,37.21,0,100.0,1,65.49,1,79.0,1,85.25,1,70.25,1,65.3,1,47.86,0,84.15,1,hollow_concrete_block
PP,4,23.0,10.4,0.47,none,0,0.0,39.6,86,20.73,2.99,1.84,2011.1,6.38,0.577,84.7,68.21,1,42.16,0,32.38,0,26.45,0,100.0,1,78.0,1,71.35,1,87.9,1,56.9,1,75.88,1,66.54,1,57.41,1,hollow_concrete_block
PET,0,31.7,10.9,0.47,fibres,3,7.2,34.6,23,9.93,1.4,1.2,2052.5,8.3,0.475,58.8,47.62,0,29.19,0,16.64,0,13.26,0,95.08,1,79.49,1,49.66,0,86.82,1,35.73,0,78.72,1,75.27,1,38.89,0,hollow_concrete_block
PVC,3,15.4,7.1,0.59,fibres,3,23.5,46.1,46,15.13,1.8,1.7,2273.4,4.77,0.794,89.6,67.98,1,41.25,0,25.22,0,19.71,0,100.0,1,69.39,1,64.38,1,85.84,1,55.17,1,69.54,1,54.02,0,56.85,1,hollow_concrete_block
PP,4,27.8,3.9,0.55,fibres,3,3.4,55.8,44,10.29,0.89,0.89,1906.5,7.69,0.577,64.0,48.6,0,29.65,0,15.98,0,12.33,0,96.67,1,79.09,1,41.17,0,88.88,1,37.99,0,74.32,1,67.08,1,39.9,0,hollow_concrete_block
PP,4,3.9,9.2,0.44,fibres,3,2.1,26.5,79,33.0,4.28,3.15,2295.7,3.11,0.967,100.0,97.01,1,62.15,1,52.27,0,41.9,0,100.0,1,66.21,1,89.59,1,85.68,1,75.0,1,65.84,1,48.53,0,87.41,1,hollow_concrete_block
PVC,3,13.1,13.1,0.37,fly_ash,1,24.5,73.2,84,41.97,6.0,4.24,2194.7,4.38,0.75,98.6,89.09,1,65.47,1,63.06,1,52.07,0,100.0,1,71.0,1,96.81,1,86.4,1,75.0,1,71.05,1,56.11,1,84.82,1,hollow_concrete_block
PET,0,30.3,13.4,0.49,silica_fume,2,11.7,54.7,28,13.05,2.59,1.3,2014.0,5.66,0.571,68.2,58.25,1,34.82,0,24.24,0,19.71,0,100.0,1,78.21,1,54.52,0,87.87,1,50.38,0,77.75,1,66.96,1,47.97,0,hollow_concrete_block
HDPE,1,27.3,6.7,0.52,silica_fume,2,27.6,76.2,47,18.36,2.09,2.0,1929.1,3.97,0.578,79.3,73.57,1,43.01,0,30.3,0,23.63,0,100.0,1,78.8,1,60.15,1,88.66,1,59.48,1,78.74,1,66.89,1,61.15,1,hollow_concrete_block
PET,0,23.3,12.4,0.5,fly_ash,1,25.6,23.7,73,24.9,3.28,2.43,2123.6,6.25,0.655,80.2,74.65,1,46.0,0,37.37,0,30.51,0,100.0,1,74.19,1,85.18,1,86.95,1,63.07,1,72.27,1,61.06,1,62.77,1,hollow_concrete_block
PET,0,0.0,11.4,0.64,none,0,0.0,71.7,6,10.08,1.53,1.1,2302.5,2.02,1.024,84.8,70.5,1,48.03,0,27.11,0,19.35,0,100.0,1,65.39,1,52.65,0,85.64,1,48.44,0,64.89,1,47.12,0,63.64,1,hollow_concrete_block
HDPE,1,17.3,12.0,0.54,fibres,3,12.2,46.1,30,12.06,1.49,1.09,2125.6,5.53,0.72,80.9,59.71,1,35.9,0,20.61,0,16.07,0,100.0,1,72.34,1,64.1,1,86.94,1,49.84,0,71.73,1,57.74,1,49.11,0,hollow_concrete_block
Mixed,5,6.9,3.2,0.52,silica_fume,2,25.2,29.3,88,41.45,5.77,4.1,2286.1,2.08,1.01,100.0,96.93,1,75.71,1,68.7,1,54.84,0,100.0,1,65.7,1,90.28,1,85.75,1,75.0,1,65.17,1,47.51,0,97.03,1,hollow_concrete_block
HDPE,1,5.4,1.9,0.35,fibres,3,19.7,78.5,20,22.2,2.95,2.05,2274.6,3.03,1.065,98.3,86.45,1,52.96,0,38.38,0,30.08,0,100.0,1,65.11,1,78.1,1,85.83,1,64.6,1,64.4,1,46.33,0,75.01,1,hollow_concrete_block
PET,0,5.5,16.2,0.61,fibres,3,18.7,47.3,57,18.76,2.71,1.46,2293.9,3.0,0.957,100.0,82.01,1,50.41,0,34.42,0,26.82,0,100.0,1,66.37,1,70.99,1,85.69,1,60.01,1,66.02,1,48.8,0,71.25,1,hollow_concrete_block
PP,4,32.8,8.0,0.42,fibres,3,18.1,54.7,33,10.9,1.48,0.94,1842.2,8.03,0.444,65.7,48.6,0,29.79,0,17.92,0,14.29,0,95.76,1,81.71,1,38.03,0,89.47,1,37.78,0,82.58,1,79.91,1,40.04,0,hollow_concrete_block
Mixed,5,20.1,8.5,0.51,silica_fume,2,1.0,22.3,64,15.78,2.37,1.94,2059.7,4.76,0.692,80.3,67.04,1,39.88,0,27.31,0,21.74,0,100.0,1,73.69,1,65.44,1,87.48,1,56.04,1,73.48,1,59.39,1,55.51,1,hollow_concrete_block
Mixed,5,14.7,11.8,0.64,none,0,0.0,28.5,70,15.96,2.1,1.56,2177.3,5.06,0.682,83.1,67.17,1,40.39,0,26.48,0,20.98,0,100.0,1,72.92,1,70.96,1,86.53,1,56.28,1,73.26,1,59.38,1,55.66,1,hollow_concrete_block
LDPE,2,18.6,2.0,0.62,none,0,0.0,34.7,83,16.84,2.08,2.03,2065.0,5.33,0.749,82.2,66.47,1,40.09,0,27.04,0,21.46,0,100.0,1,72.17,1,68.07,1,87.43,1,57.45,1,71.69,1,56.73,1,55.22,1,hollow_concrete_block
Mixed,5,26.5,13.5,0.56,silica_fume,2,18.4,74.2,71,19.53,2.61,2.16,2008.6,3.94,0.649,80.9,76.11,1,44.64,0,32.82,0,25.96,0,100.0,1,75.46,1,68.19,1,87.92,1,61.04,1,75.27,1,61.94,1,63.3,1,hollow_concrete_block
PET,0,18.8,10.5,0.49,silica_fume,2,12.6,77.6,40,21.14,3.0,2.27,2239.1,4.36,0.776,79.5,77.34,1,46.06,0,34.76,0,27.88,0,100.0,1,70.05,1,74.25,1,86.08,1,63.19,1,70.15,1,54.86,0,64.33,1,hollow_concrete_block
LDPE,2,6.7,14.1,0.53,silica_fume,2,21.8,53.8,10,13.89,1.96,1.41,2221.8,1.85,0.919,91.0,74.98,1,53.3,0,33.2,0,24.14,0,100.0,1,67.51,1,66.35,1,86.2,1,53.52,0,67.01,1,50.12,0,68.36,1,hollow_concrete_block
Mixed,5,18.9,3.8,0.37,silica_fume,2,24.3,57.5,39,29.18,4.17,2.82,2098.3,2.76,0.806,90.1,94.45,1,58.58,1,49.27,0,39.25,0,100.0,1,70.61,1,93.04,1,87.16,1,73.91,1,70.02,1,54.31,0,85.05,1,hollow_concrete_block
PVC,3,3.3,10.4,0.61,silica_fume,2,7.6,56.9,38,18.49,2.31,2.44,2286.5,2.03,0.971,94.7,81.59,1,56.0,1,37.4,0,27.93,0,100.0,1,66.23,1,70.35,1,85.74,1,59.65,1,65.81,1,48.46,0,74.22,1,hollow_concrete_block
LDPE,2,0.6,2.7,0.4,fly_ash,1,19.8,42.2,25,25.32,4.09,2.63,2309.7,2.01,1.006,100.0,90.87,1,62.68,1,48.81,0,38.06,0,100.0,1,65.57,1,80.79,1,85.59,1,68.76,1,65.14,1,47.52,0,82.54,1,hollow_concrete_block
LDPE,2,31.3,5.1,0.4,none,0,0.0,40.6,13,5.9,1.19,0.63,1927.5,7.59,0.488,56.6,42.18,0,25.36,0,12.39,0,9.74,0,96.96,1,80.75,1,33.45,0,78.01,1,32.46,0,74.06,1,74.56,1,34.05,0,hollow_concrete_block
HDPE,1,23.8,16.5,0.6,fibres,3,23.1,34.3,59,15.54,2.47,1.55,2001.2,5.66,0.684,84.0,63.21,1,38.39,0,26.43,0,21.32,0,100.0,1,74.48,1,61.81,1,87.99,1,53.7,0,73.19,1,60.08,1,52.65,0,hollow_concrete_block
Mixed,5,25.5,4.6,0.57,silica_fume,2,1.6,35.9,17,6.13,0.7,0.52,1986.8,6.05,0.561,57.0,46.33,0,27.23,0,12.29,0,9.11,0,100.0,1,78.9,1,38.17,0,78.99,1,39.03,0,72.91,1,67.85,1,37.37,0,hollow_concrete_block
PET,0,6.7,8.3,0.44,fly_ash,1,11.4,62.3,63,29.64,3.66,3.37,2322.6,2.89,0.913,98.9,96.72,1,60.28,1,48.02,0,38.0,0,100.0,1,66.83,1,87.07,1,85.5,1,74.52,1,66.71,1,49.9,0,85.47,1,hollow_concrete_block
LDPE,2,5.8,17.5,0.35,fibres,3,11.5,38.9,70,39.01,5.22,4.12,2250.6,2.51,0.949,100.0,96.67,1,70.15,1,62.68,1,50.24,0,100.0,1,66.82,1,92.81,1,86.0,1,75.0,1,66.34,1,49.18,0,96.85,1,hollow_concrete_block
Mixed,5,38.2,2.4,0.51,silica_fume,2,28.7,45.9,86,23.61,2.95,2.5,1860.2,5.64,0.353,75.2,72.1,1,43.79,0,35.71,0,28.89,0,100.0,1,81.5,1,62.93,1,89.35,1,64.58,1,90.65,1,85.75,1,60.66,1,hollow_concrete_block
LDPE,2,13.4,5.7,0.38,fibres,3,13.8,60.5,33,18.63,2.63,1.73,2178.2,4.82,0.829,94.2,71.72,1,44.13,0,30.74,0,24.62,0,100.0,1,69.45,1,78.19,1,86.53,1,59.84,1,69.09,1,53.13,0,60.42,1,hollow_concrete_block
Mixed,5,26.9,15.5,0.51,fly_ash,1,9.4,20.6,4,7.35,0.66,1.01,1995.6,7.21,0.675,55.0,45.12,0,27.06,0,12.7,0,9.56,0,98.12,1,74.8,1,40.32,0,87.04,1,35.69,0,69.99,1,60.58,1,36.53,0,hollow_concrete_block
PET,0,0.5,2.4,0.38,fibres,3,10.5,63.5,35,25.11,3.24,2.78,2340.1,2.12,1.03,100.0,90.81,1,61.62,1,45.79,0,35.25,0,100.0,1,65.04,1,78.27,1,85.38,1,68.48,1,64.65,1,46.85,0,82.45,1,hollow_concrete_block
HDPE,1,1.4,12.6,0.37,fly_ash,1,28.5,58.3,18,24.51,3.37,2.39,2356.3,2.47,0.966,95.9,90.13,1,58.12,1,43.73,0,34.12,0,100.0,1,65.78,1,75.7,1,85.28,1,67.68,1,65.62,1,48.33,0,81.81,1,hollow_concrete_block
PET,0,34.3,3.0,0.55,fly_ash,1,26.9,61.7,35,10.49,1.21,0.9,1987.9,8.07,0.547,50.4,47.21,0,28.69,0,16.82,0,13.24,0,95.65,1,79.5,1,43.83,0,87.94,1,37.12,0,74.9,1,68.94,1,38.56,0,hollow_concrete_block
LDPE,2,18.7,18.8,0.54,silica_fume,2,23.1,61.5,88,31.81,4.26,3.13,2037.3,3.13,0.71,100.0,95.09,1,59.76,1,50.98,0,40.89,0,100.0,1,73.41,1,91.95,1,87.67,1,75.0,1,73.01,1,58.62,1,84.45,1,hollow_concrete_block
LDPE,2,10.3,15.7,0.43,none,0,0.0,43.0,45,19.54,2.38,2.17,2209.0,3.93,0.845,86.7,77.86,1,46.23,0,32.28,0,25.36,0,100.0,1,68.89,1,75.58,1,86.3,1,61.05,1,68.59,1,52.46,0,65.06,1,hollow_concrete_block
PET,0,10.3,16.3,0.4,none,0,0.0,49.5,28,18.13,2.68,1.46,2233.9,3.75,0.858,87.6,77.39,1,45.72,0,31.94,0,25.25,0,100.0,1,68.45,1,71.69,1,86.12,1,59.17,1,68.2,1,51.92,0,64.58,1,hollow_concrete_block
PP,4,15.7,13.1,0.38,fibres,3,6.6,58.6,59,25.25,3.39,2.42,2099.1,4.69,0.803,87.6,80.54,1,49.01,0,39.41,0,31.88,0,100.0,1,70.66,1,85.91,1,87.15,1,68.67,1,70.09,1,54.42,0,68.14,1,hollow_concrete_block
Mixed,5,10.4,1.2,0.37,silica_fume,2,23.3,21.1,66,45.76,5.9,4.46,2210.1,2.99,0.83,100.0,96.37,1,73.18,1,68.67,1,55.75,1,100.0,1,69.16,1,95.71,1,86.29,1,75.0,1,68.93,1,52.97,0,93.39,1,hollow_concrete_block
HDPE,1,26.1,0.5,0.36,fibres,3,8.0,62.0,53,18.55,2.61,1.98,1998.5,6.77,0.667,76.2,63.54,1,39.06,0,29.01,0,23.6,0,99.62,1,75.01,1,64.63,1,88.01,1,52.31,0,71.48,1,60.99,1,53.06,0,hollow_concrete_block
PP,4,0.1,14.3,0.58,fibres,3,13.1,70.6,11,12.84,1.31,1.1,2294.3,1.91,0.996,92.7,74.11,1,52.25,0,30.08,0,21.33,0,100.0,1,65.82,1,59.86,1,85.69,1,52.12,0,65.36,1,47.81,0,67.48,1,hollow_concrete_block
PP,4,9.0,8.0,0.56,fibres,3,3.6,52.1,48,17.53,2.18,1.71,2175.0,4.17,0.85,87.1,73.47,1,43.79,0,29.37,0,23.04,0,100.0,1,69.08,1,74.76,1,86.55,1,58.37,1,68.63,1,52.43,0,61.35,1,hollow_concrete_block
LDPE,2,27.3,8.3,0.54,none,0,0.0,41.9,46,13.19,1.47,1.09,1926.7,6.89,0.612,67.1,54.51,0,33.14,0,20.74,0,16.36,0,99.19,1,77.55,1,48.24,0,88.68,1,44.68,0,73.83,1,64.6,1,45.04,0,hollow_concrete_block
PET,0,33.6,15.3,0.44,fly_ash,1,5.3,22.4,52,17.8,1.82,1.9,2007.4,7.81,0.465,59.4,58.61,1,36.07,0,25.76,0,20.62,0,96.34,1,79.93,1,59.71,1,87.93,1,47.63,0,80.28,1,76.58,1,48.77,0,hollow_concrete_block
Mixed,5,7.6,14.1,0.62,silica_fume,2,14.6,73.1,59,28.64,4.26,2.87,2295.5,1.78,0.819,90.7,95.19,1,67.14,1,54.27,0,42.06,0,100.0,1,68.71,1,85.6,1,85.68,1,73.19,1,68.83,1,53.02,0,86.45,1,hollow_concrete_block
Mixed,5,7.6,1.2,0.36,fly_ash,1,14.7,23.8,72,38.21,5.4,3.84,2259.5,2.8,0.926,100.0,96.74,1,67.86,1,61.23,1,49.48,0,100.0,1,67.1,1,92.18,1,85.93,1,75.0,1,66.72,1,49.77,0,95.46,1,hollow_concrete_block
Mixed,5,12.3,10.9,0.6,fibres,3,29.0,21.0,46,16.39,1.73,1.7,2160.6,4.06,0.842,95.8,72.49,1,43.83,0,27.28,0,21.06,0,100.0,1,69.35,1,76.12,1,86.66,1,56.85,1,68.88,1,52.76,0,60.74,1,hollow_concrete_block
PET,0,13.5,14.6,0.47,fly_ash,1,24.2,60.0,61,26.5,3.71,2.34,2253.6,4.35,0.853,86.4,85.02,1,51.41,0,41.91,0,33.95,0,100.0,1,68.38,1,83.92,1,85.97,1,70.33,1,68.22,1,52.01,0,71.65,1,hollow_concrete_block
Mixed,5,34.8,11.0,0.57,fly_ash,1,27.7,22.2,21,6.9,0.74,0.86,1893.7,8.52,0.459,41.5,39.99,0,24.03,0,11.88,0,9.1,0,94.56,1,81.12,1,28.83,0,83.79,1,31.11,0,78.51,1,77.85,1,32.25,0,hollow_concrete_block
PVC,3,26.2,9.7,0.63,none,0,0.0,34.6,86,13.66,1.56,1.37,2065.4,7.09,0.602,74.9,56.7,1,34.81,0,21.32,0,16.9,0,98.51,1,76.52,1,60.93,1,87.43,1,44.54,0,73.19,1,64.55,1,46.87,0,hollow_concrete_block
HDPE,1,0.6,12.8,0.62,none,0,0.0,47.4,24,13.36,2.16,1.33,2318.5,1.4,0.957,86.0,74.99,1,59.81,1,37.81,0,26.87,0,100.0,1,66.18,1,57.28,1,85.53,1,52.81,0,65.92,1,48.7,0,67.79,1,hollow_concrete_block
PP,4,2.6,16.4,0.38,fly_ash,1,1.9,32.2,46,26.47,3.6,2.78,2294.0,2.45,1.02,100.0,92.29,1,60.01,1,46.35,0,36.31,0,100.0,1,65.51,1,83.83,1,85.69,1,70.29,1,64.99,1,47.25,0,83.84,1,hollow_concrete_block
Mixed,5,27.1,6.8,0.64,fly_ash,1,9.6,77.9,30,8.51,1.01,0.72,1985.7,6.66,0.631,56.6,47.93,0,28.62,0,15.04,0,11.56,0,100.0,1,76.27,1,41.96,0,88.13,1,39.37,0,73.11,1,63.11,1,38.96,0,hollow_concrete_block
PET,0,23.7,7.0,0.39,fly_ash,1,22.7,30.1,50,22.04,3.62,2.27,2077.9,6.09,0.65,80.0,70.9,1,43.47,0,35.47,0,29.26,0,100.0,1,74.76,1,77.1,1,87.33,1,60.04,1,73.02,1,61.55,1,59.41,1,hollow_concrete_block
PP,4,6.6,5.3,0.52,fly_ash,1,3.0,70.8,81,24.23,3.68,2.7,2235.8,3.08,0.849,100.0,88.87,1,54.46,0,42.09,0,33.53,0,100.0,1,68.6,1,84.25,1,86.1,1,67.31,1,68.39,1,52.21,0,76.82,1,hollow_concrete_block
PVC,3,31.1,0.8,0.5,none,0,0.0,20.4,14,6.74,1.14,0.89,2032.1,6.81,0.532,52.8,45.12,0,26.84,0,13.51,0,10.48,0,99.47,1,79.68,1,41.35,0,82.65,1,36.4,0,74.79,1,69.95,1,36.4,0,hollow_concrete_block
Mixed,5,26.1,17.8,0.47,fibres,3,20.8,32.4,84,21.48,2.91,2.17,2069.2,6.85,0.59,88.7,68.57,1,43.04,0,32.65,0,26.66,0,99.33,1,76.93,1,77.77,1,87.4,1,55.89,1,74.11,1,65.34,1,58.2,1,hollow_concrete_block
LDPE,2,20.9,8.5,0.63,none,0,0.0,55.8,66,13.06,2.32,1.27,2050.5,5.57,0.741,81.7,60.46,1,36.41,0,23.65,0,19.04,0,100.0,1,72.5,1,60.61,1,87.56,1,50.93,0,71.36,1,57.14,1,49.9,0,hollow_concrete_block
PP,4,38.0,12.7,0.58,silica_fume,2,12.6,53.5,27,9.42,1.34,0.95,1729.4,6.91,0.437,52.7,46.23,0,27.53,0,16.63,0,13.07,0,99.12,1,83.13,1,29.21,0,90.82,1,39.57,0,85.53,1,81.48,1,37.84,0,hollow_concrete_block
PET,0,39.5,19.5,0.54,fly_ash,1,13.9,57.6,29,6.73,0.83,0.59,1997.5,8.96,0.512,46.4,40.55,0,24.64,0,11.78,0,9.12,0,93.6,1,80.03,1,37.22,0,80.75,1,29.81,0,73.29,1,71.89,1,32.67,0,hollow_concrete_block
LDPE,2,2.1,2.7,0.39,fibres,3,14.9,29.6,8,13.31,1.82,1.2,2254.1,3.02,1.004,97.2,74.44,1,45.18,0,26.69,0,20.17,0,100.0,1,66.03,1,64.67,1,85.97,1,52.75,0,65.4,1,47.78,0,64.33,1,hollow_concrete_block
PET,0,25.8,6.1,0.48,silica_fume,2,18.5,73.4,61,25.98,3.22,2.5,2125.0,3.77,0.486,81.5,86.78,1,51.27,0,41.1,0,32.77,0,100.0,1,78.82,1,87.41,1,86.94,1,69.64,1,82.96,1,73.79,1,72.64,1,hollow_concrete_block
PET,0,4.2,1.5,0.51,fly_ash,1,23.6,49.1,17,16.59,2.36,1.8,2328.4,2.86,0.997,80.2,79.09,1,47.49,0,31.81,0,24.44,0,100.0,1,65.55,1,60.47,1,85.46,1,57.12,1,65.21,1,47.66,0,69.05,1,hollow_concrete_block
PET,0,35.8,14.6,0.53,silica_fume,2,12.6,64.8,44,14.48,2.22,1.2,1957.7,6.02,0.43,62.9,58.04,1,34.83,0,24.46,0,19.67,0,100.0,1,80.43,1,51.53,0,88.39,1,50.31,0,86.4,1,81.03,1,47.96,0,hollow_concrete_block
HDPE,1,31.2,6.9,0.38,fibres,3,26.1,42.5,31,12.64,1.51,1.14,1949.9,7.62,0.523,73.2,53.29,0,32.8,0,19.91,0,15.83,0,96.87,1,80.51,1,50.54,0,88.46,1,41.35,0,77.03,1,71.15,1,44.06,0,hollow_concrete_block
PET,0,18.8,9.9,0.62,fly_ash,1,6.5,56.6,25,12.16,1.48,1.48,2174.0,5.32,0.843,63.2,58.77,1,34.83,0,20.87,0,16.22,0,100.0,1,69.22,1,59.76,1,86.56,1,51.21,0,68.79,1,52.67,0,48.09,0,hollow_concrete_block
PVC,3,14.9,9.4,0.41,silica_fume,2,29.3,32.1,19,20.59,2.51,2.25,2259.1,3.48,0.838,89.6,82.92,1,48.97,0,34.53,0,27.02,0,100.0,1,68.62,1,74.5,1,85.94,1,62.45,1,68.54,1,52.49,0,69.54,1,hollow_concrete_block
PET,0,27.7,1.7,0.39,fibres,3,13.8,30.3,46,17.49,1.95,2.16,2095.4,6.79,0.651,72.8,62.39,1,38.29,0,26.29,0,21.01,0,99.55,1,74.57,1,68.92,1,87.18,1,50.81,0,71.54,1,61.41,1,51.89,0,hollow_concrete_block
HDPE,1,35.5,12.3,0.59,fly_ash,1,17.3,53.2,32,9.33,1.25,1.06,1854.6,7.81,0.471,52.4,45.33,0,27.38,0,15.87,0,12.51,0,96.34,1,81.57,1,32.89,0,89.41,1,36.34,0,80.72,1,76.74,1,37.02,0,hollow_concrete_block
PET,0,16.5,10.7,0.61,fly_ash,1,17.7,70.2,38,15.08,2.34,1.3,2189.2,4.72,0.79,73.4,66.41,1,39.34,0,26.58,0,21.15,0,100.0,1,70.15,1,66.15,1,86.44,1,55.11,1,70.0,1,54.52,0,54.72,0,hollow_concrete_block
PET,0,29.2,14.9,0.42,silica_fume,2,13.0,33.3,78,31.02,4.67,3.24,2075.0,4.97,0.562,80.7,85.27,1,52.7,0,48.06,0,39.6,0,100.0,1,78.0,1,90.34,1,87.35,1,75.0,1,78.75,1,67.34,1,73.21,1,hollow_concrete_block
HDPE,1,36.6,18.0,0.48,none,0,0.0,22.4,63,11.29,1.47,0.93,1782.5,8.32,0.461,56.5,47.12,0,28.78,0,18.17,0,14.5,0,95.03,1,82.44,1,33.3,0,89.43,1,37.49,0,81.29,1,78.28,1,38.82,0,hollow_concrete_block
Mixed,5,30.7,1.2,0.51,fibres,3,24.3,61.8,15,7.57,1.63,0.96,2015.6,7.68,0.598,62.3,45.6,0,27.71,0,15.12,0,12.19,0,96.7,1,77.14,1,43.99,0,87.86,1,34.4,0,72.76,1,65.06,1,37.03,0,hollow_concrete_block
PVC,3,19.8,2.1,0.58,fibres,3,28.5,28.0,40,12.0,0.86,1.44,2208.1,5.34,0.69,82.8,61.08,1,36.7,0,19.14,0,14.44,0,100.0,1,72.44,1,62.08,1,86.3,1,50.96,0,72.83,1,58.84,1,50.2,0,hollow_concrete_block
HDPE,1,25.9,2.3,0.49,silica_fume,2,4.9,47.6,76,21.73,3.38,1.82,2002.3,5.9,0.617,80.8,70.55,1,43.11,0,34.7,0,28.46,0,100.0,1,76.59,1,71.38,1,87.98,1,60.61,1,75.15,1,63.89,1,59.15,1,hollow_concrete_block
Mixed,5,23.3,19.5,0.49,fly_ash,1,26.2,44.3,50,17.79,2.46,1.74,2087.9,6.36,0.662,68.5,63.21,1,38.5,0,28.13,0,22.76,0,100.0,1,74.3,1,67.78,1,87.24,1,53.07,0,71.97,1,60.83,1,52.53,0,hollow_concrete_block
Mixed,5,18.6,12.9,0.61,none,0,0.0,43.1,45,11.11,1.83,1.12,2137.3,6.05,0.773,73.2,56.05,1,33.79,0,20.09,0,16.0,0,100.0,1,70.96,1,61.38,1,86.84,1,45.67,0,68.9,1,55.41,1,45.94,0,hollow_concrete_block
PP,4,1.3,8.8,0.43,fly_ash,1,23.6,24.9,45,28.87,3.28,2.85,2321.4,2.39,0.973,98.1,95.69,1,62.43,1,48.23,0,37.48,0,100.0,1,65.93,1,85.87,1,85.51,1,73.49,1,65.63,1,48.28,0,86.86,1,hollow_concrete_block
Mixed,5,37.3,10.5,0.62,silica_fume,2,26.6,26.7,49,9.1,0.99,1.01,1935.2,5.19,0.457,67.5,53.92,0,31.61,0,16.71,0,12.61,0,100.0,1,80.67,1,42.13,0,88.6,1,47.13,0,86.03,1,77.85,1,44.02,0,hollow_concrete_block
PVC,3,24.8,7.6,0.4,none,0,0.0,53.6,29,11.62,1.74,1.01,2140.3,6.52,0.643,64.6,54.52,0,32.95,0,20.06,0,15.98,0,100.0,1,74.43,1,60.24,1,86.82,1,44.12,0,72.12,1,61.67,1,44.66,0,hollow_concrete_block
HDPE,1,39.3,5.2,0.38,fibres,3,22.1,65.1,29,11.23,2.2,0.92,1793.5,9.17,0.45,59.5,46.38,0,28.62,0,19.64,0,16.24,0,93.18,1,82.3,1,33.97,0,87.52,1,35.33,0,81.17,1,79.48,1,38.25,0,hollow_concrete_block
Mixed,5,30.4,6.7,0.62,fibres,3,8.3,23.8,47,5.74,1.21,0.73,1917.7,7.23,0.622,67.5,43.87,0,26.47,0,12.45,0,9.77,0,98.05,1,77.29,1,35.28,0,77.04,1,33.47,0,67.05,1,64.01,1,35.55,0,hollow_concrete_block
PVC,3,19.4,10.8,0.39,silica_fume,2,13.6,42.1,89,44.72,6.21,4.49,2161.8,4.45,0.665,96.1,88.49,1,67.28,1,65.71,1,54.71,0,100.0,1,73.55,1,98.8,1,86.65,1,75.0,1,73.93,1,60.34,1,84.36,1,hollow_concrete_block
Mixed,5,32.4,18.8,0.37,fibres,3,2.6,43.4,25,12.64,1.76,1.54,1924.9,7.81,0.468,58.8,51.04,0,31.18,0,20.45,0,16.45,0,96.34,1,80.78,1,45.07,0,88.7,1,40.75,0,80.51,1,76.67,1,42.08,0,hollow_concrete_block
LDPE,2,38.3,2.0,0.4,none,0,0.0,61.8,66,10.78,1.36,0.79,1823.1,9.18,0.339,65.8,46.75,0,28.98,0,17.08,0,13.65,0,93.16,1,81.94,1,36.49,0,87.18,1,34.71,0,85.42,1,85.97,1,38.56,0,hollow_concrete_block
HDPE,1,35.0,10.7,0.54,silica_fume,2,12.5,60.9,19,13.15,1.85,1.19,1948.2,5.7,0.476,54.3,56.09,1,33.2,0,22.45,0,17.79,0,100.0,1,80.53,1,46.43,0,88.48,1,50.28,0,83.6,1,75.69,1,46.1,0,hollow_concrete_block
PVC,3,13.9,9.2,0.54,silica_fume,2,5.7,21.3,32,17.39,2.54,1.64,2189.4,3.85,0.741,79.7,75.04,1,43.83,0,30.67,0,24.19,0,100.0,1,71.26,1,71.6,1,86.44,1,58.19,1,71.34,1,56.52,1,62.03,1,hollow_concrete_block
PP,4,25.8,8.5,0.45,silica_fume,2,14.6,60.0,70,27.17,3.36,2.97,1962.3,4.2,0.605,84.0,84.57,1,50.62,0,41.92,0,33.66,0,100.0,1,77.42,1,78.41,1,88.35,1,71.23,1,77.32,1,64.86,1,71.31,1,hollow_concrete_block
PP,4,17.8,6.4,0.39,silica_fume,2,5.2,35.6,64,25.23,3.63,2.31,2144.1,4.87,0.713,86.5,80.06,1,48.8,0,39.78,0,32.38,0,100.0,1,72.36,1,88.81,1,86.79,1,68.64,1,72.39,1,57.99,1,67.6,1,hollow_concrete_block
LDPE,2,38.8,15.5,0.36,silica_fume,2,8.5,77.4,82,21.76,3.23,2.17,1788.6,7.48,0.388,70.5,64.18,1,39.66,0,33.4,0,27.54,0,97.28,1,82.36,1,54.34,0,90.13,1,53.97,0,87.62,1,86.18,1,54.05,0,hollow_concrete_block
HDPE,1,28.5,6.1,0.64,fly_ash,1,4.8,27.0,43,6.55,1.21,0.71,1930.6,7.89,0.577,56.4,42.54,0,25.71,0,12.95,0,10.22,0,96.12,1,78.83,1,34.71,0,82.31,1,32.39,0,70.75,1,66.95,1,34.43,0,hollow_concrete_block
PP,4,5.1,5.6,0.41,none,0,0.0,59.9,47,24.34,3.53,2.51,2263.5,3.1,0.91,97.3,89.22,1,54.35,0,41.77,0,33.18,0,100.0,1,67.32,1,82.41,1,85.9,1,67.45,1,67.01,1,50.21,0,76.93,1,hollow_concrete_block
HDPE,1,14.9,11.0,0.4,silica_fume,2,3.6,21.5,66,25.87,3.49,2.93,2119.9,4.1,0.754,88.1,84.59,1,50.92,0,41.1,0,33.09,0,100.0,1,71.55,1,88.56,1,86.98,1,69.49,1,71.28,1,56.26,1,71.5,1,hollow_concrete_block
HDPE,1,37.9,18.6,0.4,silica_fume,2,19.4,37.7,40,13.47,1.82,1.37,1821.6,5.34,0.434,67.3,58.34,1,34.55,0,23.01,0,18.14,0,100.0,1,81.96,1,41.25,0,89.76,1,52.92,0,88.56,1,81.28,1,48.21,0,hollow_concrete_block
PP,4,26.7,16.1,0.57,fibres,3,10.2,26.7,64,14.23,1.82,1.37,1981.6,7.37,0.568,75.5,56.37,1,34.72,0,22.4,0,17.96,0,97.61,1,78.66,1,56.05,1,88.17,1,44.3,0,74.79,1,67.35,1,46.75,0,hollow_concrete_block
PET,0,5.6,11.2,0.44,fibres,3,18.5,33.2,48,26.15,3.36,2.62,2251.7,2.3,0.934,100.0,91.55,1,60.59,1,46.14,0,35.82,0,100.0,1,67.04,1,86.32,1,85.99,1,69.87,1,66.6,1,49.58,0,83.23,1,hollow_concrete_block
PET,0,13.1,12.4,0.41,fly_ash,1,23.4,66.0,28,21.76,3.04,1.98,2221.6,3.86,0.873,76.3,80.62,1,47.39,0,36.27,0,28.92,0,100.0,1,68.28,1,75.72,1,86.2,1,64.01,1,67.93,1,51.49,0,67.01,1,hollow_concrete_block
PET,0,3.3,17.1,0.55,none,0,0.0,78.6,53,19.72,2.45,2.09,2308.0,2.39,0.993,95.5,83.39,1,54.27,0,37.0,0,28.15,0,100.0,1,65.76,1,71.07,1,85.6,1,61.29,1,65.36,1,47.83,0,75.81,1,hollow_concrete_block
HDPE,1,19.6,12.3,0.5,none,0,0.0,74.5,49,16.08,1.96,1.33,2080.8,5.4,0.737,75.9,64.57,1,38.82,0,25.92,0,20.51,0,100.0,1,72.31,1,66.32,1,87.3,1,56.01,1,71.78,1,57.18,1,53.5,0,hollow_concrete_block
PVC,3,5.9,17.1,0.46,silica_fume,2,0.4,40.7,42,19.94,2.3,2.37,2289.0,3.32,0.87,92.8,83.54,1,49.42,0,33.72,0,26.16,0,100.0,1,67.8,1,72.1,1,85.73,1,61.59,1,67.71,1,51.32,0,70.07,1,hollow_concrete_block
PVC,3,35.0,2.2,0.57,fibres,3,22.2,44.9,59,9.11,1.41,0.84,2018.4,8.58,0.413,67.6,46.95,0,29.0,0,15.74,0,12.59,0,94.43,1,79.82,1,48.12,0,86.48,1,33.9,0,83.63,1,83.02,1,38.39,0,hollow_concrete_block
LDPE,2,6.6,14.7,0.62,fibres,3,4.2,55.2,14,10.56,2.11,1.03,2273.4,3.15,0.998,74.5,69.95,1,40.21,0,24.3,0,18.6,0,100.0,1,65.95,1,52.89,0,85.84,1,49.08,0,65.42,1,47.85,0,58.31,1,hollow_concrete_block
HDPE,1,8.3,9.8,0.61,silica_fume,2,2.0,77.6,51,17.32,1.94,1.23,2243.6,3.41,0.861,87.7,79.04,1,46.15,0,29.99,0,23.04,0,100.0,1,68.31,1,69.67,1,86.05,1,58.09,1,68.09,1,51.79,0,65.8,1,hollow_concrete_block
PET,0,0.3,13.0,0.43,fly_ash,1,16.7,62.6,20,26.11,3.58,2.71,2327.6,2.17,0.984,91.5,92.05,1,61.17,1,47.35,0,36.77,0,100.0,1,65.74,1,79.29,1,85.47,1,69.81,1,65.43,1,47.98,0,83.58,1,hollow_concrete_block
HDPE,1,7.4,7.9,0.52,none,0,0.0,69.4,41,19.56,3.09,1.98,2178.0,3.19,1.024,87.1,82.21,1,48.49,0,35.64,0,28.16,0,100.0,1,66.39,1,77.93,1,86.53,1,61.08,1,65.42,1,47.62,0,69.69,1,hollow_concrete_block
PP,4,12.2,11.4,0.49,none,0,0.0,67.5,22,13.74,2.36,1.42,2148.5,3.22,0.851,74.8,73.3,1,42.07,0,27.92,0,21.64,0,100.0,1,69.29,1,66.97,1,86.76,1,53.32,0,68.73,1,52.51,0,60.95,1,hollow_concrete_block
LDPE,2,12.0,13.0,0.54,none,0,0.0,59.2,39,14.03,1.59,1.35,2179.4,4.27,0.764,84.7,68.27,1,40.36,0,24.25,0,18.67,0,100.0,1,70.81,1,68.0,1,86.52,1,53.71,0,70.73,1,55.59,1,56.45,1,hollow_concrete_block
PVC,3,7.2,18.2,0.54,none,0,0.0,27.2,38,14.41,1.52,1.42,2282.6,3.36,0.96,85.9,75.88,1,43.85,0,26.15,0,19.73,0,100.0,1,66.41,1,61.57,1,85.77,1,54.21,0,66.01,1,48.76,0,62.66,1,hollow_concrete_block
PVC,3,39.8,1.8,0.57,fibres,3,17.0,72.1,83,11.52,1.28,1.32,1977.4,9.0,0.308,72.9,49.95,0,31.15,0,17.68,0,14.04,0,93.52,1,80.23,1,50.56,0,85.98,1,36.1,0,84.68,1,85.11,1,41.22,0,hollow_concrete_block
Mixed,5,19.0,14.0,0.39,none,0,0.0,70.7,23,11.51,1.43,1.22,2076.6,4.82,0.609,74.6,60.52,1,35.65,0,20.62,0,15.88,0,100.0,1,76.16,1,58.07,1,87.34,1,50.35,0,76.55,1,64.04,1,49.63,0,hollow_concrete_block
PP,4,2.3,6.7,0.61,fly_ash,1,10.7,23.2,49,18.42,3.46,1.64,2289.1,2.19,0.978,92.2,81.52,1,54.28,0,39.25,0,30.4,0,100.0,1,66.11,1,69.41,1,85.73,1,59.56,1,65.68,1,48.28,0,74.15,1,hollow_concrete_block
PVC,3,25.4,19.1,0.36,silica_fume,2,15.9,76.2,68,36.38,4.8,3.36,2054.8,3.59,0.593,86.2,93.08,1,60.81,1,55.81,1,45.27,0,100.0,1,76.95,1,90.3,1,87.52,1,75.0,1,77.36,1,65.21,1,86.33,1,hollow_concrete_block
HDPE,1,30.7,4.1,0.38,fly_ash,1,16.3,72.3,90,27.15,4.17,2.96,1913.2,6.81,0.511,77.0,74.39,1,46.04,0,41.49,0,34.44,0,99.47,1,80.91,1,73.08,1,88.82,1,63.61,1,79.21,1,72.42,1,62.95,1,hollow_concrete_block
LDPE,2,10.9,14.1,0.46,silica_fume,2,24.7,20.8,69,35.58,4.77,3.43,2182.5,2.12,0.847,100.0,96.17,1,69.8,1,60.08,1,47.47,0,100.0,1,69.07,1,97.68,1,86.49,1,75.0,1,68.66,1,52.5,0,94.18,1,hollow_concrete_block
LDPE,2,14.9,10.0,0.45,fly_ash,1,3.1,29.3,31,13.32,2.25,1.14,2088.4,4.83,0.736,78.9,63.5,1,37.66,0,24.47,0,19.47,0,100.0,1,72.27,1,63.03,1,87.24,1,52.76,0,71.95,1,57.19,1,52.31,0,hollow_concrete_block
HDPE,1,31.8,11.4,0.56,none,0,0.0,45.0,12,2.24,0.73,0.36,1863.0,7.13,0.607,46.4,36.44,0,21.26,0,7.81,0,5.79,0,66.84,1,58.37,1,20.13,0,54.26,0,29.17,0,56.5,1,61.47,1,28.87,0,hollow_concrete_block
PET,0,32.8,18.5,0.49,silica_fume,2,20.7,28.3,59,19.22,2.01,1.85,2025.0,5.03,0.438,69.4,68.92,1,41.16,0,29.55,0,23.29,0,100.0,1,79.75,1,65.9,1,87.78,1,60.63,1,87.06,1,79.67,1,57.34,1,hollow_concrete_block
PP,4,20.9,19.4,0.4,silica_fume,2,0.9,68.9,31,15.48,2.47,1.23,2080.4,5.67,0.741,72.5,62.47,1,37.63,0,26.36,0,21.27,0,100.0,1,72.22,1,64.42,1,87.3,1,53.56,0,70.96,1,57.0,1,51.69,0,hollow_concrete_block
HDPE,1,34.3,3.3,0.42,fly_ash,1,6.3,78.9,57,11.18,1.52,1.33,1846.4,8.02,0.477,54.6,47.67,0,29.0,0,18.31,0,14.62,0,95.78,1,81.66,1,35.95,0,89.45,1,38.18,0,80.07,1,76.15,1,39.18,0,hollow_concrete_block
Mixed,5,30.5,2.7,0.36,fibres,3,22.7,22.6,16,13.45,1.61,1.45,1966.1,7.99,0.563,68.0,53.26,0,32.84,0,20.81,0,16.63,0,95.86,1,79.03,1,51.72,0,88.31,1,41.3,0,74.28,1,67.8,1,44.06,0,hollow_concrete_block
PET,0,31.7,10.5,0.37,none,0,0.0,74.5,8,7.02,1.22,0.33,2061.9,7.27,0.587,53.7,44.9,0,26.94,0,13.74,0,10.78,0,97.93,1,77.11,1,44.18,0,84.26,1,35.04,0,72.01,1,65.59,1,36.25,0,hollow_concrete_block
PET,0,12.1,0.7,0.38,none,0,0.0,75.2,29,19.38,2.74,1.59,2206.8,4.45,0.827,86.3,74.66,1,44.85,0,32.22,0,25.75,0,100.0,1,69.25,1,75.37,1,86.31,1,60.84,1,69.01,1,53.08,0,62.44,1,hollow_concrete_block
PP,4,36.0,4.1,0.46,none,0,0.0,28.7,38,9.77,1.08,0.82,1832.9,7.55,0.544,55.7,46.6,0,28.14,0,16.0,0,12.47,0,97.08,1,81.33,1,32.92,0,89.64,1,37.75,0,76.65,1,70.03,1,38.16,0,hollow_concrete_block
PP,4,13.9,3.6,0.5,fly_ash,1,15.1,24.1,77,28.67,3.54,3.12,2216.1,3.97,0.83,91.4,89.83,1,54.44,0,44.24,0,35.52,0,100.0,1,69.11,1,91.5,1,86.24,1,73.23,1,68.9,1,52.94,0,76.22,1,hollow_concrete_block
PET,0,21.2,14.5,0.64,fly_ash,1,27.0,52.2,15,7.08,1.14,0.87,2126.3,6.28,0.599,55.4,47.83,0,28.35,0,14.18,0,10.94,0,100.0,1,76.07,1,49.31,0,84.13,1,39.16,0,73.08,1,64.47,1,38.58,0,hollow_concrete_block
HDPE,1,36.8,17.1,0.49,fly_ash,1,13.2,77.5,26,8.96,1.26,0.75,1862.8,8.84,0.491,48.6,42.95,0,26.15,0,15.13,0,12.03,0,93.85,1,81.47,1,31.88,0,87.43,1,33.06,0,78.09,1,74.62,1,35.01,0,hollow_concrete_block
LDPE,2,39.3,8.8,0.5,fibres,3,3.4,79.1,18,6.8,0.82,1.09,1763.6,9.92,0.412,40.8,37.16,0,22.56,0,11.54,0,8.99,0,91.8,1,82.68,1,21.79,0,81.88,1,27.88,0,81.66,1,84.59,1,30.04,0,hollow_concrete_block
PVC,3,4.4,3.2,0.58,silica_fume,2,16.7,22.4,44,27.79,3.93,2.95,2344.9,1.99,0.904,100.0,94.42,1,65.17,1,51.02,0,39.63,0,100.0,1,66.81,1,82.4,1,85.35,1,72.05,1,66.8,1,50.08,0,85.69,1,hollow_concrete_block
PVC,3,4.6,6.0,0.53,silica_fume,2,20.6,70.5,31,23.67,3.52,1.94,2319.7,1.44,1.014,100.0,88.74,1,69.19,1,50.99,0,38.21,0,100.0,1,65.39,1,77.33,1,85.52,1,66.56,1,64.98,1,47.29,0,80.61,1,hollow_concrete_block
PP,4,16.3,19.7,0.48,none,0,0.0,73.7,63,19.48,2.87,1.75,2163.2,5.73,0.775,89.7,69.45,1,43.04,0,31.31,0,25.42,0,100.0,1,70.7,1,79.52,1,86.64,1,58.55,1,69.47,1,55.21,1,58.69,1,hollow_concrete_block
Mixed,5,14.7,0.7,0.55,none,0,0.0,43.8,69,17.17,2.16,1.73,2179.3,4.49,0.806,87.5,71.31,1,42.86,0,28.51,0,22.46,0,100.0,1,69.9,1,73.96,1,86.52,1,57.89,1,69.64,1,53.95,0,59.61,1,hollow_concrete_block
Mixed,5,27.1,2.8,0.47,none,0,0.0,64.5,24,7.85,1.25,0.96,2016.4,7.34,0.533,62.0,46.54,0,28.16,0,14.61,0,11.48,0,97.71,1,79.84,1,44.44,0,87.85,1,35.9,0,76.5,1,69.95,1,37.82,0,hollow_concrete_block
PET,0,14.5,4.4,0.41,fibres,3,3.7,70.3,66,25.82,3.28,2.46,2181.1,4.39,0.772,94.5,83.36,1,51.15,0,40.09,0,32.25,0,100.0,1,70.61,1,90.04,1,86.51,1,69.43,1,70.51,1,55.26,1,70.69,1,hollow_concrete_block
LDPE,2,30.6,15.4,0.53,fibres,3,10.7,60.0,54,11.94,1.2,1.42,1887.3,7.48,0.563,69.5,51.69,0,31.64,0,18.51,0,14.49,0,97.28,1,79.88,1,43.96,0,89.07,1,40.88,0,75.42,1,68.23,1,42.68,0,hollow_concrete_block
PVC,3,20.5,3.4,0.49,none,0,0.0,35.0,66,19.52,2.88,1.78,2220.6,5.77,0.685,83.4,69.81,1,42.71,0,31.34,0,25.46,0,100.0,1,72.48,1,73.88,1,86.21,1,58.38,1,71.83,1,59.04,1,58.24,1,hollow_concrete_block
HDPE,1,25.1,3.1,0.38,none,0,0.0,69.8,66,21.6,3.14,2.66,1992.9,6.39,0.629,81.5,69.09,1,42.5,0,33.62,0,27.52,0,100.0,1,76.27,1,70.68,1,88.06,1,58.01,1,73.66,1,63.19,1,57.98,1,hollow_concrete_block
Mixed,5,1.1,4.0,0.53,silica_fume,2,4.6,57.3,15,11.67,1.04,1.05,2287.2,1.83,1.009,86.9,72.5,1,51.57,0,28.84,0,20.05,0,100.0,1,65.7,1,56.93,1,85.74,1,50.56,0,65.18,1,47.53,0,65.7,1,hollow_concrete_block
PET,0,26.4,10.6,0.5,fibres,3,6.1,59.7,65,15.66,2.21,1.74,2043.1,7.08,0.645,78.7,59.68,1,36.78,0,24.95,0,20.19,0,98.54,1,75.25,1,63.64,1,87.62,1,47.25,0,71.55,1,62.0,1,49.59,0,hollow_concrete_block
PP,4,10.5,7.2,0.61,none,0,0.0,77.2,7,9.36,1.97,0.87,2201.6,3.72,0.843,75.8,64.86,1,37.0,0,21.45,0,16.57,0,100.0,1,68.99,1,56.35,1,86.35,1,47.48,0,68.67,1,52.55,0,52.75,0,hollow_concrete_block
PVC,3,35.2,2.8,0.49,fibres,3,13.3,22.2,25,6.32,0.63,0.91,2046.2,8.19,0.515,58.2,42.85,0,26.08,0,11.15,0,8.43,0,95.35,1,79.55,1,43.04,0,79.26,1,31.22,0,72.33,1,71.38,1,34.59,0,hollow_concrete_block
PP,4,26.4,15.7,0.62,fly_ash,1,14.7,28.1,52,15.13,2.14,1.72,2047.8,6.99,0.606,67.5,57.83,1,35.36,0,24.29,0,19.62,0,98.84,1,76.54,1,60.22,1,87.58,1,46.88,0,73.27,1,64.37,1,47.88,0,hollow_concrete_block
PVC,3,30.6,11.6,0.5,fibres,3,14.3,71.3,67,15.0,2.82,1.54,2051.1,7.17,0.596,78.1,58.61,1,36.13,0,25.77,0,21.28,0,98.25,1,76.87,1,62.96,1,87.55,1,46.03,0,73.4,1,65.02,1,48.63,0,hollow_concrete_block
PET,0,15.7,10.1,0.64,silica_fume,2,23.0,37.1,10,11.01,1.71,0.8,2203.3,3.08,0.85,74.1,69.98,1,40.5,0,23.94,0,17.99,0,100.0,1,68.84,1,58.54,1,86.34,1,49.68,0,68.51,1,52.31,0,59.02,1,hollow_concrete_block
PET,0,23.6,3.0,0.46,none,0,0.0,65.9,83,19.67,2.49,1.7,2161.2,6.87,0.662,86.4,66.79,1,41.72,0,29.78,0,24.12,0,99.26,1,73.65,1,79.14,1,86.66,1,53.4,0,70.69,1,60.51,1,56.22,1,hollow_concrete_block
LDPE,2,15.2,8.8,0.65,fibres,3,10.5,59.7,34,11.54,1.59,1.09,2123.3,4.12,0.785,77.6,64.79,1,37.61,0,21.99,0,16.86,0,100.0,1,70.82,1,62.22,1,86.95,1,50.39,0,70.43,1,54.99,0,53.06,0,hollow_concrete_block
HDPE,1,25.9,12.1,0.62,none,0,0.0,72.1,17,7.9,1.13,0.76,1963.9,6.69,0.648,52.0,46.33,0,27.52,0,14.71,0,11.4,0,99.91,1,75.94,1,38.21,0,88.33,1,38.44,0,72.51,1,62.22,1,37.55,0,hollow_concrete_block
LDPE,2,6.8,11.0,0.36,fibres,3,17.0,74.1,37,24.92,3.56,2.35,2235.1,3.32,0.841,100.0,89.78,1,54.11,0,41.85,0,33.39,0,100.0,1,68.75,1,85.45,1,86.11,1,68.23,1,68.57,1,52.49,0,75.76,1,hollow_concrete_block
PET,0,27.8,12.0,0.65,fibres,3,17.1,39.3,15,5.5,1.09,1.02,2054.5,7.22,0.547,63.3,44.07,0,26.56,0,11.92,0,9.26,0,98.08,1,78.84,1,43.58,0,74.19,1,33.19,0,69.05,1,68.61,1,35.53,0,hollow_concrete_block
PVC,3,4.0,13.7,0.45,silica_fume,2,5.0,38.0,58,27.39,3.98,2.56,2305.8,2.04,0.981,99.1,93.6,1,64.05,1,50.41,0,39.27,0,100.0,1,65.94,1,84.52,1,85.61,1,71.52,1,65.56,1,48.14,0,85.0,1,hollow_concrete_block
HDPE,1,19.9,17.0,0.59,fly_ash,1,8.6,22.9,76,19.85,2.68,1.96,2077.8,5.28,0.712,85.8,70.8,1,43.15,0,31.6,0,25.43,0,100.0,1,72.98,1,74.93,1,87.33,1,61.47,1,72.74,1,58.33,1,59.44,1,hollow_concrete_block
PVC,3,32.2,12.7,0.64,none,0,0.0,55.5,37,6.22,1.22,0.92,2019.6,7.21,0.532,51.6,43.38,0,25.89,0,12.97,0,10.17,0,98.12,1,79.81,1,39.28,0,79.29,1,34.18,0,72.47,1,70.02,1,34.92,0,hollow_concrete_block
PET,0,22.7,10.9,0.48,silica_fume,2,23.9,59.1,41,24.93,3.5,2.33,2095.4,4.09,0.631,82.7,83.21,1,49.5,0,40.2,0,32.39,0,100.0,1,75.22,1,83.86,1,87.18,1,68.24,1,75.54,1,62.58,1,69.69,1,hollow_concrete_block
PP,4,32.2,8.9,0.51,fly_ash,1,12.4,35.1,68,16.76,2.2,1.67,1884.2,8.07,0.547,65.8,56.67,1,35.01,0,25.56,0,20.76,0,95.65,1,80.6,1,50.82,0,88.93,1,45.48,0,75.49,1,69.49,1,47.25,0,hollow_concrete_block
PVC,3,26.9,11.2,0.61,fly_ash,1,17.3,32.8,62,15.08,2.0,1.21,2102.2,7.6,0.552,65.7,56.8,1,34.96,0,23.59,0,19.04,0,96.93,1,78.18,1,63.57,1,87.12,1,44.67,0,74.66,1,67.99,1,46.99,0,hollow_concrete_block
LDPE,2,37.5,10.9,0.53,fibres,3,28.0,63.6,10,3.97,0.77,0.49,1809.0,8.38,0.442,51.4,36.86,0,22.12,0,9.08,0,6.93,0,81.48,1,73.58,1,20.44,0,65.46,1,27.57,0,70.77,1,80.35,1,29.54,0,hollow_concrete_block
PP,4,8.0,9.5,0.42,silica_fume,2,25.3,44.6,11,20.11,3.08,1.76,2188.4,2.7,0.849,97.2,83.02,1,52.25,0,37.69,0,29.41,0,100.0,1,68.98,1,80.7,1,86.45,1,61.81,1,68.59,1,52.41,0,75.28,1,hollow_concrete_block
Mixed,5,8.1,8.5,0.6,fly_ash,1,7.7,56.1,54,17.65,2.42,1.85,2222.2,3.51,0.859,84.5,78.48,1,45.68,0,31.3,0,24.45,0,100.0,1,68.52,1,70.93,1,86.2,1,58.53,1,68.23,1,51.94,0,65.06,1,hollow_concrete_block
HDPE,1,4.5,4.2,0.42,silica_fume,2,13.9,53.6,58,41.78,5.77,4.15,2251.1,2.67,0.976,100.0,96.67,1,71.57,1,66.19,1,53.5,0,100.0,1,66.43,1,92.78,1,85.99,1,75.0,1,65.87,1,48.47,0,96.81,1,hollow_concrete_block
PVC,3,25.9,1.2,0.4,fly_ash,1,0.9,67.4,38,13.9,1.43,1.78,2102.1,6.36,0.632,71.8,58.53,1,35.55,0,21.67,0,16.98,0,100.0,1,75.13,1,63.16,1,87.13,1,47.88,0,73.04,1,62.49,1,48.3,0,hollow_concrete_block
Mixed,5,22.0,13.1,0.36,fibres,3,23.5,23.3,13,12.74,2.17,1.49,2042.7,5.69,0.718,70.3,58.21,1,34.86,0,22.85,0,18.33,0,100.0,1,73.15,1,56.59,1,87.62,1,49.79,0,71.79,1,58.22,1,47.91,0,hollow_concrete_block
LDPE,2,24.1,17.4,0.62,fibres,3,26.9,60.3,14,6.9,0.54,0.59,1996.4,6.19,0.611,66.8,48.24,0,28.72,0,12.56,0,9.23,0,100.0,1,76.86,1,42.66,0,84.03,1,39.36,0,72.8,1,64.3,1,39.13,0,hollow_concrete_block
PVC,3,37.7,14.6,0.39,none,0,0.0,54.3,67,17.67,3.03,1.53,2039.3,8.63,0.441,63.0,57.89,1,35.98,0,28.33,0,23.56,0,94.31,1,79.61,1,62.7,1,86.19,1,45.19,0,81.01,1,79.23,1,48.21,0,hollow_concrete_block
PET,0,20.9,16.7,0.63,silica_fume,2,14.9,25.4,79,24.87,3.78,2.51,2133.0,3.52,0.642,82.2,87.33,1,51.17,0,41.9,0,33.68,0,100.0,1,74.52,1,86.31,1,86.88,1,68.16,1,74.92,1,61.76,1,72.93,1,hollow_concrete_block
PET,0,30.9,6.6,0.6,fibres,3,24.2,64.6,57,12.18,1.35,1.16,2091.4,8.04,0.535,73.9,53.13,0,32.91,0,18.87,0,14.94,0,95.73,1,79.05,1,60.06,1,87.11,1,39.46,0,75.06,1,69.42,1,43.78,0,hollow_concrete_block
HDPE,1,5.8,3.9,0.64,fibres,3,12.3,71.8,10,12.47,1.9,1.18,2226.6,3.2,0.954,81.1,72.95,1,42.05,0,25.55,0,19.45,0,100.0,1,66.94,1,61.11,1,86.17,1,51.63,0,66.35,1,49.14,0,60.69,1,hollow_concrete_block
PVC,3,21.3,14.1,0.38,fibres,3,14.2,34.8,38,19.1,2.57,1.87,2073.0,5.75,0.729,79.6,67.86,1,41.27,0,30.16,0,24.32,0,100.0,1,72.59,1,71.74,1,87.37,1,57.93,1,71.15,1,57.57,1,56.59,1,hollow_concrete_block
HDPE,1,14.5,14.5,0.6,none,0,0.0,58.7,80,19.21,2.46,1.99,2142.0,4.23,0.849,91.4,75.12,1,45.34,0,31.66,0,25.05,0,100.0,1,69.38,1,79.88,1,86.81,1,60.61,1,68.81,1,52.61,0,63.24,1,hollow_concrete_block
PET,0,33.7,13.4,0.63,fly_ash,1,7.6,43.1,84,12.65,1.92,1.37,2042.4,7.39,0.545,64.2,53.31,0,32.58,0,21.06,0,16.99,0,97.55,1,79.05,1,54.86,0,87.63,1,42.13,0,75.63,1,68.83,1,43.89,0,hollow_concrete_block
Mixed,5,14.5,16.3,0.39,fly_ash,1,25.7,43.3,53,27.7,4.67,2.83,2157.2,3.73,0.852,82.8,89.72,1,53.14,0,46.52,0,38.02,0,100.0,1,69.19,1,91.88,1,86.69,1,71.93,1,68.67,1,52.44,0,75.24,1,hollow_concrete_block
LDPE,2,12.0,18.8,0.58,silica_fume,2,6.3,73.4,59,18.68,2.52,2.15,2201.6,3.57,0.835,87.2,79.23,1,46.53,0,32.45,0,25.45,0,100.0,1,69.14,1,74.81,1,86.35,1,59.91,1,68.85,1,52.83,0,66.1,1,hollow_concrete_block
Mixed,5,12.7,16.3,0.54,none,0,0.0,36.4,13,9.36,1.33,1.13,2220.3,4.48,0.791,74.7,60.3,1,35.17,0,18.64,0,14.17,0,100.0,1,69.87,1,54.73,0,86.21,1,47.48,0,69.84,1,54.35,0,49.07,0,hollow_concrete_block
PVC,3,18.8,8.6,0.6,fibres,3,26.3,69.2,23,9.9,1.06,0.91,2173.9,5.75,0.709,75.9,55.89,1,33.54,0,17.19,0,13.14,0,100.0,1,72.21,1,59.25,1,86.56,1,45.66,0,71.29,1,58.05,1,45.67,0,hollow_concrete_block
Mixed,5,10.4,1.8,0.48,silica_fume,2,13.6,21.6,9,15.37,2.19,1.57,2247.6,3.23,0.814,80.8,76.94,1,44.49,0,29.1,0,22.44,0,100.0,1,69.18,1,64.36,1,86.02,1,55.49,1,69.15,1,53.38,0,64.02,1,hollow_concrete_block
Mixed,5,25.7,12.8,0.59,fly_ash,1,0.1,32.0,42,8.38,1.38,1.13,2019.3,6.53,0.688,65.6,49.4,0,29.65,0,15.91,0,12.49,0,100.0,1,74.19,1,46.45,0,87.83,1,39.76,0,71.07,1,59.79,1,40.22,0,hollow_concrete_block
LDPE,2,23.0,2.7,0.42,fly_ash,1,25.4,61.1,43,19.98,2.44,2.13,1993.2,5.69,0.638,70.9,67.57,1,40.87,0,30.77,0,24.68,0,100.0,1,75.97,1,65.28,1,88.06,1,59.45,1,74.84,1,62.65,1,56.4,1,hollow_concrete_block
PVC,3,19.1,14.8,0.43,silica_fume,2,24.0,31.9,56,30.04,3.77,3.2,2202.4,2.48,0.762,90.5,96.31,1,61.51,1,50.22,0,39.47,0,100.0,1,70.66,1,94.46,1,86.35,1,75.0,1,70.68,1,55.58,1,87.64,1,hollow_concrete_block
LDPE,2,7.3,17.6,0.63,fly_ash,1,0.6,21.4,74,20.04,2.79,2.01,2240.1,3.8,0.829,96.4,79.63,1,48.08,0,34.03,0,26.97,0,100.0,1,68.94,1,76.68,1,86.07,1,61.72,1,68.82,1,52.88,0,66.89,1,hollow_concrete_block
Mixed,5,24.5,5.0,0.38,fibres,3,5.9,62.1,24,15.51,2.39,2.02,2027.9,6.79,0.627,73.1,59.29,1,36.29,0,25.41,0,20.65,0,99.55,1,75.99,1,60.87,1,87.75,1,48.17,0,72.82,1,63.14,1,49.19,0,hollow_concrete_block
PET,0,16.0,8.9,0.43,none,0,0.0,77.5,24,13.98,1.84,1.66,2180.1,4.31,0.734,77.0,67.32,1,39.5,0,24.77,0,19.26,0,100.0,1,71.51,1,65.89,1,86.51,1,53.64,0,71.58,1,56.87,1,55.37,1,hollow_concrete_block
PP,4,4.7,14.5,0.48,fibres,3,24.8,49.6,31,20.22,2.86,2.29,2241.3,2.67,0.915,100.0,83.56,1,53.04,0,37.36,0,28.97,0,100.0,1,67.42,1,77.18,1,86.06,1,61.96,1,67.0,1,50.15,0,76.02,1,hollow_concrete_block
Mixed,5,8.1,18.9,0.59,silica_fume,2,8.6,49.7,19,13.76,2.13,1.29,2252.9,2.85,0.832,82.2,75.0,1,44.92,0,28.44,0,21.65,0,100.0,1,68.78,1,61.66,1,85.98,1,53.35,0,68.7,1,52.72,0,65.57,1,hollow_concrete_block
PVC,3,34.3,12.2,0.65,silica_fume,2,21.8,31.4,26,9.12,1.23,0.92,2026.4,4.73,0.549,54.5,54.92,0,31.6,0,17.83,0,13.54,0,100.0,1,79.03,1,45.35,0,87.77,1,47.16,0,79.67,1,68.59,1,44.58,0,hollow_concrete_block
PVC,3,31.7,1.1,0.64,fly_ash,1,18.5,74.4,50,10.14,2.25,0.81,2008.2,8.0,0.421,57.1,47.82,0,29.17,0,19.1,0,15.76,0,95.83,1,79.92,1,46.41,0,87.93,1,36.85,0,83.63,1,81.97,1,39.08,0,hollow_concrete_block
PP,4,27.4,9.4,0.35,fly_ash,1,26.1,78.5,53,27.18,3.34,2.32,1909.1,7.29,0.645,71.0,72.7,1,45.09,0,39.19,0,32.1,0,97.86,1,76.62,1,71.3,1,88.86,1,61.85,1,71.95,1,62.69,1,61.53,1,hollow_concrete_block
Mixed,5,8.5,8.0,0.48,silica_fume,2,2.2,53.4,9,12.16,2.12,1.57,2236.4,2.45,0.831,77.9,72.22,1,45.35,0,28.34,0,21.23,0,100.0,1,68.93,1,59.07,1,86.1,1,51.21,0,68.79,1,52.82,0,65.02,1,hollow_concrete_block
LDPE,2,37.2,9.7,0.46,none,0,0.0,20.3,67,11.46,1.55,1.37,1856.3,8.63,0.497,62.7,48.22,0,29.71,0,18.42,0,14.78,0,94.31,1,81.55,1,39.2,0,87.93,1,36.91,0,77.96,1,74.06,1,39.76,0,hollow_concrete_block
PP,4,15.2,19.6,0.55,fly_ash,1,29.0,53.6,77,25.32,3.82,2.55,2192.1,4.16,0.746,88.0,84.04,1,50.66,0,41.28,0,33.49,0,100.0,1,71.12,1,86.76,1,86.42,1,68.76,1,71.18,1,56.3,1,70.93,1,hollow_concrete_block
HDPE,1,10.4,10.3,0.63,fibres,3,4.0,39.0,70,20.45,3.24,2.04,2162.8,4.21,0.882,85.8,77.04,1,46.02,0,34.88,0,28.11,0,100.0,1,68.61,1,80.17,1,86.65,1,62.27,1,68.0,1,51.46,0,64.46,1,hollow_concrete_block
PVC,3,5.7,2.8,0.36,fly_ash,1,15.0,78.4,38,28.83,3.56,2.75,2268.8,3.35,0.92,89.9,95.1,1,56.56,1,45.69,0,36.39,0,100.0,1,67.12,1,87.62,1,85.87,1,73.44,1,66.79,1,49.9,0,80.41,1,hollow_concrete_block
Mixed,5,14.4,8.9,0.62,silica_fume,2,18.4,65.7,36,19.16,2.25,1.98,2145.6,2.76,0.809,85.7,81.44,1,49.81,0,34.45,0,26.34,0,100.0,1,70.12,1,78.59,1,86.78,1,60.55,1,69.72,1,53.99,0,72.79,1,hollow_concrete_block
PP,4,12.5,17.9,0.44,fibres,3,22.9,29.1,87,33.2,4.62,3.38,2156.2,4.32,0.834,100.0,89.12,1,58.02,1,50.92,0,41.61,0,100.0,1,69.54,1,99.56,1,86.7,1,75.0,1,69.08,1,53.05,0,79.71,1,hollow_concrete_block
Mixed,5,31.9,1.5,0.39,fly_ash,1,5.5,48.2,23,7.84,1.2,0.86,1930.8,7.23,0.595,58.4,45.67,0,27.47,0,14.53,0,11.37,0,98.05,1,78.13,1,37.38,0,88.65,1,36.27,0,74.0,1,65.69,1,37.12,0,hollow_concrete_block
Mixed,5,18.7,2.8,0.62,fibres,3,1.2,41.4,74,15.56,1.84,1.39,2155.3,5.42,0.692,83.3,65.16,1,39.43,0,25.08,0,19.78,0,100.0,1,72.83,1,71.91,1,86.7,1,55.19,1,72.78,1,58.96,1,54.03,0,hollow_concrete_block
PVC,3,18.3,2.7,0.57,fly_ash,1,3.7,25.6,39,11.39,2.04,1.41,2162.2,5.04,0.595,68.2,59.31,1,35.01,0,21.78,0,17.28,0,100.0,1,75.91,1,60.6,1,86.65,1,50.19,0,76.76,1,64.59,1,48.5,0,hollow_concrete_block
HDPE,1,33.4,15.1,0.6,fly_ash,1,17.5,78.3,70,12.09,1.73,1.14,1845.4,7.9,0.524,64.5,50.27,0,30.8,0,19.79,0,15.92,0,96.1,1,81.68,1,39.93,0,89.51,1,39.75,0,77.22,1,71.64,1,41.51,0,hollow_concrete_block
PP,4,7.2,18.4,0.42,fibres,3,20.3,73.2,6,9.9,1.35,0.71,2273.0,3.61,0.847,88.4,67.74,1,39.35,0,20.66,0,15.46,0,100.0,1,68.34,1,55.38,1,85.84,1,48.2,0,68.28,1,52.13,0,55.83,1,hollow_concrete_block
LDPE,2,27.3,13.8,0.47,none,0,0.0,70.2,22,8.21,0.5,0.89,1951.4,7.3,0.536,57.9,46.12,0,27.79,0,13.11,0,9.77,0,97.83,1,80.37,1,39.34,0,88.45,1,36.52,0,76.74,1,70.03,1,37.51,0,hollow_concrete_block
PET,0,3.2,16.7,0.55,fibres,3,18.9,36.2,87,28.66,3.71,2.63,2348.8,2.3,0.958,100.0,95.61,1,63.22,1,49.53,0,38.71,0,100.0,1,65.95,1,83.57,1,85.33,1,73.21,1,65.78,1,48.57,0,86.75,1,hollow_concrete_block
PET,0,13.2,1.4,0.54,fibres,3,9.7,63.9,75,22.09,3.04,2.33,2185.7,4.7,0.76,93.9,76.92,1,47.32,0,35.36,0,28.48,0,100.0,1,70.84,1,83.34,1,86.47,1,64.45,1,70.81,1,55.73,1,65.03,1,hollow_concrete_block
HDPE,1,8.5,1.4,0.54,silica_fume,2,23.9,64.6,73,36.48,4.91,3.66,2222.4,2.17,0.753,100.0,96.46,1,70.34,1,61.04,1,48.38,0,100.0,1,70.71,1,94.83,1,86.2,1,75.0,1,70.85,1,55.87,1,95.47,1,hollow_concrete_block
PP,4,15.3,8.3,0.4,fibres,3,2.7,71.1,23,16.08,2.56,1.43,2121.6,4.87,0.805,71.8,66.39,1,39.44,0,27.96,0,22.41,0,100.0,1,70.42,1,68.18,1,86.97,1,56.44,1,69.93,1,54.24,0,54.87,0,hollow_concrete_block
PVC,3,31.2,6.1,0.58,fly_ash,1,3.6,49.5,58,9.97,1.3,1.14,2128.6,7.52,0.462,63.8,50.09,0,30.58,0,16.77,0,13.22,0,97.16,1,78.79,1,56.45,1,86.91,1,38.12,0,80.29,1,76.34,1,40.89,0,hollow_concrete_block
Mixed,5,32.3,6.5,0.56,fly_ash,1,10.8,25.8,50,13.18,1.88,1.14,1975.0,8.08,0.464,60.6,51.92,0,31.89,0,21.18,0,17.12,0,95.63,1,80.25,1,50.01,0,88.03,1,40.68,0,80.19,1,76.85,1,42.85,0,hollow_concrete_block
PP,4,8.0,9.2,0.47,silica_fume,2,16.9,45.4,57,35.74,5.36,3.56,2223.7,2.77,0.819,100.0,96.47,1,65.72,1,58.77,1,47.51,0,100.0,1,69.27,1,94.74,1,86.19,1,75.0,1,69.13,1,53.3,0,93.47,1,hollow_concrete_block
LDPE,2,24.6,9.0,0.48,none,0,0.0,50.8,62,13.39,2.19,1.29,2036.3,6.62,0.57,79.0,57.62,1,35.22,0,22.89,0,18.52,0,100.0,1,78.04,1,59.45,1,87.68,1,46.05,0,75.63,1,66.93,1,47.65,0,hollow_concrete_block
Mixed,5,9.0,13.9,0.4,fibres,3,15.8,58.8,13,17.17,2.67,1.56,2228.3,3.68,0.83,94.1,76.57,1,45.69,0,31.09,0,24.55,0,100.0,1,69.02,1,72.15,1,86.16,1,57.89,1,68.85,1,52.89,0,64.07,1,hollow_concrete_block
LDPE,2,18.7,2.0,0.59,silica_fume,2,4.5,27.7,41,13.6,1.09,1.43,2072.1,4.85,0.701,76.8,63.41,1,37.58,0,21.82,0,16.58,0,100.0,1,73.32,1,61.79,1,87.37,1,53.13,0,73.12,1,58.89,1,52.25,0,hollow_concrete_block
HDPE,1,20.9,6.3,0.36,none,0,0.0,75.0,68,26.82,3.84,2.61,2058.2,5.77,0.646,86.3,78.34,1,48.43,0,41.04,0,33.7,0,100.0,1,75.07,1,85.27,1,87.49,1,68.11,1,74.0,1,61.87,1,66.47,1,hollow_concrete_block
PET,0,20.4,8.6,0.49,silica_fume,2,10.7,55.1,67,27.69,4.34,3.02,2131.5,4.79,0.646,88.4,83.59,1,51.16,0,44.11,0,36.24,0,100.0,1,74.41,1,92.5,1,86.89,1,71.92,1,74.78,1,61.53,1,70.97,1,hollow_concrete_block
PET,0,4.6,13.4,0.4,fly_ash,1,25.3,22.7,56,35.42,4.65,3.6,2225.1,2.13,0.922,99.5,96.48,1,69.74,1,59.56,1,46.99,0,100.0,1,67.44,1,94.64,1,86.18,1,75.0,1,66.94,1,50.02,0,94.22,1,hollow_concrete_block
Mixed,5,11.9,12.0,0.49,fibres,3,18.7,35.9,26,13.85,1.47,1.22,2213.0,4.37,0.821,91.6,67.74,1,40.81,0,23.63,0,18.12,0,100.0,1,69.32,1,67.07,1,86.27,1,53.47,0,69.13,1,53.27,0,56.57,1,hollow_concrete_block
HDPE,1,7.4,15.1,0.53,none,0,0.0,46.0,5,9.65,1.13,0.91,2205.1,3.29,0.945,78.8,68.75,1,38.96,0,20.58,0,15.08,0,100.0,1,67.25,1,57.35,1,86.33,1,47.87,0,66.61,1,49.47,0,56.26,1,hollow_concrete_block
PET,0,15.8,0.8,0.55,fibres,3,20.8,72.1,80,25.5,3.48,2.82,2190.9,5.43,0.762,100.0,78.65,1,49.7,0,39.11,0,31.88,0,100.0,1,70.76,1,89.58,1,86.43,1,68.38,1,70.47,1,55.62,1,66.86,1,hollow_concrete_block
Mixed,5,19.5,12.6,0.64,silica_fume,2,20.7,77.8,89,28.88,3.99,2.93,2144.9,3.25,0.641,100.0,94.39,1,57.31,1,47.06,0,37.72,0,100.0,1,74.45,1,97.77,1,86.78,1,73.51,1,74.91,1,61.77,1,80.56,1,hollow_concrete_block
PVC,3,32.2,2.2,0.39,fly_ash,1,3.4,21.0,27,10.35,1.5,1.27,2025.8,7.39,0.53,52.4,48.69,0,29.4,0,17.71,0,14.08,0,97.55,1,79.75,1,46.81,0,87.77,1,39.06,0,76.54,1,70.16,1,39.73,0,hollow_concrete_block
PET,0,8.4,13.1,0.54,fibres,3,25.3,71.5,71,24.8,3.55,2.43,2222.2,4.15,0.879,100.0,83.62,1,51.53,0,40.1,0,32.37,0,100.0,1,68.17,1,86.18,1,86.2,1,68.07,1,67.8,1,51.3,0,70.73,1,hollow_concrete_block
HDPE,1,3.4,15.5,0.39,fibres,3,0.7,30.0,22,18.18,2.28,1.87,2296.3,2.14,1.022,89.3,81.25,1,54.26,0,36.34,0,27.23,0,100.0,1,65.47,1,67.75,1,85.68,1,59.24,1,64.95,1,47.19,0,73.82,1,hollow_concrete_block
Mixed,5,28.1,19.3,0.49,fibres,3,17.6,32.1,75,15.07,2.51,1.41,1980.5,6.35,0.666,79.0,60.09,1,36.64,0,25.54,0,20.78,0,100.0,1,75.22,1,58.27,1,88.18,1,49.49,0,72.39,1,61.13,1,49.88,0,hollow_concrete_block
PVC,3,2.0,0.7,0.54,fibres,3,29.4,70.9,77,28.34,4.24,2.92,2329.2,1.68,0.93,100.0,95.04,1,69.27,1,54.81,0,42.28,0,100.0,1,66.51,1,84.43,1,85.46,1,72.79,1,66.36,1,49.39,0,86.27,1,hollow_concrete_block
PP,4,29.2,20.0,0.36,fibres,3,14.6,55.5,81,23.93,3.41,2.53,1956.9,6.77,0.672,88.1,71.17,1,44.59,0,36.39,0,29.92,0,99.62,1,75.28,1,73.68,1,88.4,1,59.48,1,71.53,1,60.93,1,60.62,1,hollow_concrete_block
Mixed,5,36.2,17.4,0.42,none,0,0.0,51.7,57,12.29,2.05,1.7,1854.3,8.43,0.338,61.6,49.45,0,30.42,0,20.58,0,16.8,0,94.77,1,81.57,1,40.16,0,88.39,1,38.53,0,85.99,1,85.79,1,40.84,0,hollow_concrete_block
PP,4,12.6,1.7,0.62,fibres,3,26.7,27.0,82,21.77,3.04,2.05,2106.4,4.42,0.884,100.0,77.25,1,47.77,0,35.4,0,28.43,0,100.0,1,69.07,1,83.17,1,87.09,1,64.03,1,68.23,1,51.64,0,65.31,1,hollow_concrete_block
Mixed,5,13.9,14.1,0.36,silica_fume,2,21.8,48.2,59,41.24,5.3,4.22,2164.4,2.4,0.753,99.9,96.03,1,72.35,1,65.6,1,52.46,0,100.0,1,71.19,1,98.97,1,86.63,1,75.0,1,71.1,1,56.11,1,96.39,1,hollow_concrete_block
HDPE,1,20.3,12.0,0.56,fibres,3,3.9,37.6,52,15.85,1.83,1.51,2066.6,5.21,0.785,73.8,64.58,1,38.62,0,25.54,0,20.09,0,100.0,1,71.34,1,64.38,1,87.42,1,56.13,1,70.71,1,55.25,1,53.45,0,hollow_concrete_block
PVC,3,33.3,13.6,0.57,fibres,3,24.0,70.7,82,13.4,1.58,1.7,2050.2,7.62,0.556,80.1,55.89,1,34.61,0,20.85,0,16.6,0,96.87,1,78.49,1,60.74,1,87.56,1,42.36,0,74.68,1,67.92,1,46.27,0,hollow_concrete_block
HDPE,1,11.3,15.1,0.55,fly_ash,1,5.2,29.4,65,21.24,2.87,1.97,2203.1,3.82,0.921,85.6,80.82,1,47.84,0,35.4,0,28.1,0,100.0,1,67.63,1,78.56,1,86.34,1,63.32,1,67.06,1,50.14,0,67.54,1,hollow_concrete_block
PET,0,31.7,18.9,0.5,fly_ash,1,6.3,22.8,5,8.64,1.18,0.92,2067.5,7.45,0.568,40.3,45.14,0,26.95,0,15.17,0,11.88,0,97.37,1,77.82,1,43.84,0,87.41,1,36.58,0,74.23,1,66.93,1,36.47,0,hollow_concrete_block
LDPE,2,35.2,7.5,0.4,none,0,0.0,68.4,46,10.58,1.2,0.81,1840.2,8.49,0.507,60.3,46.83,0,28.72,0,16.72,0,13.2,0,94.63,1,81.74,1,35.97,0,88.41,1,36.09,0,77.57,1,73.21,1,38.5,0,hollow_concrete_block
PVC,3,4.6,4.9,0.52,fibres,3,7.7,40.4,48,20.1,2.92,2.03,2334.4,3.14,0.933,94.4,84.09,1,50.63,0,35.89,0,28.2,0,100.0,1,66.43,1,69.53,1,85.42,1,61.8,1,66.29,1,49.29,0,71.88,1,hollow_concrete_block
PET,0,30.8,11.4,0.62,none,0,0.0,62.4,59,9.73,1.2,0.91,2059.3,7.83,0.535,62.2,48.54,0,29.67,0,16.14,0,12.68,0,96.29,1,79.35,1,50.69,0,87.48,1,36.81,0,75.48,1,69.57,1,39.64,0,hollow_concrete_block
PVC,3,38.5,15.2,0.64,none,0,0.0,69.4,8,3.94,0.5,0.3,1931.6,8.65,0.446,34.9,35.35,0,20.98,0,8.27,0,6.13,0,80.54,1,71.97,1,24.92,0,63.4,1,26.83,0,69.3,1,79.17,1,28.02,0,hollow_concrete_block
PP,4,4.2,12.8,0.61,silica_fume,2,4.7,37.5,59,20.94,3.07,2.2,2256.9,2.9,0.993,93.3,84.64,1,51.91,0,37.81,0,29.65,0,100.0,1,66.15,1,76.19,1,85.95,1,62.92,1,65.57,1,48.03,0,74.59,1,hollow_concrete_block
PP,4,19.9,17.5,0.4,silica_fume,2,10.0,28.3,28,18.32,2.92,1.8,1995.9,3.91,0.689,74.0,73.76,1,42.96,0,32.44,0,25.87,0,100.0,1,74.39,1,63.5,1,88.04,1,59.43,1,73.91,1,59.85,1,61.17,1,hollow_concrete_block
PVC,3,38.8,15.5,0.35,fibres,3,10.2,50.3,13,7.77,1.1,1.07,1972.7,9.41,0.489,56.2,42.41,0,26.13,0,13.35,0,10.57,0,92.71,1,80.28,1,39.7,0,85.25,1,30.2,0,77.04,1,74.22,1,34.45,0,hollow_concrete_block
LDPE,2,14.9,15.2,0.46,fly_ash,1,4.5,65.2,56,20.34,2.26,2.13,2168.4,4.65,0.864,87.7,74.69,1,45.23,0,31.72,0,25.07,0,100.0,1,68.88,1,80.07,1,86.6,1,62.12,1,68.36,1,52.0,0,62.77,1,hollow_concrete_block
HDPE,1,5.5,8.9,0.63,fibres,3,28.6,51.0,90,26.91,4.09,2.76,2198.8,2.79,0.977,100.0,92.17,1,57.92,1,46.69,0,37.21,0,100.0,1,66.84,1,91.36,1,86.37,1,70.88,1,66.08,1,48.66,0,82.54,1,hollow_concrete_block
LDPE,2,37.7,9.1,0.58,none,0,0.0,25.1,43,6.81,0.64,1.04,1861.3,8.43,0.442,48.2,40.57,0,24.48,0,11.57,0,8.78,0,94.77,1,81.49,1,28.09,0,83.72,1,31.22,0,79.85,1,80.04,1,32.81,0,hollow_concrete_block
PVC,3,39.3,3.7,0.37,none,0,0.0,59.6,85,17.5,2.6,1.91,1986.6,10.25,0.359,62.1,55.33,1,34.75,0,26.6,0,22.01,0,91.26,1,80.13,1,58.42,1,83.73,1,41.54,0,83.54,1,85.07,1,46.16,0,hollow_concrete_block
HDPE,1,36.1,1.6,0.54,silica_fume,2,12.6,73.1,73,17.04,1.91,1.41,1818.2,5.99,0.411,70.2,61.39,1,37.06,0,26.27,0,20.85,0,100.0,1,82.0,1,47.7,0,89.8,1,53.88,0,89.02,1,84.39,1,51.17,0,hollow_concrete_block
LDPE,2,28.9,6.6,0.45,silica_fume,2,27.0,56.6,21,13.27,1.8,1.51,1913.7,4.22,0.585,65.8,63.54,1,36.69,0,24.09,0,18.68,0,100.0,1,78.69,1,47.11,0,88.81,1,52.69,0,78.5,1,66.48,1,52.26,0,hollow_concrete_block
Mixed,5,16.2,13.1,0.62,fibres,3,20.9,73.3,86,16.65,2.43,1.76,2209.4,4.98,0.798,97.6,68.65,1,42.65,0,28.08,0,22.44,0,100.0,1,69.81,1,73.51,1,86.29,1,57.2,1,69.71,1,54.13,0,57.67,1,hollow_concrete_block
PVC,3,31.0,17.7,0.38,silica_fume,2,11.7,63.1,19,14.85,2.58,1.06,2067.9,6.66,0.549,67.9,58.36,1,35.54,0,25.3,0,20.68,0,100.0,1,78.63,1,61.3,1,87.41,1,47.83,0,76.47,1,68.39,1,48.26,0,hollow_concrete_block
PP,4,39.7,6.0,0.38,silica_fume,2,15.6,65.4,23,11.61,1.62,1.17,1709.8,5.83,0.35,58.1,52.34,0,30.89,0,20.23,0,15.92,0,100.0,1,83.39,1,34.25,0,91.06,1,47.5,0,91.2,1,86.7,1,43.11,0,hollow_concrete_block
PET,0,1.1,16.0,0.53,fly_ash,1,25.0,38.2,57,30.47,4.36,3.21,2334.4,2.68,0.984,100.0,97.29,1,62.24,1,51.32,0,40.92,0,100.0,1,65.69,1,86.83,1,85.42,1,75.0,1,65.4,1,47.96,0,88.7,1,hollow_concrete_block
PP,4,4.4,1.7,0.46,silica_fume,2,3.7,65.4,18,15.38,2.36,1.45,2315.7,2.13,0.879,90.2,77.66,1,52.13,0,33.8,0,25.3,0,100.0,1,67.44,1,61.93,1,85.55,1,55.51,1,67.41,1,50.94,0,70.64,1,hollow_concrete_block
PVC,3,11.9,14.9,0.49,fly_ash,1,24.2,79.3,75,29.81,4.04,3.16,2218.7,4.06,0.891,98.1,90.81,1,55.84,1,46.48,0,37.65,0,100.0,1,67.99,1,94.78,1,86.23,1,74.75,1,67.57,1,50.95,0,77.15,1,hollow_concrete_block
Mixed,5,35.8,12.7,0.51,fly_ash,1,10.5,37.1,76,16.59,2.24,1.91,1874.0,8.08,0.345,69.6,56.81,1,35.17,0,25.49,0,20.73,0,95.63,1,81.34,1,50.78,0,89.01,1,45.22,0,86.28,1,85.67,1,47.41,0,hollow_concrete_block
Mixed,5,5.6,7.9,0.57,none,0,0.0,39.7,77,20.66,2.85,1.88,2300.9,2.86,0.851,100.0,84.59,1,52.72,0,37.11,0,28.91,0,100.0,1,68.05,1,73.65,1,85.65,1,62.55,1,68.07,1,51.89,0,74.87,1,hollow_concrete_block
HDPE,1,32.9,7.5,0.38,fibres,3,24.9,24.9,10,6.87,0.71,0.3,1850.0,7.99,0.408,60.1,42.66,0,25.87,0,11.98,0,9.11,0,95.86,1,81.62,1,30.43,0,85.26,1,32.52,0,83.66,1,84.63,1,34.67,0,hollow_concrete_block
PVC,3,35.5,9.8,0.48,silica_fume,2,20.3,44.2,74,21.22,2.81,2.52,2067.8,4.69,0.495,77.6,74.34,1,44.45,0,33.93,0,27.2,0,100.0,1,79.34,1,74.39,1,87.41,1,63.29,1,82.64,1,73.16,1,62.03,1,hollow_concrete_block
PP,4,31.2,17.5,0.53,fibres,3,29.9,61.3,65,13.09,1.38,1.31,1894.0,7.44,0.554,78.9,54.49,0,33.58,0,20.12,0,15.88,0,97.4,1,80.19,1,48.76,0,89.01,1,42.54,0,75.9,1,68.88,1,45.2,0,hollow_concrete_block
Mixed,5,38.9,16.6,0.39,fly_ash,1,14.5,47.5,68,14.65,2.08,1.54,1828.5,9.37,0.328,60.3,51.06,0,31.71,0,22.7,0,18.54,0,92.79,1,81.88,1,41.91,0,86.76,1,39.46,0,85.21,1,85.94,1,42.44,0,hollow_concrete_block
PP,4,4.7,4.6,0.49,fly_ash,1,28.3,42.2,18,16.31,2.09,1.52,2338.2,2.51,1.052,86.4,79.07,1,49.84,0,32.16,0,24.23,0,100.0,1,64.78,1,60.89,1,85.4,1,56.75,1,64.33,1,46.37,0,71.48,1,hollow_concrete_block
PP,4,34.1,2.7,0.46,silica_fume,2,1.2,29.2,50,11.93,1.81,1.7,1827.4,7.49,0.451,61.0,50.19,0,30.51,0,20.02,0,16.11,0,97.25,1,81.89,1,37.48,0,89.7,1,40.83,0,82.83,1,79.16,1,41.39,0,hollow_concrete_block
LDPE,2,39.6,6.4,0.5,fly_ash,1,4.3,55.4,9,2.22,0.5,0.56,1788.3,9.01,0.375,42.9,32.51,0,19.37,0,6.43,0,4.72,0,61.76,1,62.17,1,14.7,0,52.69,0,23.68,0,68.21,1,82.28,1,25.72,0,thermal_insulation_panel
LDPE,2,35.6,4.7,0.6,fibres,3,0.1,52.9,11,3.28,1.01,0.71,1848.6,8.4,0.518,45.9,35.54,0,21.19,0,8.98,0,7.03,0,74.2,1,68.5,1,20.71,0,60.39,1,26.6,0,62.89,1,72.15,1,28.29,0,hollow_concrete_block
PET,0,16.7,11.7,0.52,silica_fume,2,23.4,48.5,80,33.37,4.51,3.07,2200.3,3.27,0.682,98.7,96.3,1,61.24,1,52.8,0,42.57,0,100.0,1,72.73,1,96.41,1,86.36,1,75.0,1,73.16,1,59.28,1,86.09,1,hollow_concrete_block
HDPE,1,30.5,10.3,0.49,fibres,3,20.0,28.9,44,10.71,1.23,1.18,1904.0,7.37,0.461,72.5,50.74,0,31.03,0,17.4,0,13.65,0,97.61,1,81.01,1,43.87,0,88.91,1,39.61,0,81.77,1,77.56,1,41.78,0,hollow_concrete_block
PET,0,32.0,13.5,0.47,fly_ash,1,27.0,40.3,8,8.41,0.96,0.8,2045.0,7.43,0.446,55.3,46.52,0,28.08,0,14.4,0,11.12,0,97.43,1,79.56,1,45.7,0,87.6,1,36.34,0,82.07,1,78.59,1,37.77,0,hollow_concrete_block
Mixed,5,35.6,14.9,0.54,fly_ash,1,21.2,54.3,42,9.74,1.33,1.18,2010.9,7.91,0.488,51.6,46.78,0,28.37,0,16.44,0,13.02,0,96.07,1,79.89,1,44.53,0,87.9,1,36.59,0,78.51,1,74.13,1,38.12,0,hollow_concrete_block
PP,4,25.8,13.1,0.38,none,0,0.0,77.4,69,19.94,2.58,1.77,1976.0,6.05,0.66,78.5,67.27,1,41.06,0,30.8,0,24.87,0,100.0,1,75.44,1,65.93,1,88.22,1,57.44,1,73.26,1,61.49,1,56.27,1,hollow_concrete_block
HDPE,1,30.0,10.3,0.36,fly_ash,1,28.9,36.5,29,17.25,2.27,1.65,1941.6,6.93,0.532,59.3,59.0,1,35.91,0,26.77,0,21.63,0,99.05,1,80.6,1,54.07,0,88.54,1,49.94,0,77.61,1,70.41,1,49.05,0,hollow_concrete_block
HDPE,1,33.2,16.9,0.52,none,0,0.0,68.4,80,12.82,1.16,1.55,1867.9,8.44,0.555,64.7,50.62,0,31.23,0,18.88,0,14.84,0,94.75,1,80.44,1,42.81,0,88.23,1,39.21,0,74.73,1,68.95,1,41.88,0,hollow_concrete_block
LDPE,2,16.1,1.4,0.61,none,0,0.0,40.4,26,7.75,1.85,1.13,2118.8,5.0,0.727,71.5,54.69,0,32.05,0,17.71,0,13.96,0,100.0,1,72.22,1,54.02,0,86.99,1,45.33,0,72.08,1,57.45,1,44.4,0,hollow_concrete_block
PVC,3,1.0,10.8,0.46,none,0,0.0,26.9,15,12.81,1.18,1.02,2341.1,1.73,0.982,86.3,74.42,1,54.03,0,31.17,0,21.78,0,100.0,1,65.66,1,54.83,0,85.38,1,52.08,0,65.41,1,47.98,0,67.28,1,hollow_concrete_block
PP,4,6.7,3.3,0.43,none,0,0.0,29.3,55,22.24,3.37,2.27,2252.9,3.56,0.924,99.9,84.43,1,51.08,0,38.16,0,30.5,0,100.0,1,67.18,1,79.72,1,85.98,1,64.65,1,66.79,1,49.85,0,71.02,1,hollow_concrete_block
Mixed,5,6.8,12.5,0.45,none,0,0.0,62.8,41,18.09,2.4,1.55,2252.1,3.61,0.963,93.5,78.5,1,46.75,0,31.48,0,24.63,0,100.0,1,66.61,1,71.83,1,85.99,1,59.12,1,66.09,1,48.8,0,65.72,1,hollow_concrete_block
PVC,3,3.9,3.3,0.62,silica_fume,2,11.3,69.7,18,12.41,2.06,0.87,2339.9,1.94,0.977,83.8,73.88,1,50.94,0,31.31,0,22.88,0,100.0,1,65.74,1,53.61,0,85.39,1,51.55,0,65.49,1,48.11,0,66.52,1,hollow_concrete_block
PET,0,8.1,15.2,0.53,fibres,3,15.3,50.3,17,14.87,1.64,1.35,2241.5,2.76,0.883,92.5,76.43,1,47.26,0,28.63,0,21.37,0,100.0,1,67.95,1,66.97,1,86.06,1,54.83,0,67.64,1,51.1,0,68.63,1,hollow_concrete_block
LDPE,2,2.4,9.6,0.47,fibres,3,0.9,58.0,5,14.69,2.09,1.69,2322.6,2.63,0.947,85.6,76.79,1,47.57,0,30.05,0,22.7,0,100.0,1,66.3,1,59.1,1,85.5,1,54.59,0,66.08,1,48.95,0,69.36,1,hollow_concrete_block
LDPE,2,22.2,11.9,0.38,fly_ash,1,9.1,44.4,13,12.84,1.62,1.27,2030.8,6.33,0.614,65.7,55.92,1,33.74,0,21.1,0,16.68,0,100.0,1,76.41,1,54.73,0,87.73,1,46.61,0,74.2,1,63.94,1,46.03,0,hollow_concrete_block
Mixed,5,20.0,15.8,0.39,fly_ash,1,23.5,52.3,57,29.23,4.44,3.19,2100.7,5.73,0.75,86.1,81.99,1,50.74,0,44.98,0,37.19,0,100.0,1,71.82,1,92.27,1,87.14,1,71.55,1,70.45,1,56.52,1,69.66,1,hollow_concrete_block
PP,4,18.1,0.5,0.49,silica_fume,2,19.6,30.0,10,10.91,1.13,1.35,2080.1,2.93,0.666,74.7,69.01,1,40.52,0,22.84,0,16.62,0,100.0,1,74.25,1,57.34,1,87.31,1,49.55,0,74.28,1,60.65,1,59.64,1,hollow_concrete_block
PVC,3,10.9,5.4,0.55,silica_fume,2,25.3,32.8,68,29.27,4.72,2.92,2244.7,2.61,0.885,100.0,95.65,1,61.16,1,51.29,0,41.1,0,100.0,1,67.89,1,92.02,1,86.04,1,74.03,1,67.58,1,51.03,0,86.94,1,hollow_concrete_block
LDPE,2,1.8,14.9,0.52,silica_fume,2,2.7,61.9,20,15.81,2.02,1.52,2347.3,1.99,0.973,90.8,78.47,1,54.04,0,34.26,0,25.22,0,100.0,1,65.74,1,60.54,1,85.34,1,56.08,1,65.53,1,48.19,0,71.33,1,hollow_concrete_block
Mixed,5,22.3,5.9,0.48,silica_fume,2,26.5,76.7,84,33.32,4.13,3.47,2064.2,3.89,0.704,100.0,91.0,1,58.69,1,50.5,0,40.78,0,100.0,1,73.32,1,93.87,1,87.44,1,75.0,1,73.06,1,58.78,1,81.41,1,hollow_concrete_block
LDPE,2,39.2,14.3,0.43,silica_fume,2,10.2,47.6,79,20.56,3.28,2.34,1798.2,7.22,0.456,71.1,63.2,1,38.93,0,32.45,0,26.82,0,98.08,1,82.24,1,52.5,0,90.02,1,53.27,0,83.03,1,78.75,1,53.12,0,hollow_concrete_block
LDPE,2,0.6,14.0,0.54,none,0,0.0,56.5,3,8.46,1.31,0.84,2315.8,2.62,0.994,90.1,68.43,1,42.68,0,21.91,0,15.8,0,100.0,1,65.69,1,50.36,0,85.55,1,46.28,0,65.31,1,47.78,0,62.34,1,hollow_concrete_block
PET,0,26.9,8.6,0.62,fibres,3,22.9,52.3,86,14.61,1.88,1.47,2123.2,7.0,0.612,83.0,59.49,1,36.76,0,23.12,0,18.52,0,98.81,1,75.63,1,68.72,1,86.96,1,46.15,0,72.62,1,63.64,1,49.36,0,hollow_concrete_block
Mixed,5,3.1,1.1,0.6,fibres,3,20.2,41.2,51,17.2,2.5,1.45,2295.3,2.76,0.904,100.0,79.94,1,50.24,0,33.11,0,25.48,0,100.0,1,67.18,1,68.29,1,85.68,1,57.93,1,66.99,1,50.26,0,71.71,1,hollow_concrete_block
PP,4,14.3,4.0,0.58,none,0,0.0,27.5,50,16.18,1.79,1.43,2074.8,4.26,0.824,79.2,70.02,1,41.18,0,26.91,0,20.88,0,100.0,1,70.46,1,66.9,1,87.35,1,56.57,1,69.7,1,53.77,0,57.92,1,hollow_concrete_block
HDPE,1,17.8,4.8,0.36,silica_fume,2,20.4,62.6,27,27.13,3.34,2.87,2085.9,3.13,0.728,82.3,91.6,1,54.3,0,44.0,0,34.8,0,100.0,1,72.49,1,86.74,1,87.26,1,71.17,1,72.21,1,57.56,1,78.24,1,hollow_concrete_block
PET,0,32.7,12.7,0.59,fly_ash,1,7.0,49.6,49,8.84,1.53,0.96,2064.3,8.02,0.517,52.6,45.92,0,27.9,0,15.99,0,12.83,0,95.78,1,79.38,1,47.1,0,87.39,1,35.06,0,76.26,1,71.11,1,37.29,0,hollow_concrete_block
PET,0,11.2,18.1,0.56,fly_ash,1,0.2,79.1,84,22.69,3.17,2.66,2262.0,4.63,0.862,92.8,78.61,1,48.24,0,36.37,0,29.34,0,100.0,1,68.15,1,78.61,1,85.92,1,65.25,1,67.99,1,51.68,0,66.41,1,hollow_concrete_block
PVC,3,4.4,5.9,0.5,fly_ash,1,16.6,59.6,75,32.23,4.58,3.03,2296.7,2.71,1.014,96.0,97.01,1,63.01,1,53.52,0,42.82,0,100.0,1,65.57,1,89.14,1,85.67,1,75.0,1,65.07,1,47.38,0,90.28,1,hollow_concrete_block
Mixed,5,27.3,11.5,0.37,fly_ash,1,22.4,27.6,75,29.66,3.87,2.69,2044.1,7.21,0.653,81.0,78.38,1,48.91,0,43.03,0,35.47,0,98.12,1,74.99,1,87.64,1,87.61,1,65.44,1,71.03,1,61.54,1,66.45,1,hollow_concrete_block
HDPE,1,35.2,14.7,0.43,none,0,0.0,79.5,89,20.41,3.03,2.01,1871.0,8.83,0.433,69.6,60.83,1,38.01,0,31.01,0,25.65,0,93.88,1,81.38,1,56.93,1,87.36,1,48.35,0,82.41,1,81.12,1,51.13,0,hollow_concrete_block
PP,4,24.6,13.8,0.61,none,0,0.0,76.3,85,14.82,1.44,1.51,1937.9,6.45,0.674,76.2,58.86,1,35.85,0,22.55,0,17.69,0,100.0,1,75.42,1,54.09,0,88.58,1,48.7,0,72.15,1,60.93,1,48.85,0,hollow_concrete_block
Mixed,5,37.7,1.5,0.63,fibres,3,25.3,44.4,18,7.71,0.64,1.01,1899.0,8.1,0.57,53.7,43.2,0,26.16,0,12.6,0,9.56,0,95.58,1,79.46,1,33.69,0,88.71,1,33.33,0,74.18,1,67.64,1,35.09,0,hollow_concrete_block
Mixed,5,20.7,10.2,0.51,none,0,0.0,73.0,31,9.81,0.95,0.94,2087.4,5.77,0.675,71.1,54.49,0,32.55,0,16.81,0,12.76,0,100.0,1,73.92,1,55.11,1,87.25,1,45.43,0,72.79,1,60.14,1,44.52,0,hollow_concrete_block
PET,0,11.1,8.7,0.48,none,0,0.0,43.5,45,17.78,1.91,1.75,2171.3,4.14,0.785,86.3,73.94,1,43.98,0,29.0,0,22.55,0,100.0,1,70.41,1,75.24,1,86.58,1,58.71,1,70.21,1,54.78,0,61.68,1,hollow_concrete_block
PET,0,35.2,16.2,0.65,fly_ash,1,29.3,45.4,12,8.01,0.84,1.01,1995.6,9.04,0.454,39.3,41.29,0,25.01,0,13.06,0,10.13,0,93.44,1,80.04,1,37.4,0,85.74,1,31.33,0,79.78,1,77.89,1,33.33,0,hollow_concrete_block
HDPE,1,7.9,6.9,0.37,none,0,0.0,21.7,58,29.5,4.0,2.78,2225.9,3.4,0.949,91.0,95.23,1,56.85,1,47.34,0,38.02,0,100.0,1,67.02,1,92.08,1,86.17,1,74.33,1,66.44,1,49.27,0,80.64,1,hollow_concrete_block
PET,0,23.7,12.7,0.45,silica_fume,2,7.4,48.4,46,19.89,2.97,2.03,2159.4,5.31,0.635,77.3,70.72,1,42.74,0,32.34,0,26.21,0,100.0,1,74.52,1,77.3,1,86.67,1,61.52,1,75.08,1,62.06,1,58.89,1,hollow_concrete_block
PET,0,32.9,10.6,0.42,none,0,0.0,66.5,82,18.54,2.48,1.96,2011.3,7.68,0.48,76.6,61.92,1,38.45,0,28.21,0,22.99,0,96.7,1,79.89,1,65.63,1,87.9,1,49.03,0,79.36,1,74.94,1,51.76,0,hollow_concrete_block
PVC,3,30.6,12.7,0.52,none,0,0.0,78.5,7,1.0,0.5,0.3,2008.9,7.63,0.565,51.5,35.56,0,21.05,0,5.74,0,4.08,0,52.32,0,50.18,0,29.79,0,44.59,0,25.8,0,52.76,0,57.43,1,27.98,0,thermal_insulation_panel
PVC,3,12.5,17.0,0.37,fly_ash,1,1.9,68.1,10,9.31,1.71,0.78,2251.8,4.55,0.769,78.9,60.63,1,35.54,0,19.45,0,15.1,0,100.0,1,70.1,1,53.48,0,85.99,1,47.41,0,70.28,1,55.09,1,49.37,0,hollow_concrete_block
LDPE,2,24.4,8.9,0.38,none,0,0.0,53.6,40,14.74,1.44,1.71,1977.8,6.05,0.614,72.1,59.57,1,36.0,0,22.75,0,17.78,0,100.0,1,76.94,1,55.75,1,88.2,1,50.51,0,75.07,1,64.2,1,49.33,0,hollow_concrete_block
PVC,3,16.1,12.5,0.47,none,0,0.0,47.2,62,19.55,2.9,1.69,2174.8,4.85,0.853,84.8,72.79,1,43.95,0,32.3,0,26.03,0,100.0,1,69.02,1,77.56,1,86.55,1,61.07,1,68.57,1,52.33,0,60.82,1,hollow_concrete_block
PVC,3,35.2,12.6,0.45,none,0,0.0,47.2,45,12.23,1.72,1.13,2008.2,8.27,0.502,61.9,50.78,0,31.26,0,19.75,0,15.91,0,95.15,1,79.92,1,51.13,0,87.27,1,38.88,0,77.17,1,72.77,1,41.8,0,hollow_concrete_block
PP,4,7.7,2.5,0.53,none,0,0.0,55.6,27,13.63,2.26,1.17,2226.3,3.1,0.9,81.9,74.59,1,43.52,0,27.88,0,21.47,0,100.0,1,67.78,1,63.27,1,86.17,1,53.17,0,67.36,1,50.65,0,62.98,1,hollow_concrete_block
PP,4,5.0,10.4,0.46,fibres,3,21.7,46.7,34,20.74,2.62,2.08,2298.4,2.07,1.031,100.0,84.68,1,58.12,1,40.17,0,30.36,0,100.0,1,65.34,1,73.97,1,85.66,1,62.65,1,64.8,1,46.98,0,76.98,1,hollow_concrete_block
HDPE,1,31.9,1.7,0.44,fibres,3,15.4,59.1,48,11.25,1.62,1.13,1904.1,8.14,0.559,71.5,50.06,0,30.89,0,18.58,0,14.91,0,95.48,1,79.86,1,44.52,0,88.56,1,37.93,0,74.65,1,68.44,1,41.29,0,hollow_concrete_block
LDPE,2,23.3,11.1,0.39,fibres,3,9.3,40.6,50,20.1,2.78,2.36,1972.4,6.25,0.654,82.4,67.4,1,41.34,0,31.32,0,25.45,0,100.0,1,75.67,1,66.94,1,88.25,1,56.67,1,73.08,1,61.84,1,56.46,1,hollow_concrete_block
PET,0,20.7,13.3,0.39,fly_ash,1,15.2,70.1,9,11.81,1.13,1.21,2157.6,6.32,0.626,69.6,55.99,1,33.87,0,18.85,0,14.57,0,100.0,1,74.84,1,61.99,1,86.69,1,45.28,0,73.1,1,62.61,1,45.92,0,hollow_concrete_block
PVC,3,13.8,19.5,0.54,fly_ash,1,23.6,40.5,88,32.78,4.48,3.02,2206.7,4.49,0.821,91.9,88.62,1,56.79,1,49.92,0,40.78,0,100.0,1,69.37,1,94.51,1,86.31,1,75.0,1,69.16,1,53.3,0,78.77,1,hollow_concrete_block
PVC,3,27.8,19.6,0.53,silica_fume,2,25.6,54.0,45,20.13,2.48,1.67,2119.1,3.29,0.573,86.4,82.54,1,48.24,0,34.44,0,26.83,0,100.0,1,77.15,1,78.5,1,86.99,1,61.84,1,77.99,1,66.32,1,69.23,1,hollow_concrete_block
PP,4,12.0,6.9,0.38,none,0,0.0,49.8,3,10.73,1.17,1.06,2175.1,4.22,0.853,72.0,62.84,1,36.41,0,19.97,0,15.02,0,100.0,1,69.02,1,59.55,1,86.55,1,49.31,0,68.57,1,52.33,0,51.28,0,hollow_concrete_block
Mixed,5,8.9,5.0,0.54,fly_ash,1,14.4,66.1,45,21.81,3.13,2.33,2219.9,4.12,0.854,87.5,79.8,1,47.84,0,36.11,0,28.95,0,100.0,1,68.63,1,78.79,1,86.22,1,64.08,1,68.35,1,52.11,0,67.0,1,hollow_concrete_block
Mixed,5,15.0,8.3,0.6,none,0,0.0,41.8,12,6.33,0.59,0.77,2149.2,4.36,0.743,69.7,55.74,1,31.98,0,13.92,0,9.94,0,100.0,1,71.56,1,53.36,0,78.95,1,43.44,0,67.56,1,56.61,1,45.0,0,hollow_concrete_block
LDPE,2,1.2,2.7,0.44,fly_ash,1,18.9,74.8,49,28.37,3.94,2.84,2275.3,1.63,0.999,97.8,94.68,1,69.55,1,54.58,0,41.77,0,100.0,1,65.93,1,88.33,1,85.82,1,72.83,1,65.39,1,47.81,0,86.02,1,hollow_concrete_block
PET,0,39.0,4.4,0.44,fly_ash,1,26.6,63.1,46,14.7,2.35,1.61,2026.3,8.99,0.447,52.0,52.04,0,32.13,0,23.54,0,19.37,0,93.54,1,79.74,1,54.0,0,85.56,1,40.36,0,80.22,1,78.56,1,42.98,0,hollow_concrete_block
PP,4,9.8,4.3,0.4,silica_fume,2,27.3,21.3,89,55.73,8.4,5.58,2220.0,2.8,0.846,100.0,96.44,1,79.91,1,69.52,1,60.36,1,100.0,1,68.78,1,95.0,1,86.22,1,75.0,1,68.52,1,52.38,0,95.26,1,hollow_concrete_block
HDPE,1,15.2,15.9,0.38,fly_ash,1,9.2,34.4,50,26.65,3.75,2.7,2113.7,4.05,0.784,88.1,85.88,1,51.68,0,42.61,0,34.43,0,100.0,1,70.93,1,89.41,1,87.03,1,70.53,1,70.5,1,55.07,1,72.65,1,hollow_concrete_block
Mixed,5,6.9,10.8,0.59,fibres,3,26.4,23.9,21,11.71,2.07,1.03,2232.1,3.22,0.892,95.8,72.15,1,42.74,0,25.17,0,19.29,0,100.0,1,67.87,1,63.22,1,86.13,1,50.61,0,67.49,1,50.87,0,60.64,1,hollow_concrete_block
HDPE,1,31.8,4.2,0.46,silica_fume,2,9.5,45.8,84,22.63,3.58,2.66,1906.8,6.76,0.47,81.2,68.93,1,42.58,0,35.52,0,29.37,0,99.65,1,80.98,1,66.17,1,88.88,1,57.79,1,82.06,1,76.55,1,58.05,1,hollow_concrete_block
HDPE,1,36.8,15.4,0.53,silica_fume,2,23.7,39.7,9,9.54,1.59,0.95,1749.9,4.92,0.417,51.6,52.26,0,29.97,0,18.94,0,14.71,0,100.0,1,82.86,1,29.13,0,90.57,1,47.72,0,90.56,1,83.98,1,42.65,0,hollow_concrete_block
Mixed,5,31.8,17.5,0.61,fibres,3,6.3,24.9,63,11.77,1.52,1.01,1920.7,7.44,0.579,63.6,51.07,0,31.13,0,19.15,0,15.22,0,97.4,1,78.85,1,44.55,0,88.74,1,40.78,0,74.49,1,66.86,1,42.05,0,hollow_concrete_block
Mixed,5,24.6,3.8,0.47,silica_fume,2,15.0,47.9,44,20.2,2.69,2.09,2056.2,3.28,0.682,81.4,82.03,1,47.54,0,35.06,0,27.46,0,100.0,1,74.0,1,72.84,1,87.51,1,61.93,1,73.84,1,59.92,1,68.5,1,hollow_concrete_block
Mixed,5,15.0,14.0,0.56,fibres,3,14.2,54.9,84,20.98,2.65,2.01,2139.8,4.79,0.678,94.1,74.7,1,45.99,0,33.17,0,26.52,0,100.0,1,73.36,1,83.37,1,86.82,1,62.97,1,73.57,1,59.74,1,63.14,1,hollow_concrete_block
PP,4,26.0,4.5,0.62,fibres,3,25.9,43.8,42,12.98,1.54,1.55,1985.0,5.96,0.642,75.4,57.93,1,34.94,0,21.3,0,16.72,0,100.0,1,75.92,1,54.18,0,88.14,1,48.63,0,74.09,1,62.46,1,47.82,0,hollow_concrete_block
PVC,3,35.5,11.6,0.63,silica_fume,2,7.6,25.1,13,5.36,0.82,0.63,2034.0,7.59,0.488,42.1,40.49,0,24.04,0,10.92,0,8.33,0,96.96,1,79.67,1,36.44,0,73.43,1,31.74,0,71.68,1,74.01,1,32.36,0,hollow_concrete_block
LDPE,2,17.8,7.4,0.53,fibres,3,15.4,40.2,60,17.21,3.29,1.87,2166.5,5.76,0.745,89.3,66.36,1,41.03,0,30.06,0,24.76,0,100.0,1,71.36,1,75.4,1,86.62,1,55.35,1,70.21,1,56.45,1,55.87,1,hollow_concrete_block
PVC,3,17.3,7.7,0.5,silica_fume,2,11.5,30.8,32,18.41,2.06,1.84,2222.0,3.7,0.761,82.1,77.98,1,45.52,0,30.77,0,23.87,0,100.0,1,70.52,1,71.59,1,86.2,1,59.55,1,70.63,1,55.54,1,64.53,1,hollow_concrete_block
LDPE,2,25.8,7.5,0.37,none,0,0.0,67.2,32,12.3,1.59,1.03,1956.4,6.13,0.568,71.8,55.91,1,33.69,0,20.63,0,16.25,0,100.0,1,78.92,1,50.08,0,88.4,1,46.85,0,77.12,1,67.48,1,46.09,0,hollow_concrete_block
PET,0,4.7,7.5,0.51,silica_fume,2,5.9,39.8,41,21.3,3.02,2.03,2339.8,3.03,0.973,95.2,85.73,1,52.22,0,37.65,0,29.57,0,100.0,1,65.8,1,71.35,1,85.39,1,63.4,1,65.56,1,48.21,0,74.28,1,hollow_concrete_block
Mixed,5,32.6,13.8,0.43,fly_ash,1,30.0,65.1,72,19.85,2.42,2.37,1919.7,8.13,0.564,67.9,61.22,1,38.0,0,29.18,0,23.74,0,95.5,1,79.48,1,59.04,1,88.43,1,49.43,0,74.32,1,67.97,1,51.31,0,hollow_concrete_block
LDPE,2,0.3,6.3,0.6,fibres,3,28.4,69.3,86,28.72,4.25,3.22,2331.6,1.54,0.97,100.0,95.56,1,71.77,1,56.66,1,43.41,0,100.0,1,65.9,1,84.9,1,85.44,1,73.29,1,65.64,1,48.32,0,86.74,1,hollow_concrete_block
PET,0,18.9,10.5,0.58,fly_ash,1,26.0,33.7,29,13.82,1.82,1.0,2180.8,6.19,0.74,70.4,59.27,1,35.92,0,22.68,0,18.03,0,100.0,1,71.36,1,63.88,1,86.51,1,48.58,0,69.33,1,56.6,1,48.81,0,hollow_concrete_block
PVC,3,9.3,11.9,0.52,fibres,3,21.7,47.7,13,12.48,1.87,1.43,2273.5,3.55,0.821,87.2,71.65,1,41.64,0,24.67,0,18.92,0,100.0,1,68.83,1,59.34,1,85.83,1,51.64,0,68.87,1,53.03,0,59.17,1,hollow_concrete_block
LDPE,2,33.8,8.9,0.63,fibres,3,6.3,47.0,74,12.05,1.59,1.27,1879.8,8.42,0.557,66.1,49.88,0,30.77,0,19.19,0,15.39,0,94.79,1,80.22,1,42.73,0,88.15,1,38.24,0,74.58,1,68.73,1,41.2,0,hollow_concrete_block
PET,0,15.0,11.8,0.39,none,0,0.0,50.0,87,29.59,4.04,2.97,2149.4,5.26,0.782,97.5,84.39,1,53.0,0,44.76,0,36.64,0,100.0,1,70.66,1,99.27,1,86.75,1,74.45,1,70.39,1,55.0,1,72.03,1,hollow_concrete_block
LDPE,2,13.6,8.7,0.56,fibres,3,22.9,61.4,41,16.92,2.18,1.81,2152.2,4.37,0.757,95.6,71.39,1,43.52,0,28.47,0,22.41,0,100.0,1,71.2,1,77.56,1,86.73,1,57.56,1,71.05,1,56.0,1,59.94,1,hollow_concrete_block
LDPE,2,23.5,11.6,0.36,fly_ash,1,4.6,77.2,45,18.22,2.76,1.45,2049.3,6.65,0.652,73.8,63.46,1,38.91,0,29.13,0,23.79,0,100.0,1,74.97,1,67.1,1,87.57,1,52.36,0,71.98,1,61.57,1,52.88,0,hollow_concrete_block
PP,4,25.2,12.3,0.53,fibres,3,29.4,32.3,53,15.06,2.8,1.15,2009.3,6.17,0.621,83.7,61.17,1,37.41,0,26.38,0,21.61,0,100.0,1,76.38,1,61.51,1,87.92,1,50.33,0,74.35,1,63.6,1,50.91,0,hollow_concrete_block
PET,0,21.4,4.2,0.38,fibres,3,19.2,38.3,24,15.27,2.14,1.3,2173.3,5.13,0.706,78.7,65.49,1,39.25,0,25.82,0,20.51,0,100.0,1,72.29,1,68.97,1,86.56,1,55.36,1,72.48,1,58.2,1,54.1,0,hollow_concrete_block
PET,0,27.0,4.0,0.6,fibres,3,0.8,31.9,52,9.83,1.44,0.67,2089.3,6.29,0.618,62.8,52.09,0,31.21,0,17.67,0,13.87,0,100.0,1,75.72,1,53.15,0,87.23,1,42.78,0,73.82,1,63.41,1,42.49,0,hollow_concrete_block
LDPE,2,8.2,6.2,0.51,fibres,3,1.7,51.1,24,12.44,1.83,1.09,2231.0,2.87,0.909,88.2,73.11,1,44.16,0,26.31,0,19.78,0,100.0,1,67.6,1,62.56,1,86.14,1,51.59,0,67.16,1,50.37,0,64.34,1,hollow_concrete_block
LDPE,2,34.4,8.5,0.4,none,0,0.0,27.7,56,17.56,2.49,1.91,1804.7,8.79,0.523,62.1,55.69,1,34.54,0,26.82,0,22.0,0,93.96,1,82.16,1,45.53,0,88.15,1,44.65,0,76.51,1,71.97,1,46.57,0,hollow_concrete_block
PVC,3,29.7,8.1,0.62,fly_ash,1,3.9,32.3,58,12.92,1.73,1.2,2082.1,6.92,0.606,60.0,54.37,0,32.98,0,21.1,0,16.83,0,99.08,1,76.21,1,57.07,1,87.29,1,44.2,0,73.21,1,64.21,1,44.69,0,hollow_concrete_block
Mixed,5,26.6,3.6,0.52,silica_fume,2,17.6,50.1,90,26.53,3.44,2.8,1999.0,3.86,0.571,88.2,86.09,1,51.5,0,42.04,0,33.69,0,100.0,1,78.36,1,81.05,1,88.01,1,70.37,1,78.69,1,67.04,1,72.88,1,hollow_concrete_block
PVC,3,11.0,0.6,0.39,none,0,0.0,69.5,80,28.94,3.71,3.32,2219.7,3.85,0.817,97.8,91.0,1,55.61,1,45.14,0,36.3,0,100.0,1,69.34,1,93.25,1,86.22,1,73.59,1,69.19,1,53.39,0,77.19,1,hollow_concrete_block
HDPE,1,21.0,18.3,0.61,fibres,3,13.9,22.3,14,9.16,1.57,0.85,2021.0,6.29,0.68,72.8,51.91,0,31.25,0,17.32,0,13.7,0,100.0,1,74.4,1,49.72,0,87.81,1,41.89,0,71.8,1,60.19,1,42.44,0,hollow_concrete_block
LDPE,2,25.9,18.4,0.45,silica_fume,2,11.7,69.4,25,11.46,1.66,1.53,1969.0,5.01,0.626,67.1,57.96,1,34.04,0,20.93,0,16.33,0,100.0,1,76.61,1,48.38,0,88.28,1,50.28,0,76.39,1,63.5,1,47.54,0,hollow_concrete_block
PVC,3,10.0,18.0,0.57,fibres,3,11.5,59.5,75,22.58,3.06,2.13,2291.9,3.98,0.863,100.0,82.21,1,50.39,0,36.93,0,29.49,0,100.0,1,67.9,1,77.5,1,85.71,1,65.11,1,67.85,1,51.54,0,69.26,1,hollow_concrete_block
PET,0,15.7,18.9,0.42,fly_ash,1,8.2,57.7,40,19.92,2.56,1.87,2197.8,4.4,0.739,79.0,75.14,1,44.68,0,32.38,0,25.73,0,100.0,1,71.24,1,75.04,1,86.38,1,61.56,1,71.36,1,56.58,1,62.43,1,hollow_concrete_block
Mixed,5,36.7,14.1,0.57,fly_ash,1,27.3,44.7,73,16.71,1.51,1.63,1943.0,8.65,0.487,61.1,55.64,1,34.48,0,23.57,0,18.76,0,94.27,1,80.59,1,53.73,0,87.03,1,43.86,0,78.08,1,74.57,1,46.32,0,hollow_concrete_block
PET,0,39.8,2.0,0.38,silica_fume,2,12.3,29.9,29,12.53,1.08,1.29,1940.7,6.59,0.378,60.9,53.64,0,32.31,0,19.28,0,14.9,0,100.0,1,80.61,1,46.55,0,88.55,1,45.03,0,88.13,1,85.31,1,44.16,0,hollow_concrete_block
PP,4,1.8,1.0,0.54,fibres,3,11.4,64.8,27,19.51,2.8,1.86,2288.7,2.51,1.062,94.7,82.97,1,53.12,0,37.13,0,28.62,0,100.0,1,65.03,1,71.89,1,85.73,1,61.01,1,64.39,1,46.34,0,75.46,1,hollow_concrete_block
PVC,3,1.5,5.4,0.56,fly_ash,1,9.8,64.9,65,21.52,3.21,2.35,2288.2,2.34,1.0,100.0,85.64,1,56.5,1,40.94,0,31.71,0,100.0,1,65.81,1,76.0,1,85.73,1,63.69,1,65.32,1,47.74,0,77.87,1,hollow_concrete_block
PVC,3,2.7,11.2,0.42,fibres,3,4.2,69.2,23,17.63,2.77,1.68,2279.8,1.67,1.023,95.0,80.39,1,59.51,1,40.52,0,30.08,0,100.0,1,65.58,1,69.47,1,85.79,1,58.51,1,65.0,1,47.23,0,73.15,1,hollow_concrete_block
HDPE,1,33.5,12.3,0.4,none,0,0.0,52.1,53,14.22,1.86,1.32,1852.1,7.86,0.391,61.5,52.86,0,32.4,0,22.26,0,17.93,0,96.2,1,81.6,1,43.19,0,89.44,1,42.71,0,86.7,1,85.8,1,43.82,0,hollow_concrete_block
HDPE,1,3.1,15.4,0.55,fly_ash,1,13.2,30.7,7,11.26,1.76,1.12,2330.8,3.1,1.006,83.3,72.28,1,42.14,0,24.26,0,18.29,0,100.0,1,65.42,1,52.21,0,85.45,1,50.01,0,65.06,1,47.44,0,60.84,1,hollow_concrete_block
Mixed,5,21.3,9.1,0.36,none,0,0.0,43.4,42,18.03,2.23,1.95,2134.1,5.97,0.776,71.7,65.29,1,39.65,0,28.07,0,22.48,0,100.0,1,70.93,1,72.3,1,86.87,1,55.31,1,69.02,1,55.3,1,54.24,0,hollow_concrete_block
PVC,3,2.1,0.6,0.58,fly_ash,1,27.9,42.5,33,17.07,2.65,1.76,2369.5,2.37,0.925,89.3,80.31,1,51.86,0,34.95,0,26.67,0,100.0,1,66.3,1,60.67,1,85.19,1,57.76,1,66.3,1,49.39,0,72.88,1,hollow_concrete_block
HDPE,1,3.7,8.7,0.65,silica_fume,2,24.6,60.8,11,11.97,1.34,1.39,2324.8,1.74,0.858,90.6,73.18,1,53.5,0,30.65,0,21.5,0,100.0,1,67.75,1,55.7,1,85.49,1,50.96,0,67.82,1,51.57,0,66.6,1,hollow_concrete_block
HDPE,1,38.3,2.4,0.6,fly_ash,1,21.7,22.6,68,10.32,1.8,0.92,1785.1,8.91,0.393,60.9,45.59,0,28.06,0,17.81,0,14.51,0,93.71,1,82.41,1,32.82,0,88.12,1,34.71,0,85.93,1,86.2,1,37.52,0,hollow_concrete_block
PET,0,32.6,6.8,0.54,fly_ash,1,28.0,43.7,57,13.77,1.51,0.95,2032.9,7.64,0.44,65.3,54.42,0,33.42,0,21.04,0,16.7,0,96.82,1,79.68,1,56.33,1,87.71,1,42.79,0,82.33,1,79.38,1,44.95,0,hollow_concrete_block
PET,0,9.3,2.6,0.45,none,0,0.0,44.1,43,20.73,2.89,2.35,2279.7,3.34,0.809,90.7,84.47,1,49.78,0,35.94,0,28.32,0,100.0,1,69.03,1,73.54,1,85.79,1,62.64,1,69.14,1,53.44,0,70.83,1,hollow_concrete_block
PET,0,15.6,9.4,0.37,silica_fume,2,19.5,42.1,11,21.38,3.04,1.97,2216.9,2.63,0.761,87.6,84.93,1,52.96,0,39.12,0,30.44,0,100.0,1,70.56,1,78.32,1,86.24,1,63.51,1,70.65,1,55.56,1,77.06,1,hollow_concrete_block
HDPE,1,16.4,15.5,0.5,none,0,0.0,62.8,75,20.2,2.36,1.81,2151.9,5.05,0.748,86.3,72.68,1,44.21,0,31.38,0,24.97,0,100.0,1,71.41,1,80.66,1,86.73,1,61.93,1,71.3,1,56.38,1,61.0,1,hollow_concrete_block
HDPE,1,10.1,2.3,0.45,fibres,3,20.3,78.3,20,16.11,2.0,1.67,2187.7,3.46,0.817,89.4,76.59,1,44.82,0,28.82,0,22.2,0,100.0,1,69.6,1,72.08,1,86.46,1,56.48,1,69.34,1,53.52,0,63.9,1,hollow_concrete_block
LDPE,2,7.0,15.4,0.56,fibres,3,2.0,21.1,77,22.59,3.23,1.52,2225.7,3.1,0.97,95.7,86.61,1,52.51,0,39.27,0,31.02,0,100.0,1,66.72,1,81.78,1,86.17,1,65.12,1,66.08,1,48.73,0,74.63,1,hollow_concrete_block
PVC,3,15.3,13.0,0.42,none,0,0.0,34.0,81,26.78,4.2,2.42,2216.5,4.43,0.745,90.9,84.7,1,51.72,0,43.3,0,35.41,0,100.0,1,70.94,1,88.19,1,86.24,1,70.71,1,71.1,1,56.24,1,71.86,1,hollow_concrete_block
PET,0,12.4,14.9,0.58,none,0,0.0,23.6,50,14.63,2.86,1.63,2262.8,4.43,0.734,83.9,68.84,1,40.87,0,27.8,0,22.39,0,100.0,1,70.84,1,62.84,1,85.91,1,54.51,0,71.23,1,56.54,1,56.85,1,hollow_concrete_block
PVC,3,11.9,3.5,0.41,none,0,0.0,34.3,79,30.1,3.96,3.2,2258.1,4.88,0.801,93.8,87.22,1,54.22,0,45.46,0,37.04,0,100.0,1,69.36,1,91.33,1,85.94,1,75.0,1,69.42,1,53.82,0,74.4,1,hollow_concrete_block
PVC,3,29.6,6.9,0.43,none,0,0.0,51.3,56,14.25,2.43,1.06,2006.7,7.36,0.534,68.4,55.74,1,34.2,0,23.95,0,19.6,0,97.64,1,79.9,1,56.05,1,87.94,1,44.36,0,76.46,1,69.91,1,46.13,0,hollow_concrete_block
Mixed,5,32.5,15.1,0.42,silica_fume,2,10.3,32.3,9,11.12,1.39,0.74,2005.1,5.83,0.46,59.6,54.06,0,32.09,0,19.17,0,14.93,0,100.0,1,79.95,1,48.47,0,87.95,1,46.84,0,84.14,1,77.15,1,44.24,0,hollow_concrete_block
Mixed,5,39.5,16.1,0.56,fly_ash,1,18.2,42.9,44,8.47,1.17,0.94,1888.8,8.98,0.483,42.6,41.58,0,25.22,0,14.36,0,11.38,0,93.56,1,81.18,1,31.38,0,86.88,1,32.08,0,78.33,1,75.28,1,33.75,0,hollow_concrete_block
HDPE,1,17.7,0.6,0.61,none,0,0.0,77.2,9,8.23,0.9,1.1,2108.2,4.92,0.768,65.8,54.89,0,31.99,0,15.9,0,11.85,0,100.0,1,71.33,1,52.6,0,87.08,1,45.97,0,70.95,1,55.74,1,44.54,0,hollow_concrete_block
Mixed,5,39.7,18.8,0.39,fly_ash,1,17.8,69.9,29,11.47,1.3,1.05,1853.6,9.13,0.442,43.3,45.23,0,27.6,0,17.64,0,14.03,0,93.25,1,81.58,1,34.05,0,86.95,1,35.74,0,81.47,1,80.09,1,37.09,0,hollow_concrete_block
HDPE,1,20.3,8.8,0.49,fly_ash,1,21.7,34.7,25,15.02,2.02,1.33,2045.6,5.57,0.515,66.3,61.17,1,36.6,0,24.86,0,19.76,0,100.0,1,79.55,1,59.58,1,87.6,1,53.54,0,80.86,1,71.38,1,50.52,0,hollow_concrete_block
PP,4,10.0,6.1,0.48,fly_ash,1,8.2,66.9,13,10.96,1.69,0.94,2199.0,4.42,0.9,80.2,63.25,1,37.08,0,21.22,0,16.42,0,100.0,1,68.0,1,60.33,1,86.37,1,49.61,0,67.48,1,50.76,0,51.74,0,hollow_concrete_block
LDPE,2,15.9,3.8,0.48,fibres,3,22.8,69.2,64,20.64,3.05,2.02,2116.7,5.03,0.732,100.0,73.08,1,45.75,0,33.57,0,27.17,0,100.0,1,72.11,1,82.02,1,87.01,1,62.52,1,71.94,1,57.24,1,61.81,1,hollow_concrete_block
PET,0,30.5,8.8,0.37,silica_fume,2,17.9,29.2,25,18.63,2.79,2.15,2085.1,4.25,0.565,71.3,72.46,1,42.6,0,31.88,0,25.46,0,100.0,1,77.78,1,69.7,1,87.27,1,59.84,1,78.55,1,67.07,1,60.08,1,hollow_concrete_block
LDPE,2,15.2,6.5,0.43,fibres,3,2.2,28.2,63,23.82,3.0,2.25,2162.5,4.43,0.757,93.6,80.35,1,49.17,0,37.34,0,29.91,0,100.0,1,71.11,1,87.81,1,86.65,1,66.76,1,71.0,1,55.95,1,68.02,1,hollow_concrete_block
HDPE,1,6.2,4.2,0.35,silica_fume,2,14.7,75.5,53,46.56,6.3,4.48,2273.8,1.67,0.895,100.0,96.84,1,84.75,1,75.97,1,60.78,1,100.0,1,67.49,1,91.16,1,85.83,1,75.0,1,67.26,1,50.61,0,96.97,1,hollow_concrete_block
Mixed,5,14.9,10.0,0.54,none,0,0.0,44.5,7,9.7,1.56,0.83,2199.1,4.56,0.715,67.5,59.33,1,34.51,0,19.45,0,14.99,0,100.0,1,71.84,1,54.97,0,86.37,1,47.93,0,72.08,1,57.66,1,48.26,0,hollow_concrete_block
PET,0,15.4,11.5,0.41,fibres,3,28.7,66.3,47,25.0,3.55,2.5,2249.7,4.2,0.705,92.8,83.81,1,51.04,0,40.22,0,32.48,0,100.0,1,71.69,1,83.34,1,86.0,1,68.33,1,72.18,1,57.93,1,70.89,1,hollow_concrete_block
PP,4,28.4,12.9,0.46,none,0,0.0,59.1,57,14.82,2.13,1.79,1946.9,6.95,0.574,69.6,57.01,1,34.82,0,23.98,0,19.36,0,98.98,1,78.77,1,53.04,0,88.49,1,46.62,0,75.34,1,67.08,1,47.27,0,hollow_concrete_block
Mixed,5,9.9,9.8,0.63,silica_fume,2,18.9,60.6,88,29.85,4.99,3.09,2232.6,2.6,0.887,100.0,96.34,1,61.66,1,52.58,0,42.29,0,100.0,1,67.95,1,93.85,1,86.12,1,74.8,1,67.59,1,51.02,0,87.57,1,hollow_concrete_block
Mixed,5,5.9,12.3,0.63,fly_ash,1,7.6,56.1,87,22.98,3.4,2.37,2252.0,3.63,0.926,100.0,84.87,1,51.5,0,38.83,0,31.07,0,100.0,1,67.16,1,81.01,1,85.99,1,65.64,1,66.75,1,49.8,0,71.47,1,hollow_concrete_block
HDPE,1,0.5,15.5,0.54,fibres,3,11.9,55.2,13,15.29,2.15,1.59,2367.4,1.8,0.995,93.4,77.92,1,56.06,1,35.48,0,25.96,0,100.0,1,65.3,1,58.9,1,85.21,1,55.39,1,65.09,1,47.57,0,70.81,1,hollow_concrete_block
PP,4,36.4,17.6,0.4,fibres,3,7.6,38.1,71,15.3,2.84,1.25,1785.1,9.08,0.49,66.3,52.67,0,32.76,0,25.34,0,21.13,0,93.36,1,82.41,1,42.5,0,87.79,1,40.96,0,78.41,1,75.18,1,43.93,0,hollow_concrete_block
Mixed,5,35.5,11.9,0.57,none,0,0.0,26.6,76,12.02,2.12,1.2,1984.2,7.7,0.502,66.6,51.78,0,31.76,0,20.78,0,16.95,0,96.65,1,80.16,1,50.27,0,88.14,1,40.27,0,78.01,1,72.89,1,42.66,0,hollow_concrete_block
LDPE,2,32.6,5.7,0.41,fibres,3,21.0,20.4,24,11.59,1.56,1.1,1897.1,8.19,0.541,69.4,50.13,0,30.91,0,18.75,0,15.01,0,95.35,1,80.73,1,44.05,0,88.51,1,38.25,0,75.59,1,69.9,1,41.37,0,hollow_concrete_block
PVC,3,0.1,1.9,0.56,fibres,3,19.6,64.0,24,13.66,1.84,1.18,2337.5,2.42,1.004,100.0,75.53,1,49.45,0,29.28,0,21.73,0,100.0,1,65.39,1,59.37,1,85.4,1,53.21,0,65.06,1,47.46,0,68.69,1,hollow_concrete_block
HDPE,1,15.0,14.2,0.41,fly_ash,1,15.1,26.6,75,32.86,4.62,3.31,2122.4,4.68,0.831,92.5,87.09,1,56.13,1,50.11,0,41.08,0,100.0,1,69.89,1,96.75,1,86.96,1,75.0,1,69.31,1,53.3,0,77.7,1,hollow_concrete_block
HDPE,1,7.4,1.7,0.4,fly_ash,1,7.8,74.1,55,27.55,3.58,2.67,2249.4,3.81,0.822,94.7,89.64,1,54.38,0,43.5,0,34.91,0,100.0,1,69.0,1,88.1,1,86.0,1,71.73,1,68.95,1,53.09,0,75.9,1,hollow_concrete_block
PVC,3,25.1,12.7,0.61,fly_ash,1,2.4,25.1,18,7.47,0.5,0.58,2091.2,6.2,0.633,56.5,48.43,0,28.69,0,13.02,0,9.56,0,100.0,1,75.19,1,47.74,0,87.01,1,40.07,0,73.28,1,62.48,1,39.15,0,hollow_concrete_block
LDPE,2,2.6,1.1,0.42,fibres,3,20.2,26.0,10,13.79,2.06,1.72,2362.0,1.7,0.99,96.8,75.88,1,56.38,1,34.63,0,25.04,0,100.0,1,65.4,1,57.66,1,85.24,1,53.39,0,65.19,1,47.71,0,68.98,1,hollow_concrete_block
LDPE,2,30.1,0.6,0.52,none,0,0.0,25.8,69,13.49,1.77,1.37,1924.1,7.19,0.504,67.6,54.34,0,33.18,0,21.62,0,17.3,0,98.18,1,80.79,1,48.68,0,88.71,1,43.95,0,78.96,1,73.01,1,44.95,0,hollow_concrete_block
PET,0,15.0,10.6,0.64,silica_fume,2,28.0,48.4,46,21.08,3.13,2.28,2189.7,2.93,0.823,94.1,84.33,1,51.63,0,38.01,0,29.86,0,100.0,1,69.47,1,81.43,1,86.44,1,63.11,1,69.18,1,53.3,0,74.12,1,hollow_concrete_block
PP,4,17.2,7.7,0.62,silica_fume,2,24.5,76.5,88,28.89,3.98,2.93,2067.0,2.98,0.779,100.0,93.83,1,58.04,1,47.79,0,38.12,0,100.0,1,71.47,1,92.22,1,87.42,1,73.52,1,70.86,1,55.48,1,82.39,1,hollow_concrete_block
PVC,3,15.1,1.6,0.46,silica_fume,2,24.2,20.2,54,29.73,4.23,2.81,2227.7,2.8,0.76,95.3,96.14,1,59.98,1,49.83,0,39.76,0,100.0,1,70.5,1,93.44,1,86.16,1,74.64,1,70.63,1,55.56,1,85.97,1,hollow_concrete_block
Mixed,5,33.4,18.5,0.36,none,0,0.0,72.1,38,12.46,1.61,1.38,1920.6,8.65,0.572,57.8,49.41,0,30.41,0,19.57,0,15.72,0,94.27,1,79.14,1,44.2,0,87.24,1,38.19,0,73.33,1,67.37,1,40.73,0,hollow_concrete_block
Mixed,5,30.1,5.3,0.49,fibres,3,15.4,59.6,3,6.3,0.69,0.56,2033.8,7.29,0.567,59.4,44.38,0,26.71,0,11.68,0,8.8,0,97.86,1,78.18,1,42.43,0,79.7,1,34.01,0,70.68,1,67.16,1,35.84,0,hollow_concrete_block
Mixed,5,38.3,16.3,0.35,silica_fume,2,26.2,78.2,44,17.49,2.19,1.51,1844.7,4.2,0.453,76.0,70.01,1,40.98,0,29.31,0,23.01,0,100.0,1,81.68,1,51.83,0,89.52,1,58.32,1,86.88,1,78.82,1,58.19,1,hollow_concrete_block
Mixed,5,17.8,12.3,0.47,none,0,0.0,40.9,63,18.95,2.23,1.77,2113.7,4.8,0.776,85.9,71.76,1,43.33,0,30.08,0,23.81,0,100.0,1,71.11,1,76.02,1,87.03,1,60.27,1,70.71,1,55.39,1,60.08,1,hollow_concrete_block
Mixed,5,34.3,18.2,0.57,silica_fume,2,18.2,62.7,69,15.6,2.4,1.87,1978.3,6.34,0.44,80.0,60.92,1,37.19,0,25.81,0,20.9,0,100.0,1,80.22,1,59.25,1,88.2,1,50.24,0,84.77,1,79.66,1,50.64,0,hollow_concrete_block
PP,4,31.4,14.5,0.36,fibres,3,23.9,38.1,89,24.69,3.28,2.53,1878.8,7.81,0.463,89.5,69.64,1,44.2,0,36.3,0,29.87,0,96.34,1,81.29,1,69.73,1,89.16,1,56.82,1,81.16,1,77.48,1,59.7,1,hollow_concrete_block
PP,4,39.5,9.6,0.62,none,0,0.0,48.9,72,10.62,1.47,1.09,1793.5,9.58,0.325,57.4,44.84,0,27.71,0,17.08,0,13.75,0,92.4,1,82.3,1,32.42,0,86.77,1,33.65,0,85.25,1,86.15,1,36.91,0,hollow_concrete_block
HDPE,1,9.7,3.8,0.63,none,0,0.0,26.3,6,7.09,1.04,0.92,2179.3,3.34,0.758,69.6,63.97,1,35.58,0,17.67,0,12.78,0,100.0,1,70.94,1,52.57,0,83.79,1,44.45,0,69.53,1,55.84,1,51.66,0,hollow_concrete_block
HDPE,1,37.2,6.9,0.47,silica_fume,2,6.6,35.5,63,16.93,2.33,1.43,1818.3,6.95,0.386,64.6,58.26,1,35.51,0,26.59,0,21.54,0,98.98,1,82.0,1,46.09,0,89.8,1,49.43,0,88.24,1,86.0,1,48.57,0,hollow_concrete_block
Mixed,5,4.9,3.1,0.51,fibres,3,2.7,61.5,31,14.2,2.32,1.41,2291.3,2.77,0.965,91.8,75.91,1,46.81,0,29.63,0,22.65,0,100.0,1,66.27,1,62.11,1,85.71,1,53.93,0,65.89,1,48.6,0,67.98,1,hollow_concrete_block
PP,4,30.7,12.2,0.54,fibres,3,27.3,64.6,51,12.54,1.93,1.21,1922.7,7.39,0.54,75.1,53.6,0,32.93,0,20.97,0,16.93,0,97.55,1,80.5,1,48.92,0,88.72,1,41.98,0,76.55,1,69.85,1,44.34,0,hollow_concrete_block
Mixed,5,25.7,11.5,0.61,fly_ash,1,6.7,26.9,14,6.21,0.66,0.71,2068.1,7.09,0.552,58.9,44.84,0,26.91,0,11.62,0,8.71,0,98.51,1,78.5,1,44.6,0,78.81,1,34.61,0,71.28,1,68.15,1,36.16,0,hollow_concrete_block
PET,0,3.6,14.9,0.63,none,0,0.0,54.4,19,10.46,1.65,0.87,2319.3,2.77,0.872,84.3,71.13,1,43.03,0,24.21,0,17.95,0,100.0,1,67.54,1,51.96,0,85.52,1,48.95,0,67.55,1,51.15,0,63.01,1,hollow_concrete_block
LDPE,2,38.2,11.7,0.35,none,0,0.0,55.4,27,11.37,1.54,1.41,1798.0,9.22,0.316,59.0,46.48,0,28.69,0,18.11,0,14.58,0,93.08,1,82.25,1,34.08,0,87.38,1,35.41,0,85.54,1,86.12,1,38.34,0,hollow_concrete_block
PVC,3,39.2,6.7,0.46,fly_ash,1,15.6,56.1,31,11.55,1.53,0.76,1986.2,8.48,0.434,49.7,47.93,0,29.28,0,18.52,0,14.83,0,94.65,1,80.14,1,45.29,0,86.99,1,37.41,0,82.04,1,80.37,1,39.27,0,hollow_concrete_block
PET,0,15.8,11.0,0.49,fly_ash,1,24.5,37.8,31,16.41,2.63,1.8,2226.0,4.85,0.692,78.6,68.51,1,40.93,0,28.48,0,22.87,0,100.0,1,72.24,1,67.08,1,86.17,1,56.88,1,72.71,1,58.67,1,56.64,1,hollow_concrete_block
PVC,3,27.2,3.4,0.44,none,0,0.0,55.9,42,12.71,1.36,1.54,2154.6,6.88,0.7,67.0,55.56,1,33.86,0,19.99,0,15.69,0,99.22,1,72.61,1,63.03,1,86.71,1,44.08,0,69.39,1,58.57,1,45.66,0,hollow_concrete_block
PP,4,39.6,2.9,0.65,fibres,3,18.9,32.9,40,6.03,0.66,0.93,1754.4,9.42,0.378,53.0,38.08,0,23.23,0,10.51,0,8.04,0,92.69,1,82.8,1,23.64,0,77.7,1,27.86,0,80.75,1,86.4,1,30.85,0,hollow_concrete_block
Mixed,5,38.7,1.6,0.59,fly_ash,1,24.8,32.6,31,9.15,1.17,0.83,1900.2,9.6,0.452,43.2,41.93,0,25.62,0,14.85,0,11.8,0,92.36,1,81.05,1,33.48,0,85.61,1,31.64,0,79.96,1,78.62,1,34.11,0,hollow_concrete_block
Mixed,5,29.4,18.5,0.58,fibres,3,21.8,37.9,87,15.33,2.17,1.6,1952.9,7.58,0.563,79.2,57.7,1,35.72,0,24.27,0,19.69,0,96.99,1,79.17,1,56.78,1,88.43,1,45.07,0,74.9,1,67.87,1,48.03,0,hollow_concrete_block
HDPE,1,39.6,11.2,0.45,fibres,3,29.7,65.5,53,10.11,1.26,1.0,1856.2,9.22,0.364,70.4,46.61,0,28.99,0,16.15,0,12.85,0,93.08,1,81.55,1,38.92,0,86.75,1,33.73,0,85.17,1,85.77,1,38.4,0,hollow_concrete_block
PET,0,21.1,6.0,0.56,fly_ash,1,21.0,52.9,15,10.23,1.53,1.14,2181.6,5.79,0.765,65.1,54.96,0,32.79,0,18.66,0,14.63,0,100.0,1,70.76,1,56.49,1,86.5,1,45.88,0,69.51,1,55.54,1,44.81,0,hollow_concrete_block
HDPE,1,12.9,15.9,0.61,none,0,0.0,71.0,41,11.96,2.34,1.26,2145.6,4.98,0.91,78.4,61.42,1,36.48,0,23.16,0,18.55,0,100.0,1,68.29,1,64.72,1,86.78,1,50.95,0,67.53,1,50.7,0,50.42,0,hollow_concrete_block
PVC,3,26.2,11.8,0.48,fibres,3,8.7,28.7,30,11.05,1.5,1.25,2139.4,6.94,0.612,72.0,53.72,0,32.79,0,18.64,0,14.76,0,99.02,1,75.48,1,61.12,1,86.83,1,41.63,0,72.64,1,63.56,1,44.05,0,hollow_concrete_block
Mixed,5,7.8,13.2,0.46,none,0,0.0,60.7,21,13.06,2.14,1.25,2265.4,3.36,0.88,82.0,73.9,1,42.24,0,26.35,0,20.33,0,100.0,1,67.81,1,59.55,1,85.89,1,52.41,0,67.6,1,51.1,0,60.52,1,hollow_concrete_block
PVC,3,38.0,8.8,0.6,none,0,0.0,25.8,63,10.82,1.3,0.93,2052.6,9.23,0.311,53.6,46.96,0,28.98,0,16.96,0,13.51,0,93.06,1,79.49,1,49.82,0,84.87,1,34.65,0,84.06,1,84.74,1,38.41,0,hollow_concrete_block
HDPE,1,37.8,2.8,0.5,silica_fume,2,17.8,78.2,83,18.12,2.25,1.18,1820.5,5.21,0.436,68.6,65.15,1,38.84,0,28.86,0,22.97,0,100.0,1,81.97,1,49.25,0,89.77,1,59.16,1,88.42,1,81.03,1,54.3,0,hollow_concrete_block
Mixed,5,16.2,1.2,0.42,fibres,3,9.1,55.8,25,15.37,2.03,1.84,2189.8,5.23,0.741,86.0,65.83,1,39.96,0,25.54,0,20.24,0,100.0,1,71.26,1,69.83,1,86.44,1,55.49,1,71.33,1,56.52,1,54.82,0,hollow_concrete_block
Mixed,5,29.8,15.6,0.65,none,0,0.0,66.7,86,10.2,1.01,1.0,2045.1,7.28,0.544,66.2,50.51,0,30.77,0,16.39,0,12.69,0,97.89,1,79.07,1,51.48,0,87.6,1,39.24,0,75.83,1,68.9,1,41.35,0,hollow_concrete_block
PVC,3,11.0,13.2,0.46,none,0,0.0,27.0,18,13.85,2.23,1.54,2226.6,3.7,0.77,78.7,71.53,1,41.31,0,26.63,0,20.77,0,100.0,1,70.28,1,62.79,1,86.17,1,53.47,0,70.36,1,55.15,1,58.71,1,hollow_concrete_block
PVC,3,25.7,18.2,0.42,fibres,3,8.2,64.7,78,21.59,2.67,2.07,2091.2,6.41,0.638,84.3,69.88,1,43.23,0,32.43,0,26.25,0,100.0,1,75.03,1,78.4,1,87.21,1,57.91,1,72.76,1,62.18,1,58.76,1,hollow_concrete_block
HDPE,1,15.4,20.0,0.56,silica_fume,2,17.1,26.0,11,13.06,1.88,1.11,2139.1,3.2,0.694,79.6,72.91,1,41.97,0,26.09,0,19.86,0,100.0,1,72.91,1,66.4,1,86.83,1,52.41,0,73.03,1,58.93,1,60.77,1,hollow_concrete_block
Mixed,5,36.4,16.0,0.41,none,0,0.0,43.6,71,13.02,1.85,1.53,1922.8,8.57,0.436,68.2,51.54,0,31.94,0,20.76,0,16.81,0,94.45,1,80.8,1,47.96,0,87.39,1,39.14,0,82.13,1,80.45,1,42.66,0,hollow_concrete_block
PP,4,19.5,10.6,0.53,none,0,0.0,65.2,29,11.81,1.47,1.02,2006.1,5.57,0.703,72.8,57.38,1,34.27,0,20.27,0,15.8,0,100.0,1,73.91,1,53.07,0,87.95,1,49.26,0,72.76,1,59.11,1,47.18,0,hollow_concrete_block
Mixed,5,35.9,4.0,0.53,fly_ash,1,0.2,46.8,43,8.96,1.66,0.76,1935.4,8.25,0.5,49.5,44.4,0,26.92,0,16.34,0,13.21,0,95.2,1,80.67,1,37.3,0,87.99,1,34.57,0,77.72,1,73.33,1,36.14,0,hollow_concrete_block
PET,0,1.6,11.7,0.55,none,0,0.0,53.7,7,10.59,0.89,1.01,2347.7,2.08,0.923,86.2,71.51,1,48.26,0,25.64,0,17.82,0,100.0,1,66.48,1,50.63,0,85.33,1,49.12,0,66.42,1,49.52,0,64.64,1,hollow_concrete_block
PET,0,39.2,10.4,0.46,fly_ash,1,12.7,76.7,3,5.46,0.62,0.55,2048.9,9.52,0.47,41.4,37.98,0,23.07,0,9.81,0,7.48,0,92.51,1,79.52,1,37.49,0,70.78,1,26.89,0,71.06,1,75.83,1,30.34,0,hollow_concrete_block
HDPE,1,12.0,19.0,0.51,silica_fume,2,19.8,46.7,76,36.71,4.42,3.54,2168.8,1.76,0.762,97.1,96.07,1,74.28,1,62.91,1,48.86,0,100.0,1,70.94,1,98.55,1,86.6,1,75.0,1,70.83,1,55.72,1,95.47,1,hollow_concrete_block
PVC,3,27.8,10.7,0.65,silica_fume,2,18.2,50.6,15,9.25,1.54,1.15,2098.3,4.07,0.486,55.5,59.17,1,33.53,0,19.65,0,14.99,0,100.0,1,79.06,1,50.95,0,87.16,1,47.33,0,83.09,1,73.91,1,47.97,0,hollow_concrete_block
Mixed,5,32.8,5.1,0.41,silica_fume,2,25.7,32.9,20,11.83,1.39,1.15,1909.6,4.88,0.496,67.2,58.56,1,34.28,0,20.77,0,15.98,0,100.0,1,80.95,1,44.78,0,88.85,1,50.77,0,83.43,1,73.86,1,48.11,0,hollow_concrete_block
PP,4,22.1,12.0,0.43,fibres,3,2.2,35.3,51,19.28,2.35,2.01,2030.2,5.84,0.713,79.6,67.52,1,41.11,0,29.72,0,23.83,0,100.0,1,73.4,1,68.99,1,87.73,1,57.67,1,71.65,1,58.51,1,56.36,1,hollow_concrete_block
Mixed,5,36.1,8.3,0.37,silica_fume,2,20.3,76.4,21,12.55,1.7,1.31,1890.6,5.33,0.473,67.5,57.68,1,34.14,0,21.8,0,17.11,0,100.0,1,81.16,1,44.7,0,89.04,1,51.73,0,85.11,1,76.32,1,47.52,0,hollow_concrete_block
PP,4,8.2,12.8,0.43,fly_ash,1,21.4,53.8,85,36.88,5.13,3.51,2249.6,2.83,0.894,100.0,96.66,1,66.52,1,59.13,1,47.66,0,100.0,1,67.7,1,92.89,1,86.0,1,75.0,1,67.38,1,50.74,0,94.36,1,hollow_concrete_block
PP,4,24.2,8.7,0.4,fibres,3,11.4,77.8,34,14.45,1.59,1.35,2032.8,6.35,0.668,79.9,59.76,1,36.46,0,22.62,0,17.84,0,100.0,1,74.64,1,61.2,1,87.71,1,48.66,0,72.05,1,60.77,1,49.52,0,hollow_concrete_block
PET,0,10.8,10.9,0.56,fibres,3,2.0,58.4,49,17.8,2.32,1.87,2228.9,3.74,0.762,88.7,76.98,1,45.54,0,30.73,0,24.04,0,100.0,1,70.44,1,71.77,1,86.15,1,58.73,1,70.57,1,55.47,1,64.34,1,hollow_concrete_block
LDPE,2,31.1,3.4,0.59,silica_fume,2,0.3,42.6,31,6.86,1.02,0.48,1918.3,7.25,0.526,57.1,44.07,0,26.43,0,13.09,0,10.12,0,97.99,1,80.85,1,34.52,0,84.5,1,34.89,0,75.44,1,71.05,1,35.71,0,hollow_concrete_block
PVC,3,38.1,15.8,0.39,silica_fume,2,17.7,68.4,15,12.59,1.76,0.91,2077.8,6.42,0.465,53.7,54.26,0,32.53,0,21.14,0,16.82,0,100.0,1,79.25,1,54.6,0,87.33,1,45.86,0,82.14,1,76.24,1,44.47,0,hollow_concrete_block
PP,4,14.0,11.7,0.43,silica_fume,2,18.2,73.8,24,21.84,2.89,2.44,2155.6,2.56,0.766,90.0,85.09,1,53.69,0,39.48,0,30.55,0,100.0,1,70.96,1,84.08,1,86.7,1,64.12,1,70.78,1,55.61,1,77.55,1,hollow_concrete_block
LDPE,2,37.9,8.1,0.45,fibres,3,14.3,27.7,4,7.77,1.55,0.93,1800.5,7.53,0.446,49.4,42.97,0,25.68,0,15.19,0,12.17,0,97.13,1,82.22,1,25.65,0,89.99,1,35.15,0,83.35,1,79.92,1,34.91,0,hollow_concrete_block
Mixed,5,20.5,3.5,0.39,fibres,3,17.0,36.0,84,29.15,4.1,2.65,2110.5,5.94,0.727,100.0,81.34,1,51.8,0,43.89,0,36.13,0,100.0,1,72.29,1,95.76,1,87.06,1,70.29,1,70.58,1,57.49,1,69.56,1,hollow_concrete_block
LDPE,2,28.3,5.4,0.53,fibres,3,5.5,79.2,62,15.26,2.01,1.51,1948.0,7.14,0.625,73.4,57.68,1,35.41,0,24.02,0,19.33,0,98.34,1,76.87,1,54.83,0,88.48,1,46.49,0,72.76,1,63.67,1,47.92,0,hollow_concrete_block
PP,4,11.5,19.1,0.51,fly_ash,1,9.2,71.5,42,20.91,3.59,2.11,2068.7,4.56,0.8,81.1,74.96,1,44.76,0,35.73,0,29.13,0,100.0,1,71.0,1,74.84,1,87.4,1,62.88,1,70.31,1,54.67,0,62.53,1,hollow_concrete_block
PVC,3,30.8,17.0,0.54,none,0,0.0,63.8,14,5.74,0.67,0.7,2010.6,7.11,0.555,52.9,43.02,0,25.64,0,11.17,0,8.36,0,98.44,1,78.92,1,38.17,0,76.17,1,33.91,0,69.82,1,68.19,1,34.6,0,hollow_concrete_block
HDPE,1,23.0,2.1,0.44,fibres,3,24.3,20.6,57,20.77,2.67,1.88,2015.1,6.24,0.729,82.3,68.62,1,42.13,0,31.72,0,25.68,0,100.0,1,73.14,1,71.08,1,87.87,1,57.61,1,70.36,1,57.85,1,57.49,1,hollow_concrete_block
Mixed,5,20.3,14.8,0.49,none,0,0.0,44.3,81,19.73,2.36,1.64,2125.3,5.87,0.718,88.0,69.09,1,42.73,0,30.17,0,24.19,0,100.0,1,72.39,1,78.68,1,86.94,1,58.11,1,70.95,1,57.84,1,58.27,1,hollow_concrete_block
HDPE,1,36.4,15.0,0.56,silica_fume,2,7.3,64.3,70,13.35,1.74,1.77,1836.6,7.6,0.454,58.6,51.67,0,31.47,0,21.21,0,17.0,0,96.93,1,81.78,1,39.89,0,89.6,1,42.36,0,82.38,1,78.75,1,42.72,0,hollow_concrete_block
Mixed,5,24.4,12.3,0.64,fly_ash,1,5.2,42.0,20,4.33,0.5,0.64,2068.6,6.76,0.585,62.4,43.45,0,25.91,0,9.52,0,6.92,0,90.02,1,71.0,1,42.4,0,66.27,1,33.39,0,63.93,1,65.69,1,34.85,0,hollow_concrete_block
PP,4,14.1,1.5,0.5,fly_ash,1,11.2,26.8,89,26.65,3.79,2.66,2141.0,5.07,0.753,90.7,81.12,1,50.08,0,41.38,0,33.79,0,100.0,1,71.39,1,92.03,1,86.81,1,70.53,1,71.21,1,56.21,1,69.03,1,hollow_concrete_block
HDPE,1,33.3,17.1,0.61,silica_fume,2,9.0,37.6,30,9.5,1.21,1.63,1907.4,6.39,0.448,49.6,48.46,0,28.66,0,16.7,0,12.96,0,100.0,1,80.97,1,36.22,0,88.87,1,41.88,0,84.42,1,79.06,1,39.47,0,hollow_concrete_block
PET,0,29.5,11.6,0.42,silica_fume,2,27.9,77.5,68,27.09,3.83,2.99,2097.5,4.48,0.541,87.2,83.98,1,50.94,0,42.62,0,34.63,0,100.0,1,78.72,1,88.76,1,87.16,1,71.12,1,79.75,1,68.9,1,71.09,1,hollow_concrete_block
PET,0,37.4,17.9,0.6,none,0,0.0,41.3,81,10.29,1.96,0.99,1984.6,7.85,0.429,63.9,48.91,0,29.92,0,18.59,0,15.14,0,96.23,1,80.16,1,46.72,0,88.14,1,37.5,0,83.24,1,81.02,1,40.08,0,hollow_concrete_block
PVC,3,13.1,7.4,0.35,fly_ash,1,12.1,20.5,58,30.09,3.99,3.17,2181.3,4.78,0.777,90.0,87.08,1,53.64,0,45.64,0,37.18,0,100.0,1,70.5,1,95.84,1,86.5,1,75.0,1,70.37,1,55.06,1,74.32,1,hollow_concrete_block
PVC,3,7.9,10.8,0.62,fibres,3,3.7,49.2,22,9.7,1.47,1.46,2298.4,3.08,0.938,79.4,69.58,1,40.36,0,22.03,0,16.33,0,100.0,1,66.62,1,50.93,0,85.66,1,47.93,0,66.34,1,49.29,0,58.53,1,hollow_concrete_block
Mixed,5,10.0,9.7,0.46,silica_fume,2,12.9,30.9,37,27.1,4.04,2.12,2194.9,3.2,0.858,88.7,92.39,1,55.15,1,45.53,0,36.54,0,100.0,1,68.76,1,89.7,1,86.4,1,71.13,1,68.37,1,52.08,0,78.93,1,hollow_concrete_block
PET,0,39.6,13.3,0.48,fly_ash,1,10.6,46.0,48,9.78,0.8,0.96,2032.2,9.45,0.516,55.1,45.35,0,28.02,0,14.6,0,11.33,0,92.64,1,79.68,1,47.01,0,84.65,1,32.79,0,74.97,1,71.35,1,37.02,0,hollow_concrete_block
Mixed,5,7.9,4.2,0.36,fibres,3,12.6,39.9,7,16.4,2.89,1.72,2245.6,3.84,0.954,86.7,74.54,1,43.96,0,30.57,0,24.37,0,100.0,1,66.79,1,67.74,1,86.03,1,56.87,1,66.27,1,49.06,0,61.97,1,hollow_concrete_block
HDPE,1,26.6,19.0,0.64,silica_fume,2,3.6,49.3,66,12.82,1.84,1.45,2004.2,5.73,0.697,68.6,57.71,1,34.52,0,22.07,0,17.5,0,100.0,1,74.09,1,53.54,0,87.96,1,49.67,0,72.56,1,59.41,1,47.52,0,hollow_concrete_block
Mixed,5,28.6,6.8,0.58,fibres,3,15.1,75.4,52,11.46,1.33,1.69,1999.8,6.81,0.614,73.7,53.71,0,32.71,0,18.7,0,14.66,0,99.47,1,76.72,1,52.27,0,88.0,1,42.69,0,73.47,1,64.09,1,44.21,0,hollow_concrete_block
HDPE,1,4.4,2.6,0.36,fly_ash,1,10.3,20.8,90,47.36,6.88,4.57,2274.1,1.99,0.868,100.0,96.85,1,81.59,1,73.4,1,60.88,1,100.0,1,67.95,1,91.14,1,85.83,1,75.0,1,67.81,1,51.44,0,96.97,1,hollow_concrete_block
HDPE,1,2.1,16.7,0.48,none,0,0.0,46.1,40,22.08,3.11,2.54,2316.0,2.28,0.971,94.7,86.6,1,57.07,1,41.55,0,32.05,0,100.0,1,66.0,1,74.22,1,85.54,1,64.44,1,65.69,1,48.35,0,78.69,1,hollow_concrete_block
LDPE,2,19.4,15.3,0.42,fly_ash,1,21.9,31.2,38,19.32,3.05,1.96,2094.0,5.9,0.728,72.6,67.02,1,40.72,0,31.46,0,25.7,0,100.0,1,72.42,1,71.82,1,87.19,1,57.4,1,70.73,1,57.52,1,55.83,1,hollow_concrete_block
PET,0,34.6,19.9,0.42,fibres,3,6.0,62.4,16,6.87,1.01,0.65,2017.0,8.22,0.61,49.7,42.29,0,25.57,0,12.64,0,9.86,0,95.28,1,76.69,1,39.69,0,83.11,1,31.87,0,69.44,1,64.26,1,34.11,0,hollow_concrete_block
Mixed,5,29.2,12.4,0.41,fly_ash,1,6.9,27.9,7,5.17,0.82,0.44,1994.5,7.49,0.626,50.2,41.1,0,24.53,0,10.78,0,8.21,0,96.41,1,75.82,1,35.38,0,72.52,1,31.82,0,64.17,1,63.37,1,32.96,0,hollow_concrete_block
LDPE,2,39.6,18.6,0.48,fly_ash,1,2.7,23.1,55,8.79,1.36,1.03,1849.5,9.51,0.403,51.9,42.23,0,25.93,0,14.99,0,12.04,0,92.53,1,81.63,1,31.49,0,86.29,1,31.35,0,84.65,1,85.37,1,34.46,0,hollow_concrete_block
PP,4,12.3,12.8,0.42,silica_fume,2,12.8,23.7,57,32.71,4.4,3.4,2180.0,2.61,0.794,98.8,96.15,1,63.67,1,53.93,0,42.92,0,100.0,1,70.14,1,97.86,1,86.51,1,75.0,1,69.94,1,54.4,0,90.73,1,hollow_concrete_block
Mixed,5,2.1,2.6,0.46,silica_fume,2,21.3,34.8,9,19.49,2.9,2.03,2372.5,1.52,0.949,94.3,83.56,1,63.86,1,44.28,0,32.76,0,100.0,1,65.91,1,65.77,1,85.17,1,60.99,1,65.85,1,48.72,0,75.87,1,hollow_concrete_block
HDPE,1,1.6,1.5,0.57,fly_ash,1,8.6,36.8,80,28.73,3.29,2.84,2321.6,1.74,0.93,100.0,95.5,1,68.75,1,52.28,0,39.74,0,100.0,1,66.57,1,85.63,1,85.51,1,73.31,1,66.39,1,49.42,0,86.69,1,hollow_concrete_block
PET,0,17.2,5.4,0.5,silica_fume,2,9.1,25.8,4,11.26,1.61,1.19,2185.9,4.67,0.748,65.7,60.58,1,35.4,0,21.0,0,16.26,0,100.0,1,71.12,1,58.05,1,86.47,1,50.01,0,71.15,1,56.24,1,49.45,0,hollow_concrete_block
Mixed,5,22.1,17.3,0.45,silica_fume,2,22.3,55.3,80,35.76,5.12,3.46,2036.1,3.75,0.663,99.9,91.75,1,61.01,1,55.67,1,45.47,0,100.0,1,74.76,1,91.86,1,87.68,1,75.0,1,74.61,1,61.02,1,84.96,1,hollow_concrete_block
LDPE,2,9.5,5.9,0.53,none,0,0.0,73.2,19,10.37,1.2,1.22,2241.9,3.78,0.891,78.3,66.38,1,38.14,0,20.42,0,15.23,0,100.0,1,67.81,1,55.8,1,86.06,1,48.83,0,67.47,1,50.86,0,54.11,0,hollow_concrete_block
Mixed,5,29.7,2.8,0.53,fly_ash,1,5.8,46.7,15,7.56,1.41,0.88,1973.7,7.89,0.436,59.1,44.54,0,27.05,0,14.46,0,11.54,0,96.12,1,80.27,1,40.16,0,88.24,1,33.74,0,82.65,1,80.18,1,36.17,0,hollow_concrete_block
PET,0,37.7,12.6,0.44,fibres,3,29.7,32.1,22,5.96,0.65,0.59,1979.9,9.19,0.382,63.8,41.23,0,25.44,0,10.49,0,8.0,0,93.14,1,80.2,1,39.14,0,75.33,1,28.26,0,79.35,1,85.1,1,33.37,0,hollow_concrete_block
PET,0,5.1,8.7,0.56,silica_fume,2,26.8,46.9,18,18.02,2.61,1.79,2303.3,1.53,0.898,96.7,81.09,1,62.32,1,41.97,0,30.78,0,100.0,1,67.21,1,68.88,1,85.63,1,59.03,1,67.08,1,50.41,0,73.75,1,hollow_concrete_block
PVC,3,2.7,8.7,0.63,none,0,0.0,30.0,38,15.53,1.99,1.38,2342.8,2.47,1.001,86.5,78.06,1,49.46,0,31.3,0,23.46,0,100.0,1,65.39,1,59.29,1,85.37,1,55.71,1,65.09,1,47.51,0,70.58,1,hollow_concrete_block
Mixed,5,38.7,6.1,0.64,none,0,0.0,67.7,27,2.41,0.5,0.3,1863.9,8.71,0.457,41.6,33.54,0,19.94,0,6.72,0,4.93,0,64.38,1,62.53,1,19.25,0,53.75,0,24.64,0,63.67,1,75.3,1,26.51,0,thermal_insulation_panel
Mixed,5,32.6,10.2,0.51,none,0,0.0,29.9,68,12.85,1.85,1.32,1941.8,8.07,0.471,70.2,52.42,0,32.37,0,20.78,0,16.79,0,95.65,1,80.6,1,49.55,0,88.37,1,40.26,0,79.87,1,76.26,1,43.35,0,hollow_concrete_block
PVC,3,22.5,8.1,0.53,fly_ash,1,5.5,29.6,30,10.87,1.13,1.13,2110.7,6.32,0.773,63.7,53.67,0,32.27,0,17.91,0,13.84,0,100.0,1,71.2,1,56.64,1,87.06,1,44.03,0,68.46,1,55.52,1,43.89,0,hollow_concrete_block
PP,4,27.9,17.6,0.59,fibres,3,15.1,63.2,36,10.39,0.93,1.13,1920.3,6.77,0.526,69.4,51.26,0,31.03,0,16.65,0,12.78,0,99.62,1,80.83,1,43.7,0,88.75,1,41.43,0,78.34,1,71.04,1,42.1,0,hollow_concrete_block
LDPE,2,34.1,6.3,0.43,none,0,0.0,30.3,8,7.7,1.09,0.6,1910.1,7.84,0.38,50.0,43.23,0,26.01,0,13.83,0,10.81,0,96.26,1,80.94,1,33.52,0,88.85,1,34.08,0,86.37,1,85.47,1,35.05,0,hollow_concrete_block
PP,4,9.5,1.3,0.39,silica_fume,2,27.8,36.2,9,18.38,2.87,1.76,2230.8,2.79,0.797,91.8,81.03,1,49.99,0,35.11,0,27.33,0,100.0,1,69.66,1,73.4,1,86.14,1,59.51,1,69.64,1,54.08,0,72.47,1,hollow_concrete_block
Mixed,5,39.2,19.8,0.41,none,0,0.0,20.1,47,10.05,1.87,0.87,1842.2,9.25,0.383,55.2,44.55,0,27.41,0,17.61,0,14.42,0,93.02,1,81.71,1,33.92,0,86.84,1,33.58,0,85.23,1,85.86,1,36.54,0,hollow_concrete_block
Mixed,5,24.2,7.7,0.37,silica_fume,2,21.7,44.5,81,36.61,5.79,3.39,2037.8,3.8,0.733,91.0,91.41,1,60.76,1,58.1,1,47.86,0,100.0,1,72.82,1,90.32,1,87.67,1,75.0,1,72.3,1,57.56,1,85.71,1,hollow_concrete_block
LDPE,2,13.0,1.6,0.59,silica_fume,2,6.6,77.9,25,15.79,2.44,1.66,2134.6,4.0,0.769,81.3,71.72,1,41.95,0,28.56,0,22.54,0,100.0,1,71.08,1,71.06,1,86.86,1,56.05,1,70.8,1,55.58,1,59.22,1,hollow_concrete_block
LDPE,2,38.9,11.0,0.64,none,0,0.0,63.4,51,5.36,0.72,0.42,1764.1,9.3,0.443,53.0,37.39,0,22.76,0,10.03,0,7.7,0,92.92,1,82.67,1,22.52,0,73.34,1,27.22,0,74.68,1,80.51,1,30.21,0,hollow_concrete_block
Mixed,5,10.3,12.7,0.53,fly_ash,1,24.5,33.2,37,15.86,2.54,2.09,2207.7,4.61,0.832,78.7,68.73,1,40.8,0,27.99,0,22.36,0,100.0,1,69.14,1,67.49,1,86.31,1,56.15,1,68.89,1,52.91,0,56.75,1,hollow_concrete_block
HDPE,1,23.3,16.3,0.58,fly_ash,1,13.4,63.8,58,15.64,2.5,1.4,2008.1,6.43,0.651,73.8,60.23,1,36.7,0,26.04,0,21.16,0,100.0,1,75.4,1,59.85,1,87.93,1,49.88,0,72.64,1,61.83,1,49.98,0,hollow_concrete_block
LDPE,2,5.9,9.8,0.5,fibres,3,5.6,71.7,27,16.08,2.39,1.52,2272.6,2.69,0.976,86.9,78.27,1,48.29,0,31.97,0,24.46,0,100.0,1,66.26,1,65.32,1,85.84,1,56.44,1,65.78,1,48.39,0,70.65,1,hollow_concrete_block
PP,4,19.6,14.7,0.54,none,0,0.0,38.6,25,11.64,1.56,1.2,2051.9,5.12,0.619,64.6,58.08,1,34.2,0,20.75,0,16.14,0,100.0,1,76.03,1,53.96,0,87.54,1,50.52,0,76.25,1,63.52,1,47.57,0,hollow_concrete_block
PVC,3,27.5,4.2,0.39,fibres,3,7.4,74.5,54,18.49,2.65,2.05,2075.4,6.6,0.515,76.6,64.46,1,39.58,0,29.16,0,23.72,0,100.0,1,79.27,1,70.13,1,87.35,1,52.94,0,78.47,1,71.24,1,53.74,0,hollow_concrete_block
PET,0,29.0,3.2,0.58,none,0,0.0,56.2,51,13.11,2.22,1.45,2087.9,7.9,0.582,65.0,53.48,0,32.93,0,22.04,0,18.02,0,96.1,1,77.07,1,59.08,1,87.24,1,41.11,0,72.84,1,65.82,1,44.07,0,hollow_concrete_block
PVC,3,0.8,16.6,0.58,none,0,0.0,27.9,13,10.16,1.01,0.88,2342.1,2.17,1.084,85.8,70.9,1,47.02,0,24.97,0,17.51,0,100.0,1,64.38,1,50.21,0,85.37,1,48.55,0,63.87,1,45.68,0,64.05,1,hollow_concrete_block
LDPE,2,5.7,12.7,0.35,none,0,0.0,77.5,16,18.44,2.45,1.78,2228.6,2.73,0.941,87.5,81.09,1,49.93,0,34.33,0,26.37,0,100.0,1,67.12,1,72.55,1,86.15,1,59.59,1,66.58,1,49.48,0,72.88,1,hollow_concrete_block
PP,4,29.4,7.1,0.56,fly_ash,1,4.2,65.6,59,13.8,1.99,1.31,1989.6,7.25,0.617,64.4,54.74,0,33.43,0,22.45,0,18.11,0,97.99,1,76.71,1,53.06,0,88.09,1,44.15,0,72.69,1,63.95,1,45.22,0,hollow_concrete_block
HDPE,1,12.3,9.8,0.42,silica_fume,2,18.8,27.4,8,18.98,2.94,1.94,2108.4,2.64,0.877,86.0,80.92,1,50.15,0,36.43,0,28.28,0,100.0,1,69.18,1,75.71,1,87.07,1,60.31,1,68.36,1,51.85,0,73.43,1,hollow_concrete_block
PET,0,21.8,2.5,0.62,fibres,3,4.3,74.7,6,7.45,0.53,0.6,2150.9,6.09,0.734,58.8,49.41,0,29.31,0,13.15,0,9.67,0,100.0,1,71.76,1,52.43,0,86.4,1,40.58,0,69.69,1,57.0,1,39.93,0,hollow_concrete_block
HDPE,1,17.1,3.4,0.55,fly_ash,1,27.7,61.1,90,28.56,4.0,2.66,2044.6,5.25,0.752,88.1,82.27,1,50.71,0,43.64,0,35.74,0,100.0,1,72.29,1,87.66,1,87.61,1,73.08,1,71.71,1,56.7,1,70.06,1,hollow_concrete_block
Mixed,5,32.9,2.7,0.4,none,0,0.0,33.5,39,9.19,1.48,0.87,1955.5,8.67,0.399,58.1,45.31,0,27.8,0,15.97,0,12.82,0,94.22,1,80.46,1,41.32,0,86.86,1,33.78,0,85.14,1,85.23,1,37.0,0,hollow_concrete_block
LDPE,2,3.1,7.0,0.46,none,0,0.0,73.7,80,28.4,4.41,2.51,2363.7,2.61,0.949,100.0,95.38,1,61.01,1,49.64,0,39.6,0,100.0,1,65.97,1,82.07,1,85.23,1,72.87,1,65.89,1,48.75,0,86.52,1,hollow_concrete_block
HDPE,1,7.1,10.8,0.53,fibres,3,4.5,60.0,41,17.81,2.81,1.57,2261.7,3.12,0.855,97.9,80.5,1,48.72,0,33.38,0,26.15,0,100.0,1,68.28,1,71.7,1,85.92,1,58.75,1,68.15,1,51.91,0,68.92,1,hollow_concrete_block
PP,4,32.7,7.3,0.38,fibres,3,19.9,76.0,12,9.76,1.55,1.2,1834.8,8.59,0.384,60.6,45.59,0,27.97,0,16.74,0,13.47,0,94.4,1,81.8,1,34.29,0,88.25,1,34.74,0,85.94,1,85.9,1,37.42,0,hollow_concrete_block
PET,0,34.5,19.6,0.58,fly_ash,1,9.6,43.4,64,11.66,1.81,1.21,2010.3,8.21,0.434,55.9,49.39,0,30.24,0,19.43,0,15.72,0,95.3,1,79.9,1,48.79,0,87.4,1,38.28,0,82.22,1,80.25,1,40.53,0,hollow_concrete_block
PET,0,4.5,8.8,0.57,fly_ash,1,2.7,79.7,26,15.0,2.31,1.82,2282.6,3.09,0.918,88.9,76.91,1,45.68,0,29.4,0,22.68,0,100.0,1,67.05,1,63.32,1,85.77,1,55.0,1,66.78,1,49.91,0,65.78,1,hollow_concrete_block
PVC,3,14.1,10.1,0.49,fibres,3,18.1,58.2,20,14.37,2.08,1.37,2244.9,4.8,0.754,79.4,66.25,1,39.44,0,25.13,0,19.85,0,100.0,1,70.5,1,62.53,1,86.04,1,54.16,0,70.72,1,55.74,1,54.55,0,hollow_concrete_block
Mixed,5,36.9,8.0,0.51,fibres,3,16.0,69.3,52,10.11,1.87,1.24,1855.4,8.17,0.51,60.6,46.81,0,28.61,0,18.05,0,14.69,0,95.4,1,81.56,1,36.35,0,88.99,1,36.33,0,77.66,1,72.84,1,38.42,0,hollow_concrete_block
PET,0,23.2,8.7,0.52,fly_ash,1,21.1,34.1,3,9.35,1.12,1.26,2101.8,6.63,0.661,58.2,50.17,0,30.1,0,16.17,0,12.52,0,100.0,1,74.2,1,52.06,0,87.13,1,40.62,0,71.42,1,60.82,1,40.82,0,hollow_concrete_block
HDPE,1,39.8,0.8,0.52,fly_ash,1,27.6,23.6,47,7.71,0.5,0.73,1804.2,8.71,0.349,52.4,41.48,0,25.21,0,12.02,0,9.05,0,94.14,1,82.17,1,26.59,0,88.32,1,31.71,0,86.01,1,86.09,1,33.75,0,hollow_concrete_block
LDPE,2,34.0,17.4,0.6,silica_fume,2,13.8,70.1,73,17.37,2.39,1.89,1828.6,5.74,0.572,70.2,62.64,1,37.69,0,27.99,0,22.5,0,100.0,1,80.18,1,48.99,0,89.69,1,55.68,1,78.58,1,67.9,1,52.21,0,hollow_concrete_block
PVC,3,9.7,16.6,0.37,fly_ash,1,3.5,61.7,21,17.72,3.17,1.49,2281.7,4.41,0.838,86.1,73.2,1,43.87,0,31.69,0,25.64,0,100.0,1,68.44,1,67.2,1,85.78,1,58.63,1,68.44,1,52.41,0,60.98,1,hollow_concrete_block
PVC,3,29.3,14.1,0.48,none,0,0.0,62.1,87,16.26,2.07,1.7,2095.6,7.72,0.639,76.3,59.4,1,36.86,0,24.89,0,20.11,0,96.59,1,74.95,1,67.78,1,87.18,1,45.86,0,70.58,1,62.1,1,49.38,0,hollow_concrete_block
PP,4,3.0,16.8,0.61,none,0,0.0,28.8,21,12.95,1.71,1.48,2312.9,2.72,0.976,79.6,74.05,1,44.95,0,27.03,0,20.15,0,100.0,1,65.96,1,55.36,1,85.56,1,52.27,0,65.62,1,48.24,0,65.97,1,hollow_concrete_block
PET,0,9.8,0.7,0.6,fibres,3,4.5,30.9,20,10.04,1.44,0.67,2279.9,4.11,0.869,75.1,63.71,1,36.89,0,20.13,0,15.3,0,100.0,1,67.89,1,51.71,0,85.79,1,48.39,0,67.77,1,51.39,0,51.86,0,hollow_concrete_block
Mixed,5,21.1,19.0,0.49,silica_fume,2,13.3,58.7,4,12.84,2.41,1.31,2101.6,4.34,0.71,67.5,63.91,1,37.16,0,25.01,0,19.87,0,100.0,1,72.81,1,60.25,1,87.13,1,52.12,0,72.69,1,58.32,1,52.4,0,hollow_concrete_block
LDPE,2,4.5,1.7,0.54,fly_ash,1,15.1,20.7,57,23.6,3.58,2.83,2243.6,2.77,0.873,100.0,88.09,1,55.41,1,42.18,0,33.32,0,100.0,1,68.1,1,82.65,1,86.05,1,66.47,1,67.84,1,51.41,0,79.01,1,hollow_concrete_block
Mixed,5,37.9,9.4,0.56,silica_fume,2,27.6,50.1,32,9.41,0.88,1.07,1928.6,5.56,0.442,62.3,52.37,0,30.84,0,16.41,0,12.36,0,100.0,1,80.74,1,40.84,0,88.67,1,46.12,0,86.65,1,79.67,1,42.75,0,hollow_concrete_block
PVC,3,37.3,5.8,0.38,fibres,3,29.3,27.5,30,12.95,1.55,1.27,1982.1,8.25,0.424,70.8,52.65,0,32.6,0,20.06,0,16.02,0,95.2,1,80.18,1,52.74,0,87.56,1,39.89,0,83.2,1,81.69,1,43.54,0,hollow_concrete_block
PVC,3,24.8,4.8,0.41,none,0,0.0,69.0,62,19.49,2.92,1.98,2130.1,6.14,0.613,77.1,67.4,1,41.21,0,31.13,0,25.39,0,100.0,1,75.53,1,75.83,1,86.9,1,56.39,1,74.15,1,63.54,1,56.2,1,hollow_concrete_block
PVC,3,12.5,13.0,0.6,fly_ash,1,1.6,42.3,57,16.45,2.4,1.62,2219.9,5.51,0.858,85.3,66.53,1,40.58,0,27.29,0,21.92,0,100.0,1,68.56,1,69.3,1,86.22,1,55.81,1,67.78,1,51.98,0,55.42,1,hollow_concrete_block
HDPE,1,10.8,2.5,0.46,silica_fume,2,0.8,36.9,72,25.37,3.42,2.51,2208.7,3.13,0.76,93.3,90.19,1,54.45,0,42.44,0,33.64,0,100.0,1,70.65,1,87.01,1,86.3,1,68.83,1,70.71,1,55.63,1,77.63,1,hollow_concrete_block
PET,0,2.6,12.1,0.58,silica_fume,2,5.6,32.1,7,12.01,1.61,1.5,2280.3,1.89,1.037,84.8,72.9,1,50.94,0,30.14,0,21.57,0,100.0,1,65.4,1,57.45,1,85.79,1,51.01,0,64.78,1,46.91,0,65.84,1,hollow_concrete_block
HDPE,1,10.8,19.5,0.52,fibres,3,1.4,38.9,42,17.96,3.13,1.66,2196.9,3.84,0.74,83.8,76.26,1,44.78,0,32.73,0,26.22,0,100.0,1,71.23,1,73.07,1,86.39,1,58.95,1,71.33,1,56.54,1,63.26,1,hollow_concrete_block
PET,0,39.2,15.2,0.64,fly_ash,1,9.4,43.4,48,9.36,1.47,1.06,1958.5,8.79,0.475,46.7,44.02,0,26.81,0,16.07,0,12.91,0,93.96,1,80.42,1,38.9,0,86.58,1,33.72,0,78.68,1,75.74,1,35.83,0,hollow_concrete_block
HDPE,1,28.1,2.4,0.47,none,0,0.0,50.1,22,9.67,1.4,1.26,1988.6,6.54,0.519,60.5,50.25,0,30.11,0,17.25,0,13.55,0,100.0,1,80.11,1,45.1,0,88.1,1,41.44,0,78.79,1,71.3,1,41.02,0,hollow_concrete_block
PET,0,23.5,8.0,0.53,none,0,0.0,37.4,22,9.27,1.16,1.13,2127.7,6.25,0.686,61.4,51.56,0,30.83,0,16.44,0,12.7,0,100.0,1,73.24,1,54.6,0,86.92,1,42.23,0,71.15,1,59.39,1,41.94,0,hollow_concrete_block
Mixed,5,18.5,17.8,0.38,fly_ash,1,26.5,68.4,86,38.75,5.19,4.01,2161.8,4.78,0.705,95.6,86.93,1,61.5,1,57.3,1,47.12,0,100.0,1,72.42,1,98.67,1,86.65,1,75.0,1,72.56,1,58.29,1,83.11,1,hollow_concrete_block
HDPE,1,30.8,3.6,0.64,silica_fume,2,13.4,27.9,40,14.29,1.95,1.28,1950.6,6.0,0.48,58.9,57.31,1,34.28,0,23.61,0,18.81,0,100.0,1,80.51,1,49.68,0,88.46,1,50.16,0,82.6,1,75.25,1,47.29,0,hollow_concrete_block
LDPE,2,24.9,18.8,0.36,fibres,3,7.2,79.8,80,27.46,4.03,2.69,2014.3,6.2,0.521,85.6,77.66,1,48.21,0,41.84,0,34.52,0,100.0,1,79.86,1,83.02,1,87.87,1,66.72,1,79.2,1,70.99,1,65.97,1,hollow_concrete_block
PET,0,38.3,11.6,0.65,none,0,0.0,68.3,21,5.03,0.62,0.3,1924.0,8.69,0.47,44.6,37.87,0,22.78,0,9.65,0,7.29,0,91.87,1,79.32,1,28.68,0,70.66,1,28.19,0,71.1,1,76.46,1,30.32,0,hollow_concrete_block
LDPE,2,21.9,19.4,0.58,none,0,0.0,49.9,61,15.25,1.89,1.29,2051.7,6.2,0.692,68.6,59.98,1,36.31,0,24.28,0,19.32,0,100.0,1,73.76,1,60.98,1,87.55,1,50.44,0,71.42,1,59.43,1,49.62,0,hollow_concrete_block
LDPE,2,6.8,6.3,0.37,silica_fume,2,10.6,24.3,61,38.91,5.44,3.99,2275.8,2.6,0.915,100.0,96.86,1,69.64,1,62.77,1,50.54,0,100.0,1,67.15,1,91.01,1,85.82,1,75.0,1,66.86,1,50.02,0,96.98,1,hollow_concrete_block
LDPE,2,39.4,19.6,0.58,fibres,3,19.5,28.4,18,6.28,0.97,0.64,1778.5,9.12,0.433,51.3,38.73,0,23.55,0,11.63,0,9.12,0,93.27,1,82.49,1,23.62,0,79.65,1,28.84,0,78.65,1,81.67,1,31.37,0,hollow_concrete_block
PP,4,19.5,7.6,0.44,fibres,3,25.7,75.0,19,13.04,2.23,1.36,2048.8,5.86,0.639,78.7,59.17,1,35.74,0,23.17,0,18.65,0,100.0,1,75.39,1,59.68,1,87.57,1,49.24,0,74.1,1,62.32,1,48.83,0,hollow_concrete_block
PVC,3,14.7,17.0,0.64,silica_fume,2,2.5,44.8,60,16.48,2.46,1.4,2198.9,4.17,0.755,85.2,72.24,1,42.83,0,29.02,0,22.97,0,100.0,1,70.85,1,70.82,1,86.37,1,56.97,1,70.89,1,55.88,1,60.0,1,hollow_concrete_block
LDPE,2,35.1,19.8,0.36,none,0,0.0,64.5,34,12.22,1.7,1.11,1807.6,8.89,0.503,55.2,47.62,0,29.27,0,19.47,0,15.73,0,93.75,1,82.13,1,35.06,0,87.91,1,37.29,0,77.61,1,73.78,1,39.31,0,hollow_concrete_block
Mixed,5,32.8,0.7,0.61,silica_fume,2,11.3,54.2,12,8.32,1.14,0.77,1953.1,5.82,0.491,52.0,49.05,0,28.72,0,15.75,0,12.09,0,100.0,1,80.48,1,38.14,0,88.43,1,43.17,0,82.26,1,74.12,1,39.79,0,hollow_concrete_block
HDPE,1,15.5,9.5,0.38,fibres,3,14.1,52.1,62,27.52,4.05,3.13,2111.9,4.12,0.667,95.2,86.61,1,52.92,0,44.12,0,35.85,0,100.0,1,73.93,1,92.56,1,87.05,1,71.69,1,74.09,1,60.45,1,73.56,1,hollow_concrete_block
PET,0,3.4,14.8,0.63,fibres,3,23.0,32.0,45,16.92,2.43,1.72,2268.9,1.89,0.964,100.0,79.37,1,56.54,1,37.1,0,27.58,0,100.0,1,66.46,1,69.71,1,85.87,1,57.56,1,66.0,1,48.71,0,72.25,1,hollow_concrete_block
PET,0,12.7,19.9,0.5,fibres,3,3.4,47.3,72,23.92,2.85,2.49,2265.0,4.4,0.767,93.2,81.4,1,49.79,0,37.11,0,29.61,0,100.0,1,70.04,1,80.55,1,85.89,1,66.89,1,70.28,1,55.12,1,68.81,1,hollow_concrete_block
HDPE,1,37.9,3.3,0.41,none,0,0.0,79.3,51,9.62,1.66,0.98,1770.1,8.7,0.455,56.5,44.28,0,27.07,0,16.84,0,13.63,0,94.16,1,82.6,1,30.52,0,88.73,1,34.28,0,81.41,1,79.05,1,36.33,0,hollow_concrete_block
PET,0,37.5,7.5,0.48,fibres,3,6.4,32.7,5,5.24,0.5,0.64,1966.8,7.89,0.419,48.2,40.07,0,23.99,0,9.87,0,7.31,0,96.02,1,80.27,1,33.01,0,73.24,1,30.65,0,76.64,1,82.45,1,32.13,0,hollow_concrete_block
Mixed,5,16.9,5.4,0.4,fly_ash,1,2.1,44.3,41,17.53,2.98,1.84,2148.9,4.99,0.743,79.2,68.93,1,41.33,0,30.32,0,24.59,0,100.0,1,71.56,1,74.45,1,86.75,1,58.37,1,71.46,1,56.61,1,57.18,1,hollow_concrete_block
Mixed,5,18.1,8.7,0.41,silica_fume,2,5.5,23.2,57,24.04,3.52,2.22,2091.5,4.23,0.831,87.4,81.19,1,48.84,0,39.14,0,31.63,0,100.0,1,70.17,1,83.3,1,87.21,1,67.05,1,69.45,1,53.44,0,68.48,1,hollow_concrete_block
LDPE,2,38.5,6.3,0.41,fibres,3,14.4,52.1,23,8.8,0.92,1.0,1796.0,9.02,0.374,56.1,42.92,0,26.3,0,14.06,0,10.96,0,93.48,1,82.27,1,29.05,0,87.78,1,32.43,0,85.75,1,86.14,1,35.12,0,hollow_concrete_block
Mixed,5,17.5,18.3,0.52,none,0,0.0,53.7,79,19.08,2.44,2.05,2085.1,5.38,0.772,84.5,69.47,1,42.26,0,30.14,0,24.13,0,100.0,1,71.45,1,73.83,1,87.27,1,60.14,1,70.83,1,55.68,1,58.13,1,hollow_concrete_block
HDPE,1,3.1,13.5,0.53,silica_fume,2,19.9,69.4,43,27.83,3.83,2.84,2302.3,1.71,1.042,100.0,94.16,1,68.28,1,53.0,0,40.63,0,100.0,1,65.17,1,85.5,1,85.64,1,72.11,1,64.62,1,46.72,0,85.51,1,hollow_concrete_block
PET,0,6.0,9.4,0.39,silica_fume,2,3.4,78.2,55,28.8,4.28,3.22,2303.6,2.44,0.904,95.9,95.46,1,61.73,1,50.43,0,39.96,0,100.0,1,67.11,1,86.62,1,85.63,1,73.4,1,66.96,1,50.23,0,86.68,1,hollow_concrete_block
LDPE,2,20.8,0.6,0.49,fly_ash,1,19.0,58.3,77,25.33,3.14,2.47,2022.4,5.79,0.67,84.0,76.03,1,46.73,0,37.79,0,30.67,0,100.0,1,74.68,1,79.64,1,87.8,1,66.01,1,73.25,1,60.71,1,64.19,1,hollow_concrete_block
PET,0,1.5,15.0,0.41,fly_ash,1,18.0,33.0,29,25.92,3.33,2.72,2334.0,1.87,1.09,96.0,91.85,1,64.42,1,48.51,0,37.06,0,100.0,1,64.37,1,79.67,1,85.42,1,69.56,1,63.82,1,45.59,0,83.39,1,hollow_concrete_block
HDPE,1,38.9,11.7,0.35,silica_fume,2,0.5,73.8,67,15.62,2.61,1.93,1804.9,9.05,0.367,62.7,52.85,0,32.8,0,25.09,0,20.77,0,93.42,1,82.16,1,42.46,0,87.63,1,41.45,0,85.66,1,86.08,1,44.05,0,hollow_concrete_block
PET,0,28.0,13.2,0.49,fibres,3,10.6,69.7,57,15.8,2.27,1.65,2095.2,7.14,0.519,71.3,59.23,1,36.41,0,25.21,0,20.44,0,98.34,1,79.09,1,65.7,1,87.18,1,47.21,0,77.22,1,70.79,1,49.11,0,hollow_concrete_block
PP,4,39.0,7.0,0.63,fibres,3,12.9,30.6,79,9.6,1.26,1.17,1751.6,8.88,0.463,63.6,44.75,0,27.55,0,15.75,0,12.52,0,93.77,1,82.84,1,32.31,0,88.57,1,33.82,0,80.75,1,78.25,1,36.81,0,hollow_concrete_block
HDPE,1,21.7,7.9,0.6,fibres,3,19.0,62.1,15,9.08,1.23,0.96,2041.5,6.17,0.597,68.9,51.79,0,31.04,0,16.48,0,12.77,0,100.0,1,76.93,1,50.05,0,87.63,1,42.36,0,75.22,1,65.0,1,42.26,0,hollow_concrete_block
PET,0,32.2,2.5,0.54,fibres,3,3.1,65.0,82,16.17,2.42,1.92,2025.9,8.39,0.484,75.3,57.61,1,35.93,0,25.4,0,20.82,0,94.86,1,79.74,1,62.39,1,86.84,1,43.81,0,78.12,1,74.46,1,47.97,0,hollow_concrete_block
PP,4,4.0,9.2,0.52,none,0,0.0,60.1,56,21.67,2.76,2.23,2290.7,2.97,0.929,95.5,85.86,1,52.59,0,37.55,0,29.26,0,100.0,1,66.81,1,75.55,1,85.72,1,63.89,1,66.54,1,49.57,0,75.0,1,hollow_concrete_block
HDPE,1,8.9,9.4,0.46,fly_ash,1,25.7,77.0,47,27.98,3.89,2.96,2219.5,4.27,0.833,87.8,87.17,1,52.81,0,43.95,0,35.65,0,100.0,1,69.03,1,89.18,1,86.22,1,72.31,1,68.82,1,52.82,0,73.75,1,hollow_concrete_block
PVC,3,16.5,16.5,0.56,fibres,3,0.2,42.5,31,13.66,1.78,1.69,2220.0,4.91,0.662,72.7,63.84,1,37.88,0,23.54,0,18.43,0,100.0,1,73.16,1,61.41,1,86.22,1,53.21,0,73.78,1,60.26,1,52.45,0,hollow_concrete_block
PP,4,11.3,17.7,0.43,fibres,3,20.2,20.2,56,24.73,3.81,2.79,2166.2,4.35,0.869,100.0,82.01,1,50.75,0,40.39,0,32.84,0,100.0,1,68.81,1,90.06,1,86.62,1,67.97,1,68.26,1,51.85,0,69.47,1,hollow_concrete_block
PET,0,0.6,3.5,0.46,silica_fume,2,10.1,77.5,58,37.69,4.69,3.74,2309.5,1.6,1.04,100.0,97.11,1,78.38,1,66.08,1,51.2,0,100.0,1,65.14,1,88.61,1,85.59,1,75.0,1,64.62,1,46.74,0,97.16,1,hollow_concrete_block
HDPE,1,22.2,8.1,0.53,fibres,3,24.9,68.1,76,21.79,3.15,1.92,1965.8,6.06,0.656,89.8,70.12,1,43.66,0,34.07,0,27.82,0,100.0,1,75.67,1,71.19,1,88.31,1,59.86,1,73.44,1,61.76,1,59.67,1,hollow_concrete_block
PVC,3,5.2,12.9,0.64,fly_ash,1,12.1,39.1,23,10.13,1.2,0.97,2320.6,3.01,1.002,78.4,70.2,1,41.04,0,21.99,0,16.06,0,100.0,1,65.54,1,49.8,0,85.51,1,48.51,0,65.16,1,47.57,0,59.66,1,hollow_concrete_block
PVC,3,9.2,14.3,0.39,none,0,0.0,57.9,53,25.81,3.63,2.72,2249.5,4.08,0.877,91.1,85.59,1,51.85,0,41.42,0,33.43,0,100.0,1,67.99,1,84.27,1,86.0,1,69.41,1,67.73,1,51.26,0,72.42,1,hollow_concrete_block
Mixed,5,36.7,16.8,0.4,silica_fume,2,6.1,25.6,58,15.94,2.16,1.69,1855.9,7.54,0.469,64.5,56.08,1,34.39,0,24.88,0,20.15,0,97.1,1,81.55,1,47.1,0,89.4,1,46.01,0,81.22,1,76.95,1,46.67,0,hollow_concrete_block
PET,0,25.2,12.1,0.36,none,0,0.0,54.3,6,11.77,1.88,1.18,2112.1,6.65,0.642,55.3,53.08,0,31.93,0,20.48,0,16.42,0,100.0,1,74.71,1,56.09,1,87.04,1,43.76,0,72.05,1,61.85,1,43.41,0,hollow_concrete_block
Mixed,5,29.4,19.7,0.54,silica_fume,2,5.6,59.2,31,9.97,0.95,1.25,1980.7,6.4,0.604,61.9,51.09,0,30.59,0,16.51,0,12.63,0,100.0,1,77.27,1,45.4,0,88.18,1,42.46,0,74.76,1,64.83,1,41.77,0,hollow_concrete_block
LDPE,2,7.8,16.9,0.57,fibres,3,23.1,59.6,38,13.9,1.93,1.32,2186.1,3.13,0.874,96.1,74.73,1,44.78,0,27.24,0,20.75,0,100.0,1,68.55,1,70.23,1,86.47,1,53.53,0,68.07,1,51.61,0,63.74,1,hollow_concrete_block
PET,0,37.4,12.7,0.54,none,0,0.0,26.7,79,9.86,1.73,0.97,1988.3,8.89,0.4,64.0,46.88,0,28.99,0,17.18,0,13.97,0,93.75,1,80.12,1,46.29,0,86.1,1,34.14,0,84.73,1,85.06,1,38.41,0,hollow_concrete_block
PET,0,4.3,6.0,0.62,none,0,0.0,24.6,49,16.16,1.99,1.73,2353.0,3.06,0.982,89.4,78.98,1,47.2,0,29.85,0,22.78,0,100.0,1,65.58,1,60.36,1,85.3,1,56.55,1,65.36,1,47.94,0,67.85,1,hollow_concrete_block
HDPE,1,15.6,10.1,0.36,none,0,0.0,49.2,83,29.6,4.59,3.37,2179.4,4.67,0.708,92.2,87.02,1,53.61,0,46.79,0,38.47,0,100.0,1,72.19,1,95.87,1,86.52,1,74.47,1,72.39,1,58.08,1,74.12,1,hollow_concrete_block
PET,0,8.4,8.7,0.62,fibres,3,24.3,30.8,4,6.02,0.81,0.92,2264.3,3.63,0.943,83.5,62.35,1,35.45,0,15.39,0,10.97,0,100.0,1,66.8,1,48.28,0,76.03,1,43.03,0,61.46,1,49.28,0,50.46,0,hollow_concrete_block
HDPE,1,26.4,12.8,0.61,none,0,0.0,78.6,47,13.54,2.49,1.33,1965.7,7.03,0.587,60.7,54.2,0,32.91,0,23.56,0,19.3,0,98.71,1,78.06,1,49.97,0,88.31,1,44.61,0,74.49,1,66.06,1,44.72,0,hollow_concrete_block
PVC,3,39.8,12.2,0.35,silica_fume,2,27.8,31.6,6,11.87,2.03,1.22,1934.0,5.01,0.408,55.9,56.89,1,33.15,0,22.27,0,17.64,0,100.0,1,80.68,1,43.69,0,88.61,1,50.83,0,90.25,1,84.16,1,46.6,0,hollow_concrete_block
PP,4,0.9,10.5,0.4,silica_fume,2,3.4,33.0,44,27.16,4.11,2.86,2378.3,1.62,0.969,100.0,93.83,1,69.39,1,53.9,0,41.34,0,100.0,1,65.58,1,78.96,1,85.14,1,71.21,1,65.48,1,48.18,0,85.11,1,hollow_concrete_block
HDPE,1,8.8,14.7,0.63,silica_fume,2,8.2,32.0,14,12.58,2.22,1.34,2283.1,3.21,0.921,77.9,73.13,1,42.08,0,26.44,0,20.38,0,100.0,1,67.0,1,56.43,1,85.77,1,51.77,0,66.72,1,49.82,0,60.69,1,hollow_concrete_block
LDPE,2,28.3,13.2,0.49,fibres,3,13.1,76.8,27,10.15,1.69,1.34,1967.2,7.06,0.644,59.4,49.47,0,29.86,0,18.15,0,14.53,0,98.61,1,76.04,1,44.09,0,88.3,1,39.97,0,72.02,1,62.43,1,40.47,0,hollow_concrete_block
LDPE,2,6.9,13.9,0.62,silica_fume,2,28.9,26.2,78,29.38,4.32,2.94,2269.5,1.97,0.925,100.0,95.98,1,66.36,1,53.72,0,41.99,0,100.0,1,67.04,1,90.43,1,85.86,1,74.17,1,66.7,1,49.76,0,87.2,1,hollow_concrete_block
LDPE,2,6.6,4.5,0.57,fibres,3,26.5,45.4,37,16.56,2.62,1.9,2316.0,3.29,0.915,94.8,79.24,1,46.96,0,31.22,0,24.43,0,100.0,1,66.84,1,65.05,1,85.54,1,57.08,1,66.7,1,49.87,0,66.38,1,hollow_concrete_block
LDPE,2,24.9,12.3,0.48,silica_fume,2,11.2,58.0,11,10.16,1.36,1.23,1975.6,5.35,0.626,64.1,54.64,0,32.17,0,18.54,0,14.33,0,100.0,1,76.55,1,45.91,0,88.22,1,48.44,0,76.31,1,63.46,1,44.67,0,hollow_concrete_block
PVC,3,6.7,1.2,0.5,fibres,3,8.8,69.6,85,30.62,4.17,2.98,2235.2,3.11,0.876,100.0,96.56,1,59.81,1,49.62,0,39.76,0,100.0,1,68.12,1,93.91,1,86.11,1,75.0,1,67.81,1,51.35,0,84.23,1,hollow_concrete_block
PP,4,14.1,1.1,0.4,silica_fume,2,12.9,31.2,34,26.57,3.92,2.7,2176.1,3.6,0.774,86.3,89.32,1,52.98,0,43.78,0,35.29,0,100.0,1,70.61,1,89.55,1,86.54,1,70.43,1,70.48,1,55.2,1,75.15,1,hollow_concrete_block
PET,0,8.6,7.7,0.39,silica_fume,2,3.7,39.1,4,14.29,2.17,1.71,2302.3,3.07,0.866,83.0,76.11,1,44.69,0,28.4,0,21.79,0,100.0,1,67.77,1,59.22,1,85.64,1,54.05,0,67.74,1,51.4,0,64.55,1,hollow_concrete_block
Mixed,5,13.2,9.6,0.59,fly_ash,1,16.8,43.1,80,25.46,3.85,2.53,2147.4,3.98,0.816,91.5,84.98,1,51.32,0,41.79,0,33.84,0,100.0,1,69.97,1,90.71,1,86.76,1,68.95,1,69.54,1,53.73,0,71.95,1,hollow_concrete_block
HDPE,1,21.1,2.5,0.43,none,0,0.0,54.4,85,22.65,3.18,2.39,2022.2,6.24,0.665,91.1,71.2,1,44.61,0,34.87,0,28.5,0,100.0,1,74.83,1,76.98,1,87.8,1,60.11,1,72.43,1,60.98,1,60.64,1,hollow_concrete_block
PVC,3,27.3,9.0,0.59,fly_ash,1,5.9,68.2,66,12.98,1.51,1.21,2087.8,6.76,0.58,70.3,56.09,1,34.18,0,20.7,0,16.34,0,99.65,1,77.15,1,60.22,1,87.24,1,44.92,0,74.64,1,65.96,1,46.21,0,hollow_concrete_block
PET,0,39.6,8.7,0.39,fly_ash,1,18.0,55.5,33,11.72,1.62,0.83,1977.6,9.09,0.487,47.9,47.08,0,28.9,0,18.7,0,15.09,0,93.34,1,80.23,1,44.5,0,85.81,1,36.16,0,77.44,1,74.39,1,38.6,0,hollow_concrete_block
PP,4,0.9,0.8,0.58,none,0,0.0,74.7,39,13.07,2.02,1.38,2306.7,1.55,1.063,97.5,74.51,1,57.83,1,35.32,0,25.23,0,100.0,1,64.88,1,60.59,1,85.61,1,52.43,0,64.3,1,46.25,0,67.82,1,hollow_concrete_block
HDPE,1,33.7,8.4,0.62,none,0,0.0,40.2,5,1.0,0.5,0.43,1867.3,7.87,0.48,39.1,32.61,0,19.0,0,5.64,0,4.02,0,51.65,0,53.09,0,16.5,0,45.95,0,25.05,0,58.26,1,65.71,1,25.54,0,thermal_insulation_panel
PET,0,18.8,16.7,0.47,silica_fume,2,8.2,65.2,54,21.2,3.28,1.75,2175.1,4.86,0.645,80.9,74.76,1,44.98,0,34.89,0,28.32,0,100.0,1,74.06,1,79.28,1,86.55,1,63.27,1,74.61,1,61.4,1,62.34,1,hollow_concrete_block
PET,0,22.3,6.6,0.53,fibres,3,9.0,79.0,66,20.5,3.03,1.93,2169.8,6.5,0.679,78.9,68.35,1,42.09,0,32.18,0,26.33,0,100.0,1,73.07,1,77.98,1,86.59,1,56.05,1,70.7,1,59.56,1,57.09,1,hollow_concrete_block
Mixed,5,38.7,2.9,0.46,none,0,0.0,21.8,9,4.51,0.72,0.41,1894.4,8.35,0.345,43.0,37.23,0,22.22,0,9.5,0,7.22,0,87.21,1,76.18,1,25.29,0,68.23,1,28.37,0,75.88,1,85.56,1,29.74,0,hollow_concrete_block
PET,0,5.5,19.9,0.61,fibres,3,6.8,25.3,50,18.22,2.36,1.47,2297.2,2.97,0.95,93.7,81.31,1,49.49,0,33.1,0,25.51,0,100.0,1,66.45,1,68.88,1,85.67,1,59.29,1,66.13,1,48.97,0,70.89,1,hollow_concrete_block
PP,4,39.6,18.7,0.61,silica_fume,2,26.5,22.6,9,5.87,1.17,0.32,1793.9,4.81,0.364,46.5,47.54,0,26.75,0,14.34,0,10.8,0,100.0,1,82.3,1,21.71,0,79.2,1,42.83,0,86.46,1,86.15,1,38.28,0,hollow_concrete_block
LDPE,2,3.0,6.9,0.53,fibres,3,8.1,30.2,20,15.06,2.09,1.5,2273.9,2.42,0.917,91.7,76.92,1,49.54,0,31.3,0,23.49,0,100.0,1,67.13,1,64.76,1,85.83,1,55.08,1,66.83,1,49.97,0,70.04,1,hollow_concrete_block
PP,4,18.4,3.0,0.61,fibres,3,19.1,60.1,69,15.69,2.6,1.23,2059.9,5.98,0.702,85.9,62.9,1,38.62,0,26.65,0,21.65,0,100.0,1,73.41,1,66.74,1,87.48,1,52.14,0,71.53,1,58.9,1,52.59,0,hollow_concrete_block
PP,4,9.6,9.8,0.5,silica_fume,2,9.7,63.9,31,20.11,2.67,1.84,2178.4,4.11,0.843,81.9,77.21,1,45.66,0,33.27,0,26.41,0,100.0,1,69.18,1,77.49,1,86.53,1,61.81,1,68.77,1,52.65,0,64.16,1,hollow_concrete_block
PET,0,10.6,6.3,0.37,fly_ash,1,19.8,64.1,29,27.45,4.03,2.59,2219.2,4.18,0.829,79.1,86.55,1,51.73,0,43.9,0,35.69,0,100.0,1,69.11,1,86.09,1,86.22,1,71.6,1,68.91,1,52.96,0,72.55,1,hollow_concrete_block
Mixed,5,3.1,19.4,0.37,none,0,0.0,60.2,62,33.32,4.53,3.63,2349.6,2.16,1.005,100.0,97.4,1,68.35,1,56.99,1,44.94,0,100.0,1,65.29,1,85.74,1,85.32,1,75.0,1,65.0,1,47.39,0,92.35,1,hollow_concrete_block
PVC,3,7.5,2.5,0.41,silica_fume,2,22.8,38.7,61,38.92,5.32,3.97,2264.9,1.89,0.945,100.0,96.78,1,75.37,1,66.33,1,52.39,0,100.0,1,66.77,1,91.79,1,85.89,1,75.0,1,66.35,1,49.23,0,96.92,1,hollow_concrete_block
Mixed,5,6.2,10.3,0.62,fly_ash,1,27.5,43.1,60,20.9,3.14,2.13,2196.9,3.29,0.927,92.0,84.14,1,49.82,0,36.86,0,29.19,0,100.0,1,67.59,1,80.07,1,86.39,1,62.87,1,66.97,1,49.99,0,70.96,1,hollow_concrete_block
PP,4,20.5,15.7,0.41,silica_fume,2,12.7,61.2,76,36.23,4.87,3.69,2006.8,4.41,0.79,89.3,87.54,1,58.66,1,54.45,0,44.57,0,100.0,1,71.81,1,87.67,1,87.94,1,75.0,1,70.88,1,55.35,1,82.1,1,hollow_concrete_block
Mixed,5,4.1,9.5,0.38,none,0,0.0,34.4,61,27.93,3.7,2.82,2266.9,2.91,0.981,100.0,94.03,1,58.54,1,46.34,0,36.74,0,100.0,1,66.24,1,88.2,1,85.88,1,72.24,1,65.72,1,48.29,0,82.94,1,hollow_concrete_block
HDPE,1,10.7,9.8,0.51,silica_fume,2,8.0,75.6,13,11.22,1.87,1.31,2226.2,3.45,0.851,82.9,70.44,1,40.24,0,23.62,0,18.06,0,100.0,1,68.64,1,59.51,1,86.17,1,49.96,0,68.38,1,52.19,0,57.58,1,hollow_concrete_block
LDPE,2,17.3,3.4,0.5,silica_fume,2,1.6,36.4,15,12.76,1.5,1.49,2100.0,4.9,0.664,68.7,61.3,1,36.14,0,21.95,0,16.99,0,100.0,1,74.13,1,60.31,1,87.14,1,52.01,0,74.26,1,60.67,1,50.32,0,hollow_concrete_block
PET,0,25.9,14.8,0.48,silica_fume,2,5.7,30.6,38,13.66,1.77,1.15,2085.3,5.74,0.616,63.9,58.83,1,35.19,0,22.73,0,17.96,0,100.0,1,75.83,1,59.53,1,87.26,1,50.73,0,75.14,1,63.55,1,48.4,0,hollow_concrete_block
PP,4,24.3,10.6,0.38,none,0,0.0,58.8,17,8.96,1.36,0.74,2031.1,6.46,0.666,68.8,50.81,0,30.58,0,16.49,0,12.92,0,100.0,1,74.71,1,49.08,0,87.72,1,40.84,0,71.91,1,60.88,1,41.47,0,hollow_concrete_block
HDPE,1,4.6,18.0,0.52,fly_ash,1,2.0,26.1,31,15.42,1.99,1.72,2301.3,2.75,1.001,87.5,77.61,1,47.6,0,30.09,0,22.75,0,100.0,1,65.7,1,62.33,1,85.64,1,55.56,1,65.25,1,47.67,0,69.43,1,hollow_concrete_block
PP,4,28.0,8.4,0.47,fly_ash,1,22.0,72.8,37,14.55,2.04,1.27,1947.7,7.6,0.602,63.5,54.68,0,33.52,0,23.16,0,18.73,0,96.93,1,77.69,1,51.08,0,88.48,1,43.96,0,73.06,1,65.14,1,45.29,0,hollow_concrete_block
PVC,3,8.2,15.8,0.45,silica_fume,2,21.2,37.3,3,15.46,2.26,1.7,2290.4,1.95,0.893,89.6,77.58,1,53.75,0,34.79,0,25.74,0,100.0,1,67.4,1,63.71,1,85.72,1,55.61,1,67.23,1,50.61,0,70.56,1,hollow_concrete_block
PET,0,7.4,18.2,0.54,silica_fume,2,25.6,61.3,24,19.35,2.76,1.5,2292.7,2.26,0.926,93.7,82.78,1,54.67,0,38.05,0,29.05,0,100.0,1,66.85,1,71.08,1,85.7,1,60.8,1,66.58,1,49.64,0,75.29,1,hollow_concrete_block
LDPE,2,27.3,3.7,0.45,fibres,3,4.3,20.8,63,17.71,2.91,2.05,1958.7,6.97,0.646,70.3,60.99,1,37.41,0,28.81,0,23.69,0,98.91,1,76.06,1,58.88,1,88.38,1,50.39,0,72.14,1,62.36,1,50.85,0,hollow_concrete_block
PVC,3,13.4,4.0,0.43,none,0,0.0,30.2,4,9.1,1.67,1.1,2233.8,3.81,0.797,70.5,63.47,1,36.18,0,20.27,0,15.47,0,100.0,1,69.64,1,52.26,0,86.12,1,47.13,0,69.63,1,54.07,0,51.51,0,hollow_concrete_block
PP,4,14.1,9.7,0.35,fly_ash,1,14.2,22.7,5,14.75,1.82,1.27,2084.3,5.03,0.769,74.6,64.03,1,38.12,0,24.6,0,19.31,0,100.0,1,71.53,1,64.02,1,87.27,1,54.67,0,71.04,1,55.8,1,52.86,0,hollow_concrete_block
PP,4,27.2,6.2,0.42,fly_ash,1,22.6,66.5,15,11.75,1.32,0.92,1926.8,6.61,0.61,56.9,51.96,0,31.18,0,19.08,0,14.93,0,100.0,1,77.62,1,43.23,0,88.68,1,43.91,0,74.4,1,64.72,1,42.67,0,hollow_concrete_block
LDPE,2,32.2,7.0,0.5,silica_fume,2,29.7,35.4,65,22.64,3.48,2.43,1886.0,5.28,0.506,80.6,72.87,1,44.09,0,36.39,0,29.73,0,100.0,1,81.21,1,64.54,1,89.09,1,65.19,1,82.93,1,73.04,1,61.2,1,hollow_concrete_block
LDPE,2,14.6,0.8,0.46,silica_fume,2,26.7,66.5,79,37.57,5.47,3.88,2127.0,2.56,0.813,100.0,95.76,1,67.99,1,61.66,1,49.67,0,100.0,1,70.21,1,98.36,1,86.93,1,75.0,1,69.71,1,53.92,0,96.19,1,hollow_concrete_block
PVC,3,4.5,13.9,0.57,none,0,0.0,28.9,55,17.93,2.03,1.75,2326.0,3.53,0.873,92.7,79.46,1,47.16,0,30.56,0,23.61,0,100.0,1,67.47,1,66.08,1,85.48,1,58.91,1,67.5,1,51.09,0,66.42,1,hollow_concrete_block
HDPE,1,26.4,3.3,0.5,fly_ash,1,17.3,61.7,58,17.6,2.87,1.75,1955.8,6.98,0.584,67.0,60.4,1,36.98,0,28.6,0,23.49,0,98.88,1,78.28,1,57.64,1,88.41,1,50.21,0,74.77,1,66.32,1,50.32,0,hollow_concrete_block
LDPE,2,8.3,2.2,0.63,fibres,3,19.2,77.9,83,20.87,3.44,2.16,2234.5,3.39,0.89,100.0,83.88,1,50.38,0,37.34,0,29.83,0,100.0,1,67.88,1,78.75,1,86.11,1,62.83,1,67.52,1,50.92,0,70.4,1,hollow_concrete_block
Mixed,5,21.8,18.3,0.65,fly_ash,1,8.0,60.7,45,11.9,1.7,1.36,2078.2,5.53,0.642,61.9,56.85,1,33.72,0,20.97,0,16.5,0,100.0,1,75.02,1,55.58,1,87.32,1,49.62,0,74.65,1,62.01,1,46.56,0,hollow_concrete_block
PVC,3,23.6,18.9,0.43,fly_ash,1,1.2,51.2,46,18.69,2.88,1.7,2117.3,5.99,0.723,68.3,65.58,1,39.79,0,30.34,0,24.72,0,100.0,1,72.33,1,71.33,1,87.0,1,56.08,1,70.56,1,57.64,1,54.52,0,hollow_concrete_block
PP,4,4.9,16.0,0.52,silica_fume,2,8.7,78.2,66,30.21,4.2,3.19,2276.1,1.68,0.914,99.8,96.86,1,70.59,1,56.58,1,43.63,0,100.0,1,67.16,1,90.99,1,85.82,1,75.0,1,66.88,1,50.05,0,88.23,1,hollow_concrete_block
Mixed,5,5.9,13.8,0.51,silica_fume,2,18.7,59.9,41,27.03,4.21,2.35,2252.2,1.7,0.892,100.0,92.72,1,67.48,1,53.24,0,41.07,0,100.0,1,67.71,1,87.75,1,85.98,1,71.04,1,67.41,1,50.79,0,84.29,1,hollow_concrete_block
PVC,3,11.5,16.1,0.35,none,0,0.0,33.0,78,33.08,4.76,3.18,2247.6,4.38,0.791,100.0,89.48,1,58.25,1,51.07,0,41.85,0,100.0,1,69.65,1,93.03,1,86.02,1,75.0,1,69.72,1,54.24,0,79.79,1,hollow_concrete_block
PET,0,2.1,6.5,0.48,none,0,0.0,23.0,20,15.04,2.42,1.46,2341.1,2.36,0.964,89.9,77.39,1,50.11,0,32.39,0,24.51,0,100.0,1,65.92,1,59.47,1,85.38,1,55.05,1,65.71,1,48.44,0,70.36,1,hollow_concrete_block
LDPE,2,35.1,15.8,0.5,fly_ash,1,28.6,62.8,21,9.38,0.94,1.22,1792.3,8.04,0.469,50.4,44.33,0,26.78,0,15.05,0,11.67,0,95.73,1,82.32,1,28.56,0,89.99,1,35.72,0,80.97,1,77.33,1,36.24,0,hollow_concrete_block
Mixed,5,7.9,11.9,0.37,fly_ash,1,1.0,76.0,34,23.12,2.68,2.21,2187.4,3.43,0.895,94.4,86.18,1,51.41,0,37.59,0,29.5,0,100.0,1,68.18,1,85.07,1,86.46,1,65.83,1,67.63,1,50.96,0,72.58,1,hollow_concrete_block
Mixed,5,25.5,8.7,0.64,none,0,0.0,73.6,41,9.26,1.61,1.04,2018.2,6.03,0.631,58.0,50.91,0,30.19,0,17.71,0,13.98,0,100.0,1,75.95,1,45.89,0,87.84,1,43.3,0,74.19,1,62.94,1,41.45,0,hollow_concrete_block
PP,4,12.4,11.5,0.55,silica_fume,2,24.1,28.4,28,20.81,2.86,2.32,2156.4,2.65,0.824,88.9,83.72,1,52.18,0,38.02,0,29.47,0,100.0,1,69.73,1,82.02,1,86.69,1,62.75,1,69.31,1,53.4,0,76.2,1,hollow_concrete_block
LDPE,2,5.4,11.3,0.44,none,0,0.0,37.8,83,29.02,4.18,2.72,2236.5,3.47,0.955,100.0,94.08,1,57.11,1,47.15,0,38.04,0,100.0,1,66.85,1,92.19,1,86.1,1,73.69,1,66.29,1,49.07,0,79.65,1,hollow_concrete_block
PVC,3,21.8,7.8,0.61,fibres,3,2.9,51.6,43,14.18,1.9,1.68,2148.2,5.51,0.765,72.9,61.8,1,37.1,0,23.77,0,18.82,0,100.0,1,71.05,1,67.2,1,86.76,1,52.78,0,70.36,1,55.68,1,50.94,0,hollow_concrete_block
PP,4,37.4,14.4,0.49,fibres,3,14.0,77.7,62,11.94,1.89,1.11,1834.4,7.78,0.388,69.0,50.73,0,31.12,0,20.09,0,16.25,0,96.42,1,81.81,1,40.05,0,89.62,1,39.91,0,86.91,1,85.9,1,41.93,0,hollow_concrete_block
PET,0,36.5,1.0,0.58,none,0,0.0,65.4,81,11.42,1.66,0.87,2051.4,9.05,0.442,61.9,48.97,0,30.36,0,18.52,0,14.97,0,93.42,1,79.5,1,52.86,0,85.23,1,35.85,0,80.44,1,79.05,1,40.22,0,hollow_concrete_block
LDPE,2,31.5,11.8,0.46,silica_fume,2,1.6,70.7,19,9.76,1.96,1.17,1964.7,7.06,0.487,51.3,47.95,0,28.74,0,18.44,0,14.94,0,98.61,1,80.36,1,41.18,0,88.32,1,39.45,0,80.04,1,74.46,1,39.08,0,hollow_concrete_block
PVC,3,26.8,9.5,0.58,fibres,3,25.2,25.1,37,11.27,1.63,1.1,2119.7,7.32,0.522,72.3,53.15,0,32.61,0,18.99,0,15.16,0,97.77,1,78.87,1,60.16,1,86.98,1,40.53,0,76.64,1,70.41,1,43.64,0,hollow_concrete_block
Mixed,5,4.3,12.1,0.6,fibres,3,20.7,71.9,18,12.97,1.68,1.14,2326.8,2.26,0.92,93.6,74.53,1,49.36,0,28.97,0,21.2,0,100.0,1,66.68,1,57.99,1,85.47,1,52.29,0,66.56,1,49.68,0,67.81,1,hollow_concrete_block
Mixed,5,23.4,10.5,0.57,fly_ash,1,15.5,53.7,66,16.49,2.54,1.53,2099.8,6.16,0.683,76.9,63.1,1,38.45,0,27.17,0,22.03,0,100.0,1,73.57,1,68.62,1,87.14,1,52.29,0,71.57,1,59.66,1,52.37,0,hollow_concrete_block
HDPE,1,8.9,13.7,0.61,silica_fume,2,18.8,63.1,3,10.76,0.89,1.15,2228.5,2.47,0.855,80.0,70.55,1,44.18,0,23.78,0,16.82,0,100.0,1,68.54,1,57.84,1,86.15,1,49.35,0,68.29,1,52.04,0,63.53,1,hollow_concrete_block
PVC,3,24.9,4.4,0.37,fly_ash,1,18.1,27.3,15,16.98,1.94,1.84,2096.2,6.35,0.611,61.1,61.32,1,37.15,0,26.03,0,20.74,0,100.0,1,75.9,1,65.12,1,87.17,1,52.04,0,73.96,1,63.82,1,50.8,0,hollow_concrete_block
HDPE,1,8.2,9.7,0.6,fibres,3,11.7,75.6,41,17.05,2.8,1.8,2239.1,3.08,0.903,96.8,79.32,1,48.02,0,32.71,0,25.6,0,100.0,1,67.63,1,71.87,1,86.08,1,57.73,1,67.25,1,50.51,0,68.22,1,hollow_concrete_block
PVC,3,19.3,4.1,0.42,silica_fume,2,24.7,60.9,87,40.54,5.56,3.94,2152.0,2.19,0.731,100.0,95.94,1,73.3,1,66.62,1,53.21,0,100.0,1,71.83,1,99.86,1,86.73,1,75.0,1,71.8,1,57.13,1,96.33,1,hollow_concrete_block
PP,4,4.9,3.4,0.36,fly_ash,1,24.6,59.4,24,22.64,3.4,2.05,2269.0,3.47,0.856,85.9,85.81,1,50.46,0,38.82,0,31.0,0,100.0,1,68.21,1,76.26,1,85.87,1,65.19,1,68.09,1,51.85,0,71.71,1,hollow_concrete_block
PP,4,29.7,11.2,0.49,silica_fume,2,8.7,26.0,78,21.67,3.38,1.85,1933.1,6.3,0.452,79.8,68.76,1,42.19,0,34.35,0,28.25,0,100.0,1,80.69,1,66.09,1,88.62,1,58.52,1,84.13,1,78.44,1,57.74,1,hollow_concrete_block
PVC,3,14.7,5.9,0.47,none,0,0.0,47.8,57,20.49,2.78,2.3,2244.4,4.69,0.757,82.4,75.26,1,45.16,0,33.13,0,26.55,0,100.0,1,70.44,1,73.54,1,86.04,1,62.32,1,70.64,1,55.62,1,62.61,1,hollow_concrete_block
HDPE,1,1.1,9.4,0.52,none,0,0.0,54.8,7,10.62,1.66,1.0,2268.8,2.71,0.993,84.0,70.97,1,43.21,0,24.61,0,18.22,0,100.0,1,66.06,1,55.75,1,85.87,1,49.16,0,65.52,1,47.98,0,63.54,1,hollow_concrete_block
Mixed,5,26.0,13.3,0.48,silica_fume,2,28.9,48.1,61,25.22,3.99,1.96,2038.0,3.44,0.635,87.5,87.79,1,51.77,0,42.95,0,34.62,0,100.0,1,75.62,1,81.47,1,87.66,1,68.63,1,75.66,1,62.61,1,73.97,1,hollow_concrete_block
LDPE,2,0.4,3.6,0.5,fly_ash,1,10.5,62.4,52,25.31,3.39,2.16,2330.8,2.23,1.045,96.6,91.01,1,60.49,1,45.74,0,35.45,0,100.0,1,64.92,1,79.04,1,85.45,1,68.75,1,64.46,1,46.55,0,82.64,1,hollow_concrete_block
PP,4,2.5,13.3,0.46,silica_fume,2,13.8,71.5,20,24.3,3.21,2.5,2298.6,1.85,1.007,92.4,89.43,1,62.74,1,46.74,0,35.57,0,100.0,1,65.64,1,78.58,1,85.66,1,67.4,1,65.17,1,47.53,0,81.26,1,hollow_concrete_block
LDPE,2,31.4,13.3,0.63,none,0,0.0,75.0,85,11.1,1.61,1.59,1875.1,8.47,0.629,68.6,48.81,0,30.15,0,18.27,0,14.7,0,94.68,1,77.53,1,41.45,0,88.09,1,36.84,0,71.26,1,63.82,1,40.26,0,hollow_concrete_block
PVC,3,15.1,9.7,0.55,silica_fume,2,3.9,39.4,77,22.28,2.91,2.21,2164.3,4.32,0.848,88.6,78.89,1,47.62,0,35.73,0,28.56,0,100.0,1,69.2,1,83.83,1,86.63,1,64.71,1,68.72,1,52.54,0,66.49,1,hollow_concrete_block
LDPE,2,23.4,16.7,0.37,none,0,0.0,71.1,23,12.27,1.21,1.3,2023.3,6.24,0.638,66.8,55.47,1,33.41,0,19.57,0,15.17,0,100.0,1,75.67,1,53.53,0,87.79,1,46.27,0,73.44,1,62.5,1,45.62,0,hollow_concrete_block
HDPE,1,3.9,2.6,0.63,fibres,3,9.7,33.9,33,15.65,2.18,1.63,2302.2,3.15,0.975,91.7,77.92,1,46.36,0,29.57,0,22.75,0,100.0,1,66.05,1,63.72,1,85.64,1,55.87,1,65.68,1,48.3,0,66.29,1,hollow_concrete_block
PET,0,36.0,3.9,0.62,fibres,3,27.7,23.7,35,10.05,1.53,1.27,2019.0,7.74,0.525,63.0,48.91,0,29.88,0,17.32,0,13.83,0,96.53,1,79.81,1,48.55,0,87.83,1,37.52,0,76.38,1,70.62,1,40.02,0,hollow_concrete_block
PET,0,1.5,15.1,0.48,silica_fume,2,18.2,70.4,25,26.13,3.74,2.54,2342.3,1.21,1.041,100.0,92.19,1,73.63,1,57.52,1,42.69,0,100.0,1,64.89,1,79.81,1,85.37,1,69.84,1,64.48,1,46.59,0,83.68,1,hollow_concrete_block
LDPE,2,4.3,9.3,0.39,fly_ash,1,5.9,49.5,89,38.34,5.09,3.89,2294.1,2.93,0.884,100.0,96.99,1,67.51,1,60.17,1,48.51,0,100.0,1,67.52,1,89.71,1,85.69,1,75.0,1,67.4,1,50.87,0,94.38,1,hollow_concrete_block
LDPE,2,9.0,15.0,0.48,fly_ash,1,2.6,21.5,88,28.62,4.45,2.66,2269.0,3.73,0.865,100.0,91.78,1,56.12,1,46.89,0,38.15,0,100.0,1,68.04,1,89.2,1,85.87,1,73.16,1,67.9,1,51.56,0,77.73,1,hollow_concrete_block
PET,0,8.1,16.3,0.62,silica_fume,2,23.2,54.1,12,12.44,2.04,1.09,2248.0,2.47,0.784,82.3,73.21,1,45.94,0,28.34,0,21.19,0,100.0,1,69.8,1,59.84,1,86.01,1,51.59,0,69.9,1,54.51,0,65.9,1,hollow_concrete_block
LDPE,2,7.4,14.7,0.62,fibres,3,5.7,32.4,63,19.12,2.76,2.01,2235.1,4.34,0.878,93.6,75.09,1,45.69,0,32.16,0,25.69,0,100.0,1,68.08,1,74.79,1,86.11,1,60.49,1,67.77,1,51.28,0,63.14,1,hollow_concrete_block
PP,4,14.1,12.6,0.52,fly_ash,1,24.0,46.3,83,27.46,3.88,2.87,2182.4,3.94,0.776,93.7,88.16,1,53.53,0,43.93,0,35.51,0,100.0,1,70.51,1,92.48,1,86.5,1,71.61,1,70.39,1,55.09,1,74.74,1,hollow_concrete_block
PVC,3,35.0,11.6,0.39,silica_fume,2,3.0,49.9,9,8.74,1.23,0.98,1993.2,8.43,0.525,46.5,43.92,0,26.63,0,14.98,0,11.86,0,94.77,1,80.07,1,40.29,0,87.04,1,33.8,0,75.67,1,70.75,1,35.64,0,hollow_concrete_block
PP,4,21.6,0.9,0.6,silica_fume,2,27.7,35.1,48,17.05,2.07,1.84,1999.3,3.4,0.699,84.1,76.95,1,44.39,0,30.07,0,23.19,0,100.0,1,74.08,1,64.22,1,88.01,1,57.73,1,73.56,1,59.34,1,63.86,1,hollow_concrete_block
PET,0,34.9,3.6,0.44,fly_ash,1,25.6,75.9,67,19.18,2.37,2.04,1993.1,8.15,0.488,65.3,60.52,1,37.53,0,28.38,0,23.08,0,95.45,1,80.07,1,62.5,1,87.69,1,48.48,0,78.31,1,74.21,1,50.58,0,hollow_concrete_block
LDPE,2,16.0,1.6,0.56,none,0,0.0,55.0,36,11.87,1.44,1.13,2121.3,4.33,0.737,76.0,63.85,1,37.26,0,21.63,0,16.54,0,100.0,1,71.95,1,62.22,1,86.97,1,50.83,0,71.77,1,56.99,1,52.33,0,hollow_concrete_block
Mixed,5,1.2,7.1,0.43,silica_fume,2,26.6,23.6,29,27.29,4.17,2.98,2297.6,1.87,0.975,100.0,93.41,1,65.79,1,51.98,0,40.37,0,100.0,1,66.08,1,84.94,1,85.67,1,71.39,1,65.7,1,48.32,0,84.84,1,hollow_concrete_block
PP,4,32.7,6.9,0.58,none,0,0.0,34.1,12,4.57,0.92,0.54,1853.1,7.42,0.436,47.5,39.05,0,23.1,0,10.46,0,8.03,0,90.34,1,77.05,1,23.59,0,69.89,1,31.25,0,74.22,1,80.84,1,31.3,0,hollow_concrete_block
PP,4,36.2,14.2,0.58,none,0,0.0,40.8,12,5.63,0.98,0.54,1792.2,8.24,0.515,41.3,37.92,0,22.57,0,11.32,0,8.81,0,95.23,1,82.32,1,19.97,0,77.04,1,30.16,0,71.45,1,72.76,1,30.49,0,hollow_concrete_block
PVC,3,23.9,12.4,0.37,fibres,3,28.4,36.2,8,11.22,1.25,1.19,2109.2,6.72,0.68,75.3,54.59,0,33.29,0,18.31,0,14.29,0,99.8,1,73.57,1,60.09,1,87.07,1,42.74,0,70.55,1,59.78,1,44.84,0,hollow_concrete_block
PET,0,1.4,10.4,0.55,fibres,3,14.3,66.9,32,17.69,2.31,1.49,2310.7,2.33,0.995,99.0,80.7,1,53.31,0,34.91,0,26.36,0,100.0,1,65.71,1,68.0,1,85.58,1,58.59,1,65.31,1,47.78,0,73.39,1,hollow_concrete_block
PET,0,37.2,1.0,0.58,fly_ash,1,16.0,71.6,90,14.91,2.37,1.5,2010.3,7.99,0.25,65.8,55.26,1,34.1,0,24.17,0,19.79,0,95.86,1,79.9,1,56.74,1,87.91,1,43.24,0,85.62,1,84.95,1,45.8,0,hollow_concrete_block
Mixed,5,29.5,11.3,0.37,fibres,3,20.9,45.8,57,17.02,2.32,1.64,2028.9,7.47,0.566,83.6,61.11,1,38.05,0,26.39,0,21.43,0,97.31,1,78.27,1,66.15,1,87.74,1,47.68,0,74.49,1,67.26,1,51.1,0,hollow_concrete_block
PP,4,5.5,9.0,0.62,silica_fume,2,10.6,40.6,10,12.81,1.66,1.49,2237.2,2.49,0.84,83.7,73.65,1,46.2,0,27.67,0,20.41,0,100.0,1,68.75,1,61.58,1,86.09,1,52.08,0,68.58,1,52.51,0,66.45,1,hollow_concrete_block
HDPE,1,9.3,12.0,0.42,none,0,0.0,79.5,4,11.09,2.06,0.8,2202.7,4.0,0.877,78.0,65.56,1,37.95,0,22.91,0,17.87,0,100.0,1,68.36,1,59.72,1,86.34,1,49.79,0,67.93,1,51.45,0,53.57,0,hollow_concrete_block
Mixed,5,10.0,1.6,0.37,fibres,3,5.4,22.6,47,24.72,3.28,2.72,2223.5,3.95,0.844,90.2,84.75,1,51.02,0,39.67,0,31.77,0,100.0,1,68.79,1,84.08,1,86.19,1,67.96,1,68.55,1,52.43,0,71.62,1,hollow_concrete_block
PP,4,26.2,5.3,0.44,fibres,3,14.4,27.3,12,10.8,1.66,1.54,1940.9,7.05,0.541,66.6,51.03,0,30.98,0,18.73,0,14.95,0,98.64,1,80.25,1,45.14,0,88.55,1,40.88,0,76.91,1,69.67,1,41.92,0,hollow_concrete_block
PET,0,10.0,11.1,0.5,silica_fume,2,26.9,71.5,59,35.03,4.28,3.46,2236.1,2.0,0.869,100.0,96.56,1,70.73,1,59.06,1,46.16,0,100.0,1,68.23,1,93.85,1,86.1,1,75.0,1,67.95,1,51.56,0,93.8,1,hollow_concrete_block
Mixed,5,12.1,7.7,0.52,fly_ash,1,15.8,36.1,72,25.25,3.6,2.55,2198.8,3.74,0.874,92.4,86.69,1,52.13,0,41.38,0,33.25,0,100.0,1,68.45,1,87.29,1,86.37,1,68.67,1,68.01,1,51.56,0,73.26,1,hollow_concrete_block
PP,4,4.2,7.3,0.47,fibres,3,8.4,32.2,20,16.31,2.04,1.54,2284.0,2.14,0.853,89.3,78.67,1,52.6,0,33.87,0,25.13,0,100.0,1,68.14,1,65.51,1,85.76,1,56.75,1,68.1,1,51.89,0,71.52,1,hollow_concrete_block
PP,4,9.2,15.0,0.41,silica_fume,2,21.7,67.3,7,19.14,2.48,1.71,2192.6,2.01,0.844,96.1,81.76,1,56.42,1,38.61,0,28.96,0,100.0,1,69.04,1,78.5,1,86.42,1,60.52,1,68.69,1,52.56,0,74.51,1,hollow_concrete_block
HDPE,1,27.9,13.2,0.49,none,0,0.0,21.3,7,8.28,1.47,1.06,1932.2,6.53,0.526,57.9,47.68,0,28.4,0,16.04,0,12.66,0,100.0,1,80.7,1,38.09,0,88.63,1,39.63,0,78.71,1,70.98,1,38.79,0,hollow_concrete_block
LDPE,2,11.1,8.0,0.6,none,0,0.0,23.6,81,18.59,2.23,1.77,2184.1,4.11,0.846,90.5,75.3,1,45.21,0,30.65,0,24.06,0,100.0,1,69.07,1,76.75,1,86.48,1,59.79,1,68.68,1,52.53,0,63.27,1,hollow_concrete_block
PVC,3,19.8,17.3,0.47,none,0,0.0,33.5,51,17.24,2.22,1.69,2182.5,5.31,0.675,79.2,67.59,1,40.77,0,27.81,0,22.15,0,100.0,1,73.08,1,71.72,1,86.49,1,57.99,1,73.48,1,59.72,1,56.04,1,hollow_concrete_block
HDPE,1,26.4,10.9,0.55,none,0,0.0,52.5,47,10.34,1.33,1.15,2044.7,6.99,0.628,67.5,51.42,0,31.24,0,17.48,0,13.73,0,98.84,1,75.79,1,52.02,0,87.61,1,40.49,0,72.36,1,63.0,1,42.11,0,hollow_concrete_block
PET,0,36.4,15.2,0.45,silica_fume,2,24.3,55.5,6,7.5,1.08,0.74,2006.6,5.18,0.473,55.8,50.93,0,29.5,0,15.35,0,11.61,0,100.0,1,79.93,1,41.56,0,87.94,1,45.0,0,84.46,1,75.71,1,41.21,0,hollow_concrete_block
LDPE,2,29.0,12.6,0.61,none,0,0.0,68.4,73,12.16,1.33,1.15,1977.0,7.35,0.564,74.5,53.49,0,32.85,0,19.11,0,15.05,0,97.68,1,78.87,1,52.01,0,88.21,1,41.61,0,75.04,1,67.67,1,44.16,0,hollow_concrete_block
PVC,3,38.1,18.7,0.44,fibres,3,12.7,63.2,69,12.22,1.38,1.56,1989.4,8.76,0.369,69.5,50.87,0,31.61,0,18.71,0,14.9,0,94.03,1,80.11,1,51.72,0,86.36,1,37.6,0,84.86,1,85.05,1,41.99,0,hollow_concrete_block
LDPE,2,6.5,7.9,0.57,fly_ash,1,4.0,20.9,90,26.03,3.32,2.57,2247.0,3.27,0.847,100.0,91.35,1,55.3,1,42.48,0,33.69,0,100.0,1,68.54,1,86.45,1,86.02,1,69.71,1,68.38,1,52.24,0,77.53,1,hollow_concrete_block
LDPE,2,3.4,5.4,0.51,silica_fume,2,17.1,22.3,38,28.02,3.81,2.76,2297.3,1.41,0.927,99.8,94.38,1,73.38,1,56.46,1,42.59,0,100.0,1,66.8,1,86.18,1,85.67,1,72.36,1,66.55,1,49.6,0,85.72,1,hollow_concrete_block
LDPE,2,10.7,5.4,0.55,none,0,0.0,27.5,75,22.67,3.46,2.45,2208.1,3.48,0.837,96.1,85.32,1,51.12,0,38.98,0,31.17,0,100.0,1,69.05,1,83.27,1,86.3,1,65.23,1,68.78,1,52.73,0,71.81,1,hollow_concrete_block
Mixed,5,12.8,5.7,0.4,fibres,3,0.5,20.5,7,9.14,1.47,1.38,2221.9,4.87,0.819,77.9,58.62,1,34.58,0,18.29,0,14.11,0,100.0,1,69.28,1,55.07,1,86.2,1,47.19,0,69.14,1,53.31,0,47.74,0,hollow_concrete_block
LDPE,2,19.2,17.0,0.42,none,0,0.0,54.8,13,9.15,1.52,1.05,2084.1,5.98,0.685,67.7,52.57,0,31.4,0,17.41,0,13.68,0,100.0,1,73.66,1,52.9,0,87.27,1,43.42,0,71.97,1,59.63,1,42.85,0,hollow_concrete_block
LDPE,2,35.9,11.3,0.64,fibres,3,5.4,66.0,38,7.4,0.73,0.79,1785.1,8.88,0.464,50.3,40.45,0,24.56,0,12.23,0,9.39,0,93.77,1,82.41,1,25.23,0,87.52,1,30.89,0,80.11,1,77.93,1,32.87,0,hollow_concrete_block
LDPE,2,34.8,3.0,0.54,fly_ash,1,26.1,59.4,32,8.24,1.08,0.96,1868.8,7.98,0.436,53.6,43.86,0,26.52,0,14.28,0,11.17,0,95.89,1,81.4,1,32.39,0,89.26,1,34.38,0,83.14,1,80.75,1,35.7,0,hollow_concrete_block
PET,0,26.2,4.1,0.5,fibres,3,17.4,22.5,32,11.11,1.57,1.14,2105.2,7.06,0.544,66.1,52.58,0,32.01,0,18.81,0,14.95,0,98.61,1,78.51,1,57.27,1,87.1,1,41.25,0,75.88,1,68.62,1,43.09,0,hollow_concrete_block
PET,0,38.1,19.8,0.64,none,0,0.0,60.7,48,6.48,1.45,1.05,2035.4,8.78,0.339,42.5,40.26,0,24.33,0,13.14,0,10.62,0,93.98,1,79.65,1,38.51,0,79.11,1,29.9,0,81.19,1,84.83,1,32.32,0,hollow_concrete_block
PP,4,28.7,12.2,0.45,none,0,0.0,50.4,17,7.5,0.99,1.01,1961.3,7.26,0.525,54.3,44.88,0,26.92,0,13.65,0,10.54,0,97.96,1,80.39,1,37.94,0,88.36,1,35.71,0,77.37,1,70.91,1,36.38,0,hollow_concrete_block
PP,4,3.1,4.5,0.52,fibres,3,2.1,45.6,39,18.29,2.77,1.91,2274.2,2.82,0.975,90.2,81.23,1,49.82,0,34.67,0,26.93,0,100.0,1,66.26,1,69.74,1,85.83,1,59.39,1,65.79,1,48.41,0,72.29,1,hollow_concrete_block
HDPE,1,1.0,12.3,0.46,fibres,3,26.9,42.5,40,22.25,3.32,2.18,2383.8,2.38,0.961,100.0,87.32,1,57.32,1,41.75,0,32.46,0,100.0,1,65.65,1,70.38,1,85.1,1,64.67,1,65.6,1,48.36,0,79.25,1,hollow_concrete_block
PP,4,1.2,7.7,0.44,fly_ash,1,27.4,21.5,80,41.23,5.55,3.94,2353.7,2.55,1.012,100.0,97.43,1,72.32,1,65.56,1,52.75,0,100.0,1,65.17,1,85.45,1,85.3,1,75.0,1,64.87,1,47.21,0,97.39,1,hollow_concrete_block
HDPE,1,32.3,10.5,0.58,silica_fume,2,28.2,42.7,77,19.52,3.23,1.77,1870.6,3.98,0.493,79.5,74.64,1,43.71,0,34.3,0,27.56,0,100.0,1,81.38,1,57.96,1,89.25,1,61.03,1,83.86,1,74.37,1,62.2,1,hollow_concrete_block
PET,0,26.3,3.4,0.58,none,0,0.0,77.3,31,9.98,1.47,0.76,2083.1,6.59,0.517,57.4,50.87,0,30.51,0,17.7,0,13.96,0,100.0,1,79.2,1,51.57,0,87.28,1,41.63,0,78.33,1,71.02,1,41.46,0,hollow_concrete_block
PP,4,20.1,11.7,0.51,fibres,3,16.2,27.3,70,18.85,3.07,1.92,2079.4,5.02,0.758,93.6,70.46,1,43.44,0,31.84,0,25.84,0,100.0,1,71.83,1,75.37,1,87.31,1,60.13,1,71.37,1,56.28,1,59.5,1,hollow_concrete_block
PET,0,24.3,13.4,0.51,silica_fume,2,8.1,70.2,40,13.4,1.66,1.44,2133.6,5.07,0.62,69.8,61.86,1,36.69,0,22.81,0,17.81,0,100.0,1,75.25,1,64.06,1,86.87,1,52.87,0,75.81,1,63.08,1,50.84,0,hollow_concrete_block
HDPE,1,13.1,16.1,0.64,fly_ash,1,13.7,64.9,17,10.58,1.84,0.9,2197.9,4.05,0.761,72.6,63.88,1,36.85,0,21.76,0,16.84,0,100.0,1,70.72,1,57.83,1,86.38,1,49.11,0,70.73,1,55.64,1,52.08,0,hollow_concrete_block
Mixed,5,9.6,14.8,0.61,silica_fume,2,2.4,53.6,12,10.59,1.74,0.8,2216.0,3.88,0.858,71.8,65.01,1,37.3,0,21.81,0,16.74,0,100.0,1,68.59,1,56.35,1,86.25,1,49.12,0,68.27,1,52.0,0,52.97,0,hollow_concrete_block
LDPE,2,26.1,12.3,0.48,fibres,3,6.9,69.7,19,10.29,1.23,1.39,2023.1,6.94,0.677,63.6,50.82,0,30.76,0,17.21,0,13.44,0,99.02,1,74.47,1,49.39,0,87.79,1,40.62,0,70.71,1,60.34,1,41.59,0,hollow_concrete_block
PP,4,9.8,18.2,0.55,fly_ash,1,18.2,67.8,46,21.12,3.4,2.16,2200.7,3.08,0.849,88.0,84.46,1,50.47,0,38.28,0,30.36,0,100.0,1,68.88,1,79.14,1,86.36,1,63.16,1,68.54,1,52.36,0,72.68,1,hollow_concrete_block
LDPE,2,4.7,8.5,0.5,fly_ash,1,17.3,58.0,28,19.64,2.9,1.86,2223.5,2.65,0.914,86.8,82.66,1,51.31,0,36.95,0,28.67,0,100.0,1,67.58,1,74.74,1,86.19,1,61.19,1,67.1,1,50.25,0,74.92,1,hollow_concrete_block
HDPE,1,35.1,0.8,0.39,silica_fume,2,23.0,62.7,63,25.34,4.14,2.56,1855.6,4.89,0.48,74.1,76.96,1,46.24,0,41.14,0,33.82,0,100.0,1,81.56,1,65.2,1,89.4,1,68.79,1,84.83,1,75.78,1,64.77,1,hollow_concrete_block
Mixed,5,4.0,17.5,0.6,none,0,0.0,61.4,12,9.56,1.47,1.0,2313.7,2.89,0.851,82.7,69.89,1,41.48,0,22.46,0,16.55,0,100.0,1,67.96,1,50.45,0,85.56,1,47.75,0,68.02,1,51.85,0,60.52,1,hollow_concrete_block
HDPE,1,20.6,10.8,0.47,fibres,3,10.6,44.1,74,22.03,2.76,1.98,2076.7,5.62,0.607,90.1,72.55,1,44.96,0,33.67,0,27.16,0,100.0,1,76.23,1,79.58,1,87.34,1,62.59,1,75.87,1,64.17,1,61.6,1,hollow_concrete_block
HDPE,1,28.5,2.8,0.62,silica_fume,2,17.7,57.0,8,6.36,0.93,0.68,1980.4,5.32,0.504,58.3,49.01,0,28.42,0,13.7,0,10.25,0,100.0,1,80.2,1,38.43,0,80.58,1,43.48,0,78.72,1,72.72,1,39.57,0,hollow_concrete_block
PET,0,29.5,7.4,0.48,fibres,3,18.9,64.4,58,15.54,2.31,1.6,2053.3,7.13,0.502,80.0,59.65,1,36.82,0,25.06,0,20.35,0,98.38,1,79.48,1,64.51,1,87.53,1,46.9,0,78.48,1,72.55,1,49.56,0,hollow_concrete_block
LDPE,2,30.3,14.2,0.57,none,0,0.0,29.1,3,5.34,1.02,0.47,1897.0,7.02,0.563,44.3,40.79,0,23.98,0,11.69,0,9.01,0,98.74,1,79.77,1,27.19,0,74.58,1,33.71,0,68.86,1,68.17,1,32.71,0,hollow_concrete_block
PP,4,23.7,13.6,0.49,silica_fume,2,13.2,50.5,78,30.79,3.92,3.13,2054.5,4.85,0.653,84.0,85.84,1,52.91,0,46.09,0,37.49,0,100.0,1,74.89,1,89.72,1,87.52,1,75.0,1,74.89,1,61.49,1,73.59,1,hollow_concrete_block
LDPE,2,37.8,2.4,0.44,silica_fume,2,1.4,51.1,70,11.11,1.79,1.41,1796.3,8.1,0.31,60.2,47.76,0,29.18,0,18.88,0,15.27,0,95.58,1,82.27,1,33.95,0,89.79,1,37.86,0,86.75,1,86.13,1,39.35,0,hollow_concrete_block
PP,4,20.3,18.6,0.44,fibres,3,9.6,30.7,21,12.51,2.23,1.39,2065.8,5.49,0.666,77.8,59.63,1,35.75,0,22.94,0,18.41,0,100.0,1,74.38,1,59.78,1,87.43,1,50.68,0,73.92,1,60.72,1,49.1,0,hollow_concrete_block
PET,0,32.6,14.8,0.65,fly_ash,1,12.9,36.7,81,14.49,1.4,1.31,2008.0,7.65,0.539,65.4,55.19,1,33.92,0,21.48,0,16.96,0,96.79,1,79.66,1,55.78,1,87.93,1,43.72,0,75.77,1,69.49,1,45.68,0,hollow_concrete_block
LDPE,2,4.0,6.1,0.39,silica_fume,2,14.6,33.4,24,27.81,4.29,2.64,2348.7,1.66,0.944,97.2,94.48,1,68.93,1,54.6,0,42.11,0,100.0,1,66.15,1,82.08,1,85.33,1,72.08,1,66.03,1,48.94,0,85.73,1,hollow_concrete_block
LDPE,2,37.6,5.6,0.53,none,0,0.0,75.5,88,12.35,1.86,1.32,1789.7,8.32,0.561,63.9,49.49,0,30.43,0,20.21,0,16.37,0,95.03,1,81.12,1,36.97,0,89.35,1,38.9,0,75.06,1,68.96,1,40.95,0,hollow_concrete_block
LDPE,2,5.6,4.5,0.6,fly_ash,1,0.8,74.2,72,21.01,2.46,2.04,2266.1,3.2,0.78,97.4,84.8,1,51.12,0,35.49,0,27.59,0,100.0,1,69.75,1,76.7,1,85.89,1,63.01,1,69.93,1,54.59,0,72.14,1,hollow_concrete_block
PP,4,32.0,0.6,0.6,none,0,0.0,42.2,39,6.32,0.98,0.42,1861.9,7.65,0.467,53.9,41.82,0,25.09,0,12.26,0,9.49,0,96.79,1,81.48,1,28.78,0,81.47,1,32.83,0,77.24,1,77.13,1,33.83,0,hollow_concrete_block
PP,4,17.1,9.2,0.39,fibres,3,8.8,26.6,18,12.73,1.23,1.48,2064.0,5.01,0.781,75.7,61.4,1,36.42,0,21.13,0,16.18,0,100.0,1,71.45,1,59.48,1,87.44,1,51.97,0,70.82,1,55.42,1,50.52,0,hollow_concrete_block
PVC,3,35.6,10.1,0.38,fly_ash,1,29.8,63.9,17,9.49,1.4,1.17,1976.7,8.35,0.379,49.8,45.31,0,27.55,0,16.18,0,12.91,0,94.96,1,80.24,1,41.21,0,87.37,1,35.01,0,85.37,1,85.12,1,36.91,0,hollow_concrete_block
LDPE,2,32.1,15.0,0.42,none,0,0.0,39.6,67,15.28,1.88,1.44,1848.7,7.81,0.571,65.7,54.84,0,33.72,0,23.39,0,18.82,0,96.34,1,79.99,1,45.79,0,89.47,1,44.27,0,74.8,1,67.85,1,45.61,0,hollow_concrete_block
LDPE,2,11.0,12.8,0.5,none,0,0.0,62.4,43,14.99,2.25,1.74,2147.9,3.91,0.849,84.4,71.47,1,41.86,0,27.44,0,21.5,0,100.0,1,69.33,1,71.47,1,86.76,1,54.99,0,68.78,1,52.58,0,59.13,1,hollow_concrete_block
PET,0,17.3,18.7,0.59,silica_fume,2,5.7,53.5,83,19.98,2.95,2.3,2185.7,4.12,0.715,94.6,77.1,1,46.77,0,33.83,0,27.05,0,100.0,1,71.95,1,80.01,1,86.47,1,61.64,1,72.14,1,57.72,1,64.9,1,hollow_concrete_block
PET,0,38.0,12.7,0.42,fibres,3,26.2,33.2,28,11.07,1.74,1.18,1961.6,8.76,0.426,64.9,48.57,0,30.04,0,18.46,0,14.96,0,94.03,1,80.39,1,46.63,0,86.62,1,36.07,0,82.57,1,81.53,1,39.95,0,hollow_concrete_block
LDPE,2,18.8,9.9,0.41,fibres,3,8.5,31.9,14,14.38,2.35,1.15,2087.9,5.68,0.749,71.7,60.94,1,36.64,0,24.95,0,20.09,0,100.0,1,71.96,1,62.92,1,87.24,1,52.04,0,70.66,1,56.62,1,50.3,0,hollow_concrete_block
PP,4,34.3,15.1,0.35,none,0,0.0,49.4,81,24.21,3.01,2.2,1861.4,9.02,0.444,71.8,65.86,1,41.33,0,34.69,0,28.52,0,93.48,1,81.49,1,63.15,1,87.08,1,52.97,0,81.37,1,79.8,1,55.7,1,hollow_concrete_block
HDPE,1,28.4,1.3,0.56,fibres,3,18.9,34.1,47,13.83,1.93,1.32,1972.2,7.22,0.626,76.5,56.17,1,34.54,0,22.35,0,17.98,0,98.08,1,76.58,1,54.97,0,88.25,1,44.29,0,72.46,1,63.48,1,46.56,0,hollow_concrete_block
PVC,3,21.2,19.1,0.61,fly_ash,1,26.3,60.1,65,18.67,2.7,1.91,2163.3,5.84,0.682,79.3,67.65,1,41.22,0,29.99,0,24.29,0,100.0,1,73.04,1,75.5,1,86.64,1,56.86,1,72.02,1,59.44,1,56.3,1,hollow_concrete_block
Mixed,5,15.7,7.5,0.49,none,0,0.0,33.1,39,16.59,1.87,1.66,2133.1,4.7,0.785,80.2,68.92,1,41.03,0,26.94,0,21.08,0,100.0,1,70.74,1,72.01,1,86.88,1,57.12,1,70.38,1,54.95,0,57.07,1,hollow_concrete_block
PVC,3,38.8,6.8,0.55,none,0,0.0,30.6,43,7.33,0.5,0.54,2008.3,7.89,0.477,51.4,43.55,0,26.29,0,11.96,0,8.94,0,96.12,1,79.92,1,40.27,0,86.79,1,33.43,0,78.74,1,75.27,1,35.22,0,hollow_concrete_block
Mixed,5,4.5,14.1,0.56,fibres,3,25.2,71.8,79,28.01,3.86,2.39,2306.7,3.32,0.979,100.0,94.43,1,57.11,1,45.69,0,36.6,0,100.0,1,65.96,1,85.49,1,85.61,1,72.35,1,65.59,1,48.19,0,79.85,1,hollow_concrete_block
PVC,3,27.5,1.1,0.43,fly_ash,1,26.7,67.0,10,10.58,1.32,0.89,2117.4,6.47,0.543,53.8,51.77,0,30.96,0,18.0,0,14.07,0,100.0,1,78.45,1,54.1,0,87.0,1,42.96,0,76.91,1,68.64,1,42.18,0,hollow_concrete_block
PP,4,30.9,5.6,0.45,fibres,3,24.3,45.5,36,9.73,1.41,1.21,1897.9,6.96,0.578,77.4,50.78,0,30.95,0,17.09,0,13.48,0,98.95,1,79.14,1,43.06,0,88.97,1,39.79,0,75.42,1,67.06,1,41.76,0,hollow_concrete_block
PET,0,10.7,14.7,0.45,none,0,0.0,38.5,55,21.11,2.81,2.21,2294.9,3.72,0.773,92.1,82.03,1,49.09,0,35.3,0,27.94,0,100.0,1,69.68,1,73.45,1,85.69,1,63.15,1,69.99,1,54.76,0,68.92,1,hollow_concrete_block
HDPE,1,22.9,3.7,0.41,none,0,0.0,76.9,81,24.88,3.49,2.38,2061.5,6.33,0.618,84.7,74.24,1,46.02,0,37.82,0,31.03,0,100.0,1,75.98,1,81.86,1,87.46,1,62.66,1,73.88,1,63.54,1,62.76,1,hollow_concrete_block
PP,4,13.2,12.3,0.36,none,0,0.0,68.1,14,11.99,1.88,1.15,2146.2,4.36,0.804,80.2,64.54,1,37.82,0,22.81,0,17.78,0,100.0,1,70.22,1,65.28,1,86.77,1,50.99,0,69.84,1,54.17,0,52.94,0,hollow_concrete_block
Mixed,5,13.3,7.4,0.58,none,0,0.0,59.3,69,18.44,2.53,2.0,2195.8,4.22,0.794,86.9,74.55,1,44.54,0,31.08,0,24.64,0,100.0,1,70.01,1,74.74,1,86.39,1,59.59,1,69.87,1,54.33,0,62.3,1,hollow_concrete_block
HDPE,1,14.5,4.4,0.4,fibres,3,25.8,33.8,23,17.53,2.34,1.68,2207.5,4.99,0.744,92.1,69.77,1,42.85,0,28.72,0,22.88,0,100.0,1,71.04,1,73.72,1,86.31,1,58.37,1,71.17,1,56.32,1,58.69,1,hollow_concrete_block
LDPE,2,13.3,4.7,0.57,none,0,0.0,22.2,5,7.34,1.14,0.76,2195.5,4.53,0.797,71.6,56.8,1,32.92,0,16.08,0,12.06,0,100.0,1,69.95,1,52.34,0,85.33,1,44.79,0,69.26,1,54.22,0,45.98,0,hollow_concrete_block
PP,4,4.1,8.3,0.5,fly_ash,1,8.5,21.5,83,31.12,4.39,3.17,2287.9,2.74,0.909,100.0,96.95,1,62.24,1,51.83,0,41.39,0,100.0,1,67.15,1,90.15,1,85.73,1,75.0,1,66.93,1,50.14,0,88.58,1,hollow_concrete_block
Mixed,5,9.9,5.8,0.39,fibres,3,19.7,27.9,37,20.45,2.45,1.87,2221.0,3.82,0.838,90.3,79.9,1,47.7,0,33.56,0,26.37,0,100.0,1,68.92,1,77.17,1,86.21,1,62.27,1,68.7,1,52.64,0,67.17,1,hollow_concrete_block
PET,0,3.1,10.3,0.56,fibres,3,0.6,64.6,72,26.53,4.04,2.74,2377.2,2.17,1.048,98.5,92.98,1,62.44,1,48.92,0,38.32,0,100.0,1,64.55,1,77.99,1,85.14,1,70.37,1,64.24,1,46.31,0,84.35,1,hollow_concrete_block
PP,4,36.8,2.4,0.53,fibres,3,5.8,56.3,42,9.52,0.95,0.96,1829.8,8.56,0.484,55.7,44.68,0,27.29,0,15.01,0,11.69,0,94.47,1,81.86,1,32.28,0,88.37,1,34.5,0,79.06,1,75.52,1,36.59,0,hollow_concrete_block
LDPE,2,17.0,15.0,0.44,fibres,3,6.1,35.9,86,26.94,3.6,2.86,2087.3,5.43,0.806,90.2,79.8,1,49.48,0,40.85,0,33.32,0,100.0,1,70.71,1,88.55,1,87.25,1,70.3,1,69.8,1,54.36,0,68.05,1,hollow_concrete_block
PP,4,18.9,6.2,0.38,fibres,3,16.8,49.0,71,29.49,4.75,3.0,2094.9,5.82,0.703,96.2,82.02,1,51.79,0,45.95,0,38.18,0,100.0,1,73.06,1,94.88,1,87.18,1,71.39,1,71.69,1,58.69,1,70.16,1,hollow_concrete_block
PP,4,9.8,0.8,0.5,fibres,3,28.5,65.8,16,10.57,1.52,1.16,2223.9,4.19,0.814,90.7,64.43,1,38.36,0,20.73,0,15.85,0,100.0,1,69.37,1,60.59,1,86.19,1,49.09,0,69.25,1,53.48,0,53.48,0,hollow_concrete_block
PVC,3,9.0,19.5,0.47,fly_ash,1,13.4,48.6,16,17.45,2.4,1.78,2262.5,3.29,0.946,78.3,79.52,1,45.88,0,31.56,0,24.53,0,100.0,1,66.77,1,66.12,1,85.91,1,58.27,1,66.34,1,49.21,0,65.86,1,hollow_concrete_block
Mixed,5,12.4,3.3,0.54,none,0,0.0,25.7,24,9.47,1.19,0.55,2175.5,3.84,0.845,74.1,63.76,1,36.47,0,19.39,0,14.45,0,100.0,1,69.17,1,57.96,1,86.55,1,47.63,0,68.74,1,52.6,0,51.88,0,hollow_concrete_block
HDPE,1,34.6,10.1,0.42,fly_ash,1,12.1,70.3,69,19.34,3.13,2.09,1862.6,8.28,0.405,66.2,59.69,1,37.03,0,30.39,0,25.2,0,95.13,1,81.48,1,53.68,0,88.65,1,48.33,0,85.62,1,85.0,1,50.03,0,hollow_concrete_block
Mixed,5,33.6,15.3,0.37,fibres,3,7.6,38.7,46,13.79,2.14,1.89,1945.0,7.25,0.478,66.5,54.65,0,33.4,0,22.82,0,18.5,0,97.99,1,80.57,1,50.39,0,88.51,1,44.13,0,80.48,1,75.49,1,45.21,0,hollow_concrete_block
HDPE,1,1.5,13.9,0.53,none,0,0.0,36.1,29,15.56,1.96,1.6,2291.9,1.89,1.01,88.0,77.72,1,54.34,0,34.57,0,25.27,0,100.0,1,65.65,1,63.36,1,85.71,1,55.75,1,65.15,1,47.49,0,70.51,1,hollow_concrete_block
PP,4,31.8,11.1,0.44,fly_ash,1,9.7,62.5,68,18.16,2.13,2.17,1867.3,7.63,0.54,67.3,59.31,1,36.55,0,26.98,0,21.77,0,96.84,1,81.11,1,52.33,0,89.28,1,48.68,0,76.54,1,70.16,1,49.58,0,hollow_concrete_block
PP,4,34.3,19.9,0.37,none,0,0.0,45.5,12,8.16,1.31,1.01,1878.1,8.11,0.478,58.4,44.2,0,26.88,0,14.72,0,11.69,0,95.55,1,81.3,1,34.15,0,88.9,1,33.9,0,79.7,1,75.86,1,36.03,0,hollow_concrete_block
PVC,3,5.1,0.8,0.51,none,0,0.0,30.0,59,22.8,2.92,2.3,2291.5,2.86,0.862,95.0,87.37,1,54.03,0,39.42,0,30.76,0,100.0,1,67.92,1,77.25,1,85.71,1,65.4,1,67.87,1,51.57,0,77.39,1,hollow_concrete_block
PET,0,1.6,8.8,0.4,fibres,3,4.2,72.5,56,34.97,5.07,3.0,2371.0,2.72,0.958,100.0,97.56,1,66.06,1,57.45,1,46.23,0,100.0,1,65.79,1,84.21,1,85.18,1,75.0,1,65.7,1,48.49,0,93.85,1,hollow_concrete_block
PVC,3,0.4,2.8,0.65,silica_fume,2,15.7,56.9,50,24.93,3.35,2.79,2338.0,0.67,0.991,100.0,90.56,1,72.58,1,73.11,1,50.71,0,100.0,1,65.56,1,78.12,1,85.4,1,68.24,1,65.27,1,47.77,0,82.22,1,hollow_concrete_block
PP,4,26.0,3.3,0.51,fly_ash,1,24.1,77.1,50,18.27,2.56,1.74,2005.7,6.73,0.572,72.0,62.8,1,38.49,0,28.63,0,23.27,0,99.76,1,78.25,1,63.6,1,87.95,1,52.1,0,75.5,1,66.93,1,52.37,0,hollow_concrete_block
PP,4,24.2,9.7,0.41,silica_fume,2,27.8,63.2,20,17.72,2.48,1.81,1968.2,3.6,0.637,78.0,75.44,1,43.57,0,31.33,0,24.56,0,100.0,1,76.25,1,61.55,1,88.29,1,58.63,1,75.96,1,62.84,1,62.51,1,hollow_concrete_block
HDPE,1,21.0,16.7,0.35,fibres,3,5.4,48.2,3,13.25,1.92,1.5,2058.4,6.2,0.705,67.9,57.27,1,34.57,0,22.35,0,17.84,0,100.0,1,73.35,1,57.95,1,87.49,1,47.77,0,70.96,1,58.76,1,47.18,0,hollow_concrete_block
LDPE,2,28.1,4.4,0.38,fibres,3,9.9,23.7,62,20.11,2.53,2.11,1947.0,6.86,0.634,74.7,64.87,1,39.92,0,30.32,0,24.57,0,99.3,1,76.57,1,63.17,1,88.49,1,54.02,0,72.86,1,63.13,1,54.34,0,hollow_concrete_block
PP,4,6.3,7.3,0.52,fly_ash,1,10.3,20.8,27,15.14,2.43,1.58,2257.5,3.23,0.914,80.4,76.65,1,44.31,0,29.47,0,22.9,0,100.0,1,67.31,1,63.17,1,85.95,1,55.19,1,66.96,1,50.12,0,63.75,1,hollow_concrete_block
LDPE,2,11.4,18.3,0.48,silica_fume,2,11.0,66.0,35,20.86,3.41,1.95,2177.4,2.94,0.825,86.2,83.94,1,50.58,0,38.46,0,30.42,0,100.0,1,69.53,1,79.91,1,86.53,1,62.81,1,69.19,1,53.28,0,73.28,1,hollow_concrete_block
PP,4,21.6,13.4,0.37,fly_ash,1,3.1,33.0,25,15.28,2.2,1.68,2006.4,5.75,0.665,71.8,61.33,1,36.92,0,25.42,0,20.36,0,100.0,1,74.99,1,58.62,1,87.94,1,52.84,0,73.61,1,61.06,1,50.79,0,hollow_concrete_block
LDPE,2,22.5,3.0,0.51,fibres,3,9.9,66.3,78,18.71,2.89,2.11,1998.6,5.85,0.636,93.9,66.85,1,41.81,0,30.49,0,24.82,0,100.0,1,75.98,1,69.45,1,88.01,1,56.86,1,74.51,1,62.74,1,56.65,1,hollow_concrete_block
PP,4,11.1,16.2,0.61,fibres,3,6.3,20.2,32,12.33,2.23,0.98,2159.9,3.72,0.791,80.3,69.05,1,39.77,0,25.07,0,19.57,0,100.0,1,70.38,1,65.43,1,86.67,1,51.44,0,70.1,1,54.6,0,56.59,1,hollow_concrete_block
HDPE,1,3.7,16.2,0.39,fly_ash,1,14.3,20.0,12,17.36,2.18,1.97,2335.3,3.05,0.971,87.7,80.45,1,48.02,0,31.55,0,24.23,0,100.0,1,65.86,1,63.18,1,85.42,1,58.15,1,65.61,1,48.28,0,69.1,1,hollow_concrete_block
PET,0,5.5,16.2,0.48,fibres,3,9.8,50.0,18,14.65,1.77,1.54,2261.4,2.59,0.975,95.0,76.28,1,48.36,0,29.37,0,21.91,0,100.0,1,66.36,1,65.82,1,85.92,1,54.53,0,65.84,1,48.46,0,69.48,1,hollow_concrete_block
HDPE,1,22.4,7.9,0.47,fibres,3,10.6,70.3,43,16.63,2.66,1.61,1998.5,6.28,0.692,77.4,62.28,1,37.99,0,27.53,0,22.42,0,100.0,1,74.28,1,61.74,1,88.01,1,51.9,0,71.53,1,59.69,1,51.81,0,hollow_concrete_block
PP,4,3.1,12.3,0.41,fly_ash,1,28.4,70.0,21,21.19,3.26,1.92,2282.0,2.15,0.958,87.0,85.16,1,56.46,1,41.74,0,32.15,0,100.0,1,66.45,1,73.2,1,85.78,1,63.25,1,66.05,1,48.82,0,77.11,1,hollow_concrete_block
PVC,3,22.4,10.1,0.59,none,0,0.0,53.5,58,12.12,1.49,1.16,2092.6,6.07,0.726,73.2,57.01,1,34.41,0,20.24,0,15.87,0,100.0,1,72.48,1,59.87,1,87.2,1,46.91,0,70.41,1,57.62,1,46.87,0,hollow_concrete_block
Mixed,5,13.9,1.0,0.46,fibres,3,23.1,40.8,57,24.18,3.79,2.57,2178.5,4.51,0.83,97.0,80.55,1,49.73,0,39.57,0,32.24,0,100.0,1,69.43,1,88.14,1,86.53,1,67.24,1,69.07,1,53.1,0,68.22,1,hollow_concrete_block
HDPE,1,24.7,17.6,0.63,fly_ash,1,11.5,30.7,4,3.35,0.62,0.3,1977.8,6.45,0.625,48.4,40.49,0,23.57,0,9.03,0,6.58,0,80.1,1,63.89,1,30.69,0,60.54,1,33.41,0,59.96,1,63.51,1,32.21,0,hollow_concrete_block
HDPE,1,17.7,10.8,0.35,silica_fume,2,9.9,74.7,35,26.92,4.06,2.47,2142.1,3.54,0.84,82.5,90.01,1,52.94,0,44.6,0,36.0,0,100.0,1,69.55,1,90.46,1,86.81,1,70.89,1,69.01,1,52.91,0,75.34,1,hollow_concrete_block
PP,4,36.9,12.3,0.36,silica_fume,2,19.3,43.9,35,17.69,1.91,1.76,1823.6,5.27,0.418,62.2,63.61,1,37.79,0,27.53,0,21.7,0,100.0,1,81.93,1,47.12,0,89.74,1,58.59,1,89.98,1,83.38,1,52.92,0,hollow_concrete_block
LDPE,2,25.0,19.4,0.6,fibres,3,29.9,57.9,65,15.88,2.23,1.9,1976.7,6.33,0.666,81.6,61.5,1,37.59,0,25.67,0,20.67,0,100.0,1,75.26,1,60.01,1,88.21,1,50.66,0,72.45,1,61.15,1,51.16,0,hollow_concrete_block
HDPE,1,18.9,17.6,0.58,none,0,0.0,22.3,6,5.0,1.03,0.3,2032.7,6.15,0.647,62.3,45.54,0,26.89,0,11.91,0,9.07,0,97.38,1,73.62,1,40.93,0,71.04,1,37.02,0,64.9,1,61.93,1,36.63,0,hollow_concrete_block
PP,4,35.8,3.5,0.57,fly_ash,1,2.5,70.0,18,5.81,0.5,0.53,1846.1,8.59,0.508,44.2,38.42,0,23.08,0,10.16,0,7.6,0,94.4,1,81.67,1,24.31,0,76.86,1,29.48,0,71.73,1,73.08,1,30.91,0,hollow_concrete_block
PET,0,17.7,14.4,0.44,silica_fume,2,29.5,31.7,81,41.45,5.6,3.86,2139.4,2.53,0.785,100.0,95.85,1,71.56,1,65.99,1,53.1,0,100.0,1,70.68,1,99.24,1,86.83,1,75.0,1,70.35,1,54.92,0,96.26,1,hollow_concrete_block
Mixed,5,0.7,16.8,0.6,silica_fume,2,26.9,30.2,78,36.77,5.07,3.66,2382.2,1.1,1.02,100.0,97.65,1,82.95,1,73.69,1,55.76,1,100.0,1,64.86,1,83.41,1,85.11,1,75.0,1,64.64,1,46.93,0,96.66,1,hollow_concrete_block
Mixed,5,37.8,10.6,0.63,fibres,3,12.5,60.1,10,4.22,1.28,0.3,1916.2,9.07,0.409,49.9,36.89,0,22.36,0,10.36,0,8.35,0,82.59,1,74.01,1,28.13,0,64.56,1,26.21,0,73.14,1,84.12,1,29.51,0,thermal_insulation_panel
PET,0,7.7,15.3,0.39,silica_fume,2,2.5,46.6,38,21.39,2.84,1.9,2287.7,2.77,0.906,91.2,85.47,1,52.9,0,38.12,0,29.63,0,100.0,1,67.2,1,74.2,1,85.74,1,63.52,1,66.99,1,50.23,0,76.59,1,hollow_concrete_block
PP,4,7.9,10.4,0.4,none,0,0.0,38.7,74,28.95,4.17,2.84,2203.2,4.54,0.857,94.1,86.95,1,53.6,0,45.25,0,36.94,0,100.0,1,68.71,1,93.58,1,86.34,1,73.6,1,68.35,1,52.08,0,73.96,1,hollow_concrete_block
LDPE,2,4.7,9.6,0.6,none,0,0.0,54.0,62,16.94,1.99,1.86,2292.4,3.01,0.911,94.1,79.57,1,48.23,0,30.77,0,23.47,0,100.0,1,67.08,1,67.19,1,85.7,1,57.59,1,66.87,1,50.07,0,68.97,1,hollow_concrete_block
PET,0,4.7,2.3,0.57,fly_ash,1,9.5,57.6,5,9.72,1.34,1.14,2314.5,3.05,0.954,81.4,69.97,1,40.77,0,21.81,0,16.05,0,100.0,1,66.26,1,50.32,0,85.55,1,47.96,0,65.99,1,48.8,0,59.12,1,hollow_concrete_block
HDPE,1,31.5,4.7,0.46,none,0,0.0,72.6,34,10.73,1.61,1.31,1892.2,7.33,0.468,59.1,49.13,0,29.74,0,18.39,0,14.69,0,97.74,1,81.14,1,39.62,0,89.03,1,39.77,0,81.38,1,76.85,1,40.32,0,hollow_concrete_block
LDPE,2,33.5,13.0,0.62,fly_ash,1,22.4,64.3,42,7.04,1.12,0.68,1905.0,7.76,0.487,57.2,43.32,0,26.16,0,13.28,0,10.4,0,96.48,1,81.0,1,33.9,0,85.83,1,33.44,0,77.83,1,74.78,1,35.14,0,hollow_concrete_block
PET,0,15.2,6.1,0.43,silica_fume,2,12.4,70.1,37,27.75,3.68,2.81,2211.4,3.71,0.759,90.0,90.33,1,54.2,0,44.14,0,35.44,0,100.0,1,70.66,1,89.94,1,86.28,1,72.0,1,70.73,1,55.66,1,76.5,1,hollow_concrete_block
HDPE,1,7.1,6.3,0.56,silica_fume,2,2.8,41.3,49,16.39,2.17,1.73,2265.0,3.64,0.953,89.9,76.1,1,44.92,0,29.14,0,22.66,0,100.0,1,66.65,1,67.15,1,85.89,1,56.85,1,66.21,1,49.01,0,63.56,1,hollow_concrete_block
LDPE,2,30.9,10.7,0.6,fly_ash,1,1.1,70.1,52,11.57,1.41,1.34,1962.4,8.05,0.542,59.5,49.6,0,30.36,0,18.41,0,14.62,0,95.7,1,79.98,1,46.14,0,88.22,1,38.62,0,75.33,1,69.47,1,40.76,0,hollow_concrete_block
HDPE,1,21.5,4.6,0.56,silica_fume,2,19.4,60.9,39,16.29,2.37,1.41,2027.4,3.12,0.654,78.7,76.28,1,44.42,0,30.76,0,23.8,0,100.0,1,75.12,1,63.57,1,87.76,1,56.72,1,74.99,1,61.56,1,64.6,1,hollow_concrete_block
HDPE,1,13.7,19.4,0.52,silica_fume,2,2.7,66.4,36,16.03,2.06,1.82,2153.3,3.91,0.806,86.0,72.9,1,42.93,0,28.0,0,21.8,0,100.0,1,70.12,1,73.53,1,86.72,1,56.37,1,69.76,1,54.06,0,60.59,1,hollow_concrete_block
HDPE,1,18.7,1.1,0.38,fly_ash,1,14.3,48.0,44,24.0,3.25,2.09,2083.5,5.46,0.7,74.4,74.77,1,45.4,0,37.01,0,30.08,0,100.0,1,73.25,1,79.33,1,87.28,1,66.19,1,72.75,1,58.88,1,62.68,1,hollow_concrete_block
LDPE,2,22.6,13.3,0.62,silica_fume,2,21.0,57.8,4,7.22,1.45,1.01,2000.2,3.91,0.602,70.2,58.53,1,33.11,0,17.67,0,13.32,0,100.0,1,77.15,1,44.33,0,86.13,1,44.63,0,76.31,1,64.87,1,47.45,0,hollow_concrete_block
HDPE,1,16.9,7.0,0.54,none,0,0.0,31.2,48,15.18,2.41,1.17,2135.4,5.04,0.789,80.7,65.68,1,39.31,0,26.5,0,21.21,0,100.0,1,70.63,1,69.95,1,86.86,1,55.24,1,70.27,1,54.78,0,54.29,0,hollow_concrete_block
LDPE,2,6.5,11.2,0.58,fibres,3,24.3,47.4,76,23.53,3.11,2.51,2255.2,2.82,0.856,100.0,88.08,1,55.15,1,40.76,0,31.91,0,100.0,1,68.31,1,81.7,1,85.96,1,66.37,1,68.15,1,51.91,0,78.47,1,hollow_concrete_block
Mixed,5,17.4,8.3,0.6,silica_fume,2,21.7,56.1,64,23.13,3.57,2.35,2116.6,3.4,0.697,91.5,85.93,1,50.89,0,39.9,0,31.92,0,100.0,1,73.03,1,84.63,1,87.01,1,65.84,1,73.03,1,58.88,1,72.43,1,hollow_concrete_block
Mixed,5,16.0,1.3,0.63,fly_ash,1,22.9,74.1,67,19.3,2.94,1.61,2124.5,4.22,0.747,85.6,75.17,1,44.8,0,32.97,0,26.41,0,100.0,1,71.68,1,77.29,1,86.95,1,60.73,1,71.46,1,56.54,1,62.81,1,hollow_concrete_block
PET,0,16.8,15.6,0.64,fibres,3,17.8,29.8,24,9.65,1.2,1.14,2219.1,4.99,0.782,73.5,58.25,1,34.38,0,17.99,0,13.71,0,100.0,1,70.08,1,54.99,0,86.22,1,47.87,0,70.07,1,54.7,0,47.46,0,hollow_concrete_block
LDPE,2,35.5,19.3,0.63,fly_ash,1,28.5,54.1,20,8.67,1.86,0.97,1779.8,8.17,0.498,43.2,42.22,0,25.34,0,16.58,0,13.54,0,95.4,1,82.47,1,25.53,0,89.81,1,34.41,0,78.91,1,74.43,1,34.36,0,hollow_concrete_block
HDPE,1,26.5,15.9,0.37,none,0,0.0,38.6,21,13.92,2.12,1.25,1982.6,6.41,0.593,61.7,56.33,1,33.96,0,23.38,0,18.82,0,100.0,1,77.66,1,52.06,0,88.16,1,47.68,0,75.22,1,65.56,1,46.47,0,hollow_concrete_block
LDPE,2,18.3,3.7,0.35,fly_ash,1,6.0,30.3,42,23.04,3.86,2.02,2030.6,5.2,0.65,80.3,74.73,1,45.24,0,37.82,0,31.1,0,100.0,1,75.21,1,75.46,1,87.73,1,65.72,1,75.12,1,61.77,1,62.64,1,hollow_concrete_block
PET,0,7.4,17.2,0.48,fly_ash,1,4.6,53.3,50,23.3,3.71,2.37,2272.4,2.54,0.89,91.9,87.9,1,55.83,1,43.07,0,33.92,0,100.0,1,67.58,1,78.65,1,85.84,1,66.07,1,67.37,1,50.77,0,79.92,1,hollow_concrete_block
PET,0,19.1,7.2,0.49,fibres,3,21.0,74.8,88,27.18,3.59,2.63,2120.4,4.52,0.658,94.6,84.07,1,51.76,0,42.05,0,34.03,0,100.0,1,74.13,1,92.44,1,86.98,1,71.24,1,74.38,1,60.91,1,71.48,1,hollow_concrete_block
PVC,3,33.3,14.3,0.58,none,0,0.0,43.3,43,9.02,1.11,0.79,2004.1,6.7,0.576,52.5,48.16,0,28.72,0,15.78,0,12.21,0,99.88,1,78.11,1,43.07,0,87.96,1,39.89,0,75.36,1,66.65,1,39.15,0,hollow_concrete_block
HDPE,1,16.0,6.9,0.43,fibres,3,17.9,52.0,47,20.44,2.42,2.24,2131.9,4.55,0.74,96.0,75.02,1,46.11,0,32.35,0,25.65,0,100.0,1,71.78,1,82.39,1,86.89,1,62.25,1,71.63,1,56.81,1,63.33,1,hollow_concrete_block
PVC,3,26.8,19.4,0.36,fly_ash,1,23.0,42.1,46,21.99,3.02,2.01,2038.6,6.76,0.614,74.1,68.2,1,42.02,0,33.48,0,27.38,0,99.65,1,76.34,1,72.69,1,87.66,1,56.93,1,73.36,1,63.9,1,57.19,1,hollow_concrete_block
PP,4,32.9,12.4,0.58,none,0,0.0,58.7,20,2.75,0.5,0.3,1874.5,7.86,0.5,50.3,36.37,0,21.61,0,7.39,0,5.38,0,70.01,1,64.67,1,22.8,0,57.54,1,27.42,0,62.73,1,72.42,1,28.93,0,thermal_insulation_panel
PVC,3,7.5,4.6,0.48,silica_fume,2,11.5,30.8,22,18.44,2.86,1.93,2269.2,3.22,0.965,91.7,81.4,1,48.31,0,33.87,0,26.63,0,100.0,1,66.44,1,70.73,1,85.86,1,59.59,1,65.98,1,48.68,0,68.92,1,hollow_concrete_block
LDPE,2,12.4,13.7,0.49,silica_fume,2,28.8,45.3,23,14.61,2.52,1.62,2232.9,3.03,0.893,94.4,76.02,1,45.88,0,29.71,0,23.03,0,100.0,1,67.84,1,67.63,1,86.12,1,54.48,0,67.47,1,50.83,0,65.69,1,hollow_concrete_block
PVC,3,27.3,16.8,0.49,none,0,0.0,40.8,15,9.84,1.98,1.03,2043.5,6.79,0.61,57.3,49.93,0,30.0,0,18.72,0,15.14,0,99.55,1,76.43,1,48.49,0,87.62,1,40.61,0,73.45,1,64.13,1,40.71,0,hollow_concrete_block
Mixed,5,34.5,16.2,0.35,silica_fume,2,3.9,50.4,90,22.35,2.64,2.09,1943.0,8.2,0.528,80.2,66.11,1,41.39,0,32.2,0,26.25,0,95.33,1,80.59,1,68.03,1,88.04,1,52.56,0,76.04,1,70.75,1,55.71,1,hollow_concrete_block
PVC,3,0.5,13.2,0.55,fibres,3,23.1,38.2,36,18.2,2.03,1.73,2337.5,1.89,0.995,100.0,81.58,1,57.98,1,37.38,0,27.51,0,100.0,1,65.51,1,66.94,1,85.4,1,59.27,1,65.21,1,47.68,0,74.14,1,hollow_concrete_block
Mixed,5,25.4,12.3,0.59,fibres,3,15.1,66.9,45,12.94,1.73,0.91,2018.0,6.59,0.68,71.2,56.01,1,34.03,0,21.31,0,16.95,0,100.0,1,74.43,1,55.39,1,87.84,1,45.58,0,71.24,1,60.2,1,46.2,0,hollow_concrete_block
PP,4,38.9,2.7,0.4,fibres,3,16.0,43.0,89,18.64,2.7,1.87,1815.8,8.74,0.388,76.0,58.96,1,36.87,0,28.44,0,23.41,0,94.07,1,82.03,1,51.68,0,88.13,1,46.21,0,85.9,1,86.01,1,49.52,0,hollow_concrete_block
PET,0,6.0,7.1,0.63,silica_fume,2,5.9,68.8,61,21.52,3.17,2.01,2298.6,2.68,0.921,93.8,85.72,1,53.8,0,39.4,0,30.79,0,100.0,1,66.88,1,74.3,1,85.66,1,63.69,1,66.65,1,49.76,0,77.77,1,hollow_concrete_block
PVC,3,1.9,6.0,0.39,fibres,3,13.8,23.0,79,39.34,5.54,3.97,2331.8,3.02,0.922,100.0,97.27,1,68.15,1,62.02,1,50.34,0,100.0,1,66.62,1,87.01,1,85.44,1,75.0,1,66.5,1,49.61,0,93.76,1,hollow_concrete_block
Mixed,5,14.8,8.8,0.55,none,0,0.0,52.6,25,8.28,1.27,0.6,2156.7,4.52,0.792,71.6,57.82,1,33.55,0,17.35,0,13.15,0,100.0,1,70.38,1,56.68,1,86.69,1,46.04,0,70.09,1,54.58,0,46.94,0,hollow_concrete_block
LDPE,2,14.3,0.8,0.45,none,0,0.0,55.7,48,16.77,2.78,1.73,2128.7,4.47,0.868,83.0,70.5,1,41.87,0,29.69,0,23.81,0,100.0,1,69.15,1,72.71,1,86.91,1,57.36,1,68.45,1,52.05,0,58.45,1,hollow_concrete_block
Mixed,5,1.5,14.9,0.42,none,0,0.0,52.1,19,14.82,1.87,1.37,2313.4,1.76,0.921,88.8,76.9,1,55.45,1,34.65,0,25.04,0,100.0,1,66.77,1,60.8,1,85.56,1,54.76,0,66.59,1,49.7,0,69.83,1,hollow_concrete_block
Mixed,5,5.8,10.1,0.62,silica_fume,2,29.2,61.3,34,21.11,2.84,2.07,2315.6,2.34,0.899,97.3,85.3,1,56.03,1,39.61,0,30.4,0,100.0,1,67.11,1,73.3,1,85.55,1,63.15,1,67.01,1,50.33,0,77.52,1,hollow_concrete_block
Mixed,5,32.8,11.6,0.36,silica_fume,2,11.2,28.8,84,28.31,4.17,2.79,1928.4,5.81,0.47,81.6,79.13,1,48.56,0,43.32,0,35.72,0,100.0,1,80.74,1,77.28,1,88.67,1,69.88,1,83.87,1,76.44,1,66.96,1,hollow_concrete_block
PET,0,15.3,19.6,0.37,silica_fume,2,12.7,21.3,35,27.26,4.11,2.62,2197.1,3.01,0.77,86.4,92.62,1,55.87,1,46.39,0,37.15,0,100.0,1,70.52,1,89.22,1,86.39,1,71.35,1,70.49,1,55.27,1,80.45,1,hollow_concrete_block
Mixed,5,26.1,17.7,0.6,fibres,3,29.0,67.6,76,15.38,2.59,1.57,1999.9,6.41,0.638,91.9,60.92,1,38.17,0,26.02,0,21.21,0,100.0,1,75.9,1,63.48,1,88.0,1,49.63,0,73.23,1,62.62,1,51.46,0,hollow_concrete_block
LDPE,2,39.8,12.5,0.51,fly_ash,1,20.8,22.9,76,14.17,2.19,1.54,1823.4,8.38,0.436,62.7,51.93,0,32.01,0,22.83,0,18.65,0,94.89,1,81.94,1,41.37,0,88.84,1,41.17,0,82.94,1,81.01,1,43.11,0,hollow_concrete_block
PVC,3,8.6,18.7,0.43,fly_ash,1,8.3,60.3,80,30.66,4.03,2.9,2246.4,3.36,0.883,100.0,96.4,1,58.94,1,48.67,0,39.06,0,100.0,1,67.91,1,93.11,1,86.03,1,75.0,1,67.62,1,51.08,0,82.42,1,hollow_concrete_block
PVC,3,36.4,13.7,0.43,fibres,3,6.2,66.9,87,19.66,2.5,1.8,2043.7,8.81,0.458,74.0,61.67,1,38.66,0,28.94,0,23.66,0,93.92,1,79.57,1,69.15,1,85.78,1,47.4,0,79.45,1,77.19,1,51.65,0,hollow_concrete_block
HDPE,1,11.0,9.5,0.59,silica_fume,2,2.9,33.5,44,16.09,2.41,1.54,2205.2,3.14,0.801,81.7,77.69,1,45.34,0,30.61,0,23.72,0,100.0,1,69.78,1,68.82,1,86.33,1,56.45,1,69.65,1,54.03,0,65.47,1,hollow_concrete_block
HDPE,1,2.5,6.1,0.56,fibres,3,17.6,58.1,45,19.44,2.44,1.84,2269.8,2.67,0.958,97.4,82.73,1,52.27,0,35.53,0,27.24,0,100.0,1,66.54,1,73.82,1,85.86,1,60.92,1,66.1,1,48.86,0,75.24,1,hollow_concrete_block
PP,4,15.6,18.6,0.35,silica_fume,2,9.6,69.4,22,20.7,3.0,1.96,2103.7,3.86,0.783,77.9,78.53,1,46.04,0,35.11,0,27.99,0,100.0,1,71.04,1,76.17,1,87.11,1,62.6,1,70.58,1,55.16,1,65.29,1,hollow_concrete_block
PVC,3,34.2,10.2,0.51,fly_ash,1,20.2,35.3,7,7.68,0.83,0.76,2024.0,7.95,0.436,44.9,43.25,0,26.01,0,13.11,0,10.07,0,95.96,1,79.76,1,40.31,0,87.79,1,33.72,0,82.3,1,79.93,1,34.92,0,hollow_concrete_block
Mixed,5,34.1,19.4,0.54,silica_fume,2,2.5,64.9,70,15.21,1.72,1.86,1916.0,7.75,0.434,62.8,54.99,0,33.76,0,22.95,0,18.35,0,96.51,1,80.88,1,49.74,0,88.79,1,44.37,0,83.32,1,80.74,1,45.64,0,hollow_concrete_block
LDPE,2,12.2,15.1,0.49,fibres,3,0.9,57.5,24,11.72,1.33,1.13,2163.3,4.94,0.759,78.6,61.42,1,36.45,0,20.44,0,15.7,0,100.0,1,71.06,1,63.74,1,86.64,1,50.63,0,70.94,1,55.87,1,50.38,0,hollow_concrete_block
PP,4,14.1,8.9,0.65,none,0,0.0,65.1,39,11.63,1.31,1.3,2134.3,3.54,0.821,71.9,68.28,1,38.79,0,22.44,0,16.78,0,100.0,1,69.98,1,61.7,1,86.87,1,50.51,0,69.48,1,53.6,0,55.78,1,hollow_concrete_block
PP,4,29.8,19.8,0.46,fly_ash,1,11.4,76.9,18,7.96,1.32,0.73,1946.9,7.85,0.521,58.2,44.83,0,27.2,0,14.66,0,11.62,0,96.23,1,80.55,1,38.68,0,88.49,1,34.39,0,76.86,1,71.34,1,36.46,0,hollow_concrete_block
PET,0,15.8,4.6,0.38,silica_fume,2,5.4,29.5,54,27.45,4.51,2.61,2227.5,4.66,0.779,86.5,84.56,1,51.49,0,44.45,0,36.6,0,100.0,1,70.07,1,87.39,1,86.16,1,71.6,1,70.12,1,54.79,0,71.44,1,hollow_concrete_block
PP,4,16.3,15.1,0.48,silica_fume,2,9.6,41.8,16,14.0,1.31,1.45,2125.0,4.04,0.607,71.8,67.86,1,39.36,0,23.88,0,18.1,0,100.0,1,75.79,1,64.96,1,86.94,1,53.67,0,76.4,1,63.95,1,55.76,1,hollow_concrete_block
Mixed,5,35.4,19.2,0.58,silica_fume,2,15.1,52.0,31,9.52,1.42,1.01,1902.4,6.1,0.418,58.8,50.31,0,29.83,0,17.44,0,13.65,0,100.0,1,81.03,1,38.26,0,88.92,1,43.29,0,87.61,1,82.93,1,41.08,0,hollow_concrete_block
PVC,3,19.8,9.5,0.6,fibres,3,4.7,72.4,54,15.38,2.27,1.5,2216.8,5.76,0.655,77.5,63.68,1,38.59,0,25.68,0,20.62,0,100.0,1,73.4,1,65.73,1,86.24,1,52.91,0,72.94,1,60.66,1,52.62,0,hollow_concrete_block
LDPE,2,0.1,16.7,0.58,fly_ash,1,20.5,25.9,77,31.35,4.21,3.35,2360.0,1.08,1.013,100.0,97.48,1,78.2,1,66.57,1,49.5,0,100.0,1,65.11,1,85.0,1,85.25,1,75.0,1,64.83,1,47.17,0,90.04,1,hollow_concrete_block
Mixed,5,16.7,8.7,0.41,none,0,0.0,57.1,20,13.47,2.17,1.39,2191.2,4.93,0.781,76.1,63.7,1,37.86,0,24.3,0,19.31,0,100.0,1,70.33,1,64.02,1,86.43,1,52.96,0,70.22,1,54.86,0,52.38,0,hollow_concrete_block
PP,4,24.8,20.0,0.53,fibres,3,28.4,39.5,34,11.43,1.83,1.02,1979.0,5.94,0.64,79.7,56.39,1,34.02,0,20.49,0,16.3,0,100.0,1,76.05,1,52.27,0,88.19,1,46.67,0,74.25,1,62.61,1,46.46,0,hollow_concrete_block
HDPE,1,22.8,9.7,0.38,silica_fume,2,0.7,56.1,86,29.2,4.33,2.86,1997.7,6.19,0.714,89.7,79.89,1,50.02,0,44.33,0,36.68,0,100.0,1,73.7,1,85.79,1,88.02,1,69.09,1,71.01,1,58.62,1,68.44,1,hollow_concrete_block
PVC,3,22.1,17.3,0.61,fly_ash,1,13.7,63.4,33,13.07,1.77,1.21,2117.9,5.96,0.665,65.7,57.86,1,34.76,0,21.97,0,17.4,0,100.0,1,73.94,1,61.34,1,87.0,1,48.75,0,72.56,1,60.53,1,47.55,0,hollow_concrete_block
HDPE,1,18.9,14.4,0.41,fly_ash,1,8.8,73.7,29,16.35,2.25,1.48,2115.5,5.43,0.708,71.5,64.55,1,38.77,0,26.89,0,21.48,0,100.0,1,72.74,1,68.12,1,87.02,1,56.18,1,72.42,1,58.35,1,53.43,0,hollow_concrete_block
PP,4,18.4,5.3,0.53,fly_ash,1,23.9,78.4,67,20.42,3.25,2.15,2035.4,5.62,0.77,82.5,70.1,1,42.65,0,33.29,0,27.22,0,100.0,1,71.97,1,72.0,1,87.69,1,60.44,1,70.5,1,55.99,1,58.62,1,hollow_concrete_block
Mixed,5,4.4,12.3,0.45,fly_ash,1,7.3,63.3,11,15.91,2.29,1.31,2306.0,2.89,0.904,86.2,78.29,1,47.22,0,30.86,0,23.67,0,100.0,1,67.1,1,62.48,1,85.61,1,56.21,1,66.95,1,50.22,0,68.49,1,hollow_concrete_block
PET,0,29.9,13.8,0.47,fibres,3,25.9,24.2,56,13.29,2.16,1.15,2030.4,7.34,0.573,80.3,56.12,1,34.64,0,22.32,0,18.14,0,97.71,1,77.97,1,59.2,1,87.73,1,43.15,0,74.33,1,66.74,1,46.46,0,hollow_concrete_block
LDPE,2,35.3,11.0,0.56,none,0,0.0,46.3,10,3.66,0.5,0.3,1838.5,8.78,0.47,46.4,35.51,0,21.3,0,7.95,0,5.89,0,77.33,1,71.16,1,20.75,0,62.2,1,26.14,0,66.96,1,76.94,1,28.34,0,hollow_concrete_block
LDPE,2,32.5,16.7,0.57,none,0,0.0,41.8,68,13.38,1.7,1.3,1950.4,8.43,0.429,65.5,52.09,0,32.2,0,20.79,0,16.72,0,94.77,1,80.51,1,49.84,0,87.44,1,39.98,0,82.72,1,81.2,1,43.09,0,hollow_concrete_block
Mixed,5,26.0,8.9,0.39,fly_ash,1,25.4,65.5,77,27.78,4.14,2.63,1999.8,6.41,0.581,82.6,77.45,1,47.92,0,42.29,0,34.99,0,100.0,1,77.95,1,81.75,1,88.0,1,66.16,1,75.69,1,66.31,1,65.52,1,hollow_concrete_block
PET,0,28.9,7.6,0.55,fly_ash,1,27.4,67.7,29,9.68,1.17,0.61,2099.9,7.71,0.55,56.6,48.29,0,29.38,0,16.06,0,12.59,0,96.62,1,78.29,1,52.07,0,87.14,1,37.12,0,74.63,1,68.16,1,39.33,0,hollow_concrete_block
LDPE,2,3.9,13.0,0.37,fibres,3,22.6,65.4,46,28.97,4.5,2.98,2273.3,2.05,0.886,100.0,95.47,1,65.23,1,53.23,0,41.85,0,100.0,1,67.64,1,89.48,1,85.84,1,73.63,1,67.44,1,50.89,0,86.73,1,hollow_concrete_block
LDPE,2,27.6,6.9,0.49,silica_fume,2,17.0,55.7,20,12.12,1.76,1.1,1923.6,4.13,0.664,69.3,63.02,1,36.29,0,22.98,0,17.75,0,100.0,1,75.87,1,46.8,0,88.71,1,51.16,0,75.19,1,61.54,1,51.74,0,hollow_concrete_block
HDPE,1,20.9,1.0,0.61,silica_fume,2,21.4,38.4,23,16.32,2.45,1.55,2099.2,3.44,0.698,74.1,75.36,1,43.17,0,30.2,0,23.59,0,100.0,1,73.16,1,67.57,1,87.15,1,56.76,1,73.09,1,58.91,1,62.12,1,hollow_concrete_block
PP,4,25.4,9.8,0.48,silica_fume,2,4.6,68.3,19,6.1,1.34,0.71,1992.9,5.94,0.627,61.3,47.16,0,27.77,0,13.94,0,10.84,0,100.0,1,76.34,1,39.66,0,78.73,1,39.56,0,70.02,1,63.31,1,38.09,0,hollow_concrete_block
HDPE,1,24.3,17.3,0.43,fly_ash,1,0.8,32.7,41,15.65,1.8,1.6,2029.1,6.29,0.654,67.3,59.95,1,36.33,0,24.39,0,19.36,0,100.0,1,75.1,1,59.7,1,87.74,1,50.54,0,72.7,1,61.55,1,49.66,0,hollow_concrete_block
HDPE,1,23.4,5.6,0.57,fibres,3,14.3,74.0,47,12.11,1.77,1.35,1968.5,6.42,0.622,75.5,55.46,1,33.64,0,20.69,0,16.48,0,100.0,1,76.76,1,51.58,0,88.29,1,45.22,0,74.02,1,63.75,1,45.74,0,hollow_concrete_block
Mixed,5,6.2,17.1,0.44,silica_fume,2,11.3,75.6,85,41.71,5.58,4.36,2273.5,2.26,0.901,100.0,96.84,1,74.34,1,67.46,1,53.96,0,100.0,1,67.39,1,91.18,1,85.83,1,75.0,1,67.14,1,50.43,0,96.97,1,hollow_concrete_block
HDPE,1,34.8,9.9,0.5,fibres,3,0.4,76.8,46,10.77,1.48,1.3,1895.4,8.43,0.481,59.2,47.44,0,29.09,0,17.63,0,14.1,0,94.77,1,81.1,1,39.94,0,87.97,1,36.5,0,79.01,1,75.45,1,38.97,0,hollow_concrete_block
HDPE,1,12.4,4.9,0.43,none,0,0.0,59.0,48,20.75,3.22,2.25,2147.1,3.8,0.779,89.5,79.89,1,47.57,0,35.82,0,28.67,0,100.0,1,70.75,1,82.32,1,86.77,1,62.67,1,70.48,1,55.12,1,67.2,1,hollow_concrete_block
PVC,3,18.4,18.3,0.62,fly_ash,1,22.2,41.8,7,6.01,0.96,0.67,2210.1,5.38,0.657,58.5,50.06,0,29.21,0,13.37,0,10.02,0,100.0,1,73.39,1,45.72,0,76.36,1,42.71,0,68.91,1,60.58,1,40.21,0,hollow_concrete_block
PVC,3,25.1,19.1,0.5,silica_fume,2,16.6,52.1,71,24.67,3.29,2.43,2076.6,4.94,0.557,88.5,78.52,1,48.05,0,38.29,0,31.0,0,100.0,1,78.2,1,83.57,1,87.34,1,67.89,1,79.0,1,67.72,1,66.56,1,hollow_concrete_block
PET,0,38.8,1.6,0.52,fly_ash,1,7.3,67.8,26,9.07,1.54,0.77,1983.9,8.47,0.464,45.4,44.1,0,26.74,0,16.07,0,12.93,0,94.68,1,80.16,1,39.89,0,87.04,1,34.13,0,79.68,1,76.81,1,35.82,0,hollow_concrete_block
Mixed,5,37.5,17.2,0.42,fibres,3,5.3,78.8,37,9.86,1.01,0.49,1850.1,9.2,0.417,55.6,44.46,0,27.34,0,15.28,0,11.99,0,93.12,1,81.62,1,34.27,0,86.85,1,33.44,0,83.6,1,83.36,1,36.44,0,hollow_concrete_block
PP,4,11.1,15.0,0.57,none,0,0.0,74.4,19,11.06,2.09,1.37,2160.4,3.22,0.951,82.1,70.7,1,40.52,0,24.57,0,18.83,0,100.0,1,67.54,1,63.74,1,86.66,1,49.75,0,66.7,1,49.49,0,58.61,1,hollow_concrete_block
PP,4,12.1,4.6,0.42,fibres,3,13.9,52.2,9,12.77,1.41,1.47,2171.9,4.13,0.863,83.5,67.33,1,39.44,0,22.75,0,17.32,0,100.0,1,68.87,1,66.13,1,86.58,1,52.03,0,68.36,1,52.02,0,55.4,1,hollow_concrete_block
LDPE,2,31.6,1.9,0.49,fibres,3,2.5,31.8,72,12.96,1.72,1.43,1913.4,7.79,0.573,69.1,52.67,0,32.39,0,20.68,0,16.59,0,96.39,1,79.17,1,47.42,0,88.81,1,41.24,0,74.34,1,67.34,1,43.57,0,hollow_concrete_block
PP,4,8.6,10.0,0.52,fibres,3,25.8,26.7,59,22.26,2.1,2.14,2248.6,3.39,0.848,100.0,85.83,1,51.65,0,35.38,0,27.34,0,100.0,1,68.51,1,80.06,1,86.01,1,64.68,1,68.36,1,52.2,0,72.15,1,hollow_concrete_block
Mixed,5,7.8,16.2,0.53,fibres,3,29.8,35.1,55,22.24,3.28,2.39,2200.7,3.34,0.869,100.0,85.89,1,51.57,0,38.42,0,30.54,0,100.0,1,68.52,1,83.45,1,86.36,1,64.65,1,68.11,1,51.71,0,72.22,1,hollow_concrete_block
PP,4,10.8,12.8,0.45,fibres,3,15.4,77.1,41,19.02,2.56,2.07,2136.6,4.65,0.862,93.4,72.69,1,44.48,0,31.15,0,24.85,0,100.0,1,69.19,1,79.69,1,86.85,1,60.36,1,68.55,1,52.2,0,61.27,1,hollow_concrete_block
LDPE,2,34.7,5.4,0.43,silica_fume,2,18.8,26.7,26,14.83,1.64,1.35,1850.2,5.69,0.477,64.0,58.81,1,35.09,0,23.62,0,18.54,0,100.0,1,81.62,1,44.71,0,89.46,1,52.58,0,84.13,1,76.12,1,48.7,0,hollow_concrete_block
PVC,3,0.3,17.9,0.5,fibres,3,4.9,23.9,58,25.23,3.68,2.86,2377.0,2.02,1.029,100.0,91.25,1,62.84,1,47.63,0,36.86,0,100.0,1,64.79,1,75.84,1,85.15,1,68.64,1,64.52,1,46.74,0,82.79,1,hollow_concrete_block
Mixed,5,12.2,18.5,0.48,fly_ash,1,5.8,26.5,32,16.2,2.6,1.84,2193.7,4.45,0.798,77.8,69.75,1,41.25,0,28.69,0,22.9,0,100.0,1,69.94,1,68.83,1,86.41,1,56.6,1,69.77,1,54.19,0,57.61,1,hollow_concrete_block
HDPE,1,12.3,6.5,0.58,fibres,3,3.1,38.0,81,22.0,3.06,1.87,2204.8,3.11,0.951,98.2,85.67,1,52.1,0,38.22,0,30.09,0,100.0,1,67.16,1,82.75,1,86.33,1,64.33,1,66.5,1,49.31,0,73.73,1,hollow_concrete_block
HDPE,1,22.8,3.5,0.4,fibres,3,23.6,71.1,81,26.98,3.78,2.76,2015.4,6.18,0.651,96.5,77.08,1,48.87,0,40.74,0,33.49,0,100.0,1,75.33,1,85.1,1,87.86,1,66.18,1,73.11,1,61.79,1,65.93,1,hollow_concrete_block
Mixed,5,6.3,19.2,0.64,fibres,3,23.4,36.2,36,14.31,1.61,1.44,2276.2,3.19,0.895,99.2,75.94,1,45.63,0,26.69,0,20.13,0,100.0,1,67.47,1,64.84,1,85.82,1,54.08,0,67.25,1,50.6,0,64.23,1,hollow_concrete_block
PVC,3,37.4,16.8,0.46,silica_fume,2,10.0,41.2,43,12.66,1.84,1.53,1992.3,7.07,0.434,62.9,53.41,0,32.46,0,21.03,0,16.87,0,98.57,1,80.08,1,50.96,0,88.07,1,43.28,0,83.89,1,80.34,1,43.98,0,hollow_concrete_block
PVC,3,12.3,11.5,0.58,none,0,0.0,65.7,54,15.36,2.54,1.52,2207.4,4.49,0.8,85.9,69.1,1,41.29,0,27.65,0,22.06,0,100.0,1,69.79,1,68.53,1,86.31,1,55.48,1,69.66,1,54.06,0,57.41,1,hollow_concrete_block
PET,0,38.7,7.4,0.59,fibres,3,23.0,21.2,28,2.64,0.5,0.3,1942.7,8.74,0.391,55.6,36.09,0,21.85,0,6.94,0,5.1,0,66.73,1,63.19,1,28.85,0,54.44,0,24.88,0,68.93,1,83.49,1,28.72,0,thermal_insulation_panel
HDPE,1,26.5,5.5,0.6,none,0,0.0,39.3,51,9.08,1.37,1.18,1990.1,7.09,0.657,69.2,49.34,0,29.97,0,16.27,0,12.83,0,98.51,1,75.39,1,46.46,0,88.09,1,38.43,0,71.36,1,61.58,1,40.34,0,hollow_concrete_block
LDPE,2,22.3,14.9,0.59,fibres,3,25.7,26.4,34,13.57,1.75,1.21,2054.6,6.3,0.704,84.3,59.19,1,36.28,0,22.18,0,17.6,0,100.0,1,73.41,1,62.42,1,87.52,1,47.72,0,70.81,1,58.83,1,49.16,0,hollow_concrete_block
HDPE,1,13.0,9.9,0.57,fibres,3,28.6,76.8,87,24.7,3.59,2.27,2233.4,4.21,0.79,100.0,83.23,1,51.36,0,40.01,0,32.35,0,100.0,1,69.79,1,85.21,1,86.12,1,67.93,1,69.81,1,54.33,0,70.4,1,hollow_concrete_block
PVC,3,27.5,18.2,0.5,silica_fume,2,29.6,55.2,10,10.09,1.19,0.9,2047.8,3.86,0.685,72.0,63.26,1,36.11,0,19.97,0,14.91,0,100.0,1,74.0,1,52.98,0,87.58,1,48.45,0,73.78,1,59.8,1,51.61,0,hollow_concrete_block
PET,0,2.2,7.2,0.51,fibres,3,27.7,26.7,20,17.2,2.76,2.09,2275.5,1.9,0.927,100.0,79.79,1,56.7,1,38.14,0,28.63,0,100.0,1,66.96,1,69.7,1,85.82,1,57.93,1,66.64,1,49.68,0,72.62,1,hollow_concrete_block
Mixed,5,3.0,19.6,0.57,fly_ash,1,26.2,55.4,76,29.05,3.93,2.95,2313.6,2.25,0.846,99.1,95.87,1,63.68,1,50.73,0,39.74,0,100.0,1,68.05,1,86.73,1,85.56,1,73.73,1,68.13,1,52.01,0,87.04,1,hollow_concrete_block
HDPE,1,22.5,9.0,0.45,silica_fume,2,16.7,69.0,5,11.89,1.59,0.96,2022.5,3.58,0.656,66.1,66.78,1,37.77,0,23.31,0,17.68,0,100.0,1,75.1,1,52.66,0,87.8,1,50.85,0,74.94,1,61.47,1,54.6,0,hollow_concrete_block
HDPE,1,30.9,1.8,0.59,silica_fume,2,28.7,41.7,60,16.47,1.91,1.62,1894.5,4.9,0.557,77.4,65.78,1,39.12,0,26.69,0,20.96,0,100.0,1,80.05,1,54.05,0,89.0,1,56.96,1,79.99,1,68.64,1,54.66,0,hollow_concrete_block
Mixed,5,35.4,4.1,0.49,fibres,3,10.9,31.9,36,8.3,1.28,0.97,1911.8,9.01,0.492,61.8,43.82,0,27.0,0,14.46,0,11.53,0,93.5,1,80.92,1,37.67,0,86.59,1,31.78,0,77.56,1,74.24,1,35.77,0,hollow_concrete_block
LDPE,2,24.1,18.7,0.39,fibres,3,12.8,68.4,9,10.45,1.67,0.89,1991.6,6.48,0.656,70.0,52.6,0,31.75,0,18.74,0,14.9,0,100.0,1,75.41,1,49.05,0,88.08,1,42.74,0,72.45,1,61.63,1,43.15,0,hollow_concrete_block
PP,4,2.4,19.8,0.46,fibres,3,29.9,77.6,44,24.94,3.06,2.3,2322.2,2.14,1.133,100.0,90.45,1,61.2,1,45.05,0,34.57,0,100.0,1,63.99,1,79.27,1,85.5,1,68.25,1,63.31,1,44.8,0,82.15,1,hollow_concrete_block
PP,4,19.7,11.7,0.54,none,0,0.0,53.9,74,17.45,2.29,1.65,2066.2,5.59,0.682,81.5,66.34,1,40.21,0,27.95,0,22.36,0,100.0,1,73.91,1,69.0,1,87.42,1,56.66,1,73.1,1,59.87,1,55.18,1,hollow_concrete_block
PET,0,21.3,16.1,0.6,none,0,0.0,54.4,62,16.44,2.72,1.69,2103.2,6.05,0.758,79.1,63.62,1,38.75,0,27.65,0,22.52,0,100.0,1,71.61,1,69.34,1,87.12,1,52.77,0,69.47,1,56.17,1,52.81,0,hollow_concrete_block
PP,4,26.0,4.2,0.37,fibres,3,24.5,47.9,22,14.55,2.46,1.47,1993.1,6.41,0.625,80.5,59.52,1,36.34,0,24.86,0,20.22,0,100.0,1,76.4,1,58.68,1,88.06,1,48.52,0,73.78,1,63.43,1,49.37,0,hollow_concrete_block
Mixed,5,13.2,4.0,0.52,fibres,3,15.8,61.6,58,18.93,2.39,1.91,2178.2,4.64,0.779,99.0,72.93,1,45.17,0,30.65,0,24.33,0,100.0,1,70.48,1,79.54,1,86.53,1,60.24,1,70.33,1,54.99,0,61.42,1,hollow_concrete_block
PET,0,16.1,6.2,0.54,fibres,3,0.6,33.5,57,15.3,2.52,1.38,2140.0,4.99,0.746,78.6,65.82,1,39.32,0,26.94,0,21.63,0,100.0,1,71.56,1,69.94,1,86.82,1,55.4,1,71.42,1,56.52,1,54.39,0,hollow_concrete_block
HDPE,1,10.4,4.8,0.55,silica_fume,2,16.0,59.2,28,17.71,2.48,1.97,2223.0,2.66,0.868,87.3,80.08,1,49.65,0,33.94,0,26.03,0,100.0,1,68.35,1,71.69,1,86.19,1,58.61,1,68.03,1,51.65,0,72.65,1,hollow_concrete_block
PP,4,37.0,17.9,0.56,fly_ash,1,5.7,28.9,42,6.17,0.5,0.58,1810.5,9.0,0.483,53.2,39.2,0,23.85,0,10.38,0,7.8,0,93.52,1,82.09,1,24.67,0,78.8,1,28.97,0,74.36,1,75.74,1,31.73,0,hollow_concrete_block
HDPE,1,4.0,10.9,0.63,none,0,0.0,66.8,72,19.99,2.38,2.08,2310.2,1.76,0.898,95.8,83.77,1,60.54,1,41.09,0,30.42,0,100.0,1,67.16,1,71.44,1,85.58,1,61.65,1,67.05,1,50.38,0,76.15,1,hollow_concrete_block
LDPE,2,38.2,6.9,0.44,fly_ash,1,19.7,32.1,23,9.23,1.05,0.92,1797.4,8.81,0.391,45.9,42.54,0,25.81,0,14.88,0,11.68,0,93.92,1,82.25,1,27.15,0,88.19,1,33.49,0,85.95,1,86.13,1,34.72,0,hollow_concrete_block
PVC,3,39.6,5.0,0.63,silica_fume,2,0.8,72.7,59,6.23,0.99,0.74,1950.7,9.59,0.39,56.3,40.01,0,24.63,0,11.49,0,9.05,0,92.38,1,80.51,1,35.58,0,76.67,1,27.77,0,80.04,1,85.25,1,32.34,0,hollow_concrete_block
PET,0,33.4,7.8,0.48,fly_ash,1,11.4,46.8,54,13.29,1.25,1.41,2033.5,8.03,0.467,61.6,52.7,0,32.41,0,19.74,0,15.54,0,95.76,1,79.67,1,54.62,0,87.63,1,40.97,0,79.71,1,76.23,1,43.46,0,hollow_concrete_block
HDPE,1,8.2,7.9,0.59,none,0,0.0,78.2,67,18.65,2.52,2.03,2241.5,3.72,0.865,91.5,78.35,1,46.66,0,32.12,0,25.26,0,100.0,1,68.26,1,73.01,1,86.06,1,59.87,1,68.01,1,51.67,0,65.68,1,hollow_concrete_block
PP,4,29.0,2.9,0.58,none,0,0.0,76.4,80,12.08,1.58,0.54,1913.2,7.19,0.593,71.0,52.79,0,32.25,0,19.74,0,15.7,0,98.18,1,78.39,1,46.42,0,88.82,1,42.07,0,74.26,1,65.93,1,43.58,0,hollow_concrete_block
LDPE,2,30.0,6.7,0.41,none,0,0.0,68.0,49,14.25,1.34,1.41,1870.6,6.92,0.541,70.2,55.82,1,34.03,0,21.45,0,16.82,0,99.08,1,81.03,1,46.79,0,89.25,1,45.97,0,77.54,1,70.05,1,46.31,0,hollow_concrete_block
PVC,3,10.2,2.7,0.49,none,0,0.0,42.8,56,20.33,2.85,2.03,2231.7,3.62,0.868,85.7,81.26,1,47.8,0,34.82,0,27.56,0,100.0,1,68.28,1,75.02,1,86.13,1,62.11,1,67.99,1,51.61,0,67.76,1,hollow_concrete_block
PVC,3,38.5,2.5,0.46,silica_fume,2,25.1,46.0,86,23.03,3.11,2.47,2013.1,4.69,0.393,75.8,76.13,1,45.55,0,36.49,0,29.4,0,100.0,1,79.87,1,73.04,1,87.88,1,65.71,1,90.6,1,84.93,1,63.71,1,hollow_concrete_block
LDPE,2,9.2,14.2,0.55,fibres,3,26.3,21.0,38,13.06,1.52,1.79,2236.7,4.42,0.903,94.8,66.61,1,40.46,0,22.89,0,17.6,0,100.0,1,67.65,1,64.88,1,86.1,1,52.41,0,67.26,1,50.52,0,55.54,1,hollow_concrete_block
Mixed,5,25.9,6.8,0.39,fly_ash,1,5.3,20.6,69,20.95,3.11,2.18,2008.9,6.06,0.776,77.5,68.71,1,41.98,0,33.13,0,27.06,0,100.0,1,72.09,1,69.71,1,87.92,1,58.74,1,69.44,1,55.88,1,57.53,1,hollow_concrete_block
HDPE,1,5.6,9.7,0.36,fly_ash,1,26.0,59.7,50,35.76,5.04,3.53,2275.8,3.52,0.91,94.0,95.27,1,62.35,1,55.94,1,45.51,0,100.0,1,67.23,1,90.12,1,85.82,1,75.0,1,66.96,1,50.16,0,87.62,1,hollow_concrete_block
PP,4,16.6,3.6,0.4,fly_ash,1,22.3,68.6,26,18.62,2.47,2.15,2145.3,5.03,0.687,72.2,69.35,1,41.51,0,30.1,0,24.05,0,100.0,1,73.05,1,74.21,1,86.78,1,59.83,1,73.23,1,59.26,1,57.56,1,hollow_concrete_block
LDPE,2,35.2,2.6,0.4,fibres,3,6.1,44.2,50,13.76,2.03,1.3,1832.2,8.1,0.471,56.7,51.14,0,31.29,0,22.13,0,17.97,0,95.58,1,81.83,1,39.77,0,89.4,1,41.39,0,80.49,1,76.87,1,42.33,0,hollow_concrete_block
LDPE,2,24.9,1.1,0.36,none,0,0.0,73.3,7,7.63,0.88,1.0,1969.5,6.55,0.638,65.3,47.94,0,28.71,0,13.9,0,10.57,0,100.0,1,76.21,1,41.57,0,88.28,1,38.67,0,73.12,1,62.77,1,38.99,0,hollow_concrete_block
Mixed,5,34.9,18.3,0.36,fibres,3,22.9,63.4,24,12.92,1.79,1.2,1893.8,8.19,0.455,67.6,51.66,0,31.87,0,20.65,0,16.65,0,95.35,1,81.12,1,45.57,0,88.55,1,40.02,0,81.2,1,78.31,1,42.75,0,hollow_concrete_block
HDPE,1,4.0,7.3,0.42,fibres,3,29.6,26.7,63,32.27,4.7,3.48,2350.3,2.77,0.995,100.0,97.41,1,63.38,1,53.65,0,43.05,0,100.0,1,65.42,1,85.69,1,85.32,1,75.0,1,65.16,1,47.63,0,89.97,1,hollow_concrete_block
PVC,3,39.3,17.2,0.51,fly_ash,1,25.7,68.6,3,7.05,1.31,0.91,1979.5,8.81,0.341,38.3,40.06,0,24.13,0,13.35,0,10.68,0,93.92,1,80.21,1,34.39,0,83.35,1,30.59,0,83.36,1,85.1,1,32.21,0,hollow_concrete_block
LDPE,2,19.0,18.0,0.43,silica_fume,2,19.7,41.9,81,39.47,5.43,4.1,2103.6,3.17,0.781,89.7,95.58,1,65.51,1,61.46,1,49.91,0,100.0,1,71.09,1,94.69,1,87.11,1,75.0,1,70.63,1,55.24,1,91.27,1,hollow_concrete_block
Mixed,5,28.7,9.8,0.57,fly_ash,1,3.8,50.9,21,5.61,0.51,0.4,2001.3,7.28,0.589,56.5,42.89,0,25.69,0,10.55,0,7.78,0,97.89,1,77.62,1,38.22,0,75.39,1,33.12,0,67.51,1,65.74,1,34.53,0,hollow_concrete_block
HDPE,1,26.4,15.0,0.57,silica_fume,2,26.6,26.3,31,13.17,1.48,1.4,1964.1,3.42,0.653,78.0,70.8,1,40.23,0,24.67,0,18.58,0,100.0,1,75.78,1,53.67,0,88.33,1,52.56,0,75.36,1,61.94,1,58.2,1,hollow_concrete_block
LDPE,2,7.4,13.4,0.45,fibres,3,20.1,51.2,76,32.09,4.55,3.33,2285.3,3.08,0.945,100.0,96.93,1,61.44,1,52.12,0,41.96,0,100.0,1,66.61,1,90.34,1,85.75,1,75.0,1,66.27,1,49.15,0,86.51,1,hollow_concrete_block
LDPE,2,30.4,3.1,0.48,fly_ash,1,17.4,76.1,7,8.99,1.31,1.16,1922.0,6.88,0.617,48.4,46.63,0,27.74,0,16.14,0,12.67,0,99.22,1,77.42,1,36.11,0,88.73,1,39.12,0,73.66,1,64.3,1,37.91,0,hollow_concrete_block
Mixed,5,36.2,8.0,0.36,fly_ash,1,29.4,20.9,84,25.79,3.58,2.81,1931.5,8.69,0.482,72.2,68.95,1,43.24,0,37.81,0,31.33,0,94.18,1,80.71,1,70.89,1,87.05,1,55.87,1,78.45,1,75.15,1,58.34,1,hollow_concrete_block
PET,0,33.4,5.1,0.47,none,0,0.0,54.3,64,10.75,1.54,0.85,2031.2,7.55,0.44,69.8,51.08,0,31.32,0,18.13,0,14.45,0,97.08,1,79.69,1,52.33,0,87.72,1,39.06,0,82.46,1,79.39,1,41.94,0,hollow_concrete_block
LDPE,2,7.5,17.5,0.64,fibres,3,13.6,32.9,82,23.58,3.3,2.39,2235.3,3.58,0.854,100.0,85.93,1,52.08,0,39.28,0,31.33,0,100.0,1,68.51,1,83.21,1,86.11,1,66.44,1,68.28,1,52.05,0,72.41,1,hollow_concrete_block
LDPE,2,21.8,2.8,0.43,silica_fume,2,10.1,73.6,35,18.52,2.47,1.86,2020.5,4.86,0.646,77.9,69.68,1,41.63,0,30.18,0,24.08,0,100.0,1,75.44,1,66.59,1,87.82,1,59.69,1,75.33,1,62.05,1,57.97,1,hollow_concrete_block
LDPE,2,32.3,10.0,0.51,none,0,0.0,60.1,46,11.81,1.44,1.16,1901.9,7.64,0.539,61.4,50.37,0,30.72,0,18.9,0,14.99,0,96.82,1,80.77,1,42.71,0,88.93,1,40.18,0,76.37,1,70.04,1,41.48,0,hollow_concrete_block
PP,4,10.5,15.7,0.48,none,0,0.0,77.9,19,13.72,1.74,1.18,2189.0,3.5,0.871,75.2,72.19,1,41.3,0,25.69,0,19.6,0,100.0,1,68.58,1,64.36,1,86.45,1,53.29,0,68.12,1,51.69,0,59.2,1,hollow_concrete_block
PET,0,9.1,9.4,0.38,silica_fume,2,3.8,40.9,60,36.13,5.45,3.62,2287.8,2.71,0.99,95.8,96.95,1,66.29,1,59.6,1,48.17,0,100.0,1,65.95,1,89.72,1,85.74,1,75.0,1,65.49,1,47.98,0,94.92,1,hollow_concrete_block
PVC,3,22.1,18.8,0.64,fly_ash,1,11.9,76.5,68,15.69,1.64,1.67,2106.9,6.02,0.641,71.4,61.79,1,37.43,0,24.22,0,19.07,0,100.0,1,74.79,1,66.38,1,87.09,1,51.93,0,73.38,1,61.93,1,51.14,0,hollow_concrete_block
HDPE,1,5.7,13.8,0.58,fly_ash,1,22.0,41.2,79,28.61,4.07,2.6,2248.3,3.29,1.045,100.0,94.8,1,57.45,1,46.89,0,37.66,0,100.0,1,65.55,1,90.66,1,86.01,1,73.15,1,64.8,1,46.86,0,80.48,1,hollow_concrete_block
HDPE,1,22.5,10.8,0.36,silica_fume,2,16.2,61.6,70,38.17,5.23,3.82,2026.8,4.45,0.673,94.0,87.49,1,60.79,1,57.24,1,47.01,0,100.0,1,74.55,1,90.3,1,87.76,1,75.0,1,74.3,1,60.53,1,83.64,1,hollow_concrete_block
HDPE,1,15.0,2.5,0.4,fly_ash,1,25.3,65.1,22,18.42,2.98,1.81,2112.4,5.57,0.684,74.4,67.18,1,40.62,0,30.66,0,24.97,0,100.0,1,73.43,1,72.09,1,87.04,1,58.07,1,72.85,1,59.56,1,55.85,1,hollow_concrete_block
PP,4,37.7,12.4,0.61,silica_fume,2,1.5,78.1,54,7.42,1.79,1.1,1850.1,8.39,0.556,54.5,42.12,0,25.57,0,15.07,0,12.33,0,94.86,1,80.6,1,29.92,0,88.0,1,32.14,0,74.58,1,68.98,1,34.23,0,hollow_concrete_block
LDPE,2,15.6,10.7,0.48,fibres,3,14.0,28.2,41,18.16,2.6,1.81,2119.4,4.72,0.796,87.3,71.1,1,42.95,0,30.31,0,24.24,0,100.0,1,70.62,1,75.47,1,86.99,1,59.21,1,70.17,1,54.59,0,59.6,1,hollow_concrete_block
PET,0,3.0,14.3,0.55,fly_ash,1,27.7,56.8,11,14.12,2.43,0.82,2336.2,2.83,1.012,83.0,76.13,1,45.82,0,29.62,0,22.76,0,100.0,1,65.3,1,56.52,1,85.41,1,53.83,0,64.94,1,47.28,0,66.73,1,hollow_concrete_block
PET,0,30.2,3.2,0.49,fly_ash,1,22.9,68.4,34,13.64,2.2,1.66,2048.0,7.54,0.631,52.9,53.03,0,32.27,0,22.68,0,18.46,0,97.1,1,75.66,1,54.01,0,87.58,1,42.94,0,71.38,1,62.8,1,43.63,0,hollow_concrete_block
PVC,3,31.5,13.1,0.47,fly_ash,1,7.5,41.0,31,9.48,1.77,1.17,2066.4,7.49,0.483,55.6,48.04,0,29.09,0,17.47,0,14.1,0,97.25,1,79.36,1,49.08,0,87.42,1,37.56,0,79.13,1,74.37,1,39.11,0,hollow_concrete_block
LDPE,2,5.6,8.3,0.57,fly_ash,1,6.2,28.5,38,18.04,2.34,1.82,2247.3,3.35,0.889,87.3,80.55,1,46.95,0,31.85,0,24.75,0,100.0,1,67.8,1,70.5,1,86.02,1,59.05,1,67.49,1,50.9,0,67.06,1,hollow_concrete_block
LDPE,2,0.4,2.8,0.44,none,0,0.0,66.3,79,28.51,3.51,2.85,2304.5,2.91,0.891,100.0,95.08,1,59.23,1,46.45,0,36.69,0,100.0,1,67.32,1,86.48,1,85.62,1,73.01,1,67.21,1,50.61,0,83.83,1,hollow_concrete_block
PVC,3,9.3,9.0,0.6,fibres,3,4.6,72.8,46,16.39,2.18,1.42,2232.9,3.28,0.846,92.8,78.39,1,46.25,0,29.97,0,23.13,0,100.0,1,68.67,1,70.19,1,86.12,1,56.85,1,68.47,1,52.33,0,65.81,1,hollow_concrete_block
LDPE,2,38.0,1.3,0.6,silica_fume,2,3.4,48.0,77,11.11,1.91,1.21,1840.0,7.12,0.415,65.1,50.38,0,30.54,0,19.63,0,15.84,0,98.41,1,81.74,1,38.07,0,89.57,1,41.03,0,86.38,1,83.7,1,41.49,0,hollow_concrete_block
HDPE,1,35.0,14.0,0.59,silica_fume,2,6.7,26.2,80,14.12,2.5,1.71,1849.4,6.99,0.424,65.8,54.81,0,33.34,0,24.18,0,19.79,0,98.84,1,81.63,1,43.93,0,89.47,1,45.53,0,85.72,1,82.42,1,45.43,0,hollow_concrete_block
PP,4,34.6,5.2,0.6,fibres,3,25.1,77.8,56,8.35,1.3,0.54,1868.1,8.48,0.398,74.5,45.79,0,28.31,0,14.74,0,11.73,0,94.65,1,81.41,1,37.88,0,88.14,1,33.15,0,85.85,1,85.71,1,37.56,0,hollow_concrete_block
PET,0,25.5,17.4,0.43,silica_fume,2,27.1,58.4,45,25.06,3.73,2.35,2121.3,4.4,0.613,89.6,81.85,1,49.71,0,40.45,0,32.85,0,100.0,1,75.61,1,87.69,1,86.97,1,68.41,1,76.16,1,63.58,1,69.37,1,hollow_concrete_block
PVC,3,26.7,5.4,0.46,none,0,0.0,26.1,65,16.39,2.64,1.7,2113.9,6.14,0.618,71.5,62.47,1,37.94,0,27.33,0,22.23,0,100.0,1,75.5,1,68.07,1,87.03,1,52.26,0,74.01,1,63.3,1,51.77,0,hollow_concrete_block
HDPE,1,23.4,4.8,0.48,silica_fume,2,3.1,66.9,65,18.2,3.07,1.78,1994.6,5.68,0.584,82.9,66.65,1,40.51,0,30.57,0,24.98,0,100.0,1,77.89,1,65.49,1,88.05,1,57.13,1,77.18,1,66.12,1,55.63,1,hollow_concrete_block
PP,4,24.3,11.5,0.53,fibres,3,1.3,26.5,85,17.25,2.57,2.0,1983.9,6.59,0.584,88.4,62.87,1,39.19,0,27.72,0,22.55,0,100.0,1,77.99,1,64.55,1,88.15,1,51.33,0,75.29,1,66.18,1,53.1,0,hollow_concrete_block
PET,0,23.0,2.8,0.58,silica_fume,2,17.4,62.6,80,28.5,3.93,2.7,2123.5,3.87,0.753,84.0,89.57,1,53.38,0,45.22,0,36.52,0,100.0,1,71.54,1,92.15,1,86.95,1,73.0,1,71.29,1,56.29,1,75.38,1,hollow_concrete_block
PVC,3,32.6,14.5,0.36,fibres,3,25.6,54.4,69,20.98,2.93,2.07,2037.0,7.82,0.555,85.4,65.85,1,41.42,0,31.72,0,26.05,0,96.31,1,78.66,1,73.79,1,87.67,1,51.84,0,74.53,1,68.06,1,55.62,1,hollow_concrete_block
PET,0,37.6,16.4,0.54,fibres,3,20.1,21.5,75,13.67,1.0,1.43,1935.6,9.03,0.51,68.5,51.94,0,32.35,0,19.12,0,14.96,0,93.46,1,80.67,1,50.03,0,86.32,1,38.9,0,76.25,1,72.39,1,43.06,0,hollow_concrete_block
HDPE,1,1.0,18.9,0.38,fibres,3,24.1,63.7,35,26.16,3.48,2.86,2339.0,2.87,1.006,100.0,92.21,1,57.58,1,44.15,0,34.85,0,100.0,1,65.36,1,80.1,1,85.39,1,69.88,1,65.03,1,47.41,0,81.58,1,hollow_concrete_block
LDPE,2,32.7,7.2,0.64,fly_ash,1,8.3,67.0,44,8.74,1.47,0.53,1885.0,7.86,0.546,54.2,44.91,0,27.17,0,15.81,0,12.63,0,96.2,1,80.64,1,34.54,0,89.1,1,35.4,0,75.8,1,69.57,1,36.61,0,hollow_concrete_block
PVC,3,28.0,12.9,0.58,fly_ash,1,6.3,66.2,73,13.21,1.85,1.1,2026.2,7.33,0.609,72.3,55.03,1,33.8,0,21.47,0,17.25,0,97.74,1,76.64,1,56.71,1,87.77,1,43.08,0,72.72,1,64.28,1,45.46,0,hollow_concrete_block
Mixed,5,12.9,8.3,0.45,fly_ash,1,25.3,71.4,45,24.98,3.3,2.21,2186.6,4.18,0.764,84.3,83.43,1,49.94,0,39.61,0,31.82,0,100.0,1,70.75,1,85.63,1,86.46,1,68.31,1,70.7,1,55.56,1,69.99,1,hollow_concrete_block
LDPE,2,24.7,14.9,0.6,fly_ash,1,9.5,38.4,14,6.45,0.5,0.56,1962.7,6.54,0.597,59.9,45.69,0,27.16,0,11.78,0,8.64,0,100.0,1,77.71,1,37.73,0,81.34,1,37.14,0,71.4,1,65.39,1,36.96,0,hollow_concrete_block
Mixed,5,16.2,12.6,0.54,fibres,3,6.1,71.4,65,21.72,3.24,1.86,2192.7,5.55,0.758,90.9,73.22,1,45.44,0,34.62,0,28.24,0,100.0,1,70.83,1,81.46,1,86.42,1,62.59,1,70.25,1,55.78,1,62.02,1,hollow_concrete_block
LDPE,2,13.5,9.0,0.46,fly_ash,1,28.8,39.4,17,13.82,1.37,1.23,2208.8,3.83,0.797,75.2,70.01,1,40.5,0,24.21,0,18.32,0,100.0,1,69.84,1,63.12,1,86.3,1,53.43,0,69.73,1,54.17,0,57.45,1,hollow_concrete_block
HDPE,1,23.3,18.2,0.56,silica_fume,2,22.7,52.3,53,20.29,2.71,2.04,2009.3,3.15,0.661,85.7,81.94,1,48.3,0,35.53,0,27.77,0,100.0,1,75.08,1,70.74,1,87.92,1,62.05,1,74.82,1,61.26,1,69.84,1,hollow_concrete_block
PP,4,27.8,4.4,0.38,fibres,3,25.6,28.7,46,18.77,2.38,1.63,1939.8,7.63,0.615,84.0,62.5,1,39.03,0,28.21,0,22.91,0,96.84,1,77.3,1,62.81,1,88.56,1,49.49,0,72.5,1,64.33,1,52.55,0,hollow_concrete_block
PP,4,14.2,3.1,0.47,silica_fume,2,18.4,78.2,44,27.8,4.02,2.8,2164.7,2.66,0.716,93.4,93.1,1,58.58,1,47.88,0,37.98,0,100.0,1,72.1,1,94.23,1,86.63,1,72.07,1,72.2,1,57.76,1,84.75,1,hollow_concrete_block
HDPE,1,17.7,1.3,0.51,silica_fume,2,0.8,33.5,31,14.66,1.72,1.63,2154.4,5.1,0.694,73.5,64.02,1,38.18,0,24.19,0,18.93,0,100.0,1,72.78,1,67.97,1,86.71,1,54.55,0,72.96,1,58.87,1,52.78,0,hollow_concrete_block
HDPE,1,35.0,9.1,0.59,fly_ash,1,0.4,34.6,5,3.55,0.5,0.44,1815.4,7.72,0.476,41.7,36.19,0,21.27,0,8.25,0,6.04,0,78.78,1,70.7,1,17.71,0,63.5,1,28.91,0,67.56,1,76.44,1,28.81,0,hollow_concrete_block
PP,4,19.3,9.1,0.52,fly_ash,1,12.4,70.9,77,22.91,3.77,2.31,2089.1,5.08,0.749,82.8,75.71,1,45.84,0,37.58,0,30.82,0,100.0,1,71.95,1,80.06,1,87.23,1,65.55,1,71.57,1,56.62,1,63.44,1,hollow_concrete_block
PVC,3,25.1,17.8,0.64,silica_fume,2,21.2,78.9,36,14.17,1.95,1.62,2072.3,3.0,0.613,73.5,73.15,1,42.84,0,27.93,0,21.22,0,100.0,1,76.05,1,61.91,1,87.37,1,53.89,0,76.4,1,63.8,1,62.74,1,hollow_concrete_block
PVC,3,14.8,18.1,0.63,silica_fume,2,16.2,24.6,20,14.24,2.36,1.51,2192.5,2.22,0.766,80.5,74.98,1,48.85,0,32.15,0,24.13,0,100.0,1,70.65,1,66.34,1,86.42,1,53.99,0,70.62,1,55.45,1,67.57,1,hollow_concrete_block
LDPE,2,34.4,19.7,0.42,fly_ash,1,2.9,75.0,67,14.25,2.0,1.51,1827.6,8.44,0.566,65.7,52.35,0,32.35,0,22.41,0,18.19,0,94.75,1,80.44,1,42.57,0,88.66,1,41.12,0,74.42,1,68.35,1,43.5,0,hollow_concrete_block
Mixed,5,19.0,6.6,0.59,fly_ash,1,21.6,63.1,85,21.32,2.96,1.69,2122.6,5.6,0.799,84.4,72.01,1,44.07,0,33.48,0,27.15,0,100.0,1,70.53,1,80.22,1,86.96,1,61.76,1,69.36,1,54.46,0,60.42,1,hollow_concrete_block
PP,4,32.8,4.9,0.43,none,0,0.0,47.6,59,14.4,1.76,1.37,1830.3,7.83,0.493,66.3,53.57,0,32.92,0,22.21,0,17.81,0,96.29,1,81.85,1,43.16,0,89.67,1,43.04,0,79.33,1,74.61,1,44.5,0,hollow_concrete_block
PVC,3,23.6,1.8,0.65,none,0,0.0,53.6,74,12.6,1.79,1.19,2115.9,6.28,0.648,76.7,57.69,1,35.05,0,21.32,0,16.96,0,100.0,1,74.48,1,63.23,1,87.01,1,46.52,0,72.51,1,61.49,1,47.52,0,hollow_concrete_block
Mixed,5,2.3,7.3,0.61,fly_ash,1,1.9,41.3,38,14.56,1.93,1.42,2299.8,2.27,1.067,87.6,76.45,1,49.94,0,31.13,0,23.08,0,100.0,1,64.89,1,61.03,1,85.65,1,54.41,0,64.27,1,46.19,0,69.31,1,hollow_concrete_block
PP,4,10.1,18.0,0.36,fibres,3,12.9,65.9,20,18.17,2.43,1.77,2194.1,3.93,0.763,92.6,75.92,1,45.54,0,31.03,0,24.43,0,100.0,1,70.71,1,75.88,1,86.41,1,59.23,1,70.69,1,55.57,1,63.71,1,hollow_concrete_block
PVC,3,8.6,9.3,0.51,silica_fume,2,9.9,54.2,68,31.68,4.06,2.71,2239.0,2.75,1.0,100.0,96.59,1,62.42,1,51.53,0,40.92,0,100.0,1,66.2,1,93.64,1,86.08,1,75.0,1,65.53,1,47.93,0,88.89,1,hollow_concrete_block
PVC,3,5.8,11.0,0.55,silica_fume,2,25.9,78.3,9,12.59,1.56,1.25,2302.5,1.3,0.906,90.0,73.84,1,60.88,1,37.0,0,25.49,0,100.0,1,67.09,1,58.17,1,85.64,1,51.79,0,66.93,1,50.18,0,67.23,1,hollow_concrete_block
Mixed,5,30.2,12.0,0.58,none,0,0.0,56.8,70,10.45,1.54,1.2,1997.7,7.67,0.522,69.5,50.19,0,30.78,0,17.78,0,14.19,0,96.73,1,80.02,1,49.36,0,88.02,1,38.27,0,76.76,1,70.99,1,41.21,0,hollow_concrete_block
PVC,3,29.2,14.8,0.42,fly_ash,1,25.1,21.8,66,22.47,3.19,2.12,2057.7,7.29,0.684,73.1,67.78,1,42.0,0,34.1,0,28.04,0,97.86,1,73.93,1,74.6,1,87.5,1,55.57,1,69.73,1,59.81,1,56.89,1,hollow_concrete_block
Mixed,5,4.8,2.2,0.63,fibres,3,24.1,42.9,63,18.98,2.41,1.8,2355.3,2.7,0.973,100.0,82.75,1,52.38,0,34.88,0,26.74,0,100.0,1,65.69,1,66.97,1,85.28,1,60.31,1,65.5,1,48.16,0,74.8,1,hollow_concrete_block
HDPE,1,33.9,4.1,0.44,fly_ash,1,21.2,72.7,66,19.18,2.92,1.8,1859.6,8.77,0.541,68.3,59.03,1,36.8,0,29.52,0,24.41,0,94.0,1,81.16,1,53.74,0,87.6,1,46.86,0,75.17,1,70.12,1,49.51,0,hollow_concrete_block
PET,0,7.4,8.3,0.42,none,0,0.0,40.4,15,15.53,2.31,1.96,2279.5,3.56,0.816,80.5,75.44,1,43.61,0,28.8,0,22.45,0,100.0,1,68.89,1,62.27,1,85.79,1,55.71,1,68.97,1,53.19,0,62.05,1,hollow_concrete_block
PP,4,10.3,17.6,0.37,none,0,0.0,61.0,15,12.85,2.18,0.77,2189.1,2.66,0.804,79.6,73.0,1,44.58,0,28.33,0,21.45,0,100.0,1,69.86,1,64.03,1,86.45,1,52.13,0,69.65,1,53.99,0,65.79,1,hollow_concrete_block
HDPE,1,0.1,19.7,0.35,silica_fume,2,11.5,21.7,75,60.6,8.6,5.89,2380.6,1.56,1.0,100.0,97.63,1,92.07,1,77.09,1,64.62,1,100.0,1,65.14,1,83.53,1,85.12,1,75.0,1,64.96,1,47.4,0,97.53,1,hollow_concrete_block
PP,4,15.0,1.9,0.4,fibres,3,5.5,33.1,47,20.83,2.67,2.09,2135.6,5.32,0.794,78.7,71.93,1,43.55,0,32.52,0,26.14,0,100.0,1,70.52,1,78.87,1,86.86,1,62.77,1,70.14,1,54.59,0,60.02,1,hollow_concrete_block
PET,0,34.9,18.3,0.53,fly_ash,1,26.7,62.4,25,9.8,0.94,0.79,1987.1,8.02,0.408,50.3,46.35,0,28.11,0,15.48,0,12.0,0,95.78,1,80.13,1,42.6,0,88.07,1,36.34,0,84.93,1,83.89,1,37.78,0,hollow_concrete_block
PP,4,6.0,16.5,0.36,none,0,0.0,76.1,18,15.0,2.21,1.95,2223.4,2.97,0.784,86.5,76.47,1,45.68,0,29.5,0,22.61,0,100.0,1,70.0,1,66.94,1,86.19,1,55.0,1,70.0,1,54.61,0,66.25,1,hollow_concrete_block
LDPE,2,37.4,2.6,0.55,fly_ash,1,27.0,49.9,80,15.34,2.36,1.55,1841.9,9.75,0.525,61.1,51.76,0,32.28,0,23.98,0,19.76,0,92.09,1,81.72,1,44.23,0,85.96,1,39.6,0,75.26,1,71.57,1,43.1,0,hollow_concrete_block
HDPE,1,39.9,18.4,0.63,fibres,3,23.5,76.6,88,9.05,1.14,0.72,1808.9,8.71,0.398,73.9,45.9,0,28.43,0,14.96,0,11.8,0,94.14,1,82.11,1,34.67,0,88.27,1,33.5,0,85.98,1,86.06,1,37.78,0,hollow_concrete_block
PP,4,2.6,5.3,0.39,fibres,3,5.7,44.3,48,28.56,3.71,3.09,2256.1,2.34,0.959,100.0,94.79,1,62.38,1,49.23,0,38.52,0,100.0,1,66.63,1,90.02,1,85.96,1,73.08,1,66.14,1,48.89,0,86.15,1,hollow_concrete_block
PET,0,36.7,18.5,0.59,none,0,0.0,70.9,14,5.34,0.93,0.53,1983.0,8.44,0.419,44.8,39.09,0,23.5,0,10.82,0,8.41,0,94.75,1,80.17,1,33.46,0,72.71,1,29.24,0,76.22,1,82.36,1,31.3,0,hollow_concrete_block
Mixed,5,26.2,18.3,0.52,fibres,3,22.7,58.6,39,11.08,1.8,1.11,2006.9,6.96,0.571,77.9,53.45,0,32.7,0,19.41,0,15.57,0,98.95,1,78.28,1,53.22,0,87.94,1,41.59,0,75.15,1,67.0,1,44.01,0,hollow_concrete_block
LDPE,2,5.4,15.4,0.44,fibres,3,12.1,42.6,65,28.76,3.85,2.98,2289.2,3.44,0.967,100.0,94.37,1,57.25,1,46.14,0,37.0,0,100.0,1,66.26,1,87.99,1,85.73,1,73.35,1,65.87,1,48.56,0,79.82,1,hollow_concrete_block
PET,0,19.6,6.8,0.5,fibres,3,9.2,79.5,39,13.9,2.68,1.11,2188.4,5.7,0.647,77.4,61.67,1,37.25,0,25.28,0,20.59,0,100.0,1,73.89,1,65.27,1,86.45,1,51.28,0,73.51,1,61.23,1,50.83,0,hollow_concrete_block
Mixed,5,28.0,10.8,0.36,none,0,0.0,38.4,78,22.08,3.48,2.07,1992.1,6.11,0.667,75.8,69.75,1,42.65,0,35.14,0,28.91,0,100.0,1,75.07,1,69.96,1,88.07,1,59.99,1,72.79,1,61.02,1,58.5,1,hollow_concrete_block
Mixed,5,36.0,11.1,0.54,none,0,0.0,52.1,9,5.29,0.71,0.51,1924.3,9.15,0.473,45.3,37.73,0,22.84,0,9.98,0,7.65,0,93.21,1,80.79,1,29.31,0,71.46,1,27.45,0,71.29,1,76.13,1,30.25,0,hollow_concrete_block
LDPE,2,15.4,7.4,0.51,fibres,3,22.2,51.4,25,13.1,2.14,1.22,2162.0,5.22,0.823,82.8,62.64,1,37.59,0,23.56,0,18.77,0,100.0,1,69.7,1,67.21,1,86.65,1,52.47,0,69.31,1,53.41,0,51.62,0,hollow_concrete_block
PP,4,14.8,14.1,0.62,none,0,0.0,47.4,26,9.44,1.39,0.67,2184.0,4.66,0.792,69.7,58.67,1,34.23,0,18.64,0,14.27,0,100.0,1,70.15,1,56.18,1,86.48,1,47.59,0,69.97,1,54.46,0,47.73,0,hollow_concrete_block
HDPE,1,28.5,1.9,0.41,fly_ash,1,17.1,56.8,8,8.13,0.96,0.86,1974.1,7.19,0.59,54.9,46.03,0,27.63,0,14.24,0,10.97,0,98.18,1,77.86,1,40.06,0,88.24,1,36.8,0,74.05,1,65.81,1,37.37,0,hollow_concrete_block
PVC,3,8.2,13.9,0.63,none,0,0.0,74.3,87,21.89,3.51,2.33,2296.4,3.59,0.802,94.2,84.05,1,50.36,0,38.09,0,30.56,0,100.0,1,69.04,1,75.18,1,85.68,1,64.19,1,69.24,1,53.63,0,70.64,1,hollow_concrete_block
LDPE,2,39.4,19.7,0.6,silica_fume,2,27.5,44.1,22,8.41,1.17,0.93,1836.9,5.75,0.472,55.4,48.93,0,28.63,0,15.97,0,12.27,0,100.0,1,81.78,1,30.86,0,89.6,1,43.68,0,84.43,1,76.74,1,39.83,0,hollow_concrete_block
HDPE,1,24.0,12.6,0.43,fibres,3,20.4,62.6,83,23.97,3.34,2.24,2063.1,6.64,0.666,97.1,72.3,1,46.13,0,36.34,0,29.81,0,100.0,1,74.41,1,83.64,1,87.45,1,60.07,1,71.41,1,60.73,1,61.67,1,hollow_concrete_block
LDPE,2,8.2,17.6,0.57,silica_fume,2,12.3,20.6,55,22.07,3.27,1.94,2232.5,2.5,0.91,96.4,85.96,1,55.26,1,40.91,0,31.89,0,100.0,1,67.57,1,80.61,1,86.13,1,64.43,1,67.14,1,50.33,0,78.23,1,hollow_concrete_block
PVC,3,11.1,18.1,0.6,fibres,3,7.6,20.6,53,19.33,2.53,2.07,2249.4,3.34,0.788,87.9,82.38,1,48.16,0,33.64,0,26.27,0,100.0,1,69.7,1,72.66,1,86.0,1,60.77,1,69.79,1,54.35,0,68.75,1,hollow_concrete_block
PET,0,27.8,9.3,0.55,fly_ash,1,2.1,26.9,23,10.19,1.57,0.79,2076.1,7.81,0.589,56.1,48.57,0,29.58,0,17.53,0,14.03,0,96.34,1,76.9,1,51.09,0,87.34,1,37.49,0,72.68,1,65.38,1,39.63,0,hollow_concrete_block
PVC,3,2.7,11.0,0.4,silica_fume,2,28.7,62.9,53,43.26,6.29,4.23,2339.4,1.36,0.995,100.0,97.33,1,87.71,1,77.87,1,61.45,1,100.0,1,65.5,1,86.47,1,85.39,1,75.0,1,65.2,1,47.67,0,97.31,1,hollow_concrete_block
LDPE,2,21.5,6.1,0.52,none,0,0.0,65.7,53,14.67,1.83,1.3,2070.9,5.84,0.692,73.6,60.94,1,36.79,0,23.81,0,18.86,0,100.0,1,73.58,1,62.67,1,87.38,1,51.52,0,72.12,1,59.34,1,50.38,0,hollow_concrete_block
HDPE,1,38.0,11.3,0.5,fly_ash,1,15.5,22.1,64,14.8,1.89,1.45,1845.4,9.31,0.404,64.5,51.96,0,32.35,0,22.39,0,18.16,0,92.9,1,81.68,1,44.45,0,86.69,1,39.78,0,84.76,1,85.24,1,43.23,0,hollow_concrete_block
PET,0,4.5,1.2,0.47,none,0,0.0,65.8,11,12.92,1.5,1.37,2294.9,2.98,0.93,84.0,74.23,1,43.97,0,25.62,0,19.08,0,100.0,1,66.77,1,57.72,1,85.69,1,52.23,0,66.5,1,49.52,0,63.76,1,hollow_concrete_block
HDPE,1,17.4,7.7,0.57,fibres,3,17.9,22.5,67,17.68,2.77,1.54,2074.9,5.28,0.819,90.0,67.88,1,41.68,0,29.66,0,23.98,0,100.0,1,70.56,1,72.18,1,87.35,1,58.57,1,69.82,1,53.94,0,57.29,1,hollow_concrete_block
HDPE,1,30.7,14.6,0.36,none,0,0.0,76.9,46,16.73,2.66,1.84,1913.9,7.09,0.429,65.4,58.52,1,35.78,0,27.14,0,22.22,0,98.51,1,80.9,1,52.79,0,88.81,1,48.63,0,84.73,1,81.39,1,48.7,0,hollow_concrete_block
LDPE,2,36.9,7.3,0.41,none,0,0.0,43.5,22,9.48,0.99,1.09,1793.8,8.68,0.482,48.0,43.27,0,26.27,0,15.03,0,11.74,0,94.2,1,82.3,1,28.11,0,88.5,1,34.15,0,79.3,1,75.94,1,35.37,0,hollow_concrete_block
LDPE,2,20.2,4.9,0.54,silica_fume,2,19.7,46.3,59,23.8,3.21,2.52,2068.2,3.44,0.775,89.1,86.12,1,50.85,0,39.58,0,31.43,0,100.0,1,71.54,1,81.67,1,87.41,1,66.73,1,70.96,1,55.64,1,72.6,1,hollow_concrete_block
PET,0,33.7,12.2,0.44,fly_ash,1,4.3,77.9,10,6.32,0.86,0.62,2025.5,9.08,0.513,43.3,39.69,0,24.07,0,11.41,0,8.86,0,93.36,1,79.75,1,37.74,0,77.53,1,28.98,0,71.6,1,71.66,1,31.87,0,hollow_concrete_block
PET,0,27.4,8.5,0.51,fly_ash,1,21.7,39.3,7,7.85,0.52,0.72,2024.6,6.58,0.513,55.1,47.34,0,28.18,0,13.2,0,9.77,0,100.0,1,79.76,1,43.25,0,87.78,1,38.84,0,78.88,1,71.66,1,38.36,0,hollow_concrete_block
HDPE,1,36.1,13.8,0.35,none,0,0.0,53.8,52,14.68,2.15,1.45,1806.4,8.7,0.555,63.0,52.08,0,32.21,0,23.12,0,18.88,0,94.16,1,81.17,1,41.08,0,88.32,1,41.03,0,74.83,1,69.31,1,43.32,0,hollow_concrete_block
PP,4,4.8,4.9,0.54,none,0,0.0,21.2,63,20.24,2.4,1.84,2294.2,3.29,0.941,99.3,83.98,1,50.43,0,34.35,0,26.7,0,100.0,1,66.6,1,73.43,1,85.69,1,61.99,1,66.3,1,49.22,0,70.68,1,hollow_concrete_block
PP,4,25.8,6.0,0.53,fibres,3,27.3,34.3,65,17.18,2.56,1.59,1982.4,6.3,0.614,87.3,63.46,1,39.3,0,27.81,0,22.57,0,100.0,1,76.89,1,64.05,1,88.16,1,52.54,0,74.52,1,64.18,1,53.45,0,hollow_concrete_block
PP,4,10.0,19.6,0.54,fibres,3,27.6,29.2,71,25.72,3.21,2.67,2249.9,4.1,0.892,100.0,85.35,1,52.58,0,40.25,0,32.22,0,100.0,1,67.73,1,85.73,1,86.0,1,69.29,1,67.42,1,50.8,0,72.22,1,hollow_concrete_block
LDPE,2,9.0,6.1,0.57,fibres,3,30.0,72.9,50,19.62,2.42,1.68,2221.1,2.76,0.927,100.0,82.61,1,51.94,0,35.33,0,27.15,0,100.0,1,67.39,1,77.62,1,86.21,1,61.16,1,66.86,1,49.89,0,74.22,1,hollow_concrete_block
Mixed,5,0.8,16.2,0.39,fibres,3,12.3,72.8,32,23.14,3.13,2.3,2341.6,2.19,1.016,100.0,88.2,1,59.33,1,43.14,0,33.19,0,100.0,1,65.21,1,74.88,1,85.37,1,65.85,1,64.86,1,47.16,0,80.09,1,hollow_concrete_block
PVC,3,5.0,12.7,0.41,fibres,3,12.6,45.1,60,31.68,4.57,3.05,2342.6,2.36,0.92,100.0,97.35,1,65.34,1,54.4,0,43.18,0,100.0,1,66.57,1,86.24,1,85.37,1,75.0,1,66.5,1,49.62,0,90.35,1,hollow_concrete_block
PVC,3,38.1,9.5,0.45,fibres,3,4.0,51.8,34,8.11,1.23,0.92,1962.2,8.83,0.421,51.3,42.89,0,26.18,0,14.21,0,11.29,0,93.88,1,80.39,1,38.26,0,86.47,1,31.95,0,82.94,1,82.2,1,34.82,0,hollow_concrete_block
HDPE,1,28.5,11.6,0.63,silica_fume,2,27.0,52.9,55,20.29,2.61,2.23,1942.1,3.84,0.578,78.8,77.03,1,45.02,0,33.76,0,26.65,0,100.0,1,78.66,1,64.17,1,88.54,1,62.05,1,78.67,1,66.82,1,64.16,1,hollow_concrete_block
LDPE,2,25.8,4.7,0.39,none,0,0.0,52.6,60,19.49,3.2,2.54,1988.6,6.38,0.636,74.5,65.42,1,40.01,0,31.67,0,26.04,0,100.0,1,76.08,1,65.06,1,88.1,1,55.24,1,73.42,1,62.79,1,54.67,0,hollow_concrete_block
LDPE,2,36.2,19.1,0.61,fibres,3,1.5,33.0,73,11.52,1.22,1.63,1858.0,7.84,0.422,63.4,49.56,0,30.3,0,17.97,0,14.13,0,96.26,1,81.53,1,39.6,0,89.38,1,39.17,0,84.6,1,82.64,1,40.85,0,hollow_concrete_block
HDPE,1,26.4,18.8,0.48,fibres,3,0.7,32.4,75,19.75,2.38,2.12,1924.6,6.72,0.66,75.1,64.57,1,39.66,0,29.67,0,23.94,0,99.8,1,75.99,1,61.07,1,88.71,1,54.11,0,72.23,1,61.76,1,54.08,0,hollow_concrete_block
Mixed,5,6.9,19.7,0.55,fly_ash,1,19.2,54.5,28,14.27,2.04,1.31,2282.6,2.89,0.858,77.6,75.34,1,44.88,0,28.6,0,21.73,0,100.0,1,68.06,1,59.21,1,85.77,1,54.03,0,67.99,1,51.73,0,65.44,1,hollow_concrete_block
HDPE,1,16.5,9.6,0.61,fly_ash,1,22.9,49.2,81,23.98,3.31,2.16,2126.5,5.38,0.742,87.0,76.31,1,46.91,0,37.21,0,30.27,0,100.0,1,71.78,1,85.6,1,86.93,1,66.67,1,71.47,1,56.75,1,64.5,1,hollow_concrete_block
PP,4,21.2,12.7,0.36,none,0,0.0,67.2,13,12.11,1.33,1.62,2029.5,6.08,0.72,67.2,55.77,1,33.51,0,19.82,0,15.43,0,100.0,1,73.23,1,53.81,0,87.74,1,46.85,0,70.89,1,58.19,1,45.84,0,hollow_concrete_block
PET,0,0.3,17.3,0.37,none,0,0.0,38.8,48,30.37,4.33,2.75,2337.1,1.81,0.972,99.0,97.31,1,69.24,1,55.93,1,43.46,0,100.0,1,65.83,1,86.64,1,85.4,1,75.0,1,65.59,1,48.25,0,88.74,1,hollow_concrete_block
HDPE,1,29.7,19.2,0.44,none,0,0.0,41.8,43,14.41,2.5,1.64,1975.3,7.21,0.523,61.7,55.19,1,33.65,0,24.36,0,19.95,0,98.12,1,80.25,1,52.36,0,88.23,1,45.1,0,77.49,1,71.01,1,45.64,0,hollow_concrete_block
PP,4,36.2,9.2,0.45,fly_ash,1,8.7,26.1,74,16.42,2.37,1.63,1865.8,8.68,0.415,63.2,54.9,0,34.03,0,25.42,0,20.82,0,94.2,1,81.44,1,48.27,0,87.73,1,43.4,0,84.2,1,83.55,1,45.76,0,hollow_concrete_block
HDPE,1,36.0,3.5,0.47,fibres,3,4.7,53.1,63,14.77,2.38,1.59,1906.5,9.13,0.482,61.4,52.21,0,32.42,0,23.64,0,19.48,0,93.25,1,80.98,1,47.97,0,86.41,1,40.14,0,78.15,1,75.28,1,43.34,0,hollow_concrete_block
Mixed,5,39.3,14.0,0.62,none,0,0.0,59.8,21,2.7,0.5,0.42,1913.5,9.24,0.469,39.8,33.42,0,20.0,0,6.84,0,5.06,0,66.32,1,63.9,1,22.81,0,54.13,0,23.8,0,62.92,1,75.12,1,26.39,0,thermal_insulation_panel
PVC,3,3.9,1.3,0.61,fibres,3,11.4,30.2,5,10.1,1.66,0.61,2300.5,3.08,0.955,80.6,70.28,1,40.82,0,22.91,0,17.15,0,100.0,1,66.35,1,51.75,0,85.65,1,48.47,0,66.03,1,48.82,0,59.16,1,hollow_concrete_block
PP,4,27.5,16.5,0.63,fly_ash,1,13.4,21.2,65,10.23,1.32,1.01,1926.1,7.01,0.613,69.6,50.61,0,30.73,0,17.33,0,13.62,0,98.78,1,77.52,1,43.9,0,88.69,1,40.27,0,73.59,1,64.54,1,41.56,0,hollow_concrete_block
Mixed,5,22.7,17.8,0.65,silica_fume,2,2.1,28.1,41,6.82,0.56,0.62,2083.4,6.03,0.683,65.5,49.05,0,29.13,0,12.64,0,9.29,0,100.0,1,73.72,1,48.4,0,82.75,1,40.05,0,69.67,1,59.74,1,39.69,0,hollow_concrete_block
Mixed,5,15.7,3.4,0.65,fly_ash,1,28.8,39.2,13,8.84,1.02,1.04,2126.1,5.17,0.775,65.4,54.81,0,32.17,0,16.55,0,12.5,0,100.0,1,71.02,1,54.8,0,86.93,1,46.79,0,70.68,1,55.37,1,44.54,0,hollow_concrete_block
LDPE,2,24.1,16.1,0.35,fibres,3,29.8,41.9,35,16.66,1.93,1.54,1995.5,5.39,0.629,88.8,65.55,1,40.14,0,26.43,0,20.89,0,100.0,1,76.24,1,64.5,1,88.04,1,56.85,1,75.97,1,63.18,1,55.2,1,hollow_concrete_block
HDPE,1,20.5,19.6,0.62,none,0,0.0,49.4,24,9.5,1.18,0.96,2048.4,5.75,0.77,66.9,53.34,0,31.71,0,17.09,0,13.14,0,100.0,1,71.84,1,50.73,0,87.57,1,45.13,0,70.11,1,55.93,1,43.53,0,hollow_concrete_block
PET,0,26.0,14.2,0.43,fibres,3,10.1,36.4,87,26.12,3.51,2.76,2047.2,6.58,0.639,89.3,75.19,1,47.21,0,38.95,0,31.96,0,100.0,1,75.4,1,84.09,1,87.58,1,63.2,1,72.62,1,62.33,1,64.2,1,hollow_concrete_block
PVC,3,26.4,7.0,0.36,none,0,0.0,64.1,5,9.86,1.47,0.95,2115.3,6.37,0.562,59.2,51.69,0,30.95,0,17.72,0,13.94,0,100.0,1,77.63,1,54.13,0,87.02,1,42.45,0,76.11,1,67.16,1,42.1,0,hollow_concrete_block
LDPE,2,15.2,18.1,0.46,none,0,0.0,61.7,37,15.08,1.56,1.6,2155.8,4.71,0.891,77.0,66.64,1,39.53,0,24.64,0,19.07,0,100.0,1,68.52,1,69.46,1,86.7,1,55.11,1,67.85,1,51.21,0,54.98,0,hollow_concrete_block
Mixed,5,15.0,7.7,0.5,fibres,3,12.2,40.5,47,17.1,2.28,1.69,2152.6,4.14,0.748,86.9,72.9,1,43.36,0,29.24,0,23.0,0,100.0,1,71.41,1,75.6,1,86.72,1,57.8,1,71.3,1,56.38,1,60.83,1,hollow_concrete_block
Mixed,5,10.5,4.3,0.43,none,0,0.0,74.8,88,31.16,5.02,3.38,2195.5,3.61,0.835,100.0,93.96,1,58.29,1,51.1,0,41.78,0,100.0,1,69.19,1,96.75,1,86.4,1,75.0,1,68.88,1,52.85,0,81.11,1,hollow_concrete_block
PET,0,32.2,18.3,0.61,none,0,0.0,21.4,19,5.93,0.5,0.49,2060.4,8.07,0.507,50.8,41.72,0,25.18,0,10.48,0,7.8,0,95.65,1,79.41,1,41.51,0,76.83,1,31.04,0,71.59,1,72.04,1,33.52,0,hollow_concrete_block
PET,0,9.7,4.0,0.37,fly_ash,1,23.4,71.8,4,12.78,1.82,1.45,2230.9,3.41,0.761,83.2,72.89,1,41.76,0,25.15,0,19.19,0,100.0,1,70.45,1,61.85,1,86.14,1,52.04,0,70.59,1,55.5,1,59.78,1,hollow_concrete_block
Mixed,5,0.5,16.2,0.61,none,0,0.0,29.4,83,22.3,3.19,2.35,2389.1,2.03,0.966,100.0,87.43,1,60.29,1,43.41,0,33.24,0,100.0,1,65.55,1,70.09,1,85.07,1,64.73,1,65.49,1,48.22,0,79.33,1,hollow_concrete_block
PVC,3,25.2,7.0,0.55,none,0,0.0,23.4,20,9.94,1.34,0.8,2064.4,6.05,0.665,58.3,52.14,0,31.01,0,17.7,0,13.78,0,100.0,1,74.43,1,50.4,0,87.44,1,44.11,0,72.62,1,60.78,1,42.49,0,hollow_concrete_block
HDPE,1,36.7,18.6,0.41,none,0,0.0,20.2,90,16.52,2.1,1.67,1832.7,8.5,0.517,75.3,56.49,1,35.2,0,24.91,0,20.21,0,94.61,1,81.83,1,49.18,0,88.47,1,43.99,0,77.0,1,72.33,1,47.25,0,hollow_concrete_block
HDPE,1,8.4,14.5,0.47,fly_ash,1,14.3,31.8,66,26.8,3.85,2.52,2225.8,3.64,0.863,96.3,89.69,1,54.26,0,43.75,0,35.23,0,100.0,1,68.42,1,88.94,1,86.17,1,70.73,1,68.12,1,51.8,0,75.85,1,hollow_concrete_block
PP,4,28.3,9.6,0.57,none,0,0.0,46.6,67,13.76,2.01,1.25,1922.2,6.52,0.533,74.9,57.0,1,34.67,0,22.87,0,18.36,0,100.0,1,80.81,1,50.87,0,88.73,1,46.98,0,78.39,1,70.43,1,47.22,0,hollow_concrete_block
PET,0,3.2,19.5,0.43,fly_ash,1,21.0,62.2,12,17.24,2.06,1.79,2315.6,2.5,1.022,88.5,80.14,1,50.78,0,33.06,0,24.9,0,100.0,1,65.32,1,64.6,1,85.55,1,57.99,1,64.87,1,47.12,0,72.71,1,hollow_concrete_block
HDPE,1,7.5,6.8,0.65,fly_ash,1,11.8,70.2,40,14.83,1.95,1.38,2272.0,3.23,0.798,83.4,76.6,1,44.4,0,27.96,0,21.38,0,100.0,1,69.31,1,62.39,1,85.85,1,54.77,0,69.44,1,53.88,0,63.79,1,hollow_concrete_block
PP,4,16.5,13.0,0.42,silica_fume,2,24.7,64.1,70,34.92,5.54,3.3,2106.7,3.09,0.738,100.0,95.61,1,62.93,1,57.4,1,46.79,0,100.0,1,72.05,1,96.91,1,87.09,1,75.0,1,71.81,1,57.01,1,88.88,1,hollow_concrete_block
PET,0,26.2,19.4,0.43,fly_ash,1,1.9,23.8,47,16.35,2.75,1.79,2140.2,6.3,0.623,70.2,62.04,1,37.75,0,27.46,0,22.43,0,100.0,1,75.09,1,69.55,1,86.82,1,51.43,0,73.35,1,62.87,1,51.38,0,hollow_concrete_block
Mixed,5,2.4,15.2,0.48,fibres,3,0.4,64.7,14,13.14,2.25,1.27,2307.8,2.65,0.875,86.4,74.61,1,46.12,0,28.83,0,21.88,0,100.0,1,67.57,1,57.78,1,85.6,1,52.52,0,67.53,1,51.09,0,67.51,1,hollow_concrete_block
LDPE,2,23.5,18.4,0.46,none,0,0.0,54.2,43,13.22,1.57,1.53,1982.1,6.18,0.662,75.0,57.58,1,34.86,0,21.46,0,16.9,0,100.0,1,75.32,1,54.27,0,88.16,1,47.83,0,72.88,1,61.34,1,47.57,0,hollow_concrete_block
PVC,3,14.3,16.3,0.46,silica_fume,2,22.9,38.8,27,21.67,3.31,2.31,2217.9,2.31,0.714,88.9,85.32,1,55.45,1,41.49,0,32.17,0,100.0,1,71.71,1,79.06,1,86.23,1,63.89,1,72.03,1,57.63,1,77.55,1,hollow_concrete_block
HDPE,1,23.5,1.3,0.46,fibres,3,26.4,39.5,54,17.32,2.7,1.88,2017.8,5.77,0.673,84.3,65.37,1,39.9,0,28.69,0,23.27,0,100.0,1,74.64,1,66.04,1,87.84,1,55.44,1,73.21,1,60.57,1,54.64,0,hollow_concrete_block
PVC,3,34.7,9.6,0.4,fibres,3,12.6,21.5,20,8.42,0.89,0.81,2055.5,8.24,0.457,54.1,45.15,0,27.5,0,13.88,0,10.74,0,95.23,1,79.46,1,46.16,0,86.93,1,33.88,0,80.1,1,77.25,1,36.64,0,hollow_concrete_block
LDPE,2,15.3,17.5,0.39,silica_fume,2,0.4,67.5,87,30.27,4.0,3.05,2120.6,5.05,0.763,96.1,85.51,1,53.62,0,45.55,0,37.18,0,100.0,1,71.34,1,97.54,1,86.98,1,75.0,1,71.03,1,55.89,1,73.33,1,hollow_concrete_block
HDPE,1,6.0,18.9,0.42,none,0,0.0,43.5,22,16.98,3.01,1.88,2263.9,3.08,0.884,84.0,79.41,1,46.86,0,33.16,0,26.1,0,100.0,1,67.75,1,66.7,1,85.9,1,57.64,1,67.52,1,50.98,0,67.6,1,hollow_concrete_block
LDPE,2,13.5,0.9,0.47,silica_fume,2,24.9,71.2,38,23.47,3.05,2.48,2124.8,3.19,0.835,93.6,87.03,1,52.19,0,39.45,0,31.09,0,100.0,1,69.79,1,86.32,1,86.94,1,66.29,1,69.2,1,53.16,0,74.43,1,hollow_concrete_block
HDPE,1,7.6,12.3,0.5,fibres,3,28.4,29.6,88,31.21,4.2,3.18,2277.0,3.09,0.809,100.0,96.87,1,60.61,1,50.34,0,40.33,0,100.0,1,69.05,1,90.93,1,85.81,1,75.0,1,69.15,1,53.45,0,85.33,1,hollow_concrete_block
PET,0,14.1,2.6,0.64,fibres,3,18.2,28.5,69,19.34,2.37,1.79,2187.5,4.25,0.772,92.9,75.52,1,45.77,0,31.54,0,24.89,0,100.0,1,70.56,1,78.38,1,86.46,1,60.79,1,70.48,1,55.23,1,63.54,1,hollow_concrete_block
PVC,3,32.1,8.6,0.35,silica_fume,2,18.9,40.3,42,22.13,2.87,2.17,2050.1,4.71,0.576,74.6,74.97,1,44.82,0,34.97,0,28.05,0,100.0,1,77.66,1,73.88,1,87.56,1,64.51,1,78.18,1,66.42,1,62.62,1,hollow_concrete_block
Mixed,5,24.7,12.4,0.53,silica_fume,2,10.2,42.4,19,9.0,1.42,1.02,2028.2,4.53,0.63,65.2,57.0,1,32.89,0,18.44,0,14.1,0,100.0,1,75.89,1,48.02,0,87.75,1,47.0,0,75.92,1,62.96,1,46.38,0,hollow_concrete_block
LDPE,2,22.6,9.7,0.36,silica_fume,2,12.5,32.6,44,24.9,3.05,2.47,2019.8,4.38,0.657,78.2,80.47,1,48.02,0,38.61,0,30.92,0,100.0,1,75.1,1,77.25,1,87.82,1,68.2,1,74.92,1,61.43,1,67.46,1,hollow_concrete_block
Mixed,5,9.3,17.5,0.44,fibres,3,23.6,53.3,76,29.15,4.24,2.84,2183.6,3.48,0.807,100.0,93.78,1,56.92,1,47.41,0,38.29,0,100.0,1,69.84,1,96.18,1,86.49,1,73.87,1,69.6,1,53.9,0,79.46,1,hollow_concrete_block
LDPE,2,27.9,18.1,0.64,fly_ash,1,21.2,56.6,34,10.5,0.97,1.2,1917.7,7.65,0.579,53.8,47.8,0,28.94,0,16.41,0,12.71,0,96.79,1,78.89,1,39.7,0,88.77,1,38.4,0,74.22,1,66.88,1,39.13,0,hollow_concrete_block
PVC,3,22.5,17.9,0.44,none,0,0.0,43.0,21,9.14,1.38,0.84,2133.4,6.7,0.628,66.3,50.95,0,30.79,0,16.57,0,13.03,0,99.88,1,74.98,1,56.05,1,86.87,1,40.05,0,72.42,1,62.59,1,41.5,0,hollow_concrete_block
PP,4,12.9,10.8,0.49,silica_fume,2,2.0,43.4,27,16.08,2.33,1.29,2178.8,3.68,0.877,76.5,74.03,1,42.83,0,29.15,0,22.8,0,100.0,1,68.56,1,69.36,1,86.52,1,56.44,1,68.04,1,51.55,0,61.0,1,hollow_concrete_block
LDPE,2,28.5,7.6,0.58,fibres,3,7.4,58.0,44,15.17,2.56,1.36,1943.1,7.43,0.612,66.6,56.15,1,34.44,0,25.16,0,20.64,0,97.43,1,77.37,1,52.58,0,88.53,1,45.35,0,72.89,1,64.51,1,46.6,0,hollow_concrete_block
LDPE,2,33.0,9.9,0.39,silica_fume,2,28.7,49.1,43,21.63,2.99,2.09,1867.7,5.11,0.523,76.8,71.55,1,43.02,0,34.32,0,27.73,0,100.0,1,81.42,1,60.58,1,89.28,1,63.84,1,82.01,1,71.6,1,59.97,1,hollow_concrete_block
PP,4,35.3,4.4,0.59,fly_ash,1,28.7,55.9,18,8.21,0.53,0.88,1846.5,9.02,0.394,50.0,41.77,0,25.47,0,12.49,0,9.46,0,93.48,1,81.66,1,29.83,0,87.23,1,31.64,0,85.42,1,85.83,1,34.0,0,hollow_concrete_block
LDPE,2,29.3,14.8,0.41,silica_fume,2,7.4,42.6,4,8.94,1.4,1.23,1947.8,6.36,0.573,56.0,48.86,0,29.02,0,16.63,0,13.05,0,100.0,1,78.81,1,39.82,0,88.48,1,41.27,0,76.45,1,67.15,1,39.78,0,hollow_concrete_block
LDPE,2,10.4,3.3,0.36,fibres,3,2.4,47.9,21,17.27,2.2,1.72,2131.2,4.04,0.838,83.2,73.57,1,43.28,0,29.37,0,23.01,0,100.0,1,69.68,1,73.77,1,86.89,1,58.03,1,69.1,1,53.02,0,60.99,1,hollow_concrete_block
PVC,3,25.0,11.3,0.53,silica_fume,2,3.2,36.4,38,12.65,1.34,1.65,2109.4,6.03,0.577,67.2,57.22,1,34.42,0,20.42,0,15.9,0,100.0,1,77.07,1,60.41,1,87.07,1,47.82,0,76.11,1,66.08,1,47.02,0,hollow_concrete_block
HDPE,1,28.3,9.3,0.4,fly_ash,1,9.7,21.0,9,11.79,1.96,1.35,1973.0,6.95,0.503,56.1,51.52,0,31.07,0,20.53,0,16.55,0,98.98,1,80.27,1,46.39,0,88.25,1,42.58,0,79.13,1,72.85,1,42.28,0,hollow_concrete_block
LDPE,2,22.1,7.7,0.44,fibres,3,16.5,57.7,85,24.32,3.72,2.49,2082.3,6.46,0.646,88.6,73.33,1,45.89,0,37.75,0,31.16,0,100.0,1,74.85,1,83.42,1,87.29,1,61.32,1,72.4,1,61.76,1,62.37,1,hollow_concrete_block
LDPE,2,15.8,6.9,0.6,none,0,0.0,58.6,44,14.35,2.42,1.16,2169.3,5.0,0.771,81.1,65.03,1,38.87,0,25.73,0,20.61,0,100.0,1,70.73,1,68.33,1,86.6,1,54.13,0,70.59,1,55.35,1,53.65,0,hollow_concrete_block
PP,4,30.3,1.3,0.5,fly_ash,1,14.9,75.6,20,11.37,1.79,1.23,1930.7,7.29,0.543,51.9,49.47,0,29.83,0,19.5,0,15.67,0,97.86,1,80.27,1,41.59,0,88.65,1,40.77,0,76.49,1,69.56,1,40.55,0,hollow_concrete_block
HDPE,1,4.1,3.7,0.56,none,0,0.0,65.3,48,17.45,2.33,1.62,2297.1,2.61,0.964,87.8,80.28,1,50.13,0,33.49,0,25.53,0,100.0,1,66.24,1,66.09,1,85.67,1,58.27,1,65.88,1,48.6,0,72.79,1,hollow_concrete_block
LDPE,2,3.2,7.2,0.37,fibres,3,16.4,51.5,85,41.62,5.87,4.1,2299.1,1.94,0.97,100.0,97.03,1,77.31,1,70.04,1,55.76,1,100.0,1,66.14,1,89.35,1,85.66,1,75.0,1,65.77,1,48.44,0,97.1,1,hollow_concrete_block
PVC,3,27.8,11.2,0.38,fly_ash,1,13.5,26.9,36,17.39,2.75,1.78,2100.3,7.07,0.617,61.3,60.32,1,36.9,0,28.04,0,22.98,0,98.57,1,75.65,1,66.15,1,87.14,1,49.59,0,72.4,1,63.42,1,50.05,0,hollow_concrete_block
HDPE,1,9.6,13.1,0.52,none,0,0.0,58.6,31,12.84,2.27,0.79,2212.4,4.2,0.851,81.0,67.14,1,39.31,0,24.86,0,19.61,0,100.0,1,68.75,1,62.71,1,86.27,1,52.12,0,68.44,1,52.24,0,55.1,1,hollow_concrete_block
PVC,3,1.7,4.8,0.42,fly_ash,1,28.6,28.3,43,29.97,4.09,3.0,2313.3,2.75,1.046,97.9,97.1,1,61.12,1,49.89,0,39.67,0,100.0,1,65.04,1,88.29,1,85.56,1,74.96,1,64.52,1,46.59,0,87.23,1,hollow_concrete_block
LDPE,2,15.5,12.9,0.47,silica_fume,2,14.8,60.2,56,26.65,3.57,2.63,2143.5,2.97,0.729,93.0,91.41,1,55.89,1,44.55,0,35.3,0,100.0,1,71.95,1,92.8,1,86.79,1,70.53,1,71.9,1,57.25,1,80.2,1,hollow_concrete_block
PP,4,2.7,4.4,0.36,fly_ash,1,17.5,20.4,13,22.18,2.92,1.95,2409.5,2.8,0.946,92.5,87.42,1,54.15,0,39.0,0,30.39,0,100.0,1,65.7,1,67.15,1,84.94,1,64.57,1,65.77,1,48.67,0,77.87,1,hollow_concrete_block
PP,4,35.3,10.4,0.6,fibres,3,6.4,52.2,83,12.64,2.03,1.3,1842.7,8.31,0.398,73.6,51.46,0,31.87,0,20.92,0,17.05,0,95.06,1,81.71,1,42.99,0,88.79,1,39.32,0,86.2,1,85.85,1,42.67,0,hollow_concrete_block
Mixed,5,24.9,5.7,0.46,fibres,3,4.8,32.1,80,19.97,2.39,1.95,2009.9,6.46,0.661,85.7,66.99,1,41.52,0,30.07,0,24.23,0,100.0,1,75.07,1,70.25,1,87.91,1,55.52,1,72.2,1,61.26,1,56.45,1,hollow_concrete_block
LDPE,2,13.4,6.9,0.43,none,0,0.0,59.0,60,22.62,3.08,2.27,2170.6,3.71,0.828,84.6,83.19,1,49.08,0,37.51,0,29.85,0,100.0,1,69.53,1,82.92,1,86.59,1,65.16,1,69.15,1,53.2,0,69.53,1,hollow_concrete_block
PET,0,17.8,19.4,0.55,fibres,3,6.1,26.8,52,20.24,2.71,1.99,2154.2,4.95,0.847,83.6,73.15,1,44.16,0,32.4,0,26.0,0,100.0,1,69.31,1,79.87,1,86.71,1,61.99,1,68.79,1,52.62,0,61.08,1,hollow_concrete_block
PET,0,29.7,17.5,0.41,silica_fume,2,25.0,60.5,78,29.57,4.59,3.2,2053.5,4.53,0.554,93.9,86.71,1,53.39,0,46.93,0,38.55,0,100.0,1,78.55,1,91.47,1,87.53,1,74.43,1,79.27,1,68.06,1,73.95,1,hollow_concrete_block
LDPE,2,14.4,1.6,0.54,silica_fume,2,6.5,21.4,4,7.92,1.15,0.71,2101.1,4.87,0.725,71.6,55.34,1,32.33,0,16.27,0,12.31,0,100.0,1,72.43,1,53.07,0,87.13,1,45.56,0,72.22,1,57.62,1,44.95,0,hollow_concrete_block
HDPE,1,33.2,17.3,0.41,fibres,3,21.6,47.5,53,13.0,1.7,1.38,1863.8,8.21,0.489,78.0,52.77,0,32.76,0,20.5,0,16.47,0,95.3,1,81.46,1,46.22,0,88.8,1,40.07,0,78.91,1,74.81,1,43.82,0,hollow_concrete_block
PP,4,30.2,18.5,0.49,silica_fume,2,23.9,60.0,34,17.55,2.28,1.77,1919.1,4.71,0.548,71.8,67.55,1,39.97,0,28.91,0,22.91,0,100.0,1,80.17,1,56.17,1,88.76,1,58.4,1,80.31,1,69.22,1,56.12,1,hollow_concrete_block
PET,0,24.7,17.7,0.61,none,0,0.0,71.4,38,9.63,1.38,1.22,2129.8,6.73,0.666,63.0,51.11,0,30.85,0,17.04,0,13.4,0,99.76,1,73.8,1,55.76,1,86.9,1,40.58,0,70.93,1,60.43,1,41.65,0,hollow_concrete_block
PET,0,12.1,7.9,0.52,fly_ash,1,2.9,42.1,85,26.14,3.33,2.87,2149.1,4.14,0.876,91.3,84.93,1,51.51,0,40.91,0,32.83,0,100.0,1,68.83,1,91.91,1,86.75,1,69.85,1,68.19,1,51.7,0,72.0,1,hollow_concrete_block
HDPE,1,38.8,15.0,0.46,silica_fume,2,12.5,21.3,7,8.29,0.96,0.76,1839.1,6.82,0.316,45.1,44.81,0,26.46,0,14.6,0,11.21,0,99.44,1,81.75,1,28.17,0,89.57,1,38.42,0,88.33,1,85.87,1,36.37,0,hollow_concrete_block
PET,0,12.1,5.6,0.63,fly_ash,1,3.6,58.2,90,23.73,3.46,2.72,2283.1,4.04,0.944,93.7,83.3,1,50.58,0,38.98,0,31.4,0,100.0,1,66.64,1,79.07,1,85.77,1,66.64,1,66.29,1,49.18,0,70.29,1,hollow_concrete_block
PET,0,35.2,18.7,0.4,none,0,0.0,25.2,33,9.24,1.1,0.47,2056.8,8.97,0.421,55.0,45.37,0,27.9,0,14.96,0,11.79,0,93.58,1,79.45,1,47.85,0,85.34,1,33.13,0,82.3,1,81.73,1,36.94,0,hollow_concrete_block
PVC,3,34.8,11.8,0.52,silica_fume,2,0.7,53.8,11,5.82,0.53,0.3,2013.1,8.02,0.459,47.0,40.84,0,24.52,0,10.47,0,7.81,0,95.78,1,79.87,1,36.97,0,76.63,1,31.04,0,74.83,1,77.22,1,32.78,0,hollow_concrete_block
Mixed,5,27.7,4.7,0.47,fibres,3,0.9,49.8,62,17.26,2.33,1.76,2025.6,7.21,0.554,72.0,60.61,1,37.33,0,26.78,0,21.72,0,98.12,1,78.81,1,63.34,1,87.77,1,48.9,0,75.51,1,68.19,1,50.47,0,hollow_concrete_block
PVC,3,7.0,0.8,0.62,none,0,0.0,77.6,38,14.2,1.65,1.67,2326.4,2.97,0.905,86.3,76.17,1,45.49,0,27.3,0,20.49,0,100.0,1,66.93,1,58.19,1,85.47,1,53.93,0,66.85,1,50.12,0,65.81,1,hollow_concrete_block
Mixed,5,11.3,9.8,0.59,none,0,0.0,60.3,27,10.1,1.56,1.04,2164.7,4.22,0.775,79.7,62.86,1,36.55,0,20.32,0,15.57,0,100.0,1,70.68,1,61.22,1,86.63,1,48.47,0,70.5,1,55.21,1,51.33,0,hollow_concrete_block
HDPE,1,27.6,16.3,0.65,none,0,0.0,72.4,58,9.77,1.32,1.25,1981.3,6.54,0.535,63.0,50.63,0,30.4,0,17.15,0,13.41,0,100.0,1,80.11,1,45.39,0,88.17,1,41.57,0,77.91,1,69.95,1,41.38,0,hollow_concrete_block
PP,4,38.1,10.0,0.42,none,0,0.0,37.2,14,7.01,1.09,0.53,1764.4,8.97,0.419,52.4,39.92,0,24.28,0,12.71,0,10.03,0,93.58,1,82.67,1,25.12,0,84.97,1,30.16,0,82.56,1,83.61,1,32.44,0,hollow_concrete_block
PP,4,14.7,16.5,0.51,silica_fume,2,19.8,42.3,73,32.68,5.12,3.03,2090.4,2.36,0.839,100.0,95.48,1,64.94,1,56.78,1,45.43,0,100.0,1,70.03,1,95.74,1,87.22,1,75.0,1,69.28,1,53.17,0,90.22,1,hollow_concrete_block
PP,4,5.8,14.8,0.45,fly_ash,1,17.4,42.3,47,25.01,3.36,2.27,2211.8,3.33,0.924,93.7,89.73,1,53.43,0,41.42,0,32.92,0,100.0,1,67.51,1,86.29,1,86.28,1,68.35,1,66.96,1,50.02,0,75.68,1,hollow_concrete_block
LDPE,2,5.9,13.6,0.62,fibres,3,10.8,45.9,80,20.81,3.41,1.98,2281.6,2.48,0.902,100.0,84.65,1,54.9,0,40.09,0,31.33,0,100.0,1,67.31,1,75.28,1,85.78,1,62.75,1,67.09,1,50.37,0,76.98,1,hollow_concrete_block
LDPE,2,35.4,7.0,0.46,fibres,3,13.5,52.4,90,17.72,2.53,1.87,1809.9,8.45,0.475,78.2,58.35,1,36.42,0,27.2,0,22.3,0,94.72,1,82.1,1,50.29,0,88.83,1,45.72,0,79.94,1,76.58,1,48.95,0,hollow_concrete_block
HDPE,1,35.6,7.2,0.63,fly_ash,1,18.0,52.4,23,7.27,0.64,0.46,1788.7,8.74,0.507,47.8,40.18,0,24.3,0,11.92,0,9.08,0,94.07,1,82.36,1,24.37,0,86.9,1,31.05,0,76.87,1,73.52,1,32.6,0,hollow_concrete_block
PP,4,5.6,16.4,0.41,fibres,3,2.5,45.1,17,16.25,1.63,1.42,2274.2,3.06,0.905,88.4,78.51,1,46.79,0,29.04,0,21.89,0,100.0,1,67.32,1,65.88,1,85.83,1,56.67,1,67.06,1,50.31,0,67.44,1,hollow_concrete_block
PP,4,21.8,10.6,0.52,silica_fume,2,28.0,59.9,24,15.52,2.21,1.42,2064.5,3.38,0.606,77.1,74.92,1,42.8,0,28.93,0,22.4,0,100.0,1,76.38,1,64.53,1,87.44,1,55.69,1,76.74,1,64.29,1,61.73,1,hollow_concrete_block
Mixed,5,9.1,14.3,0.45,none,0,0.0,39.5,50,19.57,3.04,1.95,2230.7,3.14,0.903,88.6,82.62,1,49.1,0,35.66,0,28.1,0,100.0,1,67.7,1,74.57,1,86.14,1,61.09,1,67.28,1,50.54,0,70.55,1,hollow_concrete_block
PP,4,37.5,10.7,0.6,fly_ash,1,17.3,65.0,16,5.85,1.26,0.69,1759.3,8.04,0.434,38.2,37.9,0,22.42,0,12.32,0,9.78,0,95.73,1,82.74,1,19.54,0,79.36,1,31.02,0,78.44,1,81.67,1,30.47,0,hollow_concrete_block
HDPE,1,25.6,9.3,0.6,fly_ash,1,21.5,73.6,67,18.4,2.59,1.87,1973.0,7.3,0.758,70.5,61.39,1,37.83,0,28.53,0,23.27,0,97.83,1,72.86,1,61.1,1,88.25,1,50.1,0,67.88,1,56.8,1,51.26,0,hollow_concrete_block
PET,0,19.8,18.4,0.56,silica_fume,2,7.3,44.4,29,14.4,2.04,1.39,2133.0,4.32,0.646,73.0,67.0,1,39.22,0,25.67,0,20.11,0,100.0,1,74.39,1,66.5,1,86.88,1,54.2,0,74.77,1,61.53,1,55.14,1,hollow_concrete_block
PP,4,25.5,19.1,0.41,none,0,0.0,21.9,18,9.42,0.55,1.03,1980.4,7.13,0.636,58.1,48.3,0,29.12,0,14.54,0,10.9,0,98.38,1,76.16,1,43.48,0,88.18,1,38.74,0,72.15,1,62.83,1,39.4,0,hollow_concrete_block
HDPE,1,7.4,15.6,0.37,silica_fume,2,13.6,27.1,48,36.4,4.88,3.51,2275.4,2.42,0.946,97.2,96.85,1,68.36,1,59.62,1,47.52,0,100.0,1,66.67,1,90.97,1,85.82,1,75.0,1,66.29,1,49.16,0,95.66,1,hollow_concrete_block
Mixed,5,16.1,14.1,0.44,fibres,3,11.2,38.2,82,29.09,4.29,2.51,2188.4,4.94,0.778,95.1,85.24,1,53.03,0,45.21,0,37.1,0,100.0,1,70.42,1,95.13,1,86.45,1,73.79,1,70.31,1,54.99,0,72.62,1,hollow_concrete_block
PP,4,36.8,12.9,0.53,fibres,3,29.3,50.0,47,11.65,1.27,1.33,1842.9,8.23,0.547,69.4,49.75,0,30.67,0,18.07,0,14.27,0,95.25,1,81.08,1,40.28,0,88.98,1,38.21,0,75.55,1,69.73,1,41.11,0,hollow_concrete_block
PET,0,10.2,9.7,0.59,none,0,0.0,45.4,78,22.14,2.64,2.64,2214.3,4.25,0.797,91.6,79.45,1,48.18,0,35.01,0,27.79,0,100.0,1,69.79,1,80.79,1,86.26,1,64.52,1,69.71,1,54.15,0,67.05,1,hollow_concrete_block
PP,4,35.2,19.0,0.56,none,0,0.0,42.8,65,11.62,1.94,0.91,1874.1,8.75,0.425,65.3,48.72,0,30.12,0,19.52,0,15.93,0,94.05,1,81.34,1,41.4,0,87.49,1,36.83,0,83.17,1,82.14,1,40.21,0,hollow_concrete_block
PET,0,19.0,11.1,0.37,none,0,0.0,47.3,46,18.49,2.4,1.94,2140.1,5.53,0.727,79.3,68.2,1,41.33,0,29.31,0,23.49,0,100.0,1,72.03,1,75.44,1,86.82,1,58.41,1,71.44,1,57.36,1,56.73,1,hollow_concrete_block
HDPE,1,24.1,9.7,0.45,fibres,3,6.5,44.6,4,9.67,1.28,1.01,2049.4,6.65,0.678,58.6,50.21,0,30.13,0,16.88,0,13.19,0,100.0,1,74.18,1,48.96,0,87.57,1,40.96,0,71.04,1,60.16,1,40.93,0,hollow_concrete_block
Mixed,5,5.1,17.3,0.58,fibres,3,2.1,30.9,38,15.96,1.97,1.34,2284.1,2.56,0.963,91.4,78.2,1,49.43,0,31.3,0,23.53,0,100.0,1,66.36,1,65.46,1,85.76,1,56.28,1,65.95,1,48.68,0,71.17,1,hollow_concrete_block
Mixed,5,22.6,16.1,0.51,none,0,0.0,35.2,18,5.82,0.57,0.3,2053.6,6.25,0.649,61.2,46.39,0,27.49,0,11.51,0,8.45,0,100.0,1,75.02,1,43.51,0,76.33,1,37.63,0,67.24,1,61.72,1,37.39,0,hollow_concrete_block
Mixed,5,20.7,3.9,0.49,fly_ash,1,1.2,56.1,57,18.14,1.85,2.06,2074.9,5.69,0.663,82.2,67.09,1,40.78,0,27.45,0,21.68,0,100.0,1,74.39,1,70.95,1,87.35,1,56.99,1,73.47,1,60.84,1,55.88,1,hollow_concrete_block
PET,0,27.5,19.4,0.37,fibres,3,14.6,20.3,86,26.29,3.68,2.73,2034.9,6.58,0.58,86.3,75.32,1,47.01,0,39.54,0,32.54,0,100.0,1,77.65,1,82.72,1,87.69,1,63.42,1,75.23,1,66.21,1,64.0,1,hollow_concrete_block
HDPE,1,30.9,1.4,0.4,silica_fume,2,26.0,55.0,66,26.54,3.61,2.78,1910.2,4.97,0.487,80.0,79.35,1,47.97,0,40.93,0,33.29,0,100.0,1,80.94,1,72.62,1,88.85,1,70.39,1,84.02,1,74.75,1,66.89,1,hollow_concrete_block
HDPE,1,28.6,16.3,0.63,none,0,0.0,26.1,20,9.46,1.13,0.68,1900.2,7.58,0.554,52.0,46.18,0,27.84,0,15.8,0,12.35,0,96.99,1,80.12,1,36.26,0,88.95,1,37.24,0,75.66,1,68.85,1,37.68,0,hollow_concrete_block
HDPE,1,29.6,19.0,0.52,fibres,3,14.9,67.7,58,14.13,2.28,1.38,2008.9,7.38,0.609,76.1,56.5,1,34.82,0,23.44,0,19.1,0,97.58,1,76.81,1,57.98,1,87.92,1,44.13,0,72.73,1,64.36,1,46.82,0,hollow_concrete_block
PET,0,28.3,18.0,0.46,none,0,0.0,45.1,7,7.16,0.83,0.78,2090.8,6.86,0.584,58.0,46.64,0,27.95,0,13.12,0,9.97,0,99.3,1,76.96,1,47.58,0,84.95,1,36.76,0,73.13,1,65.66,1,37.7,0,hollow_concrete_block
LDPE,2,17.5,14.2,0.37,none,0,0.0,35.8,88,32.58,4.82,3.63,2080.9,5.43,0.804,91.6,83.83,1,54.42,0,49.54,0,40.96,0,100.0,1,70.81,1,93.55,1,87.3,1,74.38,1,69.89,1,54.46,0,74.78,1,hollow_concrete_block
LDPE,2,19.0,10.4,0.42,fly_ash,1,3.6,29.7,76,23.29,3.78,2.13,2038.1,6.03,0.775,88.7,72.73,1,45.23,0,37.16,0,30.68,0,100.0,1,71.83,1,78.57,1,87.66,1,62.01,1,69.38,1,55.78,1,61.8,1,hollow_concrete_block
HDPE,1,26.6,9.2,0.65,silica_fume,2,16.7,48.7,87,22.91,3.08,2.35,2027.7,4.62,0.709,80.3,76.95,1,46.08,0,36.38,0,29.28,0,100.0,1,73.53,1,75.04,1,87.75,1,65.55,1,73.09,1,58.71,1,64.4,1,hollow_concrete_block
HDPE,1,23.3,2.8,0.36,fly_ash,1,4.4,28.0,53,21.8,2.94,1.96,2021.5,6.36,0.677,83.7,69.76,1,43.05,0,33.34,0,27.15,0,100.0,1,74.48,1,73.62,1,87.81,1,58.42,1,71.77,1,60.34,1,58.68,1,hollow_concrete_block
PET,0,14.9,10.4,0.35,silica_fume,2,17.6,20.5,20,27.01,4.13,2.71,2255.8,3.99,0.803,83.4,87.79,1,52.4,0,44.02,0,35.78,0,100.0,1,69.34,1,83.84,1,85.96,1,71.01,1,69.38,1,53.75,0,73.6,1,hollow_concrete_block
LDPE,2,36.8,17.3,0.59,fly_ash,1,19.9,48.7,30,7.08,1.08,0.8,1844.7,8.81,0.448,45.2,39.93,0,24.14,0,12.81,0,10.09,0,93.92,1,81.68,1,26.58,0,84.88,1,30.63,0,79.96,1,79.41,1,32.31,0,hollow_concrete_block
PET,0,6.9,11.3,0.54,none,0,0.0,28.8,19,12.7,2.33,1.47,2299.1,3.65,0.878,79.7,71.02,1,40.93,0,25.83,0,20.2,0,100.0,1,67.58,1,55.95,1,85.66,1,51.93,0,67.5,1,51.03,0,58.11,1,hollow_concrete_block
PP,4,5.8,15.3,0.49,none,0,0.0,54.0,34,15.06,2.07,1.42,2302.4,2.85,0.873,94.4,77.13,1,47.45,0,29.59,0,22.5,0,100.0,1,67.65,1,63.42,1,85.64,1,55.08,1,67.59,1,51.18,0,68.26,1,hollow_concrete_block
Mixed,5,30.1,16.9,0.46,fly_ash,1,24.8,44.4,58,17.02,2.43,1.79,1939.6,7.91,0.58,72.2,58.45,1,36.22,0,26.47,0,21.61,0,96.07,1,78.61,1,56.85,1,88.56,1,46.29,0,73.7,1,66.69,1,48.77,0,hollow_concrete_block
PET,0,34.8,15.7,0.36,silica_fume,2,11.7,56.4,31,16.14,2.29,1.62,2020.4,5.75,0.484,58.3,60.94,1,36.45,0,26.5,0,21.27,0,100.0,1,79.8,1,57.59,1,87.82,1,53.98,0,82.53,1,74.49,1,50.39,0,hollow_concrete_block
Mixed,5,36.3,9.8,0.63,fibres,3,19.4,65.3,23,6.46,0.5,0.3,1920.8,8.32,0.406,58.0,41.89,0,25.47,0,10.92,0,8.16,0,95.03,1,80.82,1,34.27,0,81.04,1,31.05,0,81.66,1,84.53,1,33.92,0,hollow_concrete_block
HDPE,1,24.0,6.1,0.58,fibres,3,18.0,45.0,74,17.78,2.75,1.74,2096.8,6.08,0.727,84.8,65.69,1,40.38,0,29.04,0,23.63,0,100.0,1,72.42,1,72.58,1,87.17,1,54.41,0,70.34,1,57.55,1,54.95,0,hollow_concrete_block
PET,0,28.2,15.7,0.58,none,0,0.0,42.2,53,9.04,1.41,0.97,2044.9,6.71,0.576,65.7,50.07,0,30.19,0,16.54,0,13.03,0,99.84,1,77.71,1,49.41,0,87.6,1,39.87,0,75.13,1,66.45,1,40.83,0,hollow_concrete_block
LDPE,2,18.6,16.2,0.63,silica_fume,2,25.1,56.3,42,13.54,2.21,1.25,2044.1,3.59,0.72,87.6,71.05,1,41.31,0,26.49,0,20.6,0,100.0,1,73.09,1,62.46,1,87.61,1,53.05,0,72.66,1,58.12,1,59.02,1,hollow_concrete_block
PVC,3,20.5,8.0,0.61,fly_ash,1,14.1,25.5,65,17.89,2.5,1.76,2169.7,5.52,0.65,78.4,67.54,1,40.9,0,28.97,0,23.3,0,100.0,1,73.95,1,73.51,1,86.59,1,57.67,1,73.94,1,61.14,1,56.09,1,hollow_concrete_block
LDPE,2,21.3,12.5,0.37,silica_fume,2,28.0,72.5,79,40.21,5.64,4.24,2042.0,3.51,0.651,100.0,93.62,1,65.6,1,61.91,1,50.59,0,100.0,1,75.07,1,92.29,1,87.63,1,75.0,1,75.02,1,61.66,1,88.54,1,hollow_concrete_block
PP,4,9.1,18.6,0.45,fly_ash,1,17.0,40.9,42,23.74,3.59,2.26,2204.8,3.95,0.876,85.5,83.3,1,49.64,0,39.47,0,31.84,0,100.0,1,68.36,1,82.58,1,86.33,1,66.65,1,67.94,1,51.47,0,69.85,1,hollow_concrete_block
HDPE,1,33.0,10.6,0.47,silica_fume,2,17.9,60.2,27,15.91,1.72,1.75,1853.3,5.85,0.428,66.8,60.13,1,36.1,0,24.77,0,19.53,0,100.0,1,81.58,1,47.45,0,89.42,1,53.12,0,87.57,1,81.87,1,49.94,0,hollow_concrete_block
PP,4,35.6,3.2,0.58,silica_fume,2,5.7,61.2,72,12.92,1.7,1.33,1854.5,7.09,0.425,66.3,53.1,0,32.3,0,20.93,0,16.7,0,98.51,1,81.57,1,42.43,0,89.41,1,43.55,0,85.43,1,82.26,1,43.91,0,hollow_concrete_block
PP,4,12.8,16.1,0.52,fly_ash,1,3.5,63.4,40,12.81,1.62,1.89,2136.0,4.76,0.779,82.6,63.91,1,37.93,0,22.46,0,17.43,0,100.0,1,70.84,1,66.53,1,86.85,1,52.08,0,70.53,1,55.17,1,52.6,0,hollow_concrete_block
Mixed,5,9.9,12.2,0.54,silica_fume,2,5.5,58.8,66,24.76,3.81,2.44,2285.9,3.13,0.863,95.2,89.95,1,54.5,0,42.8,0,34.21,0,100.0,1,67.95,1,80.97,1,85.75,1,68.01,1,67.87,1,51.56,0,77.3,1,hollow_concrete_block
LDPE,2,9.8,9.9,0.43,fibres,3,16.1,28.8,80,29.23,4.01,2.96,2196.9,4.74,0.811,100.0,86.34,1,54.0,0,44.88,0,36.59,0,100.0,1,69.65,1,95.37,1,86.39,1,73.97,1,69.44,1,53.7,0,73.52,1,hollow_concrete_block
PET,0,10.1,19.3,0.59,fibres,3,0.1,31.3,35,14.7,2.05,1.3,2229.0,3.61,0.759,77.7,73.23,1,42.23,0,27.21,0,21.06,0,100.0,1,70.51,1,63.78,1,86.15,1,54.6,0,70.65,1,55.59,1,60.17,1,hollow_concrete_block
PVC,3,18.2,19.8,0.53,silica_fume,2,15.3,45.2,37,17.85,2.9,1.91,2200.7,3.9,0.735,85.4,75.74,1,44.69,0,31.94,0,25.46,0,100.0,1,71.32,1,73.03,1,86.36,1,58.8,1,71.46,1,56.74,1,63.0,1,hollow_concrete_block
PET,0,39.3,12.7,0.5,none,0,0.0,48.6,52,8.49,1.22,1.0,1929.2,10.31,0.412,53.9,41.84,0,25.94,0,14.13,0,11.31,0,91.17,1,80.73,1,37.2,0,84.18,1,29.43,0,82.65,1,83.62,1,34.09,0,hollow_concrete_block
LDPE,2,4.8,4.0,0.46,none,0,0.0,22.5,11,13.58,2.18,1.37,2285.3,2.26,0.9,85.3,75.03,1,48.89,0,30.83,0,23.01,0,100.0,1,67.32,1,59.84,1,85.75,1,53.11,0,67.11,1,50.42,0,67.8,1,hollow_concrete_block
LDPE,2,4.3,10.9,0.39,none,0,0.0,75.5,90,36.7,5.5,3.65,2246.9,3.2,1.007,100.0,96.64,1,64.72,1,58.78,1,47.9,0,100.0,1,66.04,1,93.08,1,86.02,1,75.0,1,65.38,1,47.73,0,90.87,1,hollow_concrete_block
PVC,3,8.2,17.9,0.52,none,0,0.0,26.7,82,24.35,3.72,3.12,2275.6,2.95,0.848,100.0,89.32,1,55.33,1,42.69,0,33.94,0,100.0,1,68.3,1,81.61,1,85.82,1,67.47,1,68.24,1,52.09,0,78.32,1,hollow_concrete_block
Mixed,5,11.1,8.9,0.42,silica_fume,2,27.8,41.2,33,24.47,3.48,2.52,2257.3,2.92,0.877,91.4,89.35,1,54.66,0,42.3,0,33.45,0,100.0,1,67.92,1,81.55,1,85.95,1,67.63,1,67.69,1,51.23,0,78.64,1,hollow_concrete_block
HDPE,1,0.9,11.9,0.58,fly_ash,1,24.2,69.5,29,19.88,2.99,2.04,2285.6,1.85,0.928,84.2,83.44,1,58.11,1,41.77,0,31.54,0,100.0,1,66.87,1,70.04,1,85.75,1,61.51,1,66.58,1,49.61,0,75.24,1,hollow_concrete_block
PP,4,24.7,19.1,0.38,silica_fume,2,24.3,27.5,34,23.01,2.98,2.83,1988.0,4.39,0.551,79.7,77.85,1,46.36,0,36.53,0,29.26,0,100.0,1,79.32,1,72.21,1,88.11,1,65.68,1,79.77,1,68.62,1,65.15,1,hollow_concrete_block
PVC,3,8.8,9.5,0.4,fly_ash,1,27.5,36.8,3,14.35,1.74,1.35,2259.9,3.49,0.961,79.5,74.16,1,42.63,0,26.34,0,20.1,0,100.0,1,66.57,1,61.45,1,85.93,1,54.13,0,66.09,1,48.82,0,60.87,1,hollow_concrete_block
HDPE,1,26.8,9.0,0.61,fibres,3,13.4,33.9,13,7.76,1.25,0.9,1975.0,6.7,0.606,63.6,47.61,0,28.55,0,14.87,0,11.61,0,99.88,1,77.26,1,41.74,0,88.23,1,38.21,0,74.14,1,64.73,1,38.71,0,hollow_concrete_block
PVC,3,28.5,9.1,0.57,fibres,3,25.5,65.0,5,7.65,1.0,0.92,2073.4,7.14,0.549,62.4,47.13,0,28.47,0,13.88,0,10.72,0,98.34,1,78.58,1,48.28,0,87.36,1,36.34,0,75.64,1,68.36,1,38.23,0,hollow_concrete_block
PP,4,30.6,4.5,0.55,fibres,3,23.7,51.4,44,12.94,1.84,1.32,1864.4,7.38,0.529,69.3,53.01,0,32.43,0,21.15,0,17.0,0,97.58,1,81.45,1,43.94,0,89.31,1,42.55,0,77.53,1,71.1,1,43.88,0,hollow_concrete_block
PET,0,20.0,12.5,0.6,fly_ash,1,11.2,62.2,79,20.29,2.71,2.05,2159.6,5.22,0.68,81.9,72.13,1,43.65,0,32.17,0,25.88,0,100.0,1,73.13,1,79.13,1,86.67,1,62.05,1,73.41,1,59.56,1,60.14,1,hollow_concrete_block
Mixed,5,27.3,3.8,0.47,fly_ash,1,9.4,44.3,34,14.08,2.05,1.28,2020.7,7.6,0.636,65.0,54.78,0,33.63,0,22.71,0,18.39,0,96.93,1,75.76,1,55.9,1,87.82,1,43.33,0,71.24,1,62.63,1,45.28,0,hollow_concrete_block
Mixed,5,11.6,5.0,0.53,fibres,3,28.8,61.2,75,24.63,3.88,2.68,2222.0,4.52,0.772,100.0,81.42,1,50.59,0,40.23,0,32.82,0,100.0,1,70.27,1,85.91,1,86.2,1,67.84,1,70.33,1,55.09,1,68.95,1,hollow_concrete_block
HDPE,1,25.8,1.8,0.56,none,0,0.0,43.3,47,11.83,1.68,1.07,2016.2,5.9,0.586,64.9,55.52,1,33.18,0,20.55,0,16.22,0,100.0,1,77.59,1,51.8,0,87.86,1,47.41,0,76.44,1,65.88,1,45.58,0,hollow_concrete_block
LDPE,2,15.2,10.1,0.57,fibres,3,2.7,35.3,32,9.47,1.77,0.68,2115.0,5.1,0.804,72.3,56.66,1,33.42,0,19.12,0,15.03,0,100.0,1,70.5,1,56.82,1,87.02,1,47.63,0,69.99,1,54.31,0,46.22,0,hollow_concrete_block
LDPE,2,14.7,19.9,0.49,fly_ash,1,6.6,55.1,69,23.0,3.31,2.77,2151.9,4.59,0.737,86.1,78.39,1,47.39,0,37.08,0,29.98,0,100.0,1,71.68,1,85.27,1,86.73,1,65.67,1,71.62,1,56.86,1,65.92,1,hollow_concrete_block
PP,4,21.2,4.3,0.36,fibres,3,10.9,65.6,14,12.17,2.12,1.22,2060.6,6.42,0.564,77.2,56.42,1,34.32,0,21.62,0,17.46,0,100.0,1,78.05,1,58.69,1,87.47,1,45.3,0,76.18,1,67.26,1,46.49,0,hollow_concrete_block
Mixed,5,36.6,2.3,0.56,none,0,0.0,35.0,70,10.42,1.59,0.88,1869.8,8.78,0.57,63.3,46.81,0,28.86,0,17.43,0,14.05,0,93.98,1,79.78,1,38.58,0,87.48,1,35.15,0,73.59,1,67.8,1,38.49,0,hollow_concrete_block
LDPE,2,18.1,6.2,0.61,silica_fume,2,26.1,31.2,55,22.79,3.13,2.16,2067.7,2.96,0.626,87.4,85.7,1,51.71,0,39.62,0,31.14,0,100.0,1,75.64,1,79.52,1,87.41,1,65.39,1,75.88,1,63.01,1,74.97,1,hollow_concrete_block
LDPE,2,6.7,1.8,0.61,none,0,0.0,54.4,25,10.12,1.36,1.04,2265.1,3.2,0.87,75.3,69.4,1,39.67,0,21.85,0,16.19,0,100.0,1,67.98,1,52.95,0,85.89,1,48.49,0,67.81,1,51.42,0,57.43,1,hollow_concrete_block
LDPE,2,21.9,18.9,0.62,fly_ash,1,0.5,77.7,80,14.25,1.7,1.52,2064.1,6.32,0.709,78.7,59.65,1,36.36,0,22.72,0,17.99,0,100.0,1,73.18,1,62.79,1,87.44,1,48.54,0,70.56,1,58.54,1,49.37,0,hollow_concrete_block
Mixed,5,3.1,15.6,0.43,fly_ash,1,16.0,66.7,73,35.48,4.74,3.25,2341.0,2.49,0.891,100.0,97.34,1,67.7,1,58.04,1,46.26,0,100.0,1,67.05,1,86.36,1,85.38,1,75.0,1,67.07,1,50.48,0,94.9,1,hollow_concrete_block
LDPE,2,28.9,3.5,0.63,fly_ash,1,23.6,39.5,24,7.25,1.03,0.94,1926.3,6.3,0.557,53.2,46.26,0,27.26,0,14.06,0,10.77,0,100.0,1,79.7,1,34.75,0,87.02,1,39.3,0,76.67,1,68.47,1,37.45,0,hollow_concrete_block
LDPE,2,20.5,0.9,0.5,none,0,0.0,43.6,24,9.79,1.18,1.02,2058.8,5.68,0.713,66.3,53.95,0,32.04,0,17.43,0,13.4,0,100.0,1,73.13,1,51.8,0,87.49,1,45.92,0,71.89,1,58.37,1,44.03,0,hollow_concrete_block
PET,0,18.8,17.0,0.42,silica_fume,2,17.2,36.8,34,24.38,3.83,2.55,2192.4,4.02,0.744,86.4,83.62,1,50.04,0,40.59,0,32.91,0,100.0,1,71.17,1,84.76,1,86.42,1,67.51,1,71.24,1,56.38,1,70.3,1,hollow_concrete_block
PVC,3,7.0,2.6,0.42,none,0,0.0,24.0,51,20.72,2.96,2.04,2333.8,3.63,0.863,95.4,82.46,1,49.53,0,35.47,0,28.14,0,100.0,1,67.59,1,70.87,1,85.43,1,62.63,1,67.68,1,51.38,0,69.19,1,hollow_concrete_block
HDPE,1,0.0,9.5,0.59,fibres,3,16.5,63.6,70,25.86,3.76,2.38,2360.8,1.91,1.014,100.0,91.97,1,64.44,1,49.22,0,37.99,0,100.0,1,65.09,1,78.04,1,85.25,1,69.48,1,64.82,1,47.14,0,83.46,1,hollow_concrete_block
PVC,3,38.5,18.9,0.46,fibres,3,22.5,51.4,55,10.82,1.87,0.87,1954.9,8.91,0.384,65.1,48.02,0,29.74,0,18.49,0,15.09,0,93.71,1,80.46,1,45.79,0,86.37,1,35.38,0,84.89,1,85.23,1,39.48,0,hollow_concrete_block
HDPE,1,20.1,10.2,0.59,fly_ash,1,2.2,79.7,41,12.2,1.26,1.02,2132.2,5.8,0.661,71.7,57.99,1,34.84,0,19.95,0,15.44,0,100.0,1,73.93,1,62.45,1,86.88,1,48.45,0,73.0,1,60.69,1,47.62,0,hollow_concrete_block
PET,0,24.2,8.5,0.46,silica_fume,2,0.7,49.2,5,8.71,1.52,0.85,2144.6,5.45,0.584,59.5,53.06,0,31.19,0,17.4,0,13.58,0,100.0,1,76.48,1,54.39,0,86.79,1,45.86,0,77.02,1,65.42,1,43.03,0,hollow_concrete_block
HDPE,1,17.4,12.9,0.39,fly_ash,1,19.5,38.1,34,22.49,2.88,2.3,2089.4,5.02,0.79,80.3,75.12,1,45.34,0,35.0,0,28.16,0,100.0,1,71.02,1,78.74,1,87.23,1,64.99,1,70.46,1,54.95,0,62.84,1,hollow_concrete_block
HDPE,1,0.7,4.9,0.48,fibres,3,12.0,62.8,50,23.92,3.03,2.31,2339.5,1.86,1.042,100.0,89.22,1,63.23,1,45.83,0,34.75,0,100.0,1,64.89,1,76.33,1,85.39,1,66.89,1,64.47,1,46.58,0,81.02,1,hollow_concrete_block
HDPE,1,18.5,8.6,0.37,fly_ash,1,26.9,75.4,40,25.29,3.16,2.76,2008.2,5.66,0.769,77.4,75.65,1,46.16,0,37.9,0,30.75,0,100.0,1,72.26,1,76.87,1,87.93,1,66.7,1,70.56,1,56.17,1,63.65,1,hollow_concrete_block
LDPE,2,2.1,9.6,0.47,fibres,3,2.3,37.6,68,29.04,4.05,2.92,2330.2,3.65,1.036,100.0,93.38,1,57.03,1,46.47,0,37.5,0,100.0,1,65.04,1,85.53,1,85.45,1,73.72,1,64.6,1,46.75,0,79.03,1,hollow_concrete_block
PP,4,19.1,18.7,0.61,fibres,3,2.0,39.9,42,10.47,1.51,0.88,2098.7,5.49,0.657,72.6,56.52,1,33.67,0,19.1,0,14.9,0,100.0,1,74.35,1,57.4,1,87.15,1,47.96,0,74.09,1,61.06,1,46.25,0,hollow_concrete_block
PP,4,6.6,19.8,0.39,silica_fume,2,1.8,50.6,83,34.73,4.91,3.3,2255.5,3.37,0.898,100.0,96.38,1,62.44,1,54.92,0,44.56,0,100.0,1,67.58,1,92.46,1,85.96,1,75.0,1,67.28,1,50.59,0,87.29,1,hollow_concrete_block
PP,4,14.9,9.2,0.45,fibres,3,10.4,39.6,50,20.87,3.13,1.87,2142.5,5.21,0.805,89.0,72.89,1,44.75,0,33.81,0,27.46,0,100.0,1,70.23,1,82.07,1,86.8,1,62.83,1,69.83,1,54.15,0,61.56,1,hollow_concrete_block
PET,0,32.0,11.9,0.62,fibres,3,13.0,50.8,88,16.06,2.38,1.76,1978.9,7.14,0.57,71.4,58.73,1,36.06,0,25.74,0,20.94,0,98.34,1,78.61,1,57.85,1,88.19,1,47.56,0,75.06,1,67.21,1,48.83,0,hollow_concrete_block
PP,4,29.1,11.5,0.37,fly_ash,1,28.0,42.7,87,30.33,4.14,2.83,1940.0,7.32,0.669,78.2,77.51,1,48.61,0,44.32,0,36.68,0,97.77,1,75.55,1,80.05,1,88.56,1,65.5,1,70.84,1,61.18,1,66.22,1,hollow_concrete_block
Mixed,5,17.6,14.6,0.43,fly_ash,1,22.9,31.8,81,33.61,4.81,3.23,2154.0,5.39,0.738,91.1,84.51,1,55.68,1,50.58,0,41.75,0,100.0,1,71.64,1,98.07,1,86.71,1,74.63,1,71.43,1,56.81,1,76.51,1,hollow_concrete_block
PVC,3,11.0,4.8,0.36,none,0,0.0,77.2,27,17.51,2.2,1.9,2238.8,3.95,0.849,84.9,75.25,1,44.41,0,29.76,0,23.28,0,100.0,1,68.57,1,69.61,1,86.08,1,58.35,1,68.37,1,52.2,0,62.48,1,hollow_concrete_block
PVC,3,22.8,8.6,0.6,fly_ash,1,12.8,54.1,29,8.55,1.58,0.88,2127.3,6.28,0.67,65.6,51.03,0,30.58,0,16.75,0,13.25,0,100.0,1,73.7,1,54.45,0,86.92,1,41.12,0,71.65,1,60.22,1,41.48,0,hollow_concrete_block
PET,0,39.6,3.7,0.36,fibres,3,23.6,33.1,24,10.85,1.73,1.36,1992.4,9.06,0.35,65.7,48.23,0,29.93,0,18.12,0,14.71,0,93.4,1,80.08,1,48.67,0,85.73,1,35.07,0,84.54,1,85.04,1,39.64,0,hollow_concrete_block
Mixed,5,19.7,2.1,0.49,silica_fume,2,18.5,78.8,63,27.27,3.68,2.38,2113.9,3.55,0.629,91.2,90.19,1,53.9,0,43.98,0,35.25,0,100.0,1,75.12,1,91.26,1,87.03,1,71.36,1,75.53,1,62.62,1,76.39,1,hollow_concrete_block
LDPE,2,23.1,11.2,0.62,silica_fume,2,18.9,39.6,22,11.2,2.37,1.01,2006.6,3.48,0.717,68.6,66.85,1,37.66,0,24.79,0,19.34,0,100.0,1,73.53,1,51.01,0,87.94,1,49.93,0,72.95,1,58.44,1,54.61,0,hollow_concrete_block
Mixed,5,27.3,14.5,0.51,silica_fume,2,24.2,66.7,34,14.81,2.29,1.21,2027.5,4.86,0.619,76.2,64.58,1,38.32,0,26.02,0,20.71,0,100.0,1,76.27,1,60.47,1,87.76,1,54.75,0,76.37,1,63.64,1,53.37,0,hollow_concrete_block
HDPE,1,32.6,9.0,0.43,silica_fume,2,15.0,63.5,54,23.08,3.74,2.55,1910.1,5.87,0.467,74.0,70.93,1,43.2,0,36.97,0,30.48,0,100.0,1,80.94,1,65.31,1,88.85,1,62.57,1,84.06,1,76.86,1,59.6,1,hollow_concrete_block
PET,0,38.1,6.4,0.61,none,0,0.0,69.4,74,8.49,1.08,0.3,1992.5,8.6,0.484,59.4,44.91,0,27.55,0,14.29,0,11.23,0,94.38,1,80.08,1,43.13,0,86.67,1,33.03,0,78.07,1,74.62,1,36.58,0,hollow_concrete_block
HDPE,1,33.8,4.8,0.64,fibres,3,27.2,75.6,72,13.54,1.57,1.56,1943.4,8.39,0.533,75.9,53.57,0,33.32,0,20.64,0,16.51,0,94.86,1,80.58,1,52.27,0,87.59,1,40.3,0,75.53,1,70.32,1,44.44,0,hollow_concrete_block
PP,4,14.5,15.0,0.48,silica_fume,2,9.0,34.5,82,31.18,4.59,2.82,2127.9,3.07,0.747,99.2,95.76,1,59.84,1,51.34,0,41.38,0,100.0,1,71.65,1,98.42,1,86.92,1,75.0,1,71.44,1,56.53,1,84.67,1,hollow_concrete_block
PVC,3,37.9,13.4,0.58,none,0,0.0,46.1,58,9.45,1.34,0.98,1933.4,8.67,0.397,52.5,44.82,0,27.38,0,15.88,0,12.65,0,94.22,1,80.69,1,38.74,0,87.07,1,34.13,0,85.26,1,85.34,1,36.58,0,hollow_concrete_block
HDPE,1,16.6,19.6,0.45,silica_fume,2,3.5,34.1,65,25.28,3.28,2.41,2056.6,4.52,0.697,88.1,81.06,1,49.19,0,39.38,0,31.73,0,100.0,1,73.58,1,83.05,1,87.5,1,68.71,1,73.33,1,59.16,1,68.65,1,hollow_concrete_block
PVC,3,23.5,8.4,0.6,silica_fume,2,7.3,68.3,46,12.84,1.83,1.26,2176.9,5.52,0.556,67.5,59.54,1,35.57,0,22.25,0,17.58,0,100.0,1,77.36,1,61.79,1,86.54,1,50.94,0,78.07,1,67.35,1,48.86,0,hollow_concrete_block
HDPE,1,23.9,12.1,0.61,none,0,0.0,24.9,4,5.63,0.51,0.3,2058.3,6.59,0.668,52.4,44.28,0,26.18,0,10.95,0,8.02,0,100.0,1,74.39,1,41.27,0,75.02,1,35.83,0,65.22,1,60.64,1,35.55,0,hollow_concrete_block
HDPE,1,21.6,10.1,0.38,fly_ash,1,29.8,20.1,25,18.84,2.43,1.93,2022.1,6.49,0.597,73.9,64.46,1,39.46,0,29.02,0,23.44,0,100.0,1,77.12,1,66.21,1,87.8,1,53.88,0,74.68,1,65.09,1,53.79,0,hollow_concrete_block
PET,0,5.3,19.7,0.46,silica_fume,2,20.0,25.3,24,25.41,3.41,2.57,2320.6,2.32,0.936,94.4,91.07,1,59.61,1,45.43,0,35.32,0,100.0,1,66.48,1,79.37,1,85.51,1,68.88,1,66.29,1,49.26,0,82.71,1,hollow_concrete_block
LDPE,2,13.2,1.3,0.52,none,0,0.0,56.9,27,11.91,2.21,1.46,2188.5,4.69,0.837,80.1,63.12,1,37.31,0,23.12,0,18.35,0,100.0,1,69.21,1,62.64,1,86.45,1,50.88,0,68.86,1,52.81,0,51.77,0,hollow_concrete_block
HDPE,1,35.9,16.6,0.5,silica_fume,2,17.8,56.9,70,19.15,2.27,1.93,1826.5,5.03,0.425,79.3,68.56,1,41.05,0,30.13,0,23.93,0,100.0,1,81.9,1,54.14,0,89.71,1,60.53,1,89.33,1,82.42,1,57.31,1,hollow_concrete_block
PET,0,33.3,6.0,0.37,silica_fume,2,4.7,66.6,68,21.86,3.17,1.94,1971.7,6.91,0.572,72.7,67.04,1,41.31,0,33.64,0,27.63,0,99.12,1,78.6,1,67.34,1,88.26,1,56.16,1,75.37,1,67.1,1,56.26,1,hollow_concrete_block
PET,0,19.9,4.9,0.44,fibres,3,25.6,59.9,63,23.94,3.57,2.28,2198.6,5.33,0.772,95.9,76.97,1,48.15,0,37.87,0,30.95,0,100.0,1,70.46,1,86.02,1,86.37,1,66.92,1,70.43,1,55.18,1,65.31,1,hollow_concrete_block
PVC,3,14.4,10.4,0.44,fibres,3,12.5,75.8,42,16.86,2.14,1.33,2248.1,4.58,0.673,89.5,70.97,1,42.95,0,28.03,0,22.1,0,100.0,1,72.6,1,69.04,1,86.01,1,57.48,1,73.26,1,59.56,1,59.48,1,hollow_concrete_block
Mixed,5,13.1,5.2,0.39,fly_ash,1,1.1,23.5,18,13.21,1.4,1.66,2189.5,4.24,0.784,73.4,66.31,1,38.69,0,23.0,0,17.55,0,100.0,1,70.28,1,63.02,1,86.44,1,52.61,0,70.15,1,54.75,0,54.4,0,hollow_concrete_block
HDPE,1,4.3,9.3,0.39,none,0,0.0,36.9,45,22.85,3.58,2.19,2290.9,1.96,0.87,98.5,87.44,1,60.83,1,45.41,0,34.97,0,100.0,1,67.79,1,78.02,1,85.71,1,65.47,1,67.7,1,51.32,0,79.48,1,hollow_concrete_block
Mixed,5,12.8,5.2,0.49,fibres,3,3.7,58.7,88,27.52,4.38,3.02,2183.1,4.49,0.792,100.0,85.14,1,52.94,0,44.41,0,36.43,0,100.0,1,70.16,1,93.5,1,86.49,1,71.69,1,69.97,1,54.46,0,72.33,1,hollow_concrete_block
PP,4,29.2,6.4,0.56,fibres,3,19.7,41.9,53,14.09,2.02,1.45,1971.4,7.49,0.64,67.3,54.9,0,33.68,0,22.7,0,18.35,0,97.25,1,76.12,1,52.98,0,88.26,1,43.71,0,71.5,1,62.65,1,45.44,0,hollow_concrete_block
HDPE,1,13.8,1.5,0.6,silica_fume,2,11.7,68.8,62,24.83,3.32,2.83,2204.6,3.45,0.87,95.2,88.42,1,52.97,0,40.86,0,32.51,0,100.0,1,68.47,1,86.89,1,86.33,1,68.11,1,68.07,1,51.66,0,74.59,1,hollow_concrete_block
Mixed,5,38.7,15.8,0.61,fibres,3,4.0,39.6,57,8.66,1.95,0.86,1859.8,9.31,0.402,54.6,42.68,0,26.22,0,16.4,0,13.55,0,92.9,1,81.51,1,32.7,0,86.54,1,31.6,0,84.86,1,85.46,1,34.84,0,hollow_concrete_block
Mixed,5,12.6,18.4,0.52,fly_ash,1,0.2,67.0,35,15.72,2.21,1.23,2203.5,3.99,0.854,81.9,72.27,1,42.32,0,27.93,0,21.88,0,100.0,1,68.77,1,68.38,1,86.34,1,55.96,1,68.42,1,52.18,0,59.61,1,hollow_concrete_block
PVC,3,3.7,17.6,0.45,none,0,0.0,73.1,33,20.39,3.13,2.26,2294.8,2.99,1.043,89.9,84.19,1,50.89,0,37.13,0,29.22,0,100.0,1,65.21,1,71.69,1,85.69,1,62.19,1,64.64,1,46.73,0,73.29,1,hollow_concrete_block
PP,4,24.2,19.2,0.62,fly_ash,1,12.5,66.3,83,20.44,2.7,1.87,2009.2,6.64,0.683,74.4,66.21,1,40.68,0,31.21,0,25.36,0,100.0,1,74.43,1,68.09,1,87.92,1,55.37,1,71.09,1,60.09,1,55.42,1,hollow_concrete_block
LDPE,2,28.5,16.1,0.46,none,0,0.0,26.3,67,16.0,2.03,1.3,1914.6,6.83,0.599,75.6,59.32,1,36.34,0,24.98,0,20.05,0,99.4,1,78.15,1,54.24,0,88.8,1,48.66,0,74.57,1,65.51,1,49.39,0,hollow_concrete_block
HDPE,1,8.4,7.0,0.55,silica_fume,2,15.9,73.4,78,34.46,4.93,3.21,2252.1,2.15,0.821,100.0,96.68,1,68.93,1,59.19,1,46.93,0,100.0,1,69.0,1,92.71,1,85.99,1,75.0,1,68.96,1,53.11,0,93.21,1,hollow_concrete_block
PP,4,37.1,4.3,0.58,none,0,0.0,47.3,78,9.78,1.27,0.53,1842.3,9.01,0.444,56.9,44.68,0,27.45,0,15.91,0,12.66,0,93.5,1,81.71,1,33.91,0,87.3,1,33.76,0,81.49,1,79.91,1,36.63,0,hollow_concrete_block
PP,4,11.6,19.9,0.49,silica_fume,2,10.0,44.4,83,36.12,4.86,3.52,2251.7,2.99,0.863,100.0,96.68,1,65.12,1,57.19,1,46.07,0,100.0,1,68.21,1,92.74,1,85.99,1,75.0,1,68.01,1,51.69,0,91.95,1,hollow_concrete_block
PET,0,19.0,17.6,0.63,fly_ash,1,27.7,70.1,31,13.57,1.98,1.43,2173.9,5.4,0.791,63.7,60.44,1,35.98,0,23.46,0,18.61,0,100.0,1,70.26,1,62.24,1,86.56,1,52.66,0,69.86,1,54.54,0,49.62,0,hollow_concrete_block
PVC,3,10.6,17.9,0.61,fly_ash,1,20.1,54.8,53,21.39,3.24,2.28,2282.8,3.87,0.748,84.7,81.27,1,48.15,0,36.38,0,29.15,0,100.0,1,70.35,1,72.88,1,85.77,1,63.52,1,70.74,1,55.85,1,67.77,1,hollow_concrete_block
LDPE,2,0.2,5.0,0.42,fibres,3,7.2,20.1,9,13.37,1.65,1.09,2332.8,1.8,0.878,95.6,75.11,1,54.45,0,32.31,0,23.13,0,100.0,1,67.33,1,58.74,1,85.43,1,52.83,0,67.37,1,50.91,0,68.32,1,hollow_concrete_block
PET,0,32.1,5.8,0.59,fibres,3,0.5,72.1,84,17.12,2.58,1.67,2037.0,7.61,0.523,69.1,59.43,1,36.7,0,27.07,0,22.17,0,96.9,1,79.64,1,63.18,1,87.67,1,47.36,0,76.58,1,70.71,1,49.46,0,hollow_concrete_block
LDPE,2,30.8,13.4,0.5,fly_ash,1,16.0,53.1,17,7.41,1.54,0.44,1931.1,7.5,0.633,54.2,44.09,0,26.5,0,14.82,0,11.87,0,97.22,1,76.78,1,35.61,0,88.04,1,34.77,0,71.69,1,63.27,1,35.74,0,hollow_concrete_block
HDPE,1,37.0,8.1,0.57,fly_ash,1,16.4,32.0,90,14.93,2.02,1.5,1801.4,8.35,0.356,62.7,52.83,0,32.57,0,23.17,0,18.8,0,94.96,1,82.2,1,41.06,0,89.15,1,42.26,0,86.42,1,86.1,1,43.94,0,hollow_concrete_block
PVC,3,3.2,13.1,0.63,none,0,0.0,26.0,36,13.78,2.02,0.98,2315.5,2.8,0.944,86.2,75.53,1,45.88,0,28.35,0,21.46,0,100.0,1,66.4,1,58.25,1,85.55,1,53.37,0,66.16,1,49.06,0,66.87,1,hollow_concrete_block
HDPE,1,26.3,13.6,0.47,fibres,3,6.1,29.8,15,9.0,1.1,0.77,1989.6,7.66,0.568,60.9,47.17,0,28.68,0,15.23,0,11.89,0,96.76,1,78.58,1,44.16,0,88.09,1,36.37,0,74.34,1,67.31,1,38.48,0,hollow_concrete_block
LDPE,2,12.4,11.1,0.51,none,0,0.0,24.6,22,11.23,1.37,1.34,2101.6,4.02,0.855,75.5,64.57,1,37.27,0,21.29,0,16.12,0,100.0,1,69.63,1,59.62,1,87.13,1,49.97,0,68.86,1,52.59,0,52.83,0,hollow_concrete_block
PET,0,34.1,0.6,0.42,silica_fume,2,29.0,26.8,60,21.97,3.21,2.38,2025.5,4.56,0.511,77.8,75.66,1,45.14,0,35.84,0,28.94,0,100.0,1,79.75,1,72.67,1,87.77,1,64.29,1,81.84,1,71.84,1,63.21,1,hollow_concrete_block
LDPE,2,4.9,15.4,0.58,fibres,3,15.3,48.9,81,26.22,4.12,2.1,2283.3,2.19,1.049,100.0,91.87,1,61.68,1,48.7,0,38.23,0,100.0,1,65.23,1,84.18,1,85.77,1,69.96,1,64.6,1,46.64,0,83.48,1,hollow_concrete_block
LDPE,2,31.4,7.4,0.38,fly_ash,1,11.6,31.4,35,15.17,2.11,1.36,1873.3,8.29,0.577,67.3,54.32,0,33.6,0,23.66,0,19.23,0,95.1,1,79.46,1,47.78,0,88.52,1,42.74,0,73.77,1,67.27,1,45.19,0,hollow_concrete_block
Mixed,5,0.7,18.3,0.59,none,0,0.0,79.5,23,12.3,1.81,1.18,2332.6,1.71,0.994,86.0,73.68,1,53.79,0,32.42,0,23.17,0,100.0,1,65.56,1,54.51,0,85.43,1,51.4,0,65.24,1,47.72,0,66.59,1,hollow_concrete_block
HDPE,1,13.7,10.7,0.56,fly_ash,1,14.4,75.5,83,26.61,3.78,2.72,2209.8,4.45,0.832,97.8,84.32,1,52.16,0,42.05,0,34.15,0,100.0,1,69.13,1,90.08,1,86.29,1,70.48,1,68.88,1,52.9,0,71.54,1,hollow_concrete_block
LDPE,2,1.2,17.1,0.59,fibres,3,3.1,50.7,54,21.36,3.34,2.07,2339.7,1.69,1.007,99.4,85.81,1,63.14,1,45.49,0,34.4,0,100.0,1,65.34,1,72.05,1,85.39,1,63.48,1,65.01,1,47.38,0,77.95,1,hollow_concrete_block
HDPE,1,6.7,12.6,0.5,none,0,0.0,78.6,32,15.75,2.51,1.33,2305.9,3.57,0.896,86.1,76.09,1,44.43,0,29.49,0,23.15,0,100.0,1,67.23,1,62.19,1,85.61,1,56.0,1,67.11,1,50.46,0,63.01,1,hollow_concrete_block
Mixed,5,37.4,15.7,0.52,fibres,3,11.6,58.6,28,8.2,1.6,0.84,1886.8,8.74,0.528,52.6,42.73,0,26.05,0,15.25,0,12.36,0,94.07,1,81.2,1,33.35,0,87.39,1,32.29,0,75.76,1,71.05,1,34.77,0,hollow_concrete_block
PET,0,1.5,4.2,0.52,none,0,0.0,79.3,50,21.02,3.38,2.13,2369.6,1.91,0.967,100.0,85.58,1,60.33,1,43.43,0,33.22,0,100.0,1,65.67,1,69.35,1,85.19,1,63.03,1,65.55,1,48.26,0,77.7,1,hollow_concrete_block
Mixed,5,13.5,15.1,0.35,silica_fume,2,25.9,25.1,15,22.09,3.05,2.26,2151.6,2.49,0.803,90.9,85.39,1,54.41,0,40.42,0,31.34,0,100.0,1,70.2,1,85.01,1,86.73,1,64.45,1,69.84,1,54.18,0,77.83,1,hollow_concrete_block
PP,4,20.8,15.4,0.53,fibres,3,14.8,79.8,46,16.69,2.8,1.5,2052.8,6.01,0.764,82.5,64.1,1,39.08,0,28.13,0,22.94,0,100.0,1,71.94,1,67.03,1,87.54,1,53.31,0,69.65,1,56.16,1,53.31,0,hollow_concrete_block
PET,0,25.0,1.1,0.6,silica_fume,2,7.4,52.2,57,16.75,2.55,1.81,2079.7,5.62,0.698,72.2,64.28,1,38.75,0,27.87,0,22.5,0,100.0,1,73.34,1,66.41,1,87.31,1,55.55,1,72.42,1,59.0,1,53.3,0,hollow_concrete_block
LDPE,2,1.6,2.6,0.63,fly_ash,1,20.9,68.9,22,14.46,1.95,0.98,2327.7,2.41,0.95,82.3,76.5,1,48.47,0,30.4,0,22.67,0,100.0,1,66.22,1,57.51,1,85.47,1,54.28,0,66.01,1,48.86,0,68.75,1,hollow_concrete_block
LDPE,2,13.6,8.5,0.37,silica_fume,2,2.3,38.5,41,20.53,3.1,2.45,2197.0,3.71,0.839,84.0,80.6,1,47.36,0,35.47,0,28.28,0,100.0,1,69.1,1,77.4,1,86.39,1,62.37,1,68.78,1,52.71,0,67.1,1,hollow_concrete_block
PVC,3,0.9,19.6,0.45,none,0,0.0,72.2,70,27.92,3.77,2.93,2370.2,2.12,0.982,100.0,94.78,1,64.17,1,49.92,0,38.84,0,100.0,1,65.45,1,80.8,1,85.19,1,72.23,1,65.29,1,47.88,0,85.98,1,hollow_concrete_block
PP,4,24.0,2.5,0.38,silica_fume,2,23.0,39.1,18,19.1,3.03,1.65,2003.8,3.36,0.637,76.0,79.28,1,45.53,0,34.61,0,27.4,0,100.0,1,75.89,1,65.88,1,87.97,1,60.47,1,75.76,1,62.66,1,65.72,1,hollow_concrete_block
HDPE,1,23.1,11.9,0.37,none,0,0.0,36.6,73,24.31,3.16,2.13,1966.1,6.11,0.632,81.1,73.17,1,44.94,0,36.57,0,29.79,0,100.0,1,76.44,1,73.18,1,88.31,1,62.96,1,74.26,1,63.15,1,61.62,1,hollow_concrete_block
PP,4,36.5,2.1,0.56,silica_fume,2,27.2,59.5,15,10.27,1.18,1.31,1871.3,4.36,0.457,56.3,57.31,1,32.7,0,19.34,0,14.57,0,100.0,1,81.38,1,36.65,0,89.24,1,48.69,0,86.41,1,78.2,1,46.78,0,hollow_concrete_block
PVC,3,30.1,1.3,0.63,fibres,3,2.8,40.0,9,1.0,0.5,0.3,2124.6,7.78,0.565,49.0,35.86,0,21.29,0,5.68,0,4.04,0,51.9,0,49.09,0,37.42,0,43.61,0,25.33,0,51.98,0,56.89,1,28.11,0,thermal_insulation_panel
HDPE,1,2.7,19.0,0.53,none,0,0.0,73.5,8,12.97,2.46,1.18,2252.5,1.65,1.026,83.1,73.98,1,54.54,0,35.28,0,25.74,0,100.0,1,65.75,1,60.6,1,85.98,1,52.29,0,65.07,1,47.27,0,66.65,1,hollow_concrete_block
PVC,3,32.4,8.4,0.38,fly_ash,1,17.7,53.7,34,15.31,1.61,1.38,2033.3,7.92,0.494,56.8,54.99,0,33.75,0,22.7,0,18.1,0,96.04,1,79.67,1,56.75,1,87.71,1,43.98,0,77.98,1,73.42,1,45.49,0,hollow_concrete_block
PET,0,13.4,4.1,0.63,none,0,0.0,57.9,5,5.82,1.18,0.63,2238.4,4.05,0.651,65.0,56.91,1,32.25,0,15.35,0,11.38,0,100.0,1,73.35,1,45.05,0,74.88,1,42.76,0,68.51,1,60.8,1,45.74,0,hollow_concrete_block
PVC,3,8.7,14.3,0.4,fly_ash,1,29.7,20.3,69,35.47,5.07,4.2,2288.2,4.66,0.898,96.4,88.41,1,59.61,1,53.87,0,44.33,0,100.0,1,67.33,1,89.85,1,85.73,1,75.0,1,67.14,1,50.47,0,81.77,1,hollow_concrete_block
LDPE,2,23.1,14.7,0.6,fibres,3,16.4,23.6,30,10.34,1.98,1.4,2002.4,6.26,0.582,74.0,53.56,0,32.31,0,19.55,0,15.72,0,100.0,1,77.89,1,50.66,0,87.98,1,43.61,0,75.92,1,66.23,1,43.95,0,hollow_concrete_block
PP,4,26.7,4.3,0.51,silica_fume,2,4.1,78.4,55,17.64,2.48,1.63,1975.0,6.41,0.604,71.7,62.44,1,38.06,0,28.0,0,22.67,0,100.0,1,77.33,1,60.28,1,88.23,1,52.64,0,74.77,1,64.86,1,52.01,0,hollow_concrete_block
PP,4,11.5,5.4,0.61,none,0,0.0,62.4,35,11.68,1.93,1.32,2154.3,3.67,0.815,80.6,68.55,1,39.36,0,23.77,0,18.32,0,100.0,1,69.93,1,64.83,1,86.71,1,50.57,0,69.53,1,53.73,0,56.11,1,hollow_concrete_block
Mixed,5,24.2,0.5,0.38,fly_ash,1,22.4,61.5,76,29.74,3.97,3.03,2037.6,6.71,0.654,81.4,79.52,1,49.39,0,43.64,0,35.95,0,99.84,1,75.02,1,87.41,1,87.67,1,67.47,1,71.86,1,61.51,1,67.38,1,hollow_concrete_block
HDPE,1,32.6,11.8,0.64,fly_ash,1,4.0,22.4,34,7.95,1.51,0.68,1908.9,7.84,0.532,49.9,43.54,0,26.21,0,15.13,0,12.12,0,96.26,1,80.95,1,33.82,0,88.86,1,34.41,0,76.45,1,70.59,1,35.34,0,hollow_concrete_block
Mixed,5,1.9,1.9,0.47,fly_ash,1,8.3,26.8,3,11.6,1.96,0.97,2286.4,1.83,0.913,86.3,72.4,1,51.45,0,31.07,0,22.45,0,100.0,1,67.1,1,56.72,1,85.75,1,50.47,0,66.86,1,50.03,0,65.54,1,hollow_concrete_block
Mixed,5,8.4,2.7,0.56,fibres,3,3.2,32.4,21,9.77,1.28,1.1,2257.5,3.36,0.884,81.3,69.37,1,39.31,0,20.91,0,15.48,0,100.0,1,67.8,1,54.45,0,85.95,1,48.03,0,67.55,1,51.01,0,56.45,1,hollow_concrete_block
HDPE,1,29.0,15.8,0.61,silica_fume,2,29.3,42.7,69,19.39,2.65,2.39,1971.2,5.32,0.54,82.0,69.19,1,41.8,0,31.03,0,24.97,0,100.0,1,79.98,1,65.57,1,88.26,1,60.85,1,80.45,1,69.59,1,57.79,1,hollow_concrete_block
Mixed,5,11.0,13.4,0.61,fly_ash,1,6.2,41.2,88,20.39,2.61,2.42,2196.8,4.75,0.773,91.7,74.51,1,45.62,0,32.53,0,25.98,0,100.0,1,70.46,1,79.15,1,86.39,1,62.19,1,70.41,1,55.15,1,62.87,1,hollow_concrete_block
Mixed,5,9.7,10.0,0.43,none,0,0.0,35.1,58,22.18,3.09,2.4,2242.3,3.58,0.848,91.9,84.12,1,50.15,0,37.35,0,29.68,0,100.0,1,68.56,1,78.94,1,86.05,1,64.57,1,68.38,1,52.22,0,70.76,1,hollow_concrete_block
PVC,3,6.3,15.7,0.6,fibres,3,15.7,32.2,17,10.05,1.14,1.21,2235.3,3.78,0.888,85.1,66.41,1,38.48,0,19.95,0,14.82,0,100.0,1,67.91,1,57.48,1,86.11,1,48.4,0,67.56,1,50.97,0,54.44,0,hollow_concrete_block
LDPE,2,5.6,5.9,0.48,none,0,0.0,48.4,70,25.32,3.99,2.76,2285.0,3.44,0.83,98.3,89.76,1,54.12,0,43.05,0,34.69,0,100.0,1,68.57,1,82.56,1,85.75,1,68.76,1,68.61,1,52.67,0,75.67,1,hollow_concrete_block
PET,0,23.5,7.3,0.54,fibres,3,6.0,71.8,64,16.13,2.63,1.54,2147.4,6.44,0.604,76.0,62.15,1,38.01,0,26.85,0,21.89,0,100.0,1,75.7,1,71.18,1,86.76,1,50.49,0,73.85,1,64.05,1,51.52,0,hollow_concrete_block
PVC,3,10.8,9.9,0.48,fly_ash,1,0.5,34.1,65,23.98,3.12,2.42,2223.9,3.82,0.836,89.8,84.62,1,50.7,0,38.76,0,30.9,0,100.0,1,68.94,1,82.71,1,86.19,1,66.97,1,68.73,1,52.7,0,71.4,1,hollow_concrete_block
PVC,3,8.8,19.0,0.5,fly_ash,1,3.3,63.3,69,22.27,3.2,2.06,2242.1,3.21,0.864,98.0,86.3,1,52.09,0,38.58,0,30.53,0,100.0,1,68.27,1,80.54,1,86.06,1,64.69,1,68.03,1,51.7,0,73.45,1,hollow_concrete_block
LDPE,2,27.6,5.8,0.55,silica_fume,2,22.4,21.2,75,24.88,3.27,2.92,1925.2,4.61,0.55,81.5,79.0,1,47.39,0,38.84,0,31.32,0,100.0,1,80.02,1,71.31,1,88.7,1,68.17,1,80.17,1,69.02,1,66.4,1,hollow_concrete_block
PET,0,9.6,6.0,0.59,fly_ash,1,18.8,78.6,3,8.68,1.2,0.98,2277.0,3.35,0.807,68.9,66.64,1,37.33,0,19.64,0,14.43,0,100.0,1,69.09,1,48.06,0,85.81,1,46.57,0,69.2,1,53.52,0,53.94,0,hollow_concrete_block
HDPE,1,38.3,6.9,0.56,fibres,3,17.0,20.1,27,6.77,0.88,0.49,1825.7,9.8,0.4,52.5,39.12,0,24.01,0,11.69,0,9.14,0,92.01,1,81.91,1,26.58,0,81.18,1,28.07,0,82.41,1,85.95,1,31.73,0,hollow_concrete_block
HDPE,1,4.3,6.5,0.58,silica_fume,2,20.9,36.3,28,22.11,2.93,2.34,2268.7,2.4,0.953,94.4,86.29,1,55.95,1,40.55,0,31.26,0,100.0,1,66.62,1,77.58,1,85.87,1,64.48,1,66.19,1,49.0,0,78.47,1,hollow_concrete_block
Mixed,5,16.1,16.9,0.53,silica_fume,2,2.9,48.3,28,11.69,1.48,1.44,2110.7,4.35,0.73,74.6,63.25,1,36.87,0,21.52,0,16.49,0,100.0,1,72.22,1,60.8,1,87.06,1,50.59,0,72.03,1,57.35,1,51.82,0,hollow_concrete_block
HDPE,1,13.0,17.2,0.46,fly_ash,1,16.0,49.6,58,25.52,3.13,2.47,2166.3,4.09,0.839,90.8,84.52,1,51.13,0,39.86,0,31.86,0,100.0,1,69.36,1,89.65,1,86.62,1,69.03,1,68.92,1,52.84,0,71.59,1,hollow_concrete_block
PP,4,0.7,2.0,0.52,fly_ash,1,6.9,72.0,29,16.86,2.43,1.25,2327.3,2.53,0.968,90.0,79.72,1,50.47,0,33.48,0,25.52,0,100.0,1,65.96,1,63.51,1,85.47,1,57.48,1,65.7,1,48.39,0,72.48,1,hollow_concrete_block
PVC,3,16.5,19.9,0.37,fibres,3,21.6,33.2,30,22.4,3.68,2.33,2227.4,4.08,0.713,87.5,80.88,1,48.47,0,38.14,0,30.91,0,100.0,1,71.66,1,79.24,1,86.16,1,64.87,1,72.02,1,57.64,1,67.93,1,hollow_concrete_block
HDPE,1,14.8,1.2,0.35,fibres,3,3.6,36.8,78,34.59,4.7,2.95,2155.9,4.88,0.858,94.6,86.46,1,57.63,1,51.8,0,42.51,0,100.0,1,69.09,1,98.83,1,86.7,1,75.0,1,68.54,1,52.25,0,79.25,1,hollow_concrete_block
PVC,3,35.7,2.3,0.63,none,0,0.0,25.6,35,5.26,0.5,0.47,2037.9,8.18,0.572,48.0,40.15,0,24.16,0,9.77,0,7.26,0,95.37,1,77.94,1,38.07,0,72.29,1,29.83,0,65.75,1,66.77,1,32.15,0,hollow_concrete_block
PP,4,21.5,12.8,0.58,none,0,0.0,48.6,38,10.92,1.12,1.15,1979.9,6.15,0.714,72.3,54.25,0,32.65,0,18.06,0,13.92,0,100.0,1,73.88,1,49.59,0,88.18,1,44.91,0,71.19,1,58.71,1,44.57,0,hollow_concrete_block
PP,4,6.7,15.3,0.57,fibres,3,24.5,33.0,55,18.34,2.62,1.95,2266.5,2.86,0.78,100.0,81.24,1,50.56,0,34.21,0,26.5,0,100.0,1,69.74,1,72.25,1,85.88,1,59.45,1,69.93,1,54.59,0,71.91,1,hollow_concrete_block
LDPE,2,4.0,10.3,0.42,silica_fume,2,0.0,61.8,48,22.41,2.97,2.39,2291.5,2.19,0.843,93.6,86.85,1,57.85,1,42.01,0,32.2,0,100.0,1,68.27,1,76.24,1,85.71,1,64.88,1,68.29,1,52.2,0,78.95,1,hollow_concrete_block
PVC,3,22.3,3.7,0.57,none,0,0.0,60.0,27,12.86,2.02,1.32,2132.7,5.92,0.724,62.8,57.45,1,34.42,0,22.41,0,17.92,0,100.0,1,72.17,1,61.3,1,86.88,1,48.68,0,70.62,1,57.53,1,47.15,0,hollow_concrete_block
HDPE,1,32.9,5.1,0.36,fly_ash,1,5.9,32.5,19,11.78,1.54,1.57,1915.0,8.42,0.477,58.6,48.87,0,30.0,0,18.8,0,15.05,0,94.79,1,80.89,1,42.87,0,87.8,1,37.88,0,79.18,1,75.76,1,40.23,0,hollow_concrete_block
LDPE,2,18.4,13.4,0.42,fly_ash,1,0.9,63.5,29,13.33,1.9,1.66,2055.6,5.39,0.746,75.6,60.72,1,36.32,0,23.03,0,18.22,0,100.0,1,72.33,1,59.86,1,87.51,1,52.41,0,71.67,1,56.9,1,50.06,0,hollow_concrete_block
LDPE,2,25.1,17.7,0.44,fibres,3,4.6,23.8,23,10.7,2.12,0.81,2034.8,7.0,0.719,61.1,51.03,0,30.88,0,19.81,0,16.12,0,98.81,1,73.2,1,50.27,0,87.69,1,40.93,0,69.17,1,58.21,1,41.77,0,hollow_concrete_block
PVC,3,15.1,3.8,0.36,fly_ash,1,20.5,73.6,16,17.15,2.85,1.34,2158.4,4.52,0.783,80.7,70.76,1,42.03,0,30.17,0,24.26,0,100.0,1,70.56,1,73.68,1,86.68,1,57.87,1,70.32,1,54.92,0,58.61,1,hollow_concrete_block
PET,0,30.6,4.6,0.4,none,0,0.0,46.1,24,10.43,1.28,1.11,2067.3,7.68,0.532,52.6,48.62,0,29.49,0,17.1,0,13.48,0,96.7,1,79.35,1,49.96,0,87.41,1,38.21,0,75.81,1,69.79,1,39.66,0,hollow_concrete_block
LDPE,2,28.5,14.4,0.62,silica_fume,2,26.6,29.4,79,18.92,3.07,1.93,1932.8,4.73,0.516,83.5,70.69,1,42.29,0,32.23,0,26.07,0,100.0,1,80.7,1,62.43,1,88.63,1,60.23,1,82.05,1,71.86,1,59.07,1,hollow_concrete_block
PP,4,26.4,4.7,0.48,fly_ash,1,18.3,67.7,38,14.9,1.95,1.51,1962.9,6.19,0.613,61.3,57.99,1,34.89,0,24.08,0,19.21,0,100.0,1,77.13,1,52.19,0,88.34,1,50.02,0,74.89,1,64.34,1,47.95,0,hollow_concrete_block
LDPE,2,10.4,4.7,0.57,none,0,0.0,31.8,40,13.85,2.35,1.33,2166.1,3.82,0.802,84.2,70.69,1,41.19,0,26.71,0,20.97,0,100.0,1,70.09,1,68.52,1,86.62,1,53.47,0,69.8,1,54.16,0,58.32,1,hollow_concrete_block
PVC,3,30.9,9.6,0.38,none,0,0.0,67.8,19,9.62,1.86,1.19,2051.9,7.85,0.517,57.3,47.71,0,29.06,0,17.67,0,14.35,0,96.23,1,79.49,1,48.72,0,87.54,1,36.61,0,76.54,1,71.17,1,38.9,0,hollow_concrete_block
PET,0,9.2,14.2,0.63,none,0,0.0,53.6,53,15.31,2.37,1.82,2284.7,4.02,0.908,87.6,72.21,1,42.84,0,27.87,0,21.96,0,100.0,1,67.19,1,63.36,1,85.76,1,55.41,1,66.96,1,50.19,0,60.03,1,hollow_concrete_block
Mixed,5,23.2,14.9,0.39,fly_ash,1,16.2,33.9,19,12.44,2.25,1.61,2053.0,6.03,0.683,67.8,56.6,1,34.02,0,22.49,0,18.16,0,100.0,1,74.01,1,56.19,1,87.54,1,47.54,0,72.08,1,59.88,1,46.53,0,hollow_concrete_block
HDPE,1,36.3,10.4,0.53,none,0,0.0,34.5,73,11.56,1.24,1.22,1862.0,8.82,0.473,61.6,48.01,0,29.62,0,17.68,0,14.0,0,93.9,1,81.48,1,39.49,0,87.47,1,36.58,0,79.35,1,76.48,1,39.59,0,hollow_concrete_block
PET,0,13.6,11.0,0.43,silica_fume,2,16.5,69.7,8,18.96,2.67,1.8,2212.7,2.28,0.787,83.5,81.67,1,52.81,0,37.33,0,28.45,0,100.0,1,70.02,1,73.53,1,86.27,1,60.28,1,69.97,1,54.53,0,73.68,1,hollow_concrete_block
PVC,3,19.6,16.8,0.39,fly_ash,1,21.0,25.4,21,17.48,2.9,1.7,2178.4,5.85,0.823,71.5,65.2,1,39.52,0,29.29,0,23.89,0,100.0,1,69.56,1,70.44,1,86.53,1,55.22,1,67.91,1,53.34,0,54.06,0,hollow_concrete_block
PP,4,17.7,8.7,0.54,none,0,0.0,64.3,44,11.87,1.92,1.56,2084.6,5.52,0.796,78.8,58.94,1,35.35,0,21.5,0,17.07,0,100.0,1,70.94,1,60.32,1,87.27,1,49.64,0,69.83,1,54.74,0,48.46,0,hollow_concrete_block
PVC,3,6.6,5.9,0.6,none,0,0.0,22.0,4,7.93,0.9,0.78,2301.1,3.55,0.918,74.1,64.77,1,36.63,0,17.69,0,12.79,0,100.0,1,66.91,1,46.42,0,85.64,1,45.57,0,66.7,1,49.84,0,52.4,0,hollow_concrete_block
PET,0,31.0,14.0,0.61,none,0,0.0,25.0,24,7.78,1.35,0.85,2024.2,7.51,0.582,47.6,44.45,0,26.65,0,14.71,0,11.65,0,97.19,1,77.67,1,41.19,0,87.78,1,35.23,0,73.68,1,66.12,1,35.93,0,hollow_concrete_block
Mixed,5,32.3,11.9,0.37,fly_ash,1,14.4,68.3,59,16.4,2.75,1.74,1964.5,7.38,0.552,68.7,58.3,1,35.84,0,26.89,0,22.12,0,97.58,1,79.52,1,56.7,1,88.33,1,47.16,0,75.69,1,68.66,1,48.49,0,hollow_concrete_block
PP,4,25.9,1.6,0.54,none,0,0.0,63.2,48,9.35,1.74,0.97,1963.9,6.51,0.511,68.9,50.73,0,30.54,0,17.8,0,14.22,0,100.0,1,80.37,1,44.96,0,88.33,1,41.14,0,79.46,1,72.15,1,41.5,0,hollow_concrete_block
LDPE,2,15.2,2.7,0.62,silica_fume,2,22.6,35.6,13,12.41,1.68,1.5,2091.1,2.6,0.729,77.5,71.43,1,43.86,0,26.87,0,19.9,0,100.0,1,72.42,1,61.35,1,87.22,1,51.55,0,72.15,1,57.49,1,64.51,1,hollow_concrete_block
PP,4,32.5,12.2,0.52,fibres,3,8.6,51.3,12,6.81,1.08,0.61,1854.1,8.52,0.633,53.7,41.06,0,24.92,0,12.64,0,9.94,0,94.56,1,77.64,1,28.98,0,83.6,1,30.99,0,68.87,1,63.7,1,33.29,0,hollow_concrete_block
HDPE,1,7.0,15.4,0.5,none,0,0.0,38.8,63,21.36,3.43,1.85,2242.7,2.98,0.837,94.7,85.09,1,51.96,0,38.88,0,30.79,0,100.0,1,68.77,1,78.26,1,86.05,1,63.48,1,68.63,1,52.59,0,74.28,1,hollow_concrete_block
PET,0,20.3,9.6,0.36,none,0,0.0,20.2,36,16.93,2.37,1.7,2134.5,5.51,0.684,78.1,66.0,1,39.88,0,27.69,0,22.21,0,100.0,1,73.23,1,72.14,1,86.87,1,56.45,1,72.91,1,59.46,1,54.75,0,hollow_concrete_block
HDPE,1,15.1,12.9,0.38,silica_fume,2,15.9,44.3,75,45.54,6.62,4.67,2157.3,3.77,0.718,99.5,92.51,1,69.91,1,67.07,1,56.63,1,100.0,1,72.11,1,99.48,1,86.69,1,75.0,1,72.17,1,57.7,1,87.57,1,hollow_concrete_block
PET,0,9.4,3.4,0.43,fly_ash,1,29.7,42.2,9,18.29,2.48,1.27,2252.7,3.75,0.728,82.5,77.74,1,45.46,0,31.6,0,24.84,0,100.0,1,71.07,1,69.3,1,85.98,1,59.39,1,71.45,1,56.85,1,64.3,1,hollow_concrete_block
LDPE,2,12.4,3.8,0.52,none,0,0.0,53.2,8,7.46,1.14,0.7,2134.0,3.8,0.767,75.2,61.19,1,34.75,0,17.33,0,12.79,0,100.0,1,71.13,1,55.57,1,86.6,1,44.95,0,70.72,1,55.66,1,49.59,0,hollow_concrete_block
Mixed,5,18.8,8.4,0.42,fibres,3,18.5,67.2,5,9.7,1.2,0.78,2150.9,5.97,0.777,77.1,54.96,0,33.11,0,17.17,0,13.26,0,100.0,1,70.76,1,60.87,1,86.74,1,44.2,0,68.91,1,55.19,1,44.93,0,hollow_concrete_block
PP,4,31.1,19.1,0.61,fly_ash,1,3.8,23.6,9,5.7,0.5,0.52,1880.1,6.87,0.586,45.0,41.54,0,24.39,0,10.83,0,7.95,0,99.26,1,79.03,1,26.76,0,77.15,1,34.77,0,69.3,1,66.59,1,33.38,0,hollow_concrete_block
PET,0,34.6,5.4,0.51,none,0,0.0,35.7,36,10.69,1.76,1.18,2032.8,7.98,0.574,54.1,48.4,0,29.49,0,18.43,0,14.89,0,95.89,1,77.91,1,48.32,0,87.71,1,37.65,0,73.39,1,66.65,1,39.56,0,hollow_concrete_block
Mixed,5,7.1,19.0,0.5,fly_ash,1,15.5,42.7,27,17.54,2.26,1.57,2275.6,3.37,0.854,80.3,79.65,1,45.93,0,31.1,0,24.12,0,100.0,1,68.19,1,65.85,1,85.82,1,58.39,1,68.11,1,51.89,0,65.69,1,hollow_concrete_block
PP,4,25.9,8.3,0.42,none,0,0.0,28.5,54,14.22,2.35,1.3,1965.6,7.24,0.555,70.3,55.85,1,34.24,0,23.78,0,19.4,0,98.02,1,79.37,1,53.55,0,88.32,1,44.74,0,75.73,1,68.42,1,46.27,0,hollow_concrete_block
PP,4,27.1,14.7,0.51,silica_fume,2,12.2,29.5,34,13.88,2.43,1.79,1981.0,5.51,0.564,74.3,60.34,1,36.14,0,24.79,0,20.0,0,100.0,1,78.83,1,55.11,1,88.17,1,52.38,0,78.66,1,67.65,1,49.86,0,hollow_concrete_block
PVC,3,30.3,3.0,0.57,fibres,3,6.4,38.6,35,9.99,1.65,0.98,2054.1,8.12,0.572,64.6,48.68,0,29.91,0,17.4,0,14.02,0,95.53,1,77.78,1,51.36,0,87.23,1,36.31,0,73.21,1,66.69,1,39.83,0,hollow_concrete_block
PET,0,18.5,1.3,0.47,fibres,3,4.7,76.8,50,19.63,2.49,1.85,2173.6,5.08,0.667,84.7,71.96,1,43.63,0,31.1,0,24.86,0,100.0,1,73.39,1,77.75,1,86.56,1,61.17,1,73.8,1,60.18,1,60.16,1,hollow_concrete_block
LDPE,2,34.7,1.3,0.47,fly_ash,1,21.6,42.1,72,16.32,2.33,1.69,1836.1,8.83,0.424,66.6,54.76,0,34.04,0,25.17,0,20.61,0,93.88,1,81.79,1,46.86,0,87.73,1,42.9,0,83.41,1,82.5,1,45.71,0,hollow_concrete_block
Mixed,5,7.5,4.2,0.61,none,0,0.0,60.1,63,17.84,2.48,1.52,2282.4,3.65,0.854,93.7,78.09,1,46.59,0,31.35,0,24.6,0,100.0,1,68.14,1,69.3,1,85.77,1,58.79,1,68.08,1,51.87,0,65.34,1,hollow_concrete_block
PVC,3,12.3,15.9,0.61,none,0,0.0,66.3,16,9.4,0.93,0.77,2267.3,4.34,0.787,69.2,60.76,1,35.2,0,17.87,0,13.25,0,100.0,1,69.58,1,50.03,0,85.88,1,47.53,0,69.74,1,54.32,0,49.34,0,hollow_concrete_block
LDPE,2,9.7,14.1,0.51,silica_fume,2,9.9,78.3,62,26.71,3.61,2.5,2159.0,3.46,0.903,92.8,90.51,1,54.09,0,43.44,0,34.74,0,100.0,1,68.29,1,92.67,1,86.67,1,70.61,1,67.6,1,50.84,0,76.54,1,hollow_concrete_block
PP,4,33.3,1.7,0.56,none,0,0.0,37.4,84,13.3,1.59,1.28,1858.5,7.82,0.601,67.1,52.42,0,32.2,0,20.69,0,16.5,0,96.31,1,78.71,1,43.55,0,89.37,1,41.6,0,73.33,1,65.69,1,43.43,0,hollow_concrete_block
PET,0,39.7,6.2,0.41,fly_ash,1,6.3,65.9,48,10.61,1.26,1.27,1915.3,8.84,0.477,55.2,46.34,0,28.45,0,16.78,0,13.31,0,93.85,1,80.88,1,40.07,0,86.9,1,35.26,0,78.73,1,75.76,1,38.0,0,hollow_concrete_block
HDPE,1,33.1,5.5,0.44,none,0,0.0,43.7,31,10.14,2.06,1.06,1868.7,7.85,0.447,60.1,47.39,0,28.85,0,18.69,0,15.29,0,96.23,1,81.41,1,37.22,0,89.26,1,37.3,0,82.4,1,79.39,1,38.87,0,hollow_concrete_block
HDPE,1,32.2,2.3,0.56,fibres,3,15.8,63.3,18,8.14,1.48,1.06,1890.0,7.42,0.514,55.2,45.02,0,27.08,0,15.43,0,12.3,0,97.46,1,81.16,1,34.15,0,89.05,1,36.01,0,78.2,1,72.27,1,36.63,0,hollow_concrete_block
PP,4,1.9,19.5,0.42,none,0,0.0,57.9,28,18.67,2.95,1.83,2327.0,2.3,1.012,91.5,82.13,1,53.74,0,37.64,0,28.91,0,100.0,1,65.36,1,66.94,1,85.47,1,59.89,1,64.98,1,47.31,0,74.65,1,hollow_concrete_block
PVC,3,8.7,8.4,0.45,fly_ash,1,1.2,44.4,7,7.56,1.2,0.95,2280.7,3.31,0.813,79.6,66.62,1,37.55,0,18.62,0,13.61,0,100.0,1,68.94,1,48.67,0,85.78,1,45.08,0,69.03,1,53.29,0,54.09,0,hollow_concrete_block
Mixed,5,3.1,2.1,0.58,fibres,3,22.8,39.6,52,20.02,2.76,2.37,2282.8,3.27,0.955,100.0,83.6,1,50.33,0,35.07,0,27.52,0,100.0,1,66.48,1,73.88,1,85.77,1,61.69,1,66.1,1,48.89,0,70.5,1,hollow_concrete_block
PET,0,18.5,10.3,0.47,none,0,0.0,20.6,26,12.29,2.01,1.16,2126.3,5.26,0.68,73.0,60.0,1,35.72,0,22.38,0,17.77,0,100.0,1,73.42,1,62.51,1,86.93,1,51.39,0,73.56,1,59.7,1,49.26,0,hollow_concrete_block
HDPE,1,32.8,19.9,0.36,none,0,0.0,40.1,56,17.67,2.16,1.63,1916.8,7.56,0.454,63.1,58.63,1,36.03,0,26.6,0,21.49,0,97.05,1,80.87,1,53.97,0,88.78,1,48.25,0,81.95,1,78.3,1,48.89,0,hollow_concrete_block
PET,0,22.0,16.8,0.51,none,0,0.0,34.7,51,15.41,2.25,1.4,2136.8,6.57,0.621,67.7,59.8,1,36.43,0,25.09,0,20.27,0,100.0,1,75.19,1,67.1,1,86.85,1,48.96,0,72.93,1,63.01,1,49.44,0,hollow_concrete_block
LDPE,2,18.9,14.2,0.43,silica_fume,2,24.7,55.8,56,30.15,4.19,2.87,2099.3,3.58,0.606,91.6,93.48,1,56.24,1,48.07,0,38.81,0,100.0,1,76.06,1,94.87,1,87.15,1,75.0,1,76.56,1,64.13,1,79.58,1,hollow_concrete_block
PET,0,35.3,13.8,0.47,silica_fume,2,4.0,23.5,42,15.31,2.32,1.67,2042.8,7.69,0.51,60.3,55.86,1,34.28,0,24.58,0,20.05,0,96.67,1,79.58,1,58.32,1,87.62,1,44.69,0,77.22,1,71.85,1,46.23,0,hollow_concrete_block
PP,4,2.8,2.9,0.51,silica_fume,2,3.3,37.5,32,18.76,2.53,1.91,2291.9,2.34,0.9,90.2,81.99,1,53.22,0,36.48,0,27.75,0,100.0,1,67.27,1,69.26,1,85.71,1,60.01,1,67.09,1,50.39,0,74.57,1,hollow_concrete_block
PVC,3,21.2,7.2,0.36,fly_ash,1,22.7,44.4,24,18.23,2.27,1.72,2143.7,5.98,0.729,69.6,65.34,1,39.66,0,28.36,0,22.74,0,100.0,1,71.95,1,72.78,1,86.79,1,55.52,1,70.28,1,57.25,1,54.27,0,hollow_concrete_block
Mixed,5,6.3,4.7,0.53,fly_ash,1,2.2,47.1,45,19.44,3.0,2.05,2275.9,3.26,0.965,93.7,82.78,1,49.24,0,35.12,0,27.72,0,100.0,1,66.39,1,72.43,1,85.82,1,60.92,1,65.95,1,48.66,0,69.85,1,hollow_concrete_block
LDPE,2,16.7,2.3,0.63,silica_fume,2,3.9,52.2,8,9.49,1.34,1.06,2151.5,4.37,0.734,65.5,59.41,1,34.28,0,18.94,0,14.39,0,100.0,1,71.76,1,57.5,1,86.73,1,47.65,0,71.71,1,56.99,1,48.3,0,hollow_concrete_block
LDPE,2,25.2,15.7,0.45,fibres,3,28.1,45.7,8,9.82,1.65,0.94,1944.4,6.63,0.576,68.2,50.85,0,30.67,0,17.97,0,14.3,0,100.0,1,78.72,1,44.17,0,88.51,1,41.25,0,75.82,1,66.95,1,41.66,0,hollow_concrete_block
PP,4,27.7,2.8,0.39,none,0,0.0,76.3,27,9.86,1.48,1.26,1950.9,7.07,0.644,58.5,48.83,0,29.44,0,17.33,0,13.74,0,98.57,1,76.21,1,42.21,0,88.45,1,39.55,0,72.1,1,62.52,1,39.92,0,hollow_concrete_block
PET,0,20.8,4.5,0.47,none,0,0.0,69.1,6,9.04,1.26,1.02,2133.7,5.42,0.695,67.7,54.51,0,32.24,0,17.11,0,13.16,0,100.0,1,72.93,1,56.26,1,86.87,1,46.49,0,72.78,1,58.91,1,44.36,0,hollow_concrete_block
PVC,3,6.2,9.4,0.45,fly_ash,1,3.0,30.5,30,18.77,2.48,1.61,2240.6,3.64,0.859,87.1,79.1,1,46.58,0,32.3,0,25.33,0,100.0,1,68.37,1,72.15,1,86.07,1,60.03,1,68.15,1,51.87,0,65.97,1,hollow_concrete_block
LDPE,2,35.9,7.4,0.6,fly_ash,1,13.1,26.5,83,15.05,1.62,1.8,1829.0,8.0,0.449,61.7,53.59,0,32.92,0,22.43,0,17.9,0,95.83,1,81.87,1,42.98,0,89.68,1,43.4,0,82.3,1,79.39,1,44.54,0,hollow_concrete_block
PVC,3,17.0,11.4,0.62,fly_ash,1,29.5,69.9,40,15.51,1.98,1.17,2181.9,4.52,0.755,69.4,67.38,1,39.66,0,26.36,0,20.66,0,100.0,1,70.99,1,66.37,1,86.5,1,55.68,1,70.97,1,55.95,1,55.51,1,hollow_concrete_block
Mixed,5,38.5,2.8,0.44,none,0,0.0,67.6,60,10.46,1.52,1.0,1876.3,9.2,0.365,58.4,45.79,0,28.26,0,17.16,0,13.82,0,93.12,1,81.32,1,37.86,0,86.58,1,34.24,0,85.07,1,85.66,1,37.61,0,hollow_concrete_block
HDPE,1,13.7,5.1,0.61,fly_ash,1,12.2,32.7,85,18.56,2.67,1.8,2130.1,4.59,0.853,89.3,72.31,1,43.78,0,31.04,0,24.82,0,100.0,1,69.41,1,77.41,1,86.9,1,59.75,1,68.77,1,52.53,0,60.83,1,hollow_concrete_block
LDPE,2,24.6,2.9,0.38,silica_fume,2,13.5,61.6,80,34.01,4.81,3.13,1978.4,5.18,0.634,84.2,83.96,1,54.78,0,51.18,0,42.17,0,100.0,1,76.25,1,84.33,1,88.2,1,75.0,1,76.02,1,62.96,1,76.02,1,hollow_concrete_block
PET,0,20.3,19.9,0.52,none,0,0.0,68.2,39,10.43,1.51,1.22,2104.6,5.83,0.762,77.4,56.03,1,33.7,0,18.78,0,14.71,0,100.0,1,71.5,1,58.99,1,87.11,1,45.92,0,69.86,1,56.0,1,45.91,0,hollow_concrete_block
PP,4,7.3,0.8,0.65,silica_fume,2,17.5,29.9,79,31.32,4.54,2.7,2307.5,1.92,0.844,100.0,97.09,1,68.74,1,56.56,1,44.28,0,100.0,1,68.13,1,88.75,1,85.6,1,75.0,1,68.2,1,52.1,0,89.73,1,hollow_concrete_block
Mixed,5,22.9,18.9,0.48,fibres,3,26.1,59.4,73,22.56,3.82,2.28,2093.7,6.14,0.605,97.5,71.88,1,45.61,0,36.45,0,30.18,0,100.0,1,76.14,1,83.58,1,87.19,1,60.48,1,74.66,1,64.22,1,61.12,1,hollow_concrete_block
Mixed,5,24.2,12.2,0.57,fibres,3,2.7,51.3,21,7.47,1.51,1.01,2065.9,7.09,0.749,61.0,46.76,0,28.18,0,15.01,0,11.95,0,98.51,1,72.16,1,47.08,0,87.23,1,36.29,0,67.87,1,56.72,1,37.9,0,hollow_concrete_block
PP,4,31.3,11.8,0.54,fly_ash,1,4.4,53.9,40,8.63,0.65,1.31,1884.5,8.09,0.493,62.9,45.45,0,27.75,0,13.55,0,10.3,0,95.6,1,81.23,1,36.55,0,88.88,1,34.58,0,78.66,1,74.29,1,37.15,0,hollow_concrete_block
PET,0,30.9,17.8,0.52,fly_ash,1,28.6,73.4,16,8.21,0.79,0.78,2034.3,7.8,0.534,54.0,45.38,0,27.48,0,13.6,0,10.42,0,96.37,1,79.63,1,44.27,0,87.7,1,34.88,0,75.71,1,69.78,1,36.82,0,hollow_concrete_block
HDPE,1,33.6,16.2,0.42,fly_ash,1,23.3,45.8,75,21.13,2.76,2.0,1944.3,8.14,0.397,68.0,63.1,1,39.22,0,31.31,0,25.64,0,95.48,1,80.57,1,62.96,1,88.17,1,51.11,0,85.8,1,85.29,1,52.97,0,hollow_concrete_block
PP,4,38.4,1.6,0.54,none,0,0.0,79.4,63,9.68,1.91,1.17,1767.5,9.88,0.422,60.4,43.44,0,26.94,0,17.15,0,14.14,0,91.87,1,82.63,1,31.62,0,86.56,1,31.8,0,83.08,1,83.19,1,35.73,0,hollow_concrete_block
HDPE,1,15.9,2.8,0.58,none,0,0.0,58.5,25,8.6,0.5,0.58,2031.5,5.71,0.772,68.2,52.29,0,31.03,0,14.52,0,10.65,0,100.0,1,71.96,1,48.36,0,87.72,1,44.16,0,70.24,1,55.93,1,42.6,0,hollow_concrete_block
Mixed,5,8.6,11.5,0.65,fly_ash,1,15.6,33.2,88,25.42,3.62,2.67,2278.8,3.43,0.827,99.1,89.93,1,54.28,0,42.24,0,33.8,0,100.0,1,68.68,1,83.17,1,85.8,1,68.89,1,68.71,1,52.8,0,75.82,1,hollow_concrete_block
Mixed,5,24.1,7.6,0.42,fly_ash,1,19.7,53.7,5,11.36,1.62,1.57,2035.6,5.98,0.659,58.0,53.98,0,32.13,0,19.87,0,15.66,0,100.0,1,74.88,1,50.63,0,87.69,1,46.36,0,73.14,1,61.24,1,44.17,0,hollow_concrete_block
LDPE,2,33.1,18.0,0.64,none,0,0.0,78.9,75,11.18,1.32,1.04,1933.4,7.8,0.464,67.1,50.18,0,30.77,0,17.9,0,14.14,0,96.37,1,80.69,1,45.37,0,88.62,1,38.84,0,80.77,1,77.07,1,41.3,0,hollow_concrete_block
PP,4,17.4,1.1,0.59,fly_ash,1,12.2,65.8,72,18.02,2.31,1.92,2126.7,5.62,0.702,84.8,67.57,1,41.27,0,28.54,0,22.84,0,100.0,1,72.8,1,75.11,1,86.93,1,57.24,1,72.06,1,58.59,1,56.47,1,hollow_concrete_block
Mixed,5,5.9,13.4,0.38,fibres,3,17.2,40.7,83,38.08,5.15,4.05,2259.8,3.17,0.919,100.0,96.74,1,66.08,1,59.37,1,48.08,0,100.0,1,67.21,1,92.16,1,85.93,1,75.0,1,66.85,1,49.97,0,92.13,1,hollow_concrete_block
PET,0,36.9,4.7,0.52,fibres,3,2.9,69.8,21,8.39,1.34,0.44,2000.4,8.33,0.501,43.5,43.28,0,26.14,0,14.94,0,11.9,0,95.01,1,80.0,1,39.45,0,87.2,1,33.6,0,77.2,1,72.9,1,35.03,0,hollow_concrete_block
HDPE,1,32.3,6.6,0.45,none,0,0.0,35.1,27,8.76,1.34,0.89,1923.9,7.21,0.598,57.4,46.76,0,28.14,0,15.81,0,12.47,0,98.12,1,78.09,1,38.17,0,88.71,1,37.57,0,73.94,1,65.53,1,38.11,0,hollow_concrete_block
LDPE,2,15.9,3.4,0.53,silica_fume,2,25.5,36.3,8,14.56,2.3,1.45,2084.1,2.69,0.841,84.3,74.85,1,45.8,0,30.22,0,23.03,0,100.0,1,70.05,1,66.17,1,87.27,1,54.41,0,69.26,1,53.13,0,67.55,1,hollow_concrete_block
PET,0,33.3,3.7,0.58,none,0,0.0,20.4,68,10.7,0.65,1.03,2018.4,7.89,0.527,65.7,49.86,0,30.59,0,15.7,0,11.96,0,96.12,1,79.82,1,50.28,0,87.84,1,37.93,0,76.07,1,70.45,1,40.9,0,hollow_concrete_block
PVC,3,24.0,18.2,0.47,none,0,0.0,27.0,52,16.41,2.43,1.28,2111.8,7.24,0.659,73.8,60.28,1,37.18,0,26.17,0,21.32,0,98.02,1,74.17,1,68.54,1,87.05,1,47.66,0,70.43,1,60.89,1,50.06,0,hollow_concrete_block
PP,4,8.1,2.1,0.41,silica_fume,2,24.7,69.4,6,18.84,2.76,1.41,2225.8,2.06,0.943,92.3,81.61,1,55.49,1,38.68,0,29.29,0,100.0,1,67.11,1,74.65,1,86.17,1,60.12,1,66.55,1,49.44,0,74.32,1,hollow_concrete_block
PET,0,37.8,7.8,0.37,silica_fume,2,2.4,57.8,12,5.74,0.93,0.41,1946.8,8.05,0.46,52.1,40.81,0,24.58,0,11.38,0,8.81,0,95.7,1,80.55,1,33.41,0,76.63,1,30.84,0,74.81,1,77.45,1,32.86,0,hollow_concrete_block
Mixed,5,12.9,9.3,0.58,fly_ash,1,26.2,77.0,85,27.13,3.99,2.81,2191.8,4.6,0.686,93.0,84.15,1,51.77,0,42.9,0,35.0,0,100.0,1,72.69,1,91.08,1,86.42,1,71.17,1,73.06,1,59.11,1,71.48,1,hollow_concrete_block
PVC,3,25.1,1.5,0.46,silica_fume,2,8.1,73.7,59,19.62,3.1,1.93,2112.5,4.86,0.674,79.7,72.04,1,43.2,0,32.86,0,26.61,0,100.0,1,73.72,1,75.46,1,87.04,1,61.16,1,73.84,1,60.08,1,59.98,1,hollow_concrete_block
PVC,3,24.0,8.1,0.37,fibres,3,26.6,63.6,55,22.86,2.96,2.13,2128.7,6.04,0.662,83.4,72.8,1,44.8,0,34.68,0,28.16,0,100.0,1,73.93,1,82.96,1,86.91,1,61.39,1,72.44,1,60.65,1,61.15,1,hollow_concrete_block
Mixed,5,5.2,3.2,0.36,none,0,0.0,64.8,65,30.63,4.83,3.15,2290.0,3.73,0.805,100.0,93.77,1,57.95,1,49.85,0,40.72,0,100.0,1,69.03,1,90.0,1,85.72,1,75.0,1,69.19,1,53.55,0,80.26,1,hollow_concrete_block
Mixed,5,25.0,9.7,0.47,none,0,0.0,78.9,75,17.25,2.67,1.9,2011.5,6.9,0.605,82.0,62.33,1,38.45,0,27.79,0,22.71,0,99.15,1,76.92,1,64.88,1,87.9,1,50.05,0,73.65,1,64.61,1,51.99,0,hollow_concrete_block
Mixed,5,37.3,1.8,0.58,none,0,0.0,43.8,70,8.2,1.11,0.72,1915.4,8.5,0.438,60.4,44.21,0,27.06,0,14.11,0,11.1,0,94.61,1,80.88,1,37.4,0,87.62,1,32.89,0,82.08,1,80.24,1,36.04,0,hollow_concrete_block
Mixed,5,21.3,1.8,0.41,fly_ash,1,13.6,25.4,19,14.43,2.29,1.49,2071.2,5.69,0.682,68.6,60.47,1,36.29,0,24.84,0,19.97,0,100.0,1,73.86,1,61.01,1,87.38,1,52.05,0,72.82,1,59.85,1,49.9,0,hollow_concrete_block
LDPE,2,14.3,18.6,0.41,fibres,3,3.3,52.7,13,12.29,1.73,0.93,2165.5,4.65,0.836,76.1,63.16,1,37.21,0,22.35,0,17.4,0,100.0,1,69.42,1,63.89,1,86.62,1,51.39,0,68.99,1,52.94,0,51.81,0,hollow_concrete_block
PVC,3,0.4,17.1,0.62,fly_ash,1,20.3,24.7,23,12.93,1.7,1.25,2368.5,1.24,0.996,89.4,74.78,1,61.44,1,38.69,0,26.69,0,100.0,1,65.28,1,53.87,0,85.2,1,52.24,0,65.07,1,47.54,0,67.92,1,hollow_concrete_block
PET,0,15.2,4.8,0.48,silica_fume,2,4.0,49.7,76,26.04,3.67,2.48,2180.7,4.19,0.736,94.2,84.74,1,51.74,0,41.58,0,33.62,0,100.0,1,71.46,1,90.36,1,86.51,1,69.72,1,71.52,1,56.78,1,71.82,1,hollow_concrete_block
LDPE,2,15.0,4.2,0.48,silica_fume,2,9.2,55.6,24,15.06,1.84,1.86,2164.3,3.09,0.737,80.1,75.82,1,44.3,0,28.29,0,21.47,0,100.0,1,71.57,1,69.62,1,86.63,1,55.08,1,71.57,1,56.81,1,64.25,1,hollow_concrete_block
PP,4,12.9,3.2,0.47,none,0,0.0,78.4,15,11.49,1.16,1.38,2188.4,4.51,0.874,76.3,62.95,1,36.93,0,20.3,0,15.36,0,100.0,1,68.53,1,60.97,1,86.45,1,50.32,0,68.06,1,51.6,0,51.52,0,hollow_concrete_block
PVC,3,11.0,19.9,0.42,fly_ash,1,20.5,69.9,53,29.31,4.57,3.15,2220.3,4.23,0.802,91.6,89.17,1,54.4,0,47.04,0,38.53,0,100.0,1,69.64,1,92.32,1,86.21,1,74.08,1,69.56,1,53.93,0,75.77,1,hollow_concrete_block
PVC,3,21.4,18.6,0.62,fibres,3,20.0,30.2,26,10.34,1.03,1.01,2154.7,5.68,0.695,75.9,56.55,1,33.91,0,17.61,0,13.43,0,100.0,1,72.75,1,61.36,1,86.71,1,46.65,0,72.01,1,58.81,1,46.27,0,hollow_concrete_block
PET,0,0.6,3.6,0.38,fibres,3,26.8,55.3,26,23.93,3.42,2.67,2358.4,2.19,0.943,100.0,89.38,1,60.09,1,44.66,0,34.58,0,100.0,1,66.1,1,75.0,1,85.26,1,66.91,1,66.01,1,48.93,0,81.13,1,hollow_concrete_block
PET,0,25.1,5.6,0.63,fibres,3,5.1,52.8,65,15.08,2.5,1.52,2052.0,5.84,0.66,71.3,61.07,1,36.83,0,25.9,0,20.96,0,100.0,1,74.7,1,61.42,1,87.54,1,52.07,0,73.34,1,61.11,1,50.52,0,hollow_concrete_block
Mixed,5,27.5,9.0,0.58,fly_ash,1,26.2,52.4,17,9.31,1.34,0.9,2003.4,6.6,0.587,52.9,48.82,0,29.1,0,16.7,0,13.09,0,100.0,1,77.68,1,43.61,0,87.97,1,40.7,0,75.03,1,65.87,1,39.72,0,hollow_concrete_block
PP,4,7.1,13.8,0.45,none,0,0.0,40.3,76,26.65,3.63,2.62,2275.1,3.23,0.945,100.0,92.39,1,56.13,1,43.98,0,35.05,0,100.0,1,66.69,1,85.48,1,85.82,1,70.53,1,66.31,1,49.19,0,78.72,1,hollow_concrete_block
PVC,3,38.4,0.9,0.59,fibres,3,12.1,75.6,18,6.82,1.12,0.75,2011.2,8.95,0.473,49.5,41.16,0,25.09,0,12.6,0,9.97,0,93.62,1,79.89,1,39.14,0,81.24,1,29.95,0,76.11,1,75.68,1,33.21,0,hollow_concrete_block
PVC,3,19.1,1.7,0.61,fibres,3,7.1,44.3,21,8.95,1.52,0.91,2165.4,5.25,0.722,71.6,55.7,1,32.94,0,17.83,0,13.87,0,100.0,1,71.94,1,57.18,1,86.63,1,46.93,0,72.01,1,57.48,1,45.33,0,hollow_concrete_block
PET,0,14.6,0.5,0.51,none,0,0.0,59.5,24,13.46,1.99,1.47,2246.5,4.57,0.725,78.3,65.96,1,38.98,0,24.27,0,19.06,0,100.0,1,71.2,1,60.62,1,86.02,1,52.95,0,71.57,1,57.01,1,54.18,0,hollow_concrete_block
HDPE,1,9.0,7.3,0.55,none,0,0.0,79.5,89,24.02,3.16,2.04,2242.0,2.97,0.827,100.0,88.63,1,54.79,0,40.9,0,32.16,0,100.0,1,68.96,1,83.46,1,86.06,1,67.03,1,68.86,1,52.94,0,77.56,1,hollow_concrete_block
Mixed,5,14.6,15.7,0.51,fibres,3,28.1,61.2,54,19.94,2.6,1.97,2141.3,4.41,0.794,95.9,75.12,1,46.0,0,32.49,0,25.84,0,100.0,1,70.47,1,82.2,1,86.81,1,61.59,1,70.11,1,54.57,0,63.34,1,hollow_concrete_block
PP,4,6.0,1.9,0.55,fly_ash,1,2.2,54.2,44,16.52,1.87,1.88,2278.6,3.4,0.975,87.0,78.32,1,45.6,0,29.04,0,22.25,0,100.0,1,66.23,1,65.66,1,85.8,1,57.03,1,65.77,1,48.39,0,65.01,1,hollow_concrete_block
PP,4,15.9,9.4,0.53,none,0,0.0,53.5,71,18.29,1.99,2.46,2115.8,5.28,0.7,89.3,69.0,1,42.34,0,28.32,0,22.37,0,100.0,1,72.95,1,75.94,1,87.01,1,59.39,1,72.94,1,58.74,1,58.16,1,hollow_concrete_block
Mixed,5,10.7,8.9,0.53,silica_fume,2,23.5,72.1,23,21.25,2.96,1.92,2212.1,1.46,0.838,92.4,84.72,1,65.47,1,46.91,0,34.7,0,100.0,1,68.99,1,79.67,1,86.27,1,63.33,1,68.74,1,52.68,0,77.14,1,hollow_concrete_block
HDPE,1,35.7,1.2,0.45,none,0,0.0,77.1,32,8.96,1.17,1.0,1871.9,7.76,0.469,60.6,46.04,0,27.97,0,15.32,0,12.02,0,96.48,1,81.37,1,35.61,0,89.23,1,36.0,0,80.82,1,76.86,1,37.65,0,hollow_concrete_block
Mixed,5,33.7,8.9,0.57,silica_fume,2,15.2,37.5,19,7.45,1.02,1.13,1961.9,5.41,0.505,55.8,49.71,0,28.9,0,14.93,0,11.29,0,100.0,1,80.39,1,38.29,0,88.02,1,44.44,0,82.18,1,72.72,1,40.25,0,hollow_concrete_block
LDPE,2,35.3,7.1,0.57,none,0,0.0,58.8,39,6.36,0.87,0.58,1848.6,8.05,0.407,52.1,40.91,0,24.63,0,11.85,0,9.13,0,95.7,1,81.64,1,27.43,0,81.75,1,31.67,0,81.99,1,84.79,1,33.09,0,hollow_concrete_block
LDPE,2,18.1,11.1,0.49,none,0,0.0,61.7,59,19.52,2.76,1.89,2113.8,5.19,0.822,81.3,70.81,1,42.75,0,31.56,0,25.43,0,100.0,1,70.14,1,75.79,1,87.03,1,61.03,1,69.56,1,53.66,0,59.0,1,hollow_concrete_block
PET,0,14.3,4.0,0.62,fibres,3,13.4,48.7,72,20.98,2.71,2.2,2219.5,4.55,0.76,90.6,76.39,1,46.5,0,33.62,0,26.84,0,100.0,1,70.57,1,78.23,1,86.22,1,62.97,1,70.66,1,55.59,1,64.44,1,hollow_concrete_block
Mixed,5,7.5,18.7,0.49,fibres,3,23.4,77.8,11,12.38,1.92,1.21,2264.9,3.33,0.892,90.7,73.28,1,42.59,0,25.19,0,19.25,0,100.0,1,67.61,1,60.68,1,85.89,1,51.51,0,67.36,1,50.74,0,60.8,1,hollow_concrete_block
Mixed,5,25.1,19.5,0.5,fibres,3,11.5,29.0,82,20.02,3.61,2.06,2055.6,6.69,0.61,89.1,66.87,1,41.9,0,33.03,0,27.44,0,99.91,1,76.32,1,74.47,1,87.51,1,54.6,0,73.57,1,64.07,1,56.7,1,hollow_concrete_block
PP,4,36.6,10.4,0.57,fly_ash,1,25.1,27.8,69,12.8,2.11,1.21,1792.3,8.73,0.396,61.3,49.23,0,30.35,0,21.13,0,17.3,0,94.09,1,82.32,1,37.05,0,88.41,1,38.45,0,86.07,1,86.16,1,40.77,0,hollow_concrete_block
PP,4,7.8,19.9,0.36,silica_fume,2,20.4,20.0,85,56.2,7.77,5.33,2322.0,1.38,0.883,100.0,97.2,1,95.12,1,79.32,1,65.87,1,100.0,1,67.33,1,87.71,1,85.5,1,75.0,1,67.31,1,50.79,0,97.22,1,hollow_concrete_block
HDPE,1,27.3,16.0,0.46,silica_fume,2,26.5,59.8,49,23.81,3.59,2.32,2011.1,4.51,0.601,82.1,78.77,1,47.15,0,38.7,0,31.42,0,100.0,1,77.07,1,75.81,1,87.9,1,66.75,1,77.23,1,64.88,1,66.02,1,hollow_concrete_block
PVC,3,15.2,12.6,0.56,none,0,0.0,21.8,18,8.99,0.99,1.15,2245.0,4.38,0.764,69.9,59.92,1,34.72,0,17.55,0,13.06,0,100.0,1,70.27,1,51.12,0,86.04,1,46.99,0,70.45,1,55.32,1,48.64,0,hollow_concrete_block
HDPE,1,11.2,11.1,0.58,silica_fume,2,25.6,36.1,26,18.3,2.58,2.02,2171.9,2.07,0.894,88.4,80.49,1,54.29,0,37.63,0,28.36,0,100.0,1,68.33,1,76.6,1,86.58,1,59.4,1,67.72,1,51.05,0,73.21,1,hollow_concrete_block
PP,4,15.7,12.1,0.41,silica_fume,2,24.8,56.7,26,21.16,2.82,2.05,2169.8,3.27,0.822,91.5,84.29,1,49.93,0,36.36,0,28.56,0,100.0,1,69.66,1,82.31,1,86.59,1,63.21,1,69.3,1,53.41,0,71.28,1,hollow_concrete_block
Mixed,5,9.9,19.1,0.56,silica_fume,2,23.7,69.8,31,21.44,2.79,2.1,2196.6,2.19,0.886,92.9,84.86,1,56.47,1,40.59,0,30.96,0,100.0,1,68.26,1,81.23,1,86.39,1,63.59,1,67.77,1,51.19,0,77.29,1,hollow_concrete_block
HDPE,1,21.8,18.1,0.52,none,0,0.0,40.4,24,11.99,1.34,1.3,2009.5,5.96,0.71,64.8,55.5,1,33.21,0,19.81,0,15.42,0,100.0,1,73.68,1,51.56,0,87.91,1,47.31,0,71.57,1,58.76,1,45.59,0,hollow_concrete_block
LDPE,2,3.2,13.8,0.45,silica_fume,2,21.7,75.9,25,25.98,3.35,2.27,2321.0,2.24,0.902,100.0,91.83,1,61.25,1,46.26,0,35.84,0,100.0,1,67.02,1,81.09,1,85.51,1,69.64,1,66.93,1,50.22,0,83.39,1,hollow_concrete_block
LDPE,2,15.6,19.4,0.4,fly_ash,1,26.1,33.3,70,31.65,4.03,2.94,2127.4,4.65,0.7,85.2,87.26,1,54.48,0,47.46,0,38.59,0,100.0,1,72.85,1,95.23,1,86.92,1,75.0,1,72.89,1,58.69,1,75.85,1,hollow_concrete_block
PP,4,31.3,7.7,0.42,none,0,0.0,53.6,53,12.56,1.82,1.26,1882.7,7.71,0.583,66.9,51.77,0,31.74,0,20.57,0,16.57,0,96.62,1,79.12,1,43.99,0,89.12,1,40.96,0,74.15,1,66.79,1,42.79,0,hollow_concrete_block
LDPE,2,14.6,19.1,0.5,silica_fume,2,28.7,77.0,74,32.69,4.85,3.08,2134.5,2.7,0.719,100.0,95.81,1,63.03,1,54.69,0,43.91,0,100.0,1,72.28,1,98.89,1,86.87,1,75.0,1,72.25,1,57.75,1,90.09,1,hollow_concrete_block
LDPE,2,0.6,6.7,0.5,silica_fume,2,24.7,33.5,27,21.2,3.54,1.93,2389.0,1.28,1.019,100.0,85.96,1,69.64,1,50.88,0,37.65,0,100.0,1,64.83,1,68.26,1,85.07,1,63.27,1,64.63,1,46.92,0,78.01,1,hollow_concrete_block
LDPE,2,25.1,2.8,0.55,none,0,0.0,75.6,17,7.68,1.27,0.9,2014.3,6.37,0.599,53.7,47.37,0,28.05,0,15.04,0,11.71,0,100.0,1,77.12,1,41.88,0,87.87,1,39.54,0,74.86,1,65.0,1,38.34,0,hollow_concrete_block
PVC,3,24.0,3.7,0.41,silica_fume,2,17.5,36.1,7,14.57,2.36,1.78,2131.2,3.8,0.555,72.9,70.37,1,40.61,0,27.49,0,21.57,0,100.0,1,77.79,1,66.63,1,86.89,1,54.43,0,78.84,1,67.63,1,57.85,1,hollow_concrete_block
PET,0,33.5,4.6,0.44,silica_fume,2,8.8,26.5,44,13.27,1.76,1.28,2023.0,6.63,0.504,57.0,54.67,0,32.95,0,21.69,0,17.28,0,100.0,1,79.77,1,52.66,0,87.8,1,45.85,0,79.36,1,72.51,1,44.97,0,hollow_concrete_block
HDPE,1,4.3,14.7,0.46,fly_ash,1,24.5,48.6,70,35.53,4.31,3.7,2273.6,1.91,0.895,100.0,96.84,1,72.29,1,60.27,1,46.98,0,100.0,1,67.49,1,91.17,1,85.83,1,75.0,1,67.26,1,50.61,0,94.6,1,hollow_concrete_block
PET,0,9.5,8.8,0.61,none,0,0.0,21.0,82,23.22,3.31,2.39,2293.3,3.67,0.895,97.0,85.2,1,51.51,0,38.76,0,30.97,0,100.0,1,67.34,1,78.34,1,85.7,1,65.96,1,67.18,1,50.54,0,71.73,1,hollow_concrete_block
LDPE,2,38.1,3.4,0.61,none,0,0.0,37.0,14,2.39,0.78,0.3,1832.7,8.25,0.459,45.8,34.43,0,20.42,0,7.57,0,5.76,0,65.24,1,62.76,1,18.06,0,54.97,0,25.81,0,64.16,1,75.15,1,27.3,0,thermal_insulation_panel
PET,0,31.1,4.0,0.46,none,0,0.0,61.8,70,15.6,2.11,1.68,2038.4,8.33,0.543,68.9,56.26,1,34.93,0,24.08,0,19.56,0,95.01,1,79.18,1,60.7,1,86.87,1,43.21,0,74.54,1,69.01,1,46.71,0,hollow_concrete_block
PVC,3,22.5,12.3,0.6,fibres,3,0.2,41.7,33,8.8,0.95,0.75,2125.7,5.85,0.63,71.3,53.22,0,31.8,0,15.73,0,11.94,0,100.0,1,74.98,1,56.21,1,86.94,1,43.64,0,74.11,1,62.5,1,43.35,0,hollow_concrete_block
PP,4,21.1,17.2,0.45,fly_ash,1,26.7,76.1,74,25.04,3.55,2.62,2064.0,5.77,0.671,84.7,76.01,1,46.78,0,38.54,0,31.54,0,100.0,1,74.25,1,82.31,1,87.44,1,65.74,1,73.05,1,60.46,1,64.19,1,hollow_concrete_block
PVC,3,16.6,19.1,0.61,fibres,3,23.8,47.0,59,16.75,2.27,1.36,2178.3,4.53,0.718,91.5,70.54,1,42.79,0,28.31,0,22.39,0,100.0,1,71.93,1,74.36,1,86.53,1,57.33,1,72.08,1,57.61,1,59.22,1,hollow_concrete_block
LDPE,2,11.9,3.8,0.5,silica_fume,2,15.3,79.0,88,39.41,6.05,3.83,2203.1,3.0,0.886,100.0,96.32,1,67.65,1,63.3,1,51.79,0,100.0,1,68.21,1,96.21,1,86.34,1,75.0,1,67.74,1,51.17,0,93.26,1,hollow_concrete_block
LDPE,2,21.7,7.1,0.53,silica_fume,2,23.9,39.0,81,26.93,3.25,2.76,2023.8,3.15,0.611,94.8,90.9,1,54.93,0,43.52,0,34.37,0,100.0,1,76.59,1,85.18,1,87.79,1,70.91,1,76.73,1,64.16,1,78.36,1,hollow_concrete_block
LDPE,2,7.1,3.0,0.64,none,0,0.0,78.1,57,17.85,2.38,1.9,2245.4,2.76,0.93,86.1,80.43,1,49.22,0,33.46,0,25.66,0,100.0,1,67.15,1,70.01,1,86.03,1,58.8,1,66.71,1,49.71,0,71.79,1,hollow_concrete_block
LDPE,2,1.0,18.7,0.35,none,0,0.0,22.6,42,26.53,3.61,2.83,2304.0,2.34,0.943,99.4,92.44,1,60.82,1,46.95,0,36.67,0,100.0,1,66.5,1,83.22,1,85.62,1,70.37,1,66.23,1,49.13,0,83.96,1,hollow_concrete_block
LDPE,2,25.6,11.9,0.61,none,0,0.0,77.5,19,1.35,0.82,0.3,1960.9,6.16,0.591,58.8,39.69,0,23.06,0,7.73,0,5.67,0,59.14,1,51.96,0,28.82,0,47.36,0,32.1,0,55.44,1,57.56,1,31.46,0,hollow_concrete_block
Mixed,5,35.1,17.7,0.6,silica_fume,2,26.1,24.2,3,3.38,0.5,0.69,1877.2,5.02,0.584,55.7,45.08,0,25.56,0,9.94,0,6.95,0,80.41,1,66.67,1,25.43,0,61.71,1,39.51,0,65.03,1,66.75,1,36.06,0,hollow_concrete_block
LDPE,2,13.6,1.2,0.41,fibres,3,16.7,30.9,15,13.87,2.09,1.31,2194.5,4.29,0.698,83.1,68.06,1,40.1,0,25.31,0,19.86,0,100.0,1,72.33,1,66.25,1,86.4,1,53.49,0,72.64,1,58.5,1,56.08,1,hollow_concrete_block
LDPE,2,12.1,17.1,0.51,fibres,3,11.6,57.2,65,20.4,2.77,1.99,2212.9,4.46,0.832,95.5,76.01,1,46.61,0,33.3,0,26.62,0,100.0,1,69.1,1,78.99,1,86.27,1,62.2,1,68.87,1,52.88,0,64.06,1,hollow_concrete_block
HDPE,1,20.0,17.1,0.65,fly_ash,1,12.7,73.9,59,13.89,1.29,1.41,2095.8,5.56,0.673,75.6,61.19,1,36.78,0,21.91,0,16.94,0,100.0,1,73.9,1,63.66,1,87.18,1,52.09,0,73.34,1,60.2,1,50.49,0,hollow_concrete_block
Mixed,5,38.0,13.0,0.39,none,0,0.0,27.8,68,13.77,2.43,1.62,1903.8,9.14,0.365,65.1,51.29,0,31.9,0,22.76,0,18.83,0,93.23,1,81.01,1,47.06,0,86.42,1,38.78,0,84.96,1,85.51,1,42.53,0,hollow_concrete_block
Mixed,5,28.1,18.4,0.44,none,0,0.0,51.5,25,10.45,1.65,1.14,2012.3,8.14,0.575,63.4,48.81,0,29.97,0,17.85,0,14.37,0,95.48,1,78.07,1,48.84,0,87.55,1,36.87,0,73.26,1,66.68,1,40.0,0,hollow_concrete_block
Mixed,5,21.7,16.4,0.57,fly_ash,1,25.1,27.6,80,20.85,3.16,2.27,2089.7,6.57,0.63,79.4,68.12,1,41.97,0,32.81,0,26.93,0,100.0,1,75.31,1,75.8,1,87.23,1,56.21,1,72.78,1,62.67,1,57.02,1,hollow_concrete_block
HDPE,1,35.1,13.1,0.54,none,0,0.0,23.5,4,4.94,0.96,0.53,1900.7,8.05,0.416,43.8,38.4,0,22.88,0,10.65,0,8.27,0,92.46,1,78.98,1,26.66,0,71.75,1,29.78,0,76.09,1,83.21,1,30.74,0,hollow_concrete_block
PET,0,20.8,8.6,0.5,fly_ash,1,21.5,47.8,6,9.98,1.56,0.99,2138.0,5.71,0.689,60.9,54.04,0,32.05,0,18.55,0,14.55,0,100.0,1,73.06,1,56.39,1,86.84,1,46.0,0,72.21,1,59.19,1,44.01,0,hollow_concrete_block
PP,4,6.6,9.7,0.51,none,0,0.0,59.9,25,13.13,1.72,1.48,2260.5,4.09,0.909,82.6,68.7,1,40.2,0,23.95,0,18.47,0,100.0,1,67.36,1,60.17,1,85.93,1,52.51,0,67.04,1,50.25,0,56.39,1,hollow_concrete_block
HDPE,1,36.0,9.9,0.45,silica_fume,2,16.9,35.9,20,15.87,2.35,1.78,1867.4,5.86,0.487,54.4,58.65,1,34.95,0,26.3,0,21.17,0,100.0,1,81.42,1,45.21,0,89.28,1,53.01,0,82.93,1,74.99,1,48.57,0,hollow_concrete_block
PVC,3,6.2,11.6,0.36,fly_ash,1,18.6,50.7,88,49.88,6.59,4.95,2269.3,3.26,0.924,100.0,96.81,1,75.89,1,68.18,1,57.17,1,100.0,1,67.06,1,91.48,1,85.86,1,75.0,1,66.72,1,49.79,0,91.48,1,hollow_concrete_block
Mixed,5,18.1,18.0,0.52,none,0,0.0,43.5,73,18.91,2.47,1.84,2151.4,5.69,0.671,80.0,68.42,1,41.61,0,29.77,0,23.93,0,100.0,1,73.46,1,76.93,1,86.73,1,58.02,1,72.82,1,60.06,1,56.96,1,hollow_concrete_block
HDPE,1,28.7,19.2,0.54,fly_ash,1,1.9,61.2,28,7.85,1.41,1.03,1923.3,7.29,0.661,59.0,45.58,0,27.45,0,15.03,0,11.92,0,97.86,1,75.97,1,37.02,0,88.72,1,36.07,0,71.27,1,61.71,1,37.07,0,hollow_concrete_block
PVC,3,31.5,14.7,0.63,fly_ash,1,28.7,75.6,44,13.01,2.12,1.12,2045.1,7.68,0.533,59.2,52.69,0,32.22,0,21.78,0,17.73,0,96.7,1,79.56,1,54.37,0,87.6,1,41.65,0,75.87,1,69.81,1,43.37,0,hollow_concrete_block
HDPE,1,6.9,11.7,0.52,fly_ash,1,22.2,72.9,15,15.48,1.29,1.29,2188.5,3.31,0.909,81.5,76.73,1,44.06,0,26.76,0,20.01,0,100.0,1,67.95,1,68.95,1,86.45,1,55.64,1,67.35,1,50.54,0,63.32,1,hollow_concrete_block
Mixed,5,17.1,6.9,0.61,none,0,0.0,58.4,33,8.88,1.45,1.03,2098.6,4.49,0.743,76.5,58.93,1,34.3,0,18.44,0,14.11,0,100.0,1,72.01,1,55.74,1,87.15,1,46.84,0,71.7,1,56.83,1,48.02,0,hollow_concrete_block
PP,4,22.0,5.1,0.4,silica_fume,2,21.1,34.7,76,39.27,5.67,3.78,2058.7,3.4,0.632,88.5,94.66,1,64.15,1,61.29,1,50.08,0,100.0,1,75.53,1,91.17,1,87.49,1,75.0,1,75.68,1,62.69,1,89.2,1,hollow_concrete_block
PP,4,8.1,11.3,0.44,fibres,3,3.7,63.5,62,26.39,3.51,2.66,2164.0,3.53,0.757,100.0,89.54,1,54.3,0,42.72,0,34.13,0,100.0,1,71.1,1,92.98,1,86.64,1,70.19,1,70.99,1,55.95,1,75.72,1,hollow_concrete_block
Mixed,5,29.7,10.1,0.4,fibres,3,8.7,76.5,76,21.9,2.98,2.3,1949.4,7.37,0.594,70.2,65.72,1,40.63,0,32.97,0,27.02,0,97.61,1,77.97,1,65.17,1,88.47,1,54.53,0,73.73,1,65.66,1,55.19,1,hollow_concrete_block
LDPE,2,10.4,5.5,0.59,fibres,3,18.3,63.5,26,11.48,1.6,1.11,2245.0,3.42,0.813,81.0,70.99,1,40.48,0,23.28,0,17.58,0,100.0,1,69.22,1,58.12,1,86.04,1,50.31,0,69.18,1,53.43,0,57.98,1,hollow_concrete_block
PVC,3,24.1,17.0,0.52,none,0,0.0,31.2,25,11.71,1.57,1.08,2119.5,6.59,0.656,70.9,55.08,1,33.46,0,19.68,0,15.57,0,100.0,1,74.2,1,60.52,1,86.99,1,43.94,0,71.6,1,61.02,1,45.22,0,hollow_concrete_block
PVC,3,2.8,1.6,0.42,fibres,3,22.8,74.6,17,17.94,2.37,1.68,2311.6,1.9,0.96,100.0,81.04,1,57.51,1,37.9,0,28.17,0,100.0,1,66.19,1,68.36,1,85.57,1,58.92,1,65.9,1,48.65,0,73.69,1,hollow_concrete_block
HDPE,1,19.6,18.0,0.45,fly_ash,1,3.9,21.7,89,25.29,3.3,2.83,2034.8,4.7,0.648,85.1,80.07,1,48.47,0,39.21,0,31.66,0,100.0,1,75.23,1,80.74,1,87.69,1,68.72,1,75.18,1,61.87,1,67.53,1,hollow_concrete_block
PET,0,5.4,7.6,0.57,none,0,0.0,52.9,25,13.55,1.79,1.31,2332.2,2.7,0.958,88.5,75.34,1,46.52,0,27.9,0,20.87,0,100.0,1,66.07,1,57.26,1,85.44,1,53.07,0,65.85,1,48.63,0,68.0,1,hollow_concrete_block
PET,0,35.3,5.7,0.52,fibres,3,15.6,50.4,75,13.94,2.17,1.35,2035.3,7.73,0.388,71.2,55.23,1,34.08,0,22.81,0,18.57,0,96.56,1,79.65,1,58.3,1,87.69,1,42.74,0,85.83,1,84.83,1,45.7,0,hollow_concrete_block
PVC,3,14.0,4.6,0.57,silica_fume,2,20.0,41.4,33,17.87,2.35,1.74,2238.6,2.55,0.749,84.9,80.41,1,50.28,0,34.2,0,26.05,0,100.0,1,70.67,1,70.22,1,86.08,1,58.83,1,70.89,1,55.98,1,72.66,1,hollow_concrete_block
Mixed,5,21.4,18.5,0.59,none,0,0.0,32.1,38,9.27,1.02,0.6,2084.6,5.62,0.727,63.7,53.32,0,31.55,0,16.56,0,12.6,0,100.0,1,72.53,1,52.11,0,87.27,1,45.57,0,71.48,1,57.61,1,43.41,0,hollow_concrete_block
LDPE,2,9.5,8.1,0.37,silica_fume,2,3.3,24.0,23,18.07,3.07,1.62,2207.1,2.98,0.79,90.7,80.44,1,48.58,0,34.69,0,27.27,0,100.0,1,70.0,1,74.29,1,86.31,1,59.09,1,69.92,1,54.44,0,70.15,1,hollow_concrete_block
HDPE,1,34.9,11.6,0.63,none,0,0.0,21.4,22,5.93,0.87,0.3,1875.7,8.74,0.534,47.8,39.04,0,23.59,0,11.16,0,8.65,0,94.07,1,81.29,1,27.55,0,77.03,1,29.26,0,70.26,1,70.61,1,31.45,0,hollow_concrete_block
Mixed,5,23.1,15.7,0.57,silica_fume,2,19.9,25.5,28,12.75,1.88,1.41,2007.4,3.26,0.698,76.2,71.11,1,40.49,0,25.63,0,19.53,0,100.0,1,74.03,1,55.6,1,87.93,1,52.0,0,73.55,1,59.35,1,58.87,1,hollow_concrete_block
PVC,3,11.1,17.4,0.5,none,0,0.0,56.7,28,11.11,1.79,1.13,2268.0,3.74,0.866,82.6,68.35,1,39.42,0,22.72,0,17.43,0,100.0,1,68.03,1,56.27,1,85.87,1,49.81,0,67.88,1,51.53,0,55.84,1,hollow_concrete_block
PET,0,23.1,19.8,0.37,fibres,3,2.8,78.0,21,13.72,1.93,1.24,2175.5,6.11,0.607,66.7,58.86,1,35.54,0,22.91,0,18.27,0,100.0,1,75.35,1,63.15,1,86.55,1,48.84,0,74.26,1,63.73,1,48.42,0,hollow_concrete_block
PVC,3,1.9,3.4,0.4,fly_ash,1,4.7,72.0,61,31.51,4.64,2.88,2387.4,2.47,0.995,100.0,97.68,1,64.66,1,53.91,0,42.95,0,100.0,1,65.15,1,83.04,1,85.08,1,75.0,1,65.02,1,47.5,0,90.38,1,hollow_concrete_block
PVC,3,18.7,13.4,0.37,none,0,0.0,27.0,51,21.1,2.91,2.31,2172.1,5.67,0.698,82.3,71.84,1,43.84,0,33.08,0,26.82,0,100.0,1,72.52,1,79.69,1,86.57,1,61.06,1,71.85,1,58.59,1,60.01,1,hollow_concrete_block
PVC,3,4.2,18.3,0.36,none,0,0.0,46.8,46,25.43,3.92,2.38,2300.4,2.63,0.919,100.0,90.95,1,58.03,1,45.37,0,35.94,0,100.0,1,66.9,1,81.64,1,85.65,1,68.91,1,66.68,1,49.81,0,82.62,1,hollow_concrete_block
Mixed,5,29.7,10.8,0.48,fly_ash,1,5.9,57.4,30,9.72,1.78,0.81,1983.8,7.04,0.576,58.9,49.0,0,29.54,0,17.96,0,14.44,0,98.67,1,78.31,1,44.43,0,88.15,1,39.48,0,74.9,1,66.75,1,40.01,0,hollow_concrete_block
PET,0,11.7,4.3,0.46,fly_ash,1,16.1,59.6,61,27.79,4.25,2.65,2254.1,3.8,0.83,86.9,90.07,1,53.89,0,45.43,0,36.9,0,100.0,1,68.81,1,86.16,1,85.97,1,72.05,1,68.74,1,52.79,0,75.92,1,hollow_concrete_block
Mixed,5,35.1,16.3,0.58,none,0,0.0,29.0,39,6.5,0.88,1.01,1914.3,8.98,0.485,51.0,40.16,0,24.45,0,11.67,0,9.07,0,93.56,1,80.9,1,32.07,0,79.96,1,29.45,0,74.71,1,74.93,1,32.45,0,hollow_concrete_block
HDPE,1,4.0,6.0,0.59,fibres,3,18.8,28.4,46,21.07,3.08,1.98,2308.5,2.6,0.841,100.0,85.19,1,54.51,0,39.03,0,30.37,0,100.0,1,68.18,1,73.8,1,85.59,1,63.09,1,68.27,1,52.2,0,77.43,1,hollow_concrete_block
PET,0,23.1,6.9,0.39,silica_fume,2,11.3,21.0,78,37.51,5.8,3.84,2118.5,5.1,0.696,94.5,85.3,1,59.59,1,57.24,1,47.58,0,100.0,1,73.04,1,96.98,1,86.99,1,75.0,1,73.06,1,58.92,1,81.84,1,hollow_concrete_block
HDPE,1,28.0,7.7,0.64,fibres,3,25.2,24.0,86,15.64,2.14,1.42,1976.9,6.42,0.619,87.4,61.07,1,37.84,0,25.14,0,20.21,0,100.0,1,76.77,1,61.11,1,88.21,1,49.93,0,74.1,1,63.89,1,51.34,0,hollow_concrete_block
PET,0,32.2,4.7,0.55,silica_fume,2,3.8,61.7,66,15.2,2.17,1.83,2063.8,6.96,0.488,63.9,57.67,1,35.18,0,24.46,0,19.76,0,98.95,1,79.38,1,60.56,1,87.44,1,47.09,0,79.62,1,73.87,1,47.7,0,hollow_concrete_block
PET,0,31.1,5.0,0.49,fly_ash,1,8.3,45.4,48,14.23,1.69,1.64,2088.0,7.25,0.524,62.4,55.8,1,34.1,0,22.13,0,17.64,0,97.99,1,79.16,1,60.29,1,87.24,1,44.72,0,76.79,1,70.38,1,46.03,0,hollow_concrete_block
PP,4,13.1,7.7,0.44,fly_ash,1,6.4,21.6,12,13.44,2.36,1.01,2151.2,4.25,0.733,73.2,66.26,1,38.66,0,25.61,0,20.28,0,100.0,1,71.78,1,66.08,1,86.73,1,52.92,0,71.75,1,57.04,1,54.41,0,hollow_concrete_block
Mixed,5,31.1,1.0,0.65,none,0,0.0,45.3,49,9.14,1.2,0.61,2047.5,7.7,0.539,54.6,46.96,0,28.47,0,15.6,0,12.26,0,96.65,1,79.27,1,46.91,0,87.58,1,36.43,0,75.49,1,69.29,1,38.2,0,hollow_concrete_block
PP,4,6.5,5.0,0.5,none,0,0.0,30.0,82,26.42,3.65,2.26,2224.0,3.49,1.0,100.0,90.35,1,54.75,0,43.19,0,34.58,0,100.0,1,66.32,1,88.75,1,86.19,1,70.23,1,65.59,1,47.99,0,76.33,1,hollow_concrete_block
PET,0,17.7,14.6,0.38,fibres,3,25.9,21.3,32,21.07,2.9,2.09,2211.0,5.85,0.8,86.7,71.57,1,44.21,0,32.88,0,26.69,0,100.0,1,69.76,1,77.99,1,86.28,1,60.0,1,68.32,1,54.05,0,60.23,1,hollow_concrete_block
HDPE,1,5.1,6.0,0.55,none,0,0.0,40.5,36,15.4,2.24,1.49,2290.7,3.25,0.974,93.2,77.5,1,45.84,0,29.21,0,22.57,0,100.0,1,66.15,1,64.51,1,85.72,1,55.53,1,65.74,1,48.37,0,65.15,1,hollow_concrete_block
HDPE,1,33.1,13.8,0.54,fly_ash,1,21.0,72.0,7,6.35,0.5,0.71,1946.4,7.77,0.538,48.3,41.61,0,24.92,0,11.03,0,8.2,0,96.45,1,80.33,1,33.43,0,80.83,1,32.49,0,72.16,1,69.89,1,33.53,0,hollow_concrete_block
HDPE,1,2.3,0.8,0.46,fibres,3,28.7,53.9,84,36.09,5.05,3.42,2249.6,1.97,0.946,100.0,96.66,1,72.01,1,62.25,1,49.15,0,100.0,1,66.88,1,92.89,1,86.0,1,75.0,1,66.4,1,49.26,0,95.15,1,hollow_concrete_block
PVC,3,14.7,17.9,0.44,none,0,0.0,42.3,78,24.83,3.32,2.3,2230.1,5.19,0.833,94.4,78.89,1,49.13,0,38.27,0,31.06,0,100.0,1,68.94,1,84.87,1,86.14,1,68.11,1,68.77,1,52.78,0,66.95,1,hollow_concrete_block
Mixed,5,31.1,7.3,0.44,fly_ash,1,28.4,35.1,16,7.96,1.01,1.19,1994.9,6.98,0.531,55.4,46.43,0,27.8,0,14.31,0,11.03,0,98.88,1,80.05,1,41.39,0,88.05,1,37.36,0,77.29,1,70.22,1,37.67,0,hollow_concrete_block
HDPE,1,33.5,5.4,0.48,none,0,0.0,22.6,10,5.09,0.5,0.53,1860.7,7.72,0.48,48.0,39.34,0,23.42,0,9.79,0,7.24,0,94.91,1,80.43,1,25.13,0,73.28,1,30.97,0,72.13,1,75.75,1,31.6,0,hollow_concrete_block
PET,0,31.9,10.5,0.36,none,0,0.0,68.4,55,17.13,2.13,1.67,1987.8,7.87,0.379,66.6,58.34,1,36.05,0,25.84,0,20.91,0,96.18,1,80.12,1,59.04,1,88.11,1,46.56,0,85.9,1,85.06,1,48.58,0,hollow_concrete_block
PP,4,9.2,9.3,0.43,none,0,0.0,49.3,57,24.29,3.08,2.57,2251.7,2.33,0.854,84.5,89.07,1,57.29,1,43.43,0,33.54,0,100.0,1,68.38,1,79.89,1,85.99,1,67.39,1,68.21,1,51.99,0,80.39,1,hollow_concrete_block
PP,4,1.7,0.8,0.38,silica_fume,2,13.4,28.9,6,20.85,2.92,1.59,2383.2,1.8,0.932,99.5,85.45,1,61.49,1,42.96,0,32.34,0,100.0,1,66.09,1,68.09,1,85.11,1,62.8,1,66.12,1,49.14,0,77.56,1,hollow_concrete_block
Mixed,5,4.3,7.2,0.37,none,0,0.0,31.7,8,11.24,1.21,0.66,2350.3,2.91,0.968,87.0,72.4,1,43.42,0,23.43,0,17.12,0,100.0,1,65.79,1,51.73,0,85.32,1,49.99,0,65.61,1,48.3,0,63.02,1,hollow_concrete_block
PVC,3,18.1,5.3,0.49,fly_ash,1,10.0,78.1,39,16.91,2.39,1.75,2181.3,5.01,0.726,76.1,67.89,1,40.63,0,28.21,0,22.52,0,100.0,1,71.7,1,70.46,1,86.5,1,57.55,1,71.82,1,57.23,1,56.2,1,hollow_concrete_block
LDPE,2,38.8,19.1,0.5,fly_ash,1,24.0,30.5,28,8.62,0.76,0.59,1827.6,8.86,0.447,43.6,41.6,0,25.19,0,13.53,0,10.42,0,93.81,1,81.89,1,27.52,0,87.76,1,32.56,0,81.5,1,79.63,1,33.84,0,hollow_concrete_block
PET,0,0.7,9.0,0.45,silica_fume,2,13.4,62.2,79,48.01,6.47,4.76,2323.3,2.07,0.998,100.0,97.21,1,81.62,1,72.88,1,59.5,1,100.0,1,65.58,1,87.62,1,85.5,1,75.0,1,65.21,1,47.66,0,97.23,1,hollow_concrete_block
LDPE,2,19.8,4.5,0.52,silica_fume,2,6.0,60.3,28,13.65,1.19,1.58,2021.6,4.99,0.664,78.5,62.73,1,37.3,0,21.97,0,16.8,0,100.0,1,74.87,1,58.71,1,87.81,1,53.2,0,74.65,1,61.04,1,51.77,0,hollow_concrete_block
PP,4,16.1,16.5,0.63,fibres,3,27.7,70.3,53,16.99,2.16,1.67,2124.7,5.24,0.76,88.5,67.48,1,41.25,0,27.48,0,21.84,0,100.0,1,71.37,1,74.2,1,86.94,1,57.65,1,71.09,1,55.99,1,56.67,1,hollow_concrete_block
PVC,3,32.9,2.0,0.53,fly_ash,1,24.9,62.0,63,14.19,1.99,1.67,2050.3,7.61,0.539,62.4,54.81,0,33.61,0,22.67,0,18.31,0,96.9,1,79.25,1,57.53,1,87.56,1,43.45,0,75.6,1,69.28,1,45.26,0,hollow_concrete_block
PET,0,1.3,19.6,0.47,fibres,3,3.0,77.9,83,35.81,5.77,3.51,2361.4,1.94,0.975,100.0,97.49,1,72.64,1,63.98,1,50.97,0,100.0,1,65.61,1,84.9,1,85.25,1,75.0,1,65.44,1,48.08,0,95.4,1,hollow_concrete_block
PP,4,1.0,1.8,0.38,fibres,3,17.7,60.0,18,19.45,3.46,1.88,2353.2,1.41,1.007,100.0,83.36,1,66.33,1,47.01,0,34.99,0,100.0,1,65.24,1,67.9,1,85.3,1,60.93,1,64.95,1,47.33,0,75.73,1,hollow_concrete_block
LDPE,2,1.5,15.1,0.43,fly_ash,1,16.3,76.5,11,15.61,1.43,1.55,2329.1,2.56,1.078,87.5,78.07,1,48.98,0,29.6,0,21.81,0,100.0,1,64.54,1,60.66,1,85.46,1,55.81,1,64.0,1,45.85,0,70.71,1,hollow_concrete_block
Mixed,5,22.5,14.1,0.56,silica_fume,2,17.2,38.9,88,27.03,3.43,2.74,2083.1,3.75,0.701,92.6,88.14,1,53.07,0,42.72,0,34.17,0,100.0,1,73.22,1,89.02,1,87.28,1,71.04,1,73.07,1,58.84,1,74.73,1,hollow_concrete_block
Mixed,5,2.6,15.8,0.36,none,0,0.0,68.5,41,25.18,3.25,2.42,2244.6,2.56,0.962,98.9,90.2,1,57.85,1,43.72,0,34.11,0,100.0,1,66.68,1,85.21,1,86.04,1,68.57,1,66.14,1,48.86,0,82.03,1,hollow_concrete_block
Mixed,5,33.2,16.5,0.63,fibres,3,23.5,51.8,66,11.84,1.77,1.16,1936.5,7.41,0.473,73.0,52.47,0,32.18,0,19.86,0,15.95,0,97.49,1,80.66,1,48.2,0,88.59,1,40.98,0,80.64,1,76.07,1,43.31,0,hollow_concrete_block
Mixed,5,8.9,1.8,0.49,fibres,3,20.6,68.8,51,19.97,3.05,1.86,2245.2,3.65,0.904,100.0,80.66,1,48.83,0,34.9,0,27.78,0,100.0,1,67.57,1,76.48,1,86.03,1,61.63,1,67.2,1,50.46,0,67.7,1,hollow_concrete_block
PP,4,22.3,6.2,0.47,fibres,3,28.7,28.9,65,20.77,2.28,2.32,2073.6,5.82,0.677,90.3,70.24,1,43.64,0,31.05,0,24.81,0,100.0,1,73.98,1,77.31,1,87.36,1,59.77,1,72.67,1,60.1,1,59.58,1,hollow_concrete_block
LDPE,2,38.1,10.0,0.52,fly_ash,1,7.0,30.5,44,5.86,0.6,0.48,1794.5,8.47,0.392,51.8,39.19,0,23.65,0,10.51,0,7.93,0,94.68,1,82.29,1,23.05,0,78.02,1,29.85,0,80.87,1,86.15,1,31.68,0,hollow_concrete_block
PVC,3,7.3,14.9,0.64,silica_fume,2,17.5,74.7,81,31.04,4.51,3.24,2352.1,2.6,0.903,100.0,97.42,1,63.27,1,52.57,0,41.94,0,100.0,1,66.77,1,85.56,1,85.31,1,75.0,1,66.79,1,50.08,0,89.63,1,hollow_concrete_block
PVC,3,32.3,1.8,0.6,silica_fume,2,5.0,45.8,87,16.1,2.35,1.51,2066.7,6.47,0.503,73.5,61.14,1,37.32,0,26.1,0,21.11,0,100.0,1,79.35,1,64.73,1,87.42,1,50.32,0,79.5,1,72.39,1,50.73,0,hollow_concrete_block
HDPE,1,1.1,9.6,0.5,fly_ash,1,3.2,44.6,23,15.28,2.08,1.5,2309.6,2.67,0.933,91.5,77.48,1,48.34,0,30.47,0,23.05,0,100.0,1,66.61,1,62.53,1,85.59,1,55.37,1,66.39,1,49.38,0,70.45,1,hollow_concrete_block
Mixed,5,26.6,1.0,0.59,silica_fume,2,2.9,75.9,72,15.48,1.88,1.56,1990.2,6.95,0.544,71.5,58.44,1,35.78,0,24.02,0,19.21,0,98.98,1,79.61,1,57.72,1,88.09,1,47.5,0,76.64,1,69.17,1,48.51,0,hollow_concrete_block
PET,0,9.4,13.8,0.58,fibres,3,27.0,73.8,13,9.04,0.86,1.22,2275.1,3.75,0.826,91.4,65.57,1,38.5,0,18.3,0,13.32,0,100.0,1,68.72,1,54.57,0,85.82,1,47.05,0,68.75,1,52.85,0,54.16,0,hollow_concrete_block
PVC,3,38.5,14.8,0.51,silica_fume,2,27.8,50.5,12,6.88,1.2,0.51,1964.9,5.66,0.466,57.8,48.4,0,28.29,0,14.59,0,11.2,0,100.0,1,80.36,1,38.07,0,84.19,1,42.15,0,82.26,1,76.68,1,39.15,0,hollow_concrete_block
PP,4,37.1,17.9,0.44,fly_ash,1,4.8,27.2,48,9.61,1.21,0.99,1788.4,9.23,0.323,54.3,43.48,0,26.68,0,15.52,0,12.33,0,93.06,1,82.37,1,29.94,0,87.46,1,33.04,0,85.6,1,86.18,1,35.65,0,hollow_concrete_block
PP,4,20.5,18.6,0.52,fibres,3,29.2,42.4,4,6.87,0.5,0.41,2072.5,5.7,0.771,80.2,51.78,0,30.91,0,12.8,0,9.31,0,100.0,1,71.59,1,51.48,0,83.17,1,41.91,0,67.98,1,55.78,1,42.1,0,hollow_concrete_block
PP,4,6.9,16.3,0.43,none,0,0.0,45.1,43,20.99,3.03,2.11,2170.6,2.68,0.902,93.6,84.07,1,52.68,0,38.52,0,30.0,0,100.0,1,68.21,1,82.51,1,86.59,1,62.99,1,67.57,1,50.82,0,76.46,1,hollow_concrete_block
PVC,3,26.7,16.7,0.4,fly_ash,1,11.4,25.1,79,25.39,3.29,2.73,2140.8,7.18,0.649,78.0,73.09,1,45.47,0,37.33,0,30.61,0,98.21,1,74.23,1,86.66,1,86.82,1,59.85,1,70.76,1,61.32,1,61.54,1,hollow_concrete_block
PVC,3,3.7,13.1,0.38,fly_ash,1,15.3,50.0,78,44.7,6.3,4.57,2325.8,2.62,0.901,100.0,97.23,1,74.73,1,69.88,1,57.29,1,100.0,1,67.0,1,87.44,1,85.48,1,75.0,1,66.93,1,50.24,0,97.24,1,hollow_concrete_block
LDPE,2,31.7,12.2,0.48,fly_ash,1,13.9,65.1,77,19.31,2.57,2.11,1918.8,7.59,0.594,69.6,61.57,1,38.04,0,29.25,0,23.85,0,96.96,1,78.29,1,58.52,1,88.76,1,50.34,0,73.59,1,65.83,1,51.54,0,hollow_concrete_block
Mixed,5,37.2,9.8,0.54,silica_fume,2,1.3,41.3,18,8.03,1.25,0.8,1858.4,8.43,0.432,41.4,41.35,0,24.86,0,14.32,0,11.36,0,94.77,1,81.52,1,28.17,0,88.35,1,32.85,0,83.01,1,81.32,1,33.51,0,hollow_concrete_block
LDPE,2,36.2,2.2,0.52,none,0,0.0,41.3,8,4.46,0.5,0.56,1871.5,8.03,0.543,43.0,37.48,0,22.26,0,9.03,0,6.67,0,87.48,1,75.66,1,23.57,0,68.89,1,29.19,0,65.69,1,69.89,1,29.94,0,hollow_concrete_block
PVC,3,36.0,13.0,0.4,silica_fume,2,20.2,68.5,73,23.37,3.5,2.25,2005.5,4.93,0.419,79.0,75.88,1,45.7,0,37.53,0,30.55,0,100.0,1,79.95,1,73.88,1,87.95,1,66.16,1,88.82,1,82.25,1,63.6,1,hollow_concrete_block
PP,4,9.0,14.6,0.46,fibres,3,17.4,71.5,87,31.34,3.96,3.24,2183.8,3.16,0.925,100.0,96.18,1,59.96,1,49.68,0,39.68,0,100.0,1,67.73,1,97.59,1,86.49,1,75.0,1,67.07,1,50.1,0,84.42,1,hollow_concrete_block
Mixed,5,25.6,4.0,0.54,fibres,3,21.1,37.0,81,14.66,2.24,1.41,2023.5,6.48,0.628,85.7,59.97,1,37.02,0,24.38,0,19.69,0,100.0,1,76.0,1,62.37,1,87.79,1,48.35,0,73.37,1,63.1,1,50.11,0,hollow_concrete_block
PVC,3,15.3,5.3,0.43,fibres,3,0.8,47.2,42,20.03,2.36,2.09,2223.9,4.45,0.719,84.8,75.65,1,45.35,0,31.92,0,25.24,0,100.0,1,71.53,1,74.85,1,86.19,1,61.71,1,71.85,1,57.37,1,63.14,1,hollow_concrete_block
HDPE,1,2.6,0.7,0.52,none,0,0.0,43.2,23,12.6,1.58,1.44,2314.9,1.75,1.048,86.6,73.95,1,53.48,0,31.79,0,22.58,0,100.0,1,65.0,1,56.43,1,85.55,1,51.8,0,64.48,1,46.54,0,66.93,1,hollow_concrete_block
LDPE,2,23.2,5.2,0.54,silica_fume,2,16.3,27.5,67,23.23,3.33,2.45,2077.1,3.5,0.693,86.4,84.93,1,49.95,0,39.17,0,31.23,0,100.0,1,73.5,1,80.66,1,87.33,1,65.97,1,73.36,1,59.26,1,71.27,1,hollow_concrete_block
PP,4,38.4,15.7,0.43,fibres,3,16.0,50.1,81,15.66,2.43,1.75,1753.7,9.61,0.346,69.9,52.75,0,33.01,0,24.51,0,20.22,0,92.34,1,82.81,1,44.02,0,87.18,1,40.3,0,85.49,1,86.4,1,44.11,0,hollow_concrete_block
PET,0,35.2,3.2,0.43,fibres,3,4.5,79.3,70,16.37,2.87,1.58,2007.6,8.91,0.457,64.6,55.75,1,34.71,0,26.54,0,22.07,0,93.71,1,79.92,1,58.68,1,85.89,1,42.78,0,79.62,1,77.48,1,46.37,0,hollow_concrete_block
PVC,3,24.1,1.8,0.36,none,0,0.0,25.4,12,10.23,1.84,1.04,2179.0,6.63,0.606,64.0,52.62,0,31.79,0,18.85,0,15.13,0,100.0,1,75.36,1,56.39,1,86.52,1,41.79,0,73.26,1,63.78,1,42.92,0,hollow_concrete_block
HDPE,1,39.9,2.7,0.62,fly_ash,1,10.7,65.3,79,9.65,1.15,1.86,1825.9,9.53,0.37,61.9,44.39,0,27.49,0,15.32,0,12.15,0,92.49,1,81.91,1,33.81,0,86.51,1,32.45,0,85.08,1,85.95,1,36.46,0,hollow_concrete_block
Mixed,5,32.6,20.0,0.61,fibres,3,3.2,32.8,55,11.66,2.2,1.53,1898.1,7.42,0.461,57.8,50.09,0,30.38,0,20.75,0,16.96,0,97.46,1,81.07,1,41.26,0,88.97,1,40.7,0,81.73,1,77.6,1,41.19,0,hollow_concrete_block
PET,0,13.7,19.6,0.36,silica_fume,2,9.6,50.7,54,36.25,4.9,4.04,2274.3,3.61,0.892,98.2,94.55,1,62.88,1,55.89,1,45.42,0,100.0,1,67.54,1,91.12,1,85.83,1,75.0,1,67.32,1,50.7,0,87.63,1,hollow_concrete_block
LDPE,2,31.2,14.2,0.62,silica_fume,2,27.2,36.7,41,12.09,1.09,1.17,1884.5,4.65,0.536,70.0,60.07,1,35.05,0,20.55,0,15.54,0,100.0,1,81.1,1,44.13,0,89.1,1,51.12,0,81.17,1,70.39,1,49.41,0,hollow_concrete_block
PVC,3,5.8,2.9,0.38,silica_fume,2,19.5,72.4,40,37.33,4.86,3.82,2281.7,1.94,0.961,99.7,96.9,1,73.52,1,63.23,1,49.73,0,100.0,1,66.41,1,90.59,1,85.78,1,75.0,1,66.0,1,48.74,0,96.8,1,hollow_concrete_block
LDPE,2,1.1,11.6,0.47,none,0,0.0,48.2,64,24.66,3.42,2.36,2361.3,1.91,0.956,100.0,90.37,1,63.41,1,47.17,0,36.15,0,100.0,1,65.89,1,76.01,1,85.25,1,67.88,1,65.77,1,48.57,0,82.02,1,hollow_concrete_block
Mixed,5,2.6,10.6,0.56,none,0,0.0,52.8,3,10.08,1.26,1.1,2376.8,2.44,1.017,86.0,71.05,1,45.11,0,24.16,0,17.35,0,100.0,1,64.94,1,47.65,0,85.15,1,48.44,0,64.71,1,47.01,0,64.16,1,hollow_concrete_block
PVC,3,18.5,11.2,0.38,none,0,0.0,46.6,55,23.06,3.22,2.43,2135.6,5.02,0.692,89.6,76.49,1,46.95,0,36.42,0,29.51,0,100.0,1,73.0,1,85.38,1,86.86,1,65.75,1,73.11,1,59.05,1,64.8,1,hollow_concrete_block
PP,4,33.9,2.5,0.42,silica_fume,2,18.7,75.1,83,26.0,3.39,2.39,1876.9,5.13,0.546,83.0,78.06,1,47.37,0,39.67,0,32.19,0,100.0,1,80.73,1,70.11,1,89.18,1,69.67,1,80.67,1,69.61,1,65.9,1,hollow_concrete_block
PVC,3,37.9,11.1,0.53,fly_ash,1,21.0,54.9,82,13.36,1.63,1.61,1983.9,9.3,0.424,60.3,50.57,0,31.41,0,20.3,0,16.35,0,92.92,1,80.16,1,50.86,0,85.35,1,37.89,0,82.09,1,81.68,1,41.78,0,hollow_concrete_block
PP,4,17.6,18.6,0.46,silica_fume,2,20.7,72.0,44,24.83,3.19,2.37,2101.7,3.31,0.656,88.6,88.67,1,52.31,0,40.86,0,32.35,0,100.0,1,74.36,1,85.65,1,87.13,1,68.11,1,74.54,1,61.1,1,74.87,1,hollow_concrete_block
LDPE,2,23.5,19.6,0.59,none,0,0.0,26.6,81,14.45,1.83,1.47,1997.4,6.78,0.707,81.9,58.74,1,36.07,0,22.96,0,18.33,0,99.58,1,73.89,1,59.18,1,88.02,1,46.8,0,70.11,1,58.96,1,48.75,0,hollow_concrete_block
HDPE,1,28.9,13.8,0.37,fibres,3,29.8,34.8,51,18.35,2.28,1.85,1943.8,6.96,0.508,84.3,63.23,1,39.22,0,27.88,0,22.51,0,98.95,1,80.58,1,62.47,1,88.52,1,51.29,0,78.97,1,72.53,1,53.11,0,hollow_concrete_block
Mixed,5,1.8,2.7,0.49,fibres,3,20.5,23.7,79,30.44,4.47,3.18,2360.5,1.82,0.993,100.0,97.49,1,69.4,1,56.27,1,43.84,0,100.0,1,65.37,1,84.96,1,85.25,1,75.0,1,65.15,1,47.64,0,88.95,1,hollow_concrete_block
PP,4,30.1,11.3,0.47,fibres,3,9.4,44.6,85,17.57,2.33,1.97,1903.9,8.04,0.576,78.8,59.52,1,37.06,0,26.71,0,21.74,0,95.73,1,79.16,1,56.91,1,88.81,1,46.64,0,73.93,1,67.17,1,49.81,0,hollow_concrete_block
HDPE,1,4.0,11.8,0.45,none,0,0.0,42.7,3,12.5,1.88,1.06,2350.2,2.82,0.941,80.0,73.77,1,44.27,0,26.66,0,20.05,0,100.0,1,66.19,1,52.05,0,85.32,1,51.67,0,66.08,1,49.01,0,64.63,1,hollow_concrete_block
PET,0,1.0,13.3,0.52,fly_ash,1,9.0,78.3,35,21.78,3.2,2.3,2325.1,2.51,1.031,91.7,86.26,1,54.96,0,40.4,0,31.45,0,100.0,1,65.14,1,72.31,1,85.48,1,64.04,1,64.69,1,46.88,0,78.37,1,hollow_concrete_block
HDPE,1,1.9,18.4,0.65,silica_fume,2,23.6,64.4,74,31.18,4.54,2.8,2328.2,1.23,1.032,100.0,97.25,1,77.89,1,64.21,1,48.55,0,100.0,1,65.1,1,87.27,1,85.46,1,75.0,1,64.67,1,46.85,0,89.67,1,hollow_concrete_block
PP,4,17.4,10.2,0.37,fibres,3,7.9,20.9,42,23.32,3.11,2.53,2160.4,4.7,0.754,92.8,78.37,1,48.14,0,36.77,0,29.62,0,100.0,1,71.2,1,86.92,1,86.66,1,66.09,1,71.09,1,56.09,1,66.38,1,hollow_concrete_block
LDPE,2,16.9,7.6,0.58,silica_fume,2,16.1,21.8,60,23.82,3.35,2.54,2109.6,2.74,0.803,82.4,87.37,1,53.41,0,41.93,0,32.93,0,100.0,1,70.57,1,82.94,1,87.06,1,66.76,1,70.04,1,54.37,0,78.04,1,hollow_concrete_block
LDPE,2,30.7,19.3,0.41,none,0,0.0,45.5,34,10.54,1.84,0.98,1890.2,7.88,0.497,57.4,47.7,0,29.03,0,18.52,0,15.01,0,96.15,1,81.16,1,38.73,0,89.05,1,37.74,0,78.63,1,73.87,1,39.13,0,hollow_concrete_block
LDPE,2,10.3,8.4,0.46,fly_ash,1,25.6,31.1,56,26.82,3.7,2.43,2221.8,4.04,0.828,89.8,86.97,1,52.55,0,42.67,0,34.44,0,100.0,1,69.11,1,87.6,1,86.2,1,70.76,1,68.93,1,52.99,0,73.66,1,hollow_concrete_block
LDPE,2,28.0,1.6,0.47,silica_fume,2,18.1,40.8,9,11.69,1.99,1.11,1969.2,4.72,0.624,64.2,59.14,1,34.45,0,22.31,0,17.58,0,100.0,1,76.68,1,48.03,0,88.28,1,50.59,0,76.47,1,63.62,1,48.47,0,hollow_concrete_block
PET,0,27.8,13.7,0.4,fly_ash,1,3.6,29.1,26,11.18,1.43,1.19,2134.9,6.81,0.623,61.5,52.86,0,31.99,0,18.67,0,14.71,0,99.47,1,75.14,1,58.32,1,86.86,1,42.32,0,72.42,1,62.89,1,43.23,0,hollow_concrete_block
PVC,3,17.1,17.7,0.56,fibres,3,9.3,28.1,43,14.91,2.54,1.64,2150.3,4.85,0.806,80.7,66.21,1,39.46,0,26.76,0,21.46,0,100.0,1,70.14,1,70.52,1,86.74,1,54.88,0,69.77,1,54.08,0,54.67,0,hollow_concrete_block
PP,4,2.7,1.0,0.37,silica_fume,2,21.3,26.0,50,42.23,5.67,4.36,2340.8,1.5,1.083,100.0,97.34,1,84.09,1,74.18,1,57.97,1,100.0,1,64.4,1,86.37,1,85.38,1,75.0,1,63.89,1,45.7,0,97.32,1,hollow_concrete_block
PP,4,32.6,5.4,0.59,fibres,3,29.8,20.4,71,12.4,1.49,1.05,1889.0,7.67,0.595,83.8,53.56,0,33.27,0,19.6,0,15.57,0,96.73,1,78.58,1,48.51,0,89.06,1,40.87,0,73.61,1,65.92,1,44.56,0,hollow_concrete_block
PET,0,4.3,12.0,0.64,fibres,3,21.3,79.5,19,12.93,1.46,1.16,2346.0,2.55,0.992,93.4,74.62,1,47.39,0,27.04,0,19.83,0,100.0,1,65.49,1,56.5,1,85.35,1,52.24,0,65.22,1,47.72,0,67.86,1,hollow_concrete_block
HDPE,1,35.0,3.9,0.53,silica_fume,2,13.3,67.1,4,7.32,0.81,0.71,1869.2,6.51,0.431,49.2,44.93,0,26.45,0,13.44,0,10.16,0,100.0,1,81.4,1,29.76,0,88.06,1,38.43,0,85.22,1,81.38,1,36.38,0,hollow_concrete_block
LDPE,2,17.8,19.9,0.47,silica_fume,2,25.6,58.3,57,27.94,4.11,2.61,2056.0,3.39,0.657,98.3,91.98,1,55.39,1,46.08,0,37.12,0,100.0,1,74.75,1,89.85,1,87.51,1,72.25,1,74.73,1,61.26,1,77.95,1,hollow_concrete_block
PET,0,5.9,2.7,0.4,fly_ash,1,15.9,33.7,64,36.38,4.63,3.54,2304.1,2.85,0.913,100.0,97.07,1,66.26,1,57.31,1,45.91,0,100.0,1,66.96,1,88.99,1,85.62,1,75.0,1,66.78,1,49.97,0,93.85,1,hollow_concrete_block
LDPE,2,9.1,7.2,0.53,fibres,3,26.0,51.9,62,21.24,2.69,2.06,2262.3,4.31,0.763,100.0,78.28,1,48.32,0,34.15,0,27.17,0,100.0,1,70.16,1,77.38,1,85.91,1,63.32,1,70.4,1,55.3,1,65.96,1,hollow_concrete_block
PP,4,14.0,16.5,0.4,silica_fume,2,28.4,30.5,19,22.15,3.38,2.1,2094.7,2.95,0.743,86.9,85.05,1,51.29,0,39.64,0,31.33,0,100.0,1,72.04,1,80.25,1,87.19,1,64.53,1,71.72,1,56.85,1,74.38,1,hollow_concrete_block
PET,0,26.9,14.0,0.42,silica_fume,2,26.4,41.7,37,19.75,2.94,2.0,2112.5,4.37,0.575,79.2,74.46,1,44.19,0,33.2,0,26.63,0,100.0,1,77.12,1,75.55,1,87.04,1,61.33,1,77.92,1,66.21,1,61.93,1,hollow_concrete_block
PET,0,1.3,18.9,0.43,silica_fume,2,8.6,48.0,21,22.34,3.06,2.04,2349.1,2.28,0.94,100.0,87.19,1,57.96,1,41.69,0,32.11,0,100.0,1,66.21,1,73.01,1,85.33,1,64.79,1,66.1,1,49.05,0,79.17,1,hollow_concrete_block
HDPE,1,33.8,2.0,0.39,fly_ash,1,4.6,62.8,60,16.65,2.4,1.33,1826.0,8.14,0.532,63.7,55.73,1,34.38,0,25.93,0,21.19,0,95.48,1,81.91,1,45.94,0,89.37,1,45.13,0,76.59,1,71.07,1,46.5,0,hollow_concrete_block
LDPE,2,30.8,12.5,0.57,fibres,3,20.5,57.2,13,8.91,1.47,0.71,1910.5,8.53,0.476,61.7,45.23,0,27.76,0,15.71,0,12.61,0,94.54,1,80.94,1,38.56,0,87.6,1,33.76,0,79.16,1,75.89,1,36.98,0,hollow_concrete_block
PVC,3,17.5,15.6,0.58,fly_ash,1,19.9,58.7,89,24.99,3.71,2.75,2172.2,5.6,0.849,88.5,77.27,1,47.85,0,39.03,0,32.01,0,100.0,1,69.12,1,87.76,1,86.57,1,66.65,1,67.95,1,52.48,0,65.54,1,hollow_concrete_block
Mixed,5,6.7,3.8,0.41,fibres,3,20.6,69.2,63,30.81,4.14,3.09,2260.9,3.52,0.96,100.0,95.16,1,58.6,1,48.74,0,39.26,0,100.0,1,66.58,1,92.08,1,85.92,1,75.0,1,66.1,1,48.85,0,81.6,1,hollow_concrete_block
LDPE,2,28.6,13.3,0.37,none,0,0.0,56.4,52,18.63,3.07,2.03,1925.5,6.9,0.53,73.0,62.44,1,38.35,0,30.17,0,24.85,0,99.15,1,80.77,1,58.73,1,88.7,1,51.89,0,77.86,1,70.67,1,52.2,0,hollow_concrete_block
HDPE,1,33.1,5.5,0.56,fly_ash,1,1.0,56.5,32,6.15,1.06,0.4,1914.6,7.96,0.57,56.5,41.79,0,25.25,0,12.15,0,9.49,0,95.94,1,79.28,1,32.92,0,79.8,1,31.65,0,69.76,1,67.55,1,33.78,0,hollow_concrete_block
LDPE,2,28.8,10.3,0.39,fly_ash,1,9.9,33.8,42,17.9,2.94,1.82,1903.4,6.76,0.464,63.1,60.41,1,36.79,0,29.19,0,23.98,0,99.65,1,81.02,1,53.4,0,88.91,1,51.48,0,82.53,1,77.23,1,50.34,0,hollow_concrete_block
PET,0,1.4,18.5,0.56,none,0,0.0,50.9,53,20.35,2.68,2.0,2351.2,2.13,0.923,97.3,84.55,1,57.24,1,39.57,0,30.02,0,100.0,1,66.46,1,69.49,1,85.31,1,62.13,1,66.41,1,49.51,0,76.79,1,hollow_concrete_block
PVC,3,19.0,6.1,0.62,fibres,3,10.4,30.3,35,10.2,1.35,1.29,2161.4,6.13,0.787,72.6,54.72,0,32.99,0,17.93,0,13.98,0,100.0,1,70.45,1,59.8,1,86.66,1,44.05,0,68.25,1,54.75,0,44.73,0,hollow_concrete_block
LDPE,2,36.7,19.1,0.43,fibres,3,1.6,51.9,71,12.25,1.7,1.46,1810.5,8.97,0.51,62.8,48.5,0,29.99,0,19.47,0,15.73,0,93.58,1,82.09,1,37.27,0,87.72,1,37.14,0,77.07,1,73.11,1,40.13,0,hollow_concrete_block
LDPE,2,27.5,9.8,0.54,fibres,3,21.1,53.1,4,5.08,0.93,0.54,1936.2,6.81,0.584,57.9,42.82,0,25.42,0,11.32,0,8.63,0,97.69,1,77.36,1,33.04,0,72.46,1,34.18,0,67.1,1,66.43,1,34.47,0,hollow_concrete_block
Mixed,5,27.4,15.2,0.59,silica_fume,2,7.2,55.7,21,10.21,1.29,0.46,2006.8,5.64,0.673,57.6,53.19,0,31.36,0,18.16,0,14.04,0,100.0,1,74.74,1,46.56,0,87.94,1,46.71,0,73.59,1,60.63,1,43.4,0,hollow_concrete_block
PP,4,18.3,10.3,0.55,fibres,3,24.1,54.1,57,15.32,2.3,1.4,2062.2,5.5,0.673,86.3,63.88,1,38.93,0,25.92,0,20.78,0,100.0,1,74.21,1,66.39,1,87.46,1,54.37,0,73.66,1,60.36,1,53.37,0,hollow_concrete_block
PP,4,21.1,15.6,0.62,none,0,0.0,38.4,43,13.35,2.04,1.28,2045.0,6.0,0.732,66.7,57.7,1,34.69,0,22.89,0,18.32,0,100.0,1,72.77,1,56.85,1,87.6,1,48.91,0,70.62,1,57.57,1,47.53,0,hollow_concrete_block
PVC,3,23.2,3.1,0.49,silica_fume,2,25.2,60.9,35,19.5,2.58,1.91,2134.4,3.7,0.689,82.0,78.78,1,46.01,0,33.16,0,26.1,0,100.0,1,73.09,1,77.41,1,86.87,1,61.0,1,73.22,1,59.2,1,65.37,1,hollow_concrete_block
PVC,3,9.3,16.3,0.61,fibres,3,21.3,30.5,19,8.8,0.82,0.81,2316.5,3.33,0.85,85.3,68.89,1,39.26,0,18.86,0,13.54,0,100.0,1,67.95,1,49.65,0,85.54,1,46.73,0,68.03,1,51.87,0,56.25,1,hollow_concrete_block
HDPE,1,33.3,13.1,0.53,fly_ash,1,15.6,34.3,16,7.04,1.04,0.98,1900.8,7.67,0.638,49.2,42.47,0,25.44,0,13.12,0,10.2,0,96.73,1,76.94,1,31.55,0,85.87,1,33.72,0,70.2,1,63.14,1,34.35,0,hollow_concrete_block
HDPE,1,39.0,19.7,0.55,fibres,3,0.9,75.2,23,5.02,1.13,0.41,1857.8,8.67,0.487,44.7,37.41,0,22.46,0,10.92,0,8.65,0,91.81,1,80.0,1,23.96,0,71.3,1,28.22,0,70.3,1,75.05,1,30.0,0,hollow_concrete_block
PP,4,8.4,3.9,0.61,none,0,0.0,62.7,74,21.22,3.54,1.9,2266.9,2.95,0.822,91.4,85.09,1,51.79,0,39.11,0,31.03,0,100.0,1,68.87,1,75.45,1,85.88,1,63.29,1,68.88,1,53.02,0,74.51,1,hollow_concrete_block
HDPE,1,6.7,2.9,0.59,none,0,0.0,31.1,25,12.75,1.8,1.24,2261.3,3.44,0.933,85.0,72.82,1,41.96,0,25.0,0,19.08,0,100.0,1,66.98,1,60.09,1,85.92,1,52.0,0,66.58,1,49.57,0,59.9,1,hollow_concrete_block
PET,0,0.7,14.0,0.47,fibres,3,11.4,22.7,6,16.1,2.25,1.51,2361.6,1.67,0.956,95.6,78.96,1,58.66,1,37.69,0,27.5,0,100.0,1,65.88,1,61.23,1,85.24,1,56.47,1,65.77,1,48.57,0,71.75,1,hollow_concrete_block
PP,4,33.7,12.1,0.61,fibres,3,21.4,27.3,73,11.98,1.32,0.9,1864.5,8.52,0.551,74.2,50.52,0,31.35,0,18.41,0,14.6,0,94.56,1,80.65,1,43.6,0,88.09,1,37.88,0,74.87,1,69.28,1,41.82,0,hollow_concrete_block
PET,0,32.7,4.2,0.47,none,0,0.0,37.3,33,12.83,1.76,1.26,1955.8,7.71,0.552,61.3,51.99,0,31.8,0,20.69,0,16.62,0,96.62,1,79.61,1,48.23,0,88.41,1,41.32,0,75.27,1,68.7,1,42.88,0,hollow_concrete_block
PP,4,11.6,6.7,0.42,none,0,0.0,55.4,9,9.96,1.53,1.2,2182.7,3.17,0.838,78.5,68.96,1,39.55,0,22.2,0,16.56,0,100.0,1,69.24,1,59.39,1,86.49,1,48.28,0,68.87,1,52.8,0,57.4,1,hollow_concrete_block
PVC,3,11.1,15.8,0.58,fly_ash,1,5.8,38.6,78,20.6,2.81,1.83,2167.4,4.41,0.833,97.5,76.2,1,46.85,0,33.67,0,26.92,0,100.0,1,69.46,1,83.09,1,86.61,1,62.47,1,69.05,1,53.04,0,64.27,1,hollow_concrete_block
LDPE,2,33.3,15.9,0.36,fly_ash,1,22.0,79.7,61,22.31,3.02,2.21,1890.8,8.38,0.517,70.9,64.28,1,40.1,0,33.04,0,27.2,0,94.89,1,81.16,1,61.85,1,88.13,1,52.02,0,76.78,1,72.0,1,54.15,0,hollow_concrete_block
PVC,3,36.6,0.6,0.6,silica_fume,2,28.3,77.1,78,16.51,2.01,1.64,2008.5,4.67,0.384,77.0,67.64,1,40.09,0,27.25,0,21.41,0,100.0,1,79.92,1,62.15,1,87.92,1,57.01,1,90.62,1,84.96,1,56.07,1,hollow_concrete_block
PVC,3,17.5,2.0,0.36,none,0,0.0,46.2,88,30.75,4.26,3.0,2229.4,5.65,0.676,93.0,84.21,1,53.44,0,46.12,0,37.93,0,100.0,1,72.67,1,93.17,1,86.15,1,73.04,1,72.4,1,59.47,1,72.79,1,hollow_concrete_block
PVC,3,16.9,2.3,0.35,fibres,3,27.5,37.9,14,16.55,2.5,1.65,2155.3,4.77,0.721,88.0,69.0,1,41.73,0,28.39,0,22.68,0,100.0,1,72.05,1,74.77,1,86.7,1,57.07,1,72.09,1,57.57,1,57.75,1,hollow_concrete_block
Mixed,5,3.6,16.9,0.65,fly_ash,1,29.6,20.1,60,24.6,3.24,2.26,2301.7,3.06,0.874,98.5,89.85,1,55.05,1,41.41,0,32.68,0,100.0,1,67.63,1,80.16,1,85.64,1,67.8,1,67.58,1,51.15,0,77.78,1,hollow_concrete_block
PP,4,13.0,8.3,0.6,silica_fume,2,23.2,48.2,69,27.36,3.61,2.42,2183.3,2.54,0.814,96.0,92.65,1,59.26,1,46.88,0,36.81,0,100.0,1,69.7,1,92.84,1,86.49,1,71.48,1,69.43,1,53.64,0,84.32,1,hollow_concrete_block
PP,4,0.6,15.6,0.58,fibres,3,12.6,32.1,73,25.17,3.38,2.5,2321.2,1.49,1.127,100.0,90.75,1,69.55,1,51.52,0,38.66,0,100.0,1,64.06,1,79.72,1,85.51,1,68.56,1,63.39,1,44.91,0,82.42,1,hollow_concrete_block
HDPE,1,15.1,14.6,0.52,fibres,3,4.8,56.4,4,9.06,0.74,0.51,2143.0,4.79,0.837,71.1,57.45,1,33.6,0,16.48,0,12.15,0,100.0,1,69.6,1,57.83,1,86.8,1,47.08,0,69.07,1,53.01,0,46.75,0,hollow_concrete_block
PP,4,9.4,9.0,0.52,none,0,0.0,48.3,90,25.17,3.24,2.82,2242.0,3.19,0.861,100.0,90.17,1,54.85,0,41.63,0,32.92,0,100.0,1,68.33,1,85.38,1,86.06,1,68.56,1,68.1,1,51.8,0,77.08,1,hollow_concrete_block
Mixed,5,25.6,15.7,0.37,none,0,0.0,42.3,78,22.42,3.37,2.41,2024.3,6.5,0.691,84.4,70.27,1,43.53,0,34.95,0,28.73,0,100.0,1,74.06,1,75.03,1,87.78,1,58.61,1,71.0,1,59.61,1,59.24,1,hollow_concrete_block
PVC,3,7.2,9.3,0.37,fibres,3,26.9,21.4,79,38.68,4.93,3.94,2302.5,2.19,0.905,100.0,97.06,1,72.46,1,63.18,1,50.08,0,100.0,1,67.11,1,89.11,1,85.64,1,75.0,1,66.94,1,50.21,0,97.12,1,hollow_concrete_block
HDPE,1,5.1,18.9,0.39,silica_fume,2,13.6,77.8,69,48.33,6.49,4.8,2320.9,1.95,0.972,100.0,97.19,1,83.07,1,73.68,1,60.0,1,100.0,1,65.95,1,87.79,1,85.51,1,75.0,1,65.65,1,48.31,0,97.22,1,hollow_concrete_block
PP,4,22.4,17.5,0.46,silica_fume,2,29.3,53.2,3,12.64,1.77,1.33,2026.5,3.88,0.536,70.6,66.2,1,38.0,0,23.94,0,18.42,0,100.0,1,79.61,1,55.35,1,87.76,1,51.85,0,80.38,1,69.65,1,54.3,0,hollow_concrete_block
PP,4,14.7,3.2,0.37,fibres,3,10.8,50.6,18,16.67,1.72,1.56,2136.0,4.31,0.745,82.9,71.25,1,42.14,0,27.16,0,21.03,0,100.0,1,71.62,1,73.04,1,86.85,1,57.23,1,71.46,1,56.58,1,59.02,1,hollow_concrete_block
PVC,3,19.5,6.2,0.38,fly_ash,1,14.6,43.1,26,19.25,2.41,1.81,2142.8,4.54,0.715,75.8,72.75,1,43.24,0,31.15,0,24.7,0,100.0,1,72.32,1,76.0,1,86.8,1,60.67,1,72.33,1,57.9,1,60.42,1,hollow_concrete_block
PET,0,3.9,13.6,0.6,fly_ash,1,8.4,56.5,78,27.57,3.6,2.51,2312.8,3.03,0.949,100.0,93.89,1,57.92,1,45.37,0,35.99,0,100.0,1,66.34,1,84.32,1,85.57,1,71.76,1,66.08,1,48.94,0,81.66,1,hollow_concrete_block
PVC,3,37.6,9.0,0.4,fly_ash,1,18.1,48.7,68,19.58,2.52,1.91,2041.8,8.69,0.373,61.3,60.17,1,37.43,0,28.95,0,23.68,0,94.18,1,79.59,1,65.62,1,86.04,1,47.59,0,84.65,1,84.8,1,50.26,0,hollow_concrete_block
PP,4,3.0,1.5,0.56,silica_fume,2,21.6,42.0,19,17.39,2.54,1.56,2314.8,1.23,0.849,97.0,80.33,1,65.72,1,45.42,0,32.49,0,100.0,1,67.98,1,67.08,1,85.55,1,58.19,1,68.06,1,51.91,0,73.05,1,hollow_concrete_block
PET,0,32.9,7.3,0.44,fibres,3,25.0,22.7,58,16.04,2.4,1.47,2007.5,8.08,0.582,77.3,58.0,1,36.1,0,25.34,0,20.73,0,95.63,1,77.83,1,61.38,1,87.73,1,44.49,0,73.02,1,66.2,1,48.3,0,hollow_concrete_block
PP,4,5.1,17.0,0.39,silica_fume,2,14.9,20.0,76,52.42,7.24,4.93,2305.3,2.41,0.959,100.0,97.08,1,82.58,1,71.07,1,60.53,1,100.0,1,66.25,1,88.91,1,85.62,1,75.0,1,65.94,1,48.7,0,97.13,1,hollow_concrete_block
PET,0,37.5,1.5,0.54,fly_ash,1,27.8,73.9,55,13.36,2.14,1.66,2015.9,8.78,0.372,55.8,50.9,0,31.4,0,21.75,0,17.81,0,93.98,1,79.84,1,52.0,0,86.08,1,39.07,0,84.69,1,84.92,1,41.95,0,hollow_concrete_block
LDPE,2,38.0,9.5,0.41,fly_ash,1,8.4,71.9,25,9.16,1.5,1.19,1803.7,9.68,0.342,50.9,42.07,0,25.85,0,15.66,0,12.67,0,92.22,1,82.18,1,28.58,0,86.49,1,31.5,0,85.09,1,86.09,1,34.41,0,hollow_concrete_block
PP,4,6.5,11.4,0.45,silica_fume,2,0.2,25.3,69,24.81,2.9,2.44,2212.4,3.09,0.904,100.0,89.47,1,54.8,0,40.69,0,31.88,0,100.0,1,67.83,1,86.89,1,86.27,1,68.08,1,67.34,1,50.59,0,77.31,1,hollow_concrete_block
Mixed,5,37.8,16.4,0.4,silica_fume,2,21.5,34.4,20,9.74,1.64,0.99,1908.4,5.11,0.366,55.7,53.44,0,31.02,0,19.06,0,14.88,0,100.0,1,80.96,1,38.26,0,88.86,1,47.99,0,91.18,1,85.48,1,43.58,0,hollow_concrete_block
PVC,3,2.9,18.9,0.51,silica_fume,2,0.2,24.0,47,17.64,2.61,2.06,2305.5,2.76,0.88,96.0,80.6,1,50.28,0,33.83,0,26.11,0,100.0,1,67.5,1,67.91,1,85.61,1,58.52,1,67.44,1,50.95,0,72.29,1,hollow_concrete_block
PP,4,25.7,15.2,0.37,none,0,0.0,54.5,3,9.27,0.86,0.89,2000.1,5.45,0.681,60.0,52.8,0,31.0,0,16.31,0,12.26,0,100.0,1,74.58,1,45.13,0,88.0,1,46.61,0,73.84,1,60.24,1,43.0,0,hollow_concrete_block
PP,4,7.1,9.5,0.59,none,0,0.0,38.9,57,18.39,2.45,1.49,2263.4,3.24,0.895,94.1,81.29,1,48.39,0,32.75,0,25.47,0,100.0,1,67.57,1,71.68,1,85.91,1,59.52,1,67.3,1,50.65,0,68.67,1,hollow_concrete_block
PET,0,29.9,1.4,0.46,fibres,3,1.6,54.2,28,11.65,2.21,1.2,2039.2,7.31,0.572,62.6,51.91,0,31.62,0,20.82,0,17.01,0,97.8,1,77.93,1,52.55,0,87.65,1,41.07,0,74.38,1,66.77,1,42.61,0,hollow_concrete_block
PET,0,1.3,1.9,0.48,silica_fume,2,20.4,20.3,64,40.2,5.63,4.34,2330.2,1.71,1.005,100.0,97.26,1,79.02,1,69.87,1,55.05,1,100.0,1,65.43,1,87.13,1,85.45,1,75.0,1,65.08,1,47.46,0,97.26,1,hollow_concrete_block
LDPE,2,36.2,16.7,0.55,silica_fume,2,16.9,39.6,40,10.99,1.3,1.1,1786.4,5.53,0.47,65.9,53.96,0,31.86,0,19.06,0,14.73,0,100.0,1,82.39,1,35.21,0,90.15,1,48.41,0,85.45,1,77.26,1,44.38,0,hollow_concrete_block
HDPE,1,32.4,3.2,0.52,fibres,3,12.4,53.3,30,10.04,1.59,1.24,1870.7,7.77,0.635,60.5,47.45,0,28.87,0,17.45,0,13.98,0,96.45,1,77.38,1,37.3,0,89.24,1,37.41,0,71.9,1,63.49,1,38.91,0,hollow_concrete_block
PVC,3,13.8,12.1,0.43,fibres,3,23.0,44.8,14,14.88,2.37,1.19,2228.2,4.54,0.809,84.0,68.37,1,40.71,0,26.68,0,21.2,0,100.0,1,69.43,1,65.75,1,86.16,1,54.84,0,69.35,1,53.64,0,56.54,1,hollow_concrete_block
PP,4,31.7,10.5,0.39,fibres,3,6.1,38.7,71,18.15,2.4,1.8,1927.5,8.43,0.594,77.2,59.7,1,37.29,0,27.31,0,22.3,0,94.77,1,78.2,1,59.15,1,87.66,1,46.34,0,72.49,1,65.78,1,49.99,0,hollow_concrete_block
PET,0,8.5,15.5,0.58,none,0,0.0,35.5,8,7.36,0.91,0.78,2248.6,3.76,0.909,76.4,62.33,1,35.47,0,16.73,0,12.14,0,100.0,1,67.46,1,49.81,0,85.08,1,44.81,0,66.62,1,50.3,0,50.43,0,hollow_concrete_block
HDPE,1,14.1,11.4,0.53,fly_ash,1,20.5,24.1,40,20.34,2.58,2.22,2133.1,4.16,0.815,82.8,76.96,1,45.6,0,33.2,0,26.31,0,100.0,1,70.11,1,78.92,1,86.88,1,62.12,1,69.63,1,53.82,0,64.07,1,hollow_concrete_block
HDPE,1,38.8,15.8,0.57,fibres,3,7.7,65.8,33,8.04,1.13,0.87,1814.8,8.53,0.356,49.9,41.93,0,25.41,0,13.99,0,11.03,0,94.54,1,82.04,1,27.25,0,88.59,1,32.6,0,86.13,1,86.02,1,34.12,0,hollow_concrete_block
LDPE,2,34.9,3.5,0.51,fibres,3,25.9,78.7,58,11.98,1.68,1.33,1844.5,8.51,0.469,78.6,50.91,0,31.68,0,19.31,0,15.56,0,94.58,1,81.69,1,43.3,0,88.32,1,37.91,0,80.08,1,77.02,1,42.22,0,hollow_concrete_block
PET,0,29.8,9.2,0.53,fly_ash,1,29.7,79.8,41,13.77,2.63,1.45,2054.5,7.0,0.481,57.7,54.86,0,33.28,0,24.15,0,19.87,0,98.81,1,79.47,1,55.92,1,87.52,1,45.03,0,80.08,1,74.63,1,45.18,0,hollow_concrete_block
PP,4,20.1,11.2,0.64,silica_fume,2,24.0,43.0,83,24.07,3.49,2.3,2065.2,3.88,0.694,99.8,83.16,1,50.77,0,39.67,0,31.89,0,100.0,1,73.58,1,84.06,1,87.43,1,67.09,1,73.38,1,59.27,1,70.37,1,hollow_concrete_block
LDPE,2,16.2,3.2,0.36,silica_fume,2,1.6,69.0,38,18.26,2.51,1.72,2146.4,3.86,0.685,81.6,76.04,1,44.52,0,31.44,0,24.78,0,100.0,1,73.1,1,76.1,1,86.77,1,59.35,1,73.3,1,59.35,1,63.0,1,hollow_concrete_block
Mixed,5,2.0,7.5,0.54,silica_fume,2,2.4,77.7,23,16.67,2.4,1.4,2289.1,2.92,0.939,86.7,79.18,1,47.69,0,31.8,0,24.5,0,100.0,1,66.67,1,65.08,1,85.73,1,57.23,1,66.36,1,49.3,0,69.08,1,hollow_concrete_block
HDPE,1,22.6,14.7,0.35,none,0,0.0,52.5,45,21.75,3.35,2.43,2007.4,5.46,0.668,76.9,71.51,1,43.33,0,35.01,0,28.6,0,100.0,1,74.89,1,70.78,1,87.93,1,63.19,1,74.23,1,60.89,1,59.86,1,hollow_concrete_block
LDPE,2,4.3,10.1,0.56,none,0,0.0,60.0,79,23.49,3.73,2.0,2314.3,2.34,0.978,100.0,88.46,1,58.32,1,44.21,0,34.63,0,100.0,1,65.92,1,77.41,1,85.56,1,66.32,1,65.58,1,48.18,0,80.37,1,hollow_concrete_block
PET,0,35.6,2.4,0.38,none,0,0.0,47.8,67,15.15,1.94,1.23,2005.9,8.1,0.505,67.9,55.63,1,34.42,0,23.29,0,18.81,0,95.58,1,79.94,1,57.37,1,87.7,1,43.25,0,77.2,1,72.5,1,46.16,0,hollow_concrete_block
PVC,3,3.8,19.7,0.36,silica_fume,2,24.2,62.2,59,52.0,7.39,5.3,2355.9,1.36,0.869,100.0,97.45,1,95.29,1,79.61,1,65.74,1,100.0,1,67.32,1,85.29,1,85.28,1,75.0,1,67.47,1,51.11,0,97.4,1,hollow_concrete_block
Mixed,5,15.6,13.9,0.4,none,0,0.0,44.4,82,25.16,4.26,2.81,2219.9,4.83,0.794,92.5,80.69,1,49.76,0,41.33,0,34.03,0,100.0,1,69.81,1,85.66,1,86.22,1,68.55,1,69.76,1,54.24,0,68.44,1,hollow_concrete_block
LDPE,2,36.8,6.6,0.63,silica_fume,2,21.0,25.0,25,9.78,1.0,0.47,1800.0,4.59,0.522,60.4,55.48,1,31.85,0,18.09,0,13.54,0,100.0,1,82.22,1,31.79,0,90.0,1,48.04,0,82.5,1,72.09,1,45.35,0,hollow_concrete_block
PET,0,35.7,13.5,0.4,silica_fume,2,23.5,74.0,48,18.24,2.94,2.01,1956.6,4.9,0.435,73.6,68.14,1,40.59,0,31.03,0,25.09,0,100.0,1,80.44,1,60.46,1,88.4,1,59.32,1,87.68,1,80.39,1,56.69,1,hollow_concrete_block
PET,0,0.4,17.3,0.58,none,0,0.0,24.7,17,10.21,1.4,0.88,2360.3,1.99,0.967,86.6,71.1,1,48.9,0,27.11,0,19.21,0,100.0,1,65.74,1,49.2,0,85.25,1,48.61,0,65.58,1,48.29,0,64.3,1,hollow_concrete_block
LDPE,2,8.6,14.5,0.4,silica_fume,2,29.0,59.3,90,55.39,7.63,5.33,2244.5,2.07,0.8,100.0,96.63,1,85.07,1,72.88,1,62.25,1,100.0,1,69.49,1,93.25,1,86.04,1,75.0,1,69.5,1,53.91,0,96.81,1,hollow_concrete_block
PP,4,10.4,12.9,0.54,none,0,0.0,46.3,8,8.19,1.03,0.85,2251.6,3.2,0.858,80.0,67.3,1,38.4,0,19.1,0,13.8,0,100.0,1,68.31,1,51.91,0,85.99,1,45.92,0,68.12,1,51.85,0,55.57,1,hollow_concrete_block
PVC,3,4.0,9.1,0.41,fly_ash,1,13.9,53.0,48,29.21,3.72,2.8,2318.2,3.25,0.923,99.8,96.12,1,58.44,1,46.72,0,37.25,0,100.0,1,66.7,1,86.67,1,85.53,1,73.95,1,66.54,1,49.63,0,81.87,1,hollow_concrete_block
Mixed,5,29.7,13.6,0.54,fly_ash,1,20.0,69.8,9,5.36,0.5,0.44,2021.9,7.37,0.569,51.7,41.96,0,25.06,0,10.23,0,7.54,0,97.61,1,78.22,1,38.04,0,73.54,1,32.47,0,67.39,1,67.07,1,33.67,0,hollow_concrete_block
PET,0,39.3,6.1,0.55,fly_ash,1,29.1,66.4,4,6.89,0.78,0.83,1943.9,9.87,0.37,34.9,37.95,0,23.0,0,11.54,0,8.96,0,91.89,1,80.58,1,30.71,0,80.66,1,28.1,0,82.05,1,85.29,1,30.48,0,hollow_concrete_block
HDPE,1,27.6,11.8,0.35,silica_fume,2,3.8,21.9,30,17.2,2.43,1.78,1973.2,6.0,0.667,70.0,62.7,1,37.94,0,27.72,0,22.36,0,100.0,1,75.26,1,58.99,1,88.24,1,54.04,0,73.13,1,61.12,1,52.14,0,hollow_concrete_block
PVC,3,1.8,12.4,0.64,silica_fume,2,1.9,52.6,83,26.09,3.49,2.69,2338.8,2.69,1.031,100.0,92.11,1,58.45,1,44.73,0,35.18,0,100.0,1,65.04,1,80.0,1,85.39,1,69.79,1,64.64,1,46.83,0,83.36,1,hollow_concrete_block
PP,4,36.4,19.1,0.65,silica_fume,2,26.4,57.0,25,6.22,1.41,0.73,1805.8,5.29,0.378,60.7,47.93,0,27.7,0,14.79,0,11.43,0,100.0,1,82.15,1,26.35,0,81.4,1,43.29,0,87.55,1,86.08,1,38.84,0,hollow_concrete_block
PP,4,14.4,15.3,0.42,silica_fume,2,20.6,40.4,8,14.45,1.96,1.49,2173.1,2.8,0.816,82.7,75.36,1,45.41,0,28.87,0,21.82,0,100.0,1,69.75,1,68.64,1,86.57,1,54.27,0,69.42,1,53.62,0,66.54,1,hollow_concrete_block
LDPE,2,15.5,1.1,0.47,fibres,3,17.1,54.7,85,26.47,3.73,2.61,2077.8,4.48,0.78,100.0,83.01,1,51.53,0,41.75,0,33.88,0,100.0,1,71.35,1,88.96,1,87.33,1,70.29,1,70.78,1,55.39,1,70.56,1,hollow_concrete_block
PET,0,15.9,8.9,0.62,none,0,0.0,24.4,52,13.84,1.84,1.21,2181.0,4.74,0.762,79.1,65.29,1,38.74,0,24.07,0,18.84,0,100.0,1,70.84,1,66.13,1,86.51,1,53.45,0,70.78,1,55.67,1,53.75,0,hollow_concrete_block
Mixed,5,17.6,5.6,0.58,fly_ash,1,29.9,50.1,90,24.8,3.16,2.2,2207.9,4.72,0.71,90.0,80.61,1,49.34,0,38.35,0,30.89,0,100.0,1,71.9,1,85.27,1,86.31,1,68.07,1,72.2,1,57.86,1,68.33,1,hollow_concrete_block
HDPE,1,28.7,19.2,0.55,silica_fume,2,9.2,61.9,50,16.07,2.41,1.52,1958.2,5.87,0.554,69.4,61.38,1,36.99,0,26.64,0,21.48,0,100.0,1,79.49,1,55.88,1,88.38,1,53.23,0,78.4,1,68.53,1,50.93,0,hollow_concrete_block
HDPE,1,0.8,8.2,0.49,fly_ash,1,10.0,20.5,23,19.26,2.69,1.92,2370.9,2.53,1.067,86.0,83.24,1,52.36,0,36.53,0,28.08,0,100.0,1,64.37,1,63.37,1,85.18,1,60.68,1,63.99,1,45.93,0,75.15,1,hollow_concrete_block
Mixed,5,13.9,0.7,0.5,fibres,3,9.4,27.8,53,20.64,3.07,1.89,2183.8,4.92,0.75,90.2,74.02,1,45.33,0,33.74,0,27.29,0,100.0,1,71.09,1,80.11,1,86.49,1,62.52,1,71.1,1,56.16,1,62.52,1,hollow_concrete_block
HDPE,1,11.4,9.5,0.43,none,0,0.0,57.7,87,31.25,4.05,3.1,2200.6,3.73,0.785,99.1,93.11,1,57.95,1,48.52,0,39.13,0,100.0,1,70.16,1,96.39,1,86.36,1,75.0,1,70.08,1,54.66,0,80.53,1,hollow_concrete_block
PP,4,28.1,3.4,0.59,silica_fume,2,9.9,25.7,4,8.18,1.34,0.65,1963.5,5.33,0.498,53.6,50.71,0,29.44,0,16.53,0,12.75,0,100.0,1,80.37,1,39.06,0,88.33,1,45.91,0,82.99,1,73.38,1,41.12,0,hollow_concrete_block
Mixed,5,31.5,11.6,0.54,fibres,3,25.2,22.8,34,11.12,1.75,1.11,1943.7,7.51,0.533,65.6,50.49,0,30.82,0,19.05,0,15.31,0,97.19,1,80.58,1,45.62,0,88.52,1,39.68,0,76.65,1,70.32,1,41.52,0,hollow_concrete_block
PET,0,25.5,19.2,0.52,fibres,3,15.3,34.6,22,9.72,1.3,0.7,2077.5,6.75,0.618,67.1,51.3,0,31.04,0,16.92,0,13.25,0,99.69,1,75.83,1,53.23,0,87.33,1,40.61,0,73.01,1,63.46,1,41.91,0,hollow_concrete_block
PET,0,3.5,8.2,0.42,fly_ash,1,18.5,20.4,89,45.12,6.79,4.34,2323.6,2.43,0.949,100.0,97.21,1,76.28,1,70.97,1,59.28,1,100.0,1,66.26,1,87.6,1,85.49,1,75.0,1,66.04,1,48.9,0,97.23,1,hollow_concrete_block
LDPE,2,38.3,18.5,0.49,fibres,3,9.7,53.9,26,5.32,0.74,0.77,1855.2,8.84,0.428,58.6,39.25,0,23.94,0,10.19,0,7.81,0,93.85,1,81.56,1,27.84,0,72.97,1,28.21,0,75.67,1,81.86,1,31.71,0,hollow_concrete_block
PET,0,6.8,14.9,0.58,silica_fume,2,5.0,22.8,33,18.53,2.41,1.73,2312.7,2.5,0.952,87.8,81.84,1,51.81,0,35.22,0,26.84,0,100.0,1,66.3,1,66.77,1,85.57,1,59.71,1,66.03,1,48.86,0,74.16,1,hollow_concrete_block
PVC,3,26.8,17.7,0.59,fly_ash,1,13.7,41.2,26,10.33,1.37,0.91,2139.3,6.73,0.577,57.7,51.47,0,30.99,0,17.72,0,13.92,0,99.76,1,76.81,1,56.25,1,86.83,1,41.51,0,74.59,1,65.94,1,41.95,0,hollow_concrete_block
PET,0,10.2,19.7,0.62,fly_ash,1,0.0,46.7,14,9.38,1.0,0.83,2232.5,4.17,0.803,68.1,61.28,1,35.28,0,18.27,0,13.56,0,100.0,1,69.52,1,52.2,0,86.13,1,47.51,0,69.48,1,53.85,0,49.76,0,hollow_concrete_block
LDPE,2,33.7,4.9,0.58,none,0,0.0,30.9,58,6.67,0.5,0.94,1868.6,8.27,0.521,59.7,42.06,0,25.58,0,11.14,0,8.33,0,95.15,1,81.41,1,31.32,0,83.08,1,31.46,0,74.03,1,71.77,1,34.15,0,hollow_concrete_block
Mixed,5,38.3,2.4,0.59,fly_ash,1,2.0,74.4,70,9.42,1.63,0.97,1913.2,9.14,0.395,55.8,44.44,0,27.33,0,16.41,0,13.31,0,93.23,1,80.91,1,38.09,0,86.32,1,32.98,0,84.9,1,85.45,1,36.33,0,hollow_concrete_block
PET,0,20.9,18.2,0.57,silica_fume,2,17.0,46.0,17,12.46,2.11,1.17,2123.3,3.93,0.682,72.3,66.55,1,38.36,0,24.52,0,19.13,0,100.0,1,73.39,1,62.4,1,86.95,1,51.61,0,73.51,1,59.61,1,54.52,0,hollow_concrete_block
PP,4,17.5,10.9,0.45,none,0,0.0,63.8,43,18.83,2.91,1.89,2054.9,4.95,0.773,74.9,69.61,1,41.63,0,31.49,0,25.44,0,100.0,1,71.71,1,68.8,1,87.52,1,60.11,1,71.08,1,55.78,1,57.9,1,hollow_concrete_block
PP,4,30.0,14.0,0.49,none,0,0.0,42.9,69,17.65,2.48,1.77,1896.5,7.6,0.492,76.5,60.01,1,37.16,0,27.36,0,22.31,0,96.93,1,81.09,1,55.92,1,88.98,1,48.09,0,79.3,1,74.33,1,50.19,0,hollow_concrete_block
PET,0,28.4,15.1,0.58,fly_ash,1,14.4,65.9,80,20.02,3.1,1.72,2080.7,7.6,0.604,69.5,63.69,1,39.45,0,31.28,0,25.81,0,96.93,1,76.3,1,71.24,1,87.3,1,51.25,0,72.27,1,64.35,1,53.22,0,hollow_concrete_block
HDPE,1,2.7,19.6,0.53,fly_ash,1,15.3,54.9,25,16.54,2.18,1.53,2358.3,1.72,0.992,84.5,79.52,1,57.27,1,37.49,0,27.4,0,100.0,1,65.4,1,59.35,1,85.27,1,57.05,1,65.18,1,47.67,0,71.65,1,hollow_concrete_block
PP,4,11.0,19.2,0.44,none,0,0.0,59.4,68,22.74,2.58,2.16,2236.4,4.09,0.775,97.1,81.34,1,49.7,0,35.71,0,28.23,0,100.0,1,70.09,1,81.63,1,86.1,1,65.32,1,70.18,1,54.91,0,68.62,1,hollow_concrete_block
HDPE,1,6.7,15.2,0.4,none,0,0.0,30.7,30,20.93,2.96,2.5,2281.5,3.48,0.859,90.8,83.54,1,49.49,0,35.99,0,28.48,0,100.0,1,68.05,1,73.77,1,85.78,1,62.91,1,67.98,1,51.71,0,70.11,1,hollow_concrete_block
PP,4,11.8,3.0,0.63,fly_ash,1,4.1,76.7,10,8.39,1.33,0.7,2183.3,3.8,0.716,72.9,62.51,1,35.58,0,18.73,0,14.02,0,100.0,1,71.94,1,55.3,1,86.49,1,46.19,0,72.12,1,57.68,1,50.71,0,hollow_concrete_block
LDPE,2,3.5,5.9,0.65,fly_ash,1,21.9,75.5,70,21.79,3.08,2.25,2309.7,2.52,0.961,98.7,86.16,1,55.5,1,40.07,0,31.11,0,100.0,1,66.19,1,74.91,1,85.59,1,64.05,1,65.89,1,48.63,0,78.3,1,hollow_concrete_block
Mixed,5,4.4,8.7,0.64,silica_fume,2,17.3,62.6,4,12.87,2.32,1.33,2296.9,1.46,0.956,87.4,74.17,1,58.24,1,36.93,0,26.47,0,100.0,1,66.36,1,58.37,1,85.67,1,52.16,0,66.02,1,48.81,0,67.24,1,hollow_concrete_block
Mixed,5,5.1,12.7,0.35,none,0,0.0,58.0,9,14.57,2.2,1.4,2306.4,3.28,0.968,86.4,76.51,1,44.44,0,28.2,0,21.77,0,100.0,1,66.12,1,60.27,1,85.61,1,54.43,0,65.78,1,48.46,0,63.61,1,hollow_concrete_block
LDPE,2,37.5,14.1,0.42,fly_ash,1,3.9,46.3,48,9.6,1.16,1.08,1887.2,8.61,0.46,55.1,45.07,0,27.56,0,15.6,0,12.3,0,94.36,1,81.2,1,36.36,0,87.66,1,34.48,0,80.38,1,77.77,1,36.87,0,hollow_concrete_block
HDPE,1,27.8,2.5,0.46,fly_ash,1,1.2,66.6,19,7.74,0.88,0.36,2004.2,6.11,0.57,55.0,48.2,0,28.44,0,14.3,0,10.82,0,100.0,1,78.35,1,41.59,0,87.96,1,40.87,0,76.81,1,67.08,1,39.04,0,hollow_concrete_block
PP,4,3.7,7.0,0.36,silica_fume,2,11.9,20.2,10,21.19,3.38,2.16,2267.6,1.8,0.906,93.6,85.05,1,60.64,1,44.45,0,33.83,0,100.0,1,67.36,1,75.92,1,85.88,1,63.25,1,67.07,1,50.31,0,77.36,1,hollow_concrete_block
LDPE,2,28.6,12.1,0.63,fibres,3,13.7,41.4,77,14.03,2.53,1.02,1940.0,7.02,0.618,77.8,56.75,1,34.83,0,24.15,0,19.8,0,98.74,1,77.19,1,53.33,0,88.56,1,45.3,0,73.28,1,64.14,1,47.09,0,hollow_concrete_block
PET,0,24.4,4.9,0.58,none,0,0.0,59.1,79,17.14,2.5,1.53,2149.7,6.71,0.68,80.8,63.47,1,39.1,0,27.36,0,22.23,0,99.84,1,73.22,1,74.26,1,86.75,1,50.67,0,70.38,1,59.6,1,52.78,0,hollow_concrete_block
PET,0,16.6,17.7,0.56,none,0,0.0,48.2,51,15.82,2.66,1.66,2182.4,4.99,0.75,77.0,66.63,1,39.82,0,27.81,0,22.4,0,100.0,1,71.11,1,68.8,1,86.5,1,56.09,1,71.11,1,56.16,1,55.06,1,hollow_concrete_block
PP,4,1.6,18.9,0.52,fly_ash,1,3.6,67.1,36,20.1,2.9,2.03,2338.5,3.48,0.919,90.7,82.86,1,49.05,0,35.01,0,27.68,0,100.0,1,66.61,1,68.29,1,85.39,1,61.8,1,66.53,1,49.67,0,69.42,1,hollow_concrete_block
HDPE,1,33.7,15.0,0.6,none,0,0.0,57.2,53,7.27,0.95,0.78,1867.6,7.85,0.502,56.0,43.05,0,26.0,0,13.04,0,10.1,0,96.23,1,81.42,1,31.3,0,87.74,1,33.47,0,77.72,1,73.52,1,34.97,0,hollow_concrete_block
HDPE,1,6.0,2.1,0.61,none,0,0.0,45.2,4,8.33,1.5,0.97,2293.0,3.51,0.924,75.2,65.7,1,37.16,0,19.68,0,14.75,0,100.0,1,66.87,1,47.95,0,85.7,1,46.11,0,66.62,1,49.7,0,53.21,0,hollow_concrete_block
PP,4,2.2,8.4,0.62,fibres,3,25.2,74.4,61,19.74,2.65,1.87,2340.2,2.53,1.002,100.0,83.65,1,53.96,0,36.91,0,28.35,0,100.0,1,65.4,1,69.31,1,85.38,1,61.32,1,65.08,1,47.5,0,76.0,1,hollow_concrete_block
PET,0,15.3,14.2,0.63,none,0,0.0,54.2,53,16.31,2.16,1.41,2188.4,5.75,0.751,77.7,64.77,1,39.28,0,26.35,0,21.05,0,100.0,1,71.03,1,69.36,1,86.45,1,54.21,0,69.97,1,56.1,1,53.64,0,hollow_concrete_block
LDPE,2,14.5,6.4,0.44,silica_fume,2,9.0,22.2,58,27.01,3.74,2.54,2146.9,4.21,0.798,88.0,85.67,1,51.77,0,42.69,0,34.54,0,100.0,1,70.34,1,92.36,1,86.77,1,71.01,1,69.99,1,54.39,0,72.49,1,hollow_concrete_block
PVC,3,39.2,13.9,0.53,fly_ash,1,21.5,54.1,47,9.95,1.23,1.01,2017.5,9.0,0.408,56.5,46.17,0,28.44,0,15.99,0,12.69,0,93.52,1,79.83,1,46.61,0,85.62,1,34.01,0,83.68,1,83.74,1,37.73,0,hollow_concrete_block
PET,0,12.1,12.3,0.4,fly_ash,1,3.9,30.1,20,17.37,2.6,2.13,2247.3,3.38,0.86,74.7,78.45,1,45.07,0,31.76,0,24.88,0,100.0,1,68.3,1,66.15,1,86.02,1,58.16,1,68.1,1,51.81,0,64.64,1,hollow_concrete_block
PVC,3,35.3,2.8,0.44,fly_ash,1,7.7,67.1,88,18.94,2.14,1.8,2003.7,8.05,0.453,73.9,61.48,1,38.26,0,27.6,0,22.3,0,95.7,1,79.96,1,65.07,1,87.84,1,48.44,0,80.9,1,77.96,1,51.42,0,hollow_concrete_block
HDPE,1,36.8,14.9,0.63,silica_fume,2,8.0,29.1,89,13.74,2.09,1.18,1832.8,7.37,0.398,63.7,53.19,0,32.44,0,22.58,0,18.3,0,97.61,1,81.82,1,41.58,0,89.64,1,43.65,0,87.49,1,85.91,1,44.07,0,hollow_concrete_block
PP,4,34.0,12.9,0.64,fibres,3,28.5,55.6,90,13.98,2.29,1.38,1845.0,8.18,0.493,82.0,54.47,0,33.91,0,22.96,0,18.81,0,95.37,1,81.68,1,47.54,0,89.07,1,41.46,0,78.8,1,74.52,1,45.38,0,hollow_concrete_block
PP,4,3.9,12.6,0.47,fly_ash,1,21.7,74.4,13,12.28,1.4,1.06,2298.2,2.78,0.973,85.9,73.4,1,44.59,0,25.37,0,18.68,0,100.0,1,66.11,1,56.91,1,85.66,1,51.37,0,65.73,1,48.37,0,65.15,1,hollow_concrete_block
Mixed,5,24.0,13.8,0.43,fly_ash,1,16.8,68.3,20,10.96,1.97,1.35,2012.3,6.45,0.61,64.7,52.87,0,31.82,0,20.02,0,16.1,0,100.0,1,76.74,1,50.02,0,87.89,1,43.55,0,74.23,1,64.28,1,43.34,0,hollow_concrete_block
Mixed,5,38.6,19.8,0.63,fly_ash,1,26.7,60.0,49,10.58,2.12,1.21,1876.3,8.81,0.43,53.6,45.85,0,28.1,0,18.91,0,15.58,0,93.92,1,81.32,1,36.83,0,87.35,1,35.29,0,82.66,1,81.47,1,37.61,0,hollow_concrete_block
PP,4,9.4,5.3,0.63,none,0,0.0,68.5,33,11.61,1.36,0.84,2229.6,3.79,0.827,82.8,68.38,1,39.54,0,22.05,0,16.61,0,100.0,1,69.06,1,59.9,1,86.15,1,50.48,0,68.92,1,52.99,0,55.97,1,hollow_concrete_block
PET,0,3.1,16.8,0.6,fibres,3,12.2,42.4,37,16.46,2.26,1.64,2309.4,2.65,1.011,92.1,79.05,1,49.52,0,32.17,0,24.49,0,100.0,1,65.51,1,64.66,1,85.59,1,56.95,1,65.06,1,47.4,0,71.91,1,hollow_concrete_block
LDPE,2,34.5,15.7,0.47,silica_fume,2,15.0,67.8,54,18.5,2.64,1.88,1882.8,5.77,0.507,70.3,64.47,1,38.9,0,29.72,0,24.03,0,100.0,1,81.24,1,54.77,0,89.12,1,57.02,1,81.75,1,72.96,1,53.79,0,hollow_concrete_block
PP,4,28.5,14.6,0.65,silica_fume,2,28.4,41.6,33,11.31,1.67,1.08,1934.2,4.15,0.596,70.6,62.06,1,35.73,0,21.91,0,16.86,0,100.0,1,78.05,1,46.54,0,88.61,1,50.08,0,77.88,1,65.61,1,50.87,0,hollow_concrete_block
PVC,3,14.8,9.7,0.61,fibres,3,11.6,63.7,67,18.92,2.64,1.57,2210.3,4.69,0.79,88.1,72.92,1,44.19,0,31.21,0,24.95,0,100.0,1,69.97,1,74.82,1,86.29,1,60.23,1,69.9,1,54.43,0,61.18,1,hollow_concrete_block
PVC,3,38.5,1.7,0.41,silica_fume,2,3.8,30.6,39,9.35,1.5,0.88,1989.4,8.14,0.422,53.8,46.01,0,28.0,0,16.38,0,13.11,0,95.48,1,80.11,1,42.91,0,87.75,1,35.4,0,83.47,1,81.93,1,37.5,0,hollow_concrete_block
LDPE,2,0.9,14.1,0.35,silica_fume,2,27.8,76.2,42,41.02,5.88,3.98,2342.0,1.46,0.957,100.0,97.35,1,83.79,1,73.98,1,57.86,1,100.0,1,66.01,1,86.29,1,85.37,1,75.0,1,65.83,1,48.62,0,97.33,1,hollow_concrete_block
PP,4,3.5,7.2,0.58,fly_ash,1,9.7,76.4,76,29.28,3.94,3.05,2357.6,2.95,0.932,100.0,96.5,1,59.97,1,48.17,0,38.36,0,100.0,1,66.27,1,83.97,1,85.27,1,74.04,1,66.22,1,49.23,0,84.66,1,hollow_concrete_block
PVC,3,15.9,17.0,0.4,fly_ash,1,0.4,72.2,38,16.5,2.57,1.76,2183.5,4.45,0.695,83.3,70.65,1,41.98,0,28.92,0,23.06,0,100.0,1,72.5,1,71.47,1,86.49,1,57.0,1,72.79,1,58.69,1,58.53,1,hollow_concrete_block
HDPE,1,9.6,15.6,0.53,none,0,0.0,35.9,52,18.28,2.62,1.66,2172.7,4.11,0.858,90.9,74.8,1,44.92,0,31.32,0,24.85,0,100.0,1,68.95,1,77.15,1,86.57,1,59.37,1,68.47,1,52.18,0,62.84,1,hollow_concrete_block
PET,0,37.3,6.1,0.65,silica_fume,2,19.5,55.0,34,9.38,1.24,1.08,2010.2,5.63,0.426,57.5,52.13,0,30.67,0,17.22,0,13.27,0,100.0,1,79.9,1,45.39,0,87.91,1,45.66,0,87.38,1,81.29,1,42.43,0,hollow_concrete_block
HDPE,1,37.6,16.4,0.44,silica_fume,2,26.6,32.8,10,11.2,1.54,1.02,1867.6,5.0,0.467,57.8,55.77,1,32.44,0,20.38,0,15.82,0,100.0,1,81.42,1,38.32,0,89.28,1,49.93,0,85.68,1,77.1,1,45.69,0,hollow_concrete_block
PVC,3,22.7,4.8,0.58,fly_ash,1,3.1,74.4,5,3.52,0.83,0.3,2074.8,6.3,0.686,54.9,42.59,0,24.97,0,9.83,0,7.33,0,81.88,1,62.18,1,39.57,0,60.82,1,34.32,0,58.04,1,59.62,1,33.94,0,hollow_concrete_block
PET,0,21.4,13.9,0.39,silica_fume,2,27.6,28.5,18,20.17,2.06,2.16,2149.9,3.49,0.68,83.3,81.47,1,47.43,0,32.96,0,25.48,0,100.0,1,73.21,1,79.97,1,86.74,1,61.89,1,73.45,1,59.6,1,67.7,1,hollow_concrete_block
PET,0,14.7,11.2,0.38,silica_fume,2,9.6,32.5,87,45.04,5.74,4.94,2243.4,3.24,0.762,100.0,96.62,1,71.69,1,67.58,1,54.94,0,100.0,1,70.33,1,93.33,1,86.05,1,75.0,1,70.51,1,55.41,1,91.5,1,hollow_concrete_block
LDPE,2,29.6,3.9,0.62,fibres,3,7.8,70.6,86,16.3,1.63,1.53,1873.9,7.21,0.532,75.8,58.67,1,36.11,0,24.07,0,19.1,0,98.12,1,81.35,1,51.88,0,89.21,1,47.62,0,77.56,1,70.79,1,48.94,0,hollow_concrete_block
Mixed,5,19.9,2.7,0.41,fly_ash,1,26.1,76.0,89,32.63,4.34,3.39,2114.9,5.8,0.693,88.8,82.91,1,53.9,0,48.08,0,39.54,0,100.0,1,73.15,1,95.26,1,87.02,1,72.18,1,71.97,1,59.09,1,73.95,1,hollow_concrete_block
PET,0,27.7,8.5,0.45,fly_ash,1,6.7,46.7,60,17.64,2.62,1.33,2093.1,7.11,0.588,70.8,61.67,1,37.95,0,27.94,0,22.82,0,98.44,1,76.79,1,68.49,1,87.2,1,49.77,0,73.65,1,65.37,1,51.3,0,hollow_concrete_block
HDPE,1,23.1,8.3,0.45,fly_ash,1,5.8,20.2,38,11.11,1.42,1.47,2029.3,6.04,0.654,71.2,55.03,1,33.07,0,19.08,0,14.91,0,100.0,1,75.1,1,53.15,0,87.74,1,45.72,0,73.22,1,61.55,1,45.17,0,hollow_concrete_block
PET,0,25.8,1.4,0.58,silica_fume,2,24.5,68.8,71,24.42,3.35,2.53,2150.0,4.39,0.73,83.2,81.26,1,48.72,0,38.87,0,31.34,0,100.0,1,71.87,1,87.03,1,86.74,1,67.56,1,71.84,1,57.18,1,68.09,1,hollow_concrete_block
PET,0,1.0,18.8,0.45,none,0,0.0,22.2,22,19.29,2.46,2.0,2362.3,1.98,0.989,94.6,83.22,1,57.56,1,38.91,0,29.14,0,100.0,1,65.41,1,66.24,1,85.24,1,60.72,1,65.21,1,47.73,0,75.58,1,hollow_concrete_block
PVC,3,34.3,4.0,0.39,silica_fume,2,5.6,47.8,27,11.03,2.04,0.83,2082.3,7.66,0.481,56.8,50.07,0,30.5,0,19.61,0,15.98,0,96.76,1,79.21,1,53.11,0,87.29,1,39.08,0,78.95,1,74.5,1,40.95,0,hollow_concrete_block
PET,0,17.0,12.3,0.42,none,0,0.0,66.2,30,14.63,2.01,1.45,2222.8,5.85,0.755,73.5,61.97,1,37.49,0,24.21,0,19.3,0,100.0,1,70.66,1,63.03,1,86.2,1,51.42,0,69.46,1,55.79,1,51.1,0,hollow_concrete_block
PVC,3,21.2,12.7,0.38,fly_ash,1,27.3,31.9,28,17.98,2.46,1.59,2113.2,6.65,0.697,69.1,63.04,1,38.57,0,28.14,0,22.8,0,100.0,1,73.06,1,70.06,1,87.04,1,52.04,0,70.08,1,58.9,1,52.41,0,hollow_concrete_block
PVC,3,24.9,7.3,0.4,fibres,3,5.3,63.3,79,26.28,3.33,2.41,2089.4,7.14,0.614,77.1,73.87,1,45.92,0,38.34,0,31.42,0,98.34,1,75.86,1,84.24,1,87.23,1,61.18,1,72.47,1,63.66,1,62.3,1,hollow_concrete_block
Mixed,5,7.5,14.7,0.61,fly_ash,1,10.3,63.1,81,25.56,3.49,2.19,2246.7,3.56,0.908,100.0,88.81,1,53.9,0,41.78,0,33.4,0,100.0,1,67.49,1,85.69,1,86.02,1,69.08,1,67.12,1,50.33,0,74.97,1,hollow_concrete_block
LDPE,2,33.1,17.3,0.55,fly_ash,1,4.5,29.0,59,9.86,1.39,0.85,1830.4,8.31,0.527,62.3,46.29,0,28.35,0,16.54,0,13.18,0,95.06,1,81.85,1,34.58,0,88.92,1,35.61,0,76.64,1,71.47,1,38.01,0,hollow_concrete_block
HDPE,1,28.0,4.2,0.51,fly_ash,1,0.0,41.8,63,14.93,1.88,1.29,1961.9,7.5,0.66,72.4,56.55,1,34.84,0,23.19,0,18.63,0,97.22,1,75.59,1,55.01,1,88.35,1,44.8,0,70.78,1,61.56,1,46.95,0,hollow_concrete_block
Mixed,5,27.7,17.9,0.6,silica_fume,2,6.8,33.6,57,14.05,2.05,1.41,1973.0,6.05,0.518,68.9,58.23,1,35.08,0,23.58,0,18.87,0,100.0,1,80.27,1,53.44,0,88.25,1,49.59,0,79.92,1,71.47,1,48.12,0,hollow_concrete_block
PET,0,20.3,19.5,0.49,none,0,0.0,74.4,73,22.48,3.39,2.06,2150.9,5.32,0.692,86.0,74.7,1,45.73,0,35.97,0,29.34,0,100.0,1,72.86,1,84.45,1,86.74,1,64.97,1,73.04,1,58.98,1,62.89,1,hollow_concrete_block
PVC,3,1.8,4.2,0.53,none,0,0.0,65.9,23,14.66,2.8,1.7,2339.0,2.59,0.963,85.5,76.87,1,47.85,0,31.96,0,24.66,0,100.0,1,65.95,1,57.86,1,85.39,1,54.55,0,65.74,1,48.47,0,69.4,1,hollow_concrete_block
HDPE,1,15.2,2.4,0.5,fly_ash,1,11.9,41.3,73,27.07,4.09,2.66,2146.9,5.23,0.814,84.3,81.12,1,49.61,0,42.39,0,34.83,0,100.0,1,70.01,1,91.51,1,86.77,1,71.09,1,69.59,1,53.8,0,68.45,1,hollow_concrete_block
HDPE,1,35.7,11.4,0.52,fly_ash,1,21.2,77.8,66,15.39,2.1,1.76,1884.7,8.95,0.409,59.0,52.81,0,32.7,0,23.62,0,19.25,0,93.62,1,81.22,1,46.83,0,86.98,1,41.38,0,84.38,1,84.29,1,43.88,0,hollow_concrete_block
Mixed,5,31.8,12.8,0.63,silica_fume,2,16.0,35.5,54,16.21,2.09,1.32,1968.5,5.03,0.612,68.0,64.32,1,38.17,0,26.74,0,21.16,0,100.0,1,77.11,1,56.49,1,88.29,1,56.61,1,76.98,1,64.38,1,53.27,0,hollow_concrete_block
PVC,3,8.0,9.1,0.43,fly_ash,1,6.3,78.2,30,18.83,2.53,2.2,2284.8,3.28,0.84,86.3,82.03,1,47.98,0,33.29,0,25.97,0,100.0,1,68.38,1,68.88,1,85.76,1,60.11,1,68.38,1,52.32,0,68.6,1,hollow_concrete_block
Mixed,5,39.3,3.3,0.4,none,0,0.0,58.1,80,12.92,2.12,0.93,1854.6,9.32,0.428,62.7,49.29,0,30.61,0,21.08,0,17.31,0,92.88,1,81.57,1,41.51,0,86.58,1,37.26,0,82.47,1,81.86,1,40.82,0,hollow_concrete_block
LDPE,2,10.2,3.5,0.52,fly_ash,1,21.5,59.9,90,32.8,4.33,3.28,2223.7,4.02,0.813,100.0,91.35,1,58.71,1,50.26,0,40.79,0,100.0,1,69.39,1,94.74,1,86.19,1,75.0,1,69.27,1,53.51,0,80.96,1,hollow_concrete_block
Mixed,5,34.4,4.0,0.64,fibres,3,1.7,31.0,82,11.37,1.81,1.44,1953.5,8.64,0.494,67.4,49.37,0,30.56,0,18.98,0,15.41,0,94.29,1,80.48,1,47.2,0,86.95,1,36.76,0,77.57,1,73.82,1,40.67,0,hollow_concrete_block
LDPE,2,8.4,13.3,0.62,fly_ash,1,25.0,58.1,64,22.28,2.76,2.29,2237.6,3.75,0.868,88.2,82.95,1,49.35,0,36.29,0,28.69,0,100.0,1,68.24,1,78.49,1,86.09,1,64.71,1,67.97,1,51.59,0,69.65,1,hollow_concrete_block
HDPE,1,2.7,13.1,0.51,silica_fume,2,11.9,67.6,38,27.3,3.43,3.02,2305.5,1.99,0.987,100.0,93.48,1,64.55,1,49.28,0,37.92,0,100.0,1,65.86,1,84.39,1,85.61,1,71.4,1,65.46,1,47.99,0,84.89,1,hollow_concrete_block
PET,0,33.1,0.6,0.55,fly_ash,1,25.7,77.0,18,6.41,1.14,0.7,2009.9,7.66,0.487,45.3,41.98,0,25.08,0,12.74,0,9.98,0,96.76,1,79.9,1,37.29,0,80.64,1,32.92,0,75.28,1,74.23,1,33.75,0,hollow_concrete_block
Mixed,5,22.5,3.4,0.62,none,0,0.0,33.2,52,14.03,2.41,1.49,2062.0,5.97,0.7,75.3,59.86,1,36.21,0,24.52,0,19.85,0,100.0,1,73.45,1,61.41,1,87.46,1,49.97,0,71.6,1,58.99,1,49.46,0,hollow_concrete_block
HDPE,1,16.1,1.6,0.59,fibres,3,6.9,69.7,63,17.32,2.09,2.04,2072.6,4.49,0.746,80.6,70.49,1,41.79,0,28.48,0,22.39,0,100.0,1,72.17,1,69.0,1,87.37,1,58.09,1,71.74,1,56.82,1,58.47,1,hollow_concrete_block
Mixed,5,14.6,1.7,0.57,fibres,3,1.4,39.1,75,20.71,3.16,1.96,2205.9,5.21,0.775,87.2,73.15,1,44.76,0,33.73,0,27.41,0,100.0,1,70.34,1,77.88,1,86.32,1,62.61,1,70.32,1,55.03,1,61.51,1,hollow_concrete_block
PET,0,32.0,18.8,0.55,silica_fume,2,2.6,78.6,37,13.37,2.09,1.39,2080.5,7.48,0.495,57.7,53.6,0,32.71,0,22.16,0,17.98,0,97.28,1,79.23,1,57.11,1,87.3,1,42.78,0,78.27,1,73.1,1,44.1,0,hollow_concrete_block
PET,0,3.1,15.4,0.55,silica_fume,2,12.8,21.0,88,43.51,5.49,4.29,2361.4,1.7,1.031,100.0,97.49,1,82.15,1,72.92,1,57.3,1,100.0,1,64.87,1,84.9,1,85.25,1,75.0,1,64.55,1,46.75,0,97.43,1,hollow_concrete_block
PET,0,23.0,7.8,0.65,silica_fume,2,13.5,49.8,26,12.58,1.59,1.2,2206.8,5.23,0.661,65.6,60.19,1,35.71,0,21.65,0,16.89,0,100.0,1,73.3,1,58.73,1,86.31,1,51.77,0,73.87,1,60.37,1,49.3,0,hollow_concrete_block
PET,0,19.1,0.5,0.39,silica_fume,2,5.1,78.6,88,35.43,5.03,3.29,2167.1,5.41,0.624,96.8,84.54,1,57.82,1,52.93,0,43.74,0,100.0,1,74.83,1,98.6,1,86.61,1,74.5,1,75.27,1,62.69,1,78.71,1,hollow_concrete_block
PET,0,2.8,17.4,0.5,fly_ash,1,21.9,25.4,42,27.45,3.67,3.08,2302.1,2.68,0.943,93.3,93.65,1,58.85,1,46.58,0,36.73,0,100.0,1,66.51,1,83.81,1,85.64,1,71.6,1,66.23,1,49.14,0,84.91,1,hollow_concrete_block
PET,0,37.6,11.6,0.58,fibres,3,27.2,57.2,62,9.83,1.59,1.15,1983.3,8.22,0.456,70.9,48.56,0,29.96,0,17.05,0,13.71,0,95.28,1,80.17,1,47.66,0,87.62,1,35.82,0,80.58,1,77.72,1,39.84,0,hollow_concrete_block
PP,4,22.7,9.4,0.36,fibres,3,6.5,29.9,65,25.2,4.09,2.21,1955.5,5.79,0.695,81.5,75.24,1,46.05,0,40.03,0,33.1,0,100.0,1,74.64,1,74.0,1,88.41,1,65.84,1,72.75,1,59.76,1,63.4,1,hollow_concrete_block
PVC,3,9.3,16.1,0.65,fly_ash,1,4.0,59.1,89,20.18,3.11,2.11,2273.0,3.99,0.839,94.9,78.81,1,47.73,0,34.64,0,27.75,0,100.0,1,68.49,1,74.18,1,85.84,1,61.91,1,68.46,1,52.4,0,66.23,1,hollow_concrete_block
PET,0,18.4,7.1,0.52,fibres,3,19.5,45.2,33,15.4,1.75,1.11,2158.5,5.68,0.737,84.5,64.13,1,39.08,0,24.47,0,19.29,0,100.0,1,71.62,1,71.73,1,86.68,1,53.4,0,70.68,1,56.83,1,53.31,0,hollow_concrete_block
Mixed,5,37.4,18.8,0.56,silica_fume,2,6.1,56.2,83,10.99,1.63,1.23,1842.0,8.01,0.433,75.5,49.93,0,30.81,0,18.39,0,14.77,0,95.81,1,81.72,1,40.68,0,89.52,1,37.96,0,83.52,1,81.29,1,41.26,0,hollow_concrete_block
PVC,3,13.2,4.2,0.64,silica_fume,2,5.5,27.5,8,5.36,1.16,0.46,2176.1,3.68,0.816,73.2,59.31,1,33.32,0,15.51,0,11.34,0,100.0,1,69.72,1,50.84,0,72.28,1,42.15,0,62.28,1,53.6,0,47.76,0,hollow_concrete_block
HDPE,1,4.8,1.9,0.6,silica_fume,2,14.6,42.7,39,26.1,4.08,2.42,2317.2,2.18,0.895,94.6,91.96,1,61.32,1,48.53,0,38.06,0,100.0,1,67.16,1,80.81,1,85.54,1,69.8,1,67.08,1,50.45,0,83.52,1,hollow_concrete_block
PP,4,25.6,16.1,0.44,none,0,0.0,62.7,3,5.91,0.84,0.44,1949.2,6.8,0.647,56.4,43.86,0,26.07,0,11.93,0,9.04,0,99.51,1,76.13,1,34.97,0,77.87,1,35.33,0,67.14,1,62.35,1,35.38,0,hollow_concrete_block
HDPE,1,16.8,11.4,0.47,silica_fume,2,16.3,65.8,66,35.0,4.82,3.44,2136.3,3.33,0.752,86.1,95.82,1,60.89,1,55.06,1,44.58,0,100.0,1,71.45,1,96.1,1,86.85,1,75.0,1,71.26,1,56.28,1,86.83,1,hollow_concrete_block
PVC,3,11.9,9.2,0.49,silica_fume,2,26.5,25.3,28,21.64,2.48,1.92,2196.9,2.07,0.794,91.2,85.13,1,57.54,1,40.72,0,30.69,0,100.0,1,70.0,1,81.1,1,86.39,1,63.85,1,69.86,1,54.33,0,77.53,1,hollow_concrete_block
PVC,3,35.6,8.8,0.65,silica_fume,2,25.7,22.0,55,13.98,2.02,1.02,2014.3,5.17,0.45,66.9,61.01,1,36.16,0,24.19,0,19.16,0,100.0,1,79.86,1,55.76,1,87.87,1,53.64,0,86.15,1,78.26,1,50.28,0,hollow_concrete_block
HDPE,1,14.1,14.1,0.49,none,0,0.0,55.3,52,18.32,2.79,1.52,2146.7,5.14,0.859,86.5,69.78,1,42.46,0,30.48,0,24.61,0,100.0,1,69.16,1,77.48,1,86.77,1,59.43,1,68.56,1,52.26,0,58.46,1,hollow_concrete_block
LDPE,2,22.6,12.5,0.64,fibres,3,2.4,73.0,75,15.33,2.64,1.92,2022.9,5.68,0.647,86.7,63.03,1,38.55,0,26.62,0,21.6,0,100.0,1,75.38,1,63.7,1,87.8,1,53.3,0,74.36,1,61.98,1,52.76,0,hollow_concrete_block
Mixed,5,14.3,11.6,0.46,silica_fume,2,6.2,61.7,78,27.01,3.64,2.42,2175.0,3.53,0.78,89.7,90.45,1,53.9,0,43.66,0,34.96,0,100.0,1,70.48,1,91.23,1,86.55,1,71.01,1,70.32,1,54.96,0,76.49,1,hollow_concrete_block
PVC,3,28.8,4.0,0.45,fly_ash,1,15.9,47.8,89,25.05,3.87,2.43,2072.3,7.12,0.577,78.5,72.31,1,44.93,0,38.47,0,31.91,0,98.41,1,77.41,1,81.33,1,87.37,1,59.62,1,74.26,1,66.25,1,60.93,1,hollow_concrete_block
HDPE,1,17.1,5.1,0.37,silica_fume,2,18.4,75.0,82,49.11,7.24,4.75,2103.0,3.57,0.672,96.3,93.59,1,72.99,1,67.47,1,58.51,1,100.0,1,73.86,1,96.34,1,87.12,1,75.0,1,73.95,1,60.22,1,88.48,1,hollow_concrete_block
PP,4,33.6,15.4,0.53,silica_fume,2,27.7,44.8,58,17.63,2.62,1.62,1847.1,4.52,0.453,77.1,68.66,1,40.54,0,30.08,0,24.02,0,100.0,1,81.66,1,52.52,0,89.49,1,58.51,1,86.87,1,78.81,1,57.14,1,hollow_concrete_block
HDPE,1,11.9,6.9,0.43,silica_fume,2,22.4,38.4,35,26.06,3.57,2.43,2140.9,2.83,0.796,95.1,90.61,1,56.23,1,44.41,0,35.09,0,100.0,1,70.43,1,92.17,1,86.82,1,69.75,1,70.07,1,54.49,0,80.81,1,hollow_concrete_block
PET,0,31.7,6.5,0.39,fly_ash,1,22.6,34.5,36,14.23,1.77,1.57,2120.1,6.92,0.514,62.3,56.68,1,34.51,0,22.51,0,17.96,0,99.08,1,78.87,1,62.56,1,86.98,1,45.95,0,77.75,1,71.13,1,46.72,0,hollow_concrete_block
LDPE,2,23.1,6.1,0.52,silica_fume,2,26.3,35.8,70,24.58,3.7,2.29,2024.3,3.49,0.714,88.8,86.42,1,51.11,0,41.47,0,33.28,0,100.0,1,73.43,1,79.76,1,87.78,1,67.77,1,72.95,1,58.49,1,72.94,1,hollow_concrete_block
Mixed,5,33.5,14.1,0.4,fly_ash,1,1.4,39.7,56,13.67,2.2,1.16,1933.3,7.3,0.443,65.7,54.21,0,33.12,0,22.82,0,18.55,0,97.83,1,80.69,1,49.15,0,88.62,1,43.8,0,83.11,1,79.52,1,44.84,0,hollow_concrete_block
HDPE,1,24.2,9.8,0.63,silica_fume,2,3.0,29.5,4,4.49,0.5,0.55,1996.2,6.3,0.648,56.1,43.45,0,25.52,0,9.97,0,7.21,0,92.04,1,70.55,1,35.88,0,67.97,1,35.62,0,63.04,1,62.06,1,34.83,0,hollow_concrete_block
