wc_ratio,additive_type,additive_pct,plastic_type,replacement_pct,particle_size_mm,curing_temp_c,curing_days,compressive_strength_mpa,flexural_strength_mpa,split_tensile_mpa,density_kgm3,water_absorption_pct,thermal_conductivity_wm,durability_index,source_doi,study_type,mix_id
0.3,none,0.0,None,0.0,,20.0,28.0,79.99,,,,,,,10.1061/(ASCE)0899-1561(1998)10:1(52),pretraining,mix_00000
0.3,none,0.0,None,0.0,,20.0,28.0,61.89,,,,,,,10.1061/(ASCE)0899-1561(1998)10:1(52),pretraining,mix_00001
0.6857142857142857,none,0.0,None,0.0,,20.0,270.0,40.27,,,,,,,10.1061/(ASCE)0899-1561(1998)10:1(52),pretraining,mix_00002
0.6857142857142857,none,0.0,None,0.0,,20.0,365.0,41.05,,,,,,,10.1061/(ASCE)0899-1561(1998)10:1(52),pretraining,mix_00003
0.9667673716012085,none,0.0,None,0.0,,20.0,360.0,44.3,,,,,,,10.1061/(ASCE)0899-1561(1998)10:1(52),pretraining,mix_00004
0.8571428571428571,none,0.0,None,0.0,,20.0,90.0,47.03,,,,,,,10.1061/(ASCE)0899-1561(1998)10:1(52),pretraining,mix_00005
0.6,none,0.0,None,0.0,,20.0,365.0,43.7,,,,,,,10.1061/(ASCE)0899-1561(1998)10:1(52),pretraining,mix_00006
0.6,none,0.0,None,0.0,,20.0,28.0,36.45,,,,,,,10.1061/(ASCE)0899-1561(1998)10:1(52),pretraining,mix_00007
0.8571428571428571,none,0.0,None,0.0,,20.0,28.0,45.85,,,,,,,10.1061/(ASCE)0899-1561(1998)10:1(52),pretraining,mix_00008
0.48,none,0.0,None,0.0,,20.0,28.0,39.29,,,,,,,10.1061/(ASCE)0899-1561(1998)10:1(52),pretraining,mix_00009
0.9667673716012085,none,0.0,None,0.0,,20.0,90.0,38.07,,,,,,,10.1061/(ASCE)0899-1561(1998)10:1(52),pretraining,mix_00010
0.9667673716012085,none,0.0,None,0.0,,20.0,28.0,28.02,,,,,,,10.1061/(ASCE)0899-1561(1998)10:1(52),pretraining,mix_00011
0.5333333333333333,none,0.0,None,0.0,,20.0,270.0,43.01,,,,,,,10.1061/(ASCE)0899-1561(1998)10:1(52),pretraining,mix_00012
1.2,none,0.0,None,0.0,,20.0,90.0,42.33,,,,,,,10.1061/(ASCE)0899-1561(1998)10:1(52),pretraining,mix_00013
0.75,none,0.0,None,0.0,,20.0,28.0,47.81,,,,,,,10.1061/(ASCE)0899-1561(1998)10:1(52),pretraining,mix_00014
0.6,none,0.0,None,0.0,,20.0,90.0,52.91,,,,,,,10.1061/(ASCE)0899-1561(1998)10:1(52),pretraining,mix_00015
1.3753581661891119,none,0.0,None,0.0,,20.0,90.0,39.36,,,,,,,10.1061/(ASCE)0899-1561(1998)10:1(52),pretraining,mix_00016
0.6666666666666666,none,0.0,None,0.0,,20.0,365.0,56.14,,,,,,,10.1061/(ASCE)0899-1561(1998)10:1(52),pretraining,mix_00017
0.6,none,0.0,None,0.0,,20.0,90.0,40.56,,,,,,,10.1061/(ASCE)0899-1561(1998)10:1(52),pretraining,mix_00018
0.48,none,0.0,None,0.0,,20.0,180.0,42.62,,,,,,,10.1061/(ASCE)0899-1561(1998)10:1(52),pretraining,mix_00019
0.5333333333333333,none,0.0,None,0.0,,20.0,180.0,41.84,,,,,,,10.1061/(ASCE)0899-1561(1998)10:1(52),pretraining,mix_00020
1.3753581661891119,none,0.0,None,0.0,,20.0,28.0,28.24,,,,,,,10.1061/(ASCE)0899-1561(1998)10:1(52),pretraining,mix_00021
1.3753581661891119,none,0.0,None,0.0,,20.0,3.0,8.06,,,,,,,10.1061/(ASCE)0899-1561(1998)10:1(52),pretraining,mix_00022
1.3753581661891119,none,0.0,None,0.0,,20.0,180.0,44.21,,,,,,,10.1061/(ASCE)0899-1561(1998)10:1(52),pretraining,mix_00023
0.6,none,0.0,None,0.0,,20.0,365.0,52.52,,,,,,,10.1061/(ASCE)0899-1561(1998)10:1(52),pretraining,mix_00024
0.6,none,0.0,None,0.0,,20.0,270.0,53.3,,,,,,,10.1061/(ASCE)0899-1561(1998)10:1(52),pretraining,mix_00025
0.6,none,0.0,None,0.0,,20.0,270.0,41.15,,,,,,,10.1061/(ASCE)0899-1561(1998)10:1(52),pretraining,mix_00026
0.6666666666666666,none,0.0,None,0.0,,20.0,180.0,52.12,,,,,,,10.1061/(ASCE)0899-1561(1998)10:1(52),pretraining,mix_00027
0.5333333333333333,none,0.0,None,0.0,,20.0,28.0,37.43,,,,,,,10.1061/(ASCE)0899-1561(1998)10:1(52),pretraining,mix_00028
0.48,none,0.0,None,0.0,,20.0,7.0,38.6,,,,,,,10.1061/(ASCE)0899-1561(1998)10:1(52),pretraining,mix_00029
0.75,none,0.0,None,0.0,,20.0,365.0,55.26,,,,,,,10.1061/(ASCE)0899-1561(1998)10:1(52),pretraining,mix_00030
0.8571428571428571,none,0.0,None,0.0,,20.0,365.0,52.91,,,,,,,10.1061/(ASCE)0899-1561(1998)10:1(52),pretraining,mix_00031
0.9667673716012085,none,0.0,None,0.0,,20.0,180.0,41.72,,,,,,,10.1061/(ASCE)0899-1561(1998)10:1(52),pretraining,mix_00032
0.48,none,0.0,None,0.0,,20.0,270.0,42.13,,,,,,,10.1061/(ASCE)0899-1561(1998)10:1(52),pretraining,mix_00033
1.2,none,0.0,None,0.0,,20.0,365.0,53.69,,,,,,,10.1061/(ASCE)0899-1561(1998)10:1(52),pretraining,mix_00034
0.96,none,0.0,None,0.0,,20.0,270.0,38.41,,,,,,,10.1061/(ASCE)0899-1561(1998)10:1(52),pretraining,mix_00035
0.96,none,0.0,None,0.0,,20.0,28.0,30.08,,,,,,,10.1061/(ASCE)0899-1561(1998)10:1(52),pretraining,mix_00036
0.6857142857142857,none,0.0,None,0.0,,20.0,90.0,37.72,,,,,,,10.1061/(ASCE)0899-1561(1998)10:1(52),pretraining,mix_00037
0.48,none,0.0,None,0.0,,20.0,90.0,42.23,,,,,,,10.1061/(ASCE)0899-1561(1998)10:1(52),pretraining,mix_00038
0.96,none,0.0,None,0.0,,20.0,180.0,36.25,,,,,,,10.1061/(ASCE)0899-1561(1998)10:1(52),pretraining,mix_00039
0.6666666666666666,none,0.0,None,0.0,,20.0,90.0,50.46,,,,,,,10.1061/(ASCE)0899-1561(1998)10:1(52),pretraining,mix_00040
0.5333333333333333,none,0.0,None,0.0,,20.0,365.0,43.7,,,,,,,10.1061/(ASCE)0899-1561(1998)10:1(52),pretraining,mix_00041
0.96,none,0.0,None,0.0,,20.0,365.0,39.0,,,,,,,10.1061/(ASCE)0899-1561(1998)10:1(52),pretraining,mix_00042
0.6,none,0.0,None,0.0,,20.0,180.0,53.1,,,,,,,10.1061/(ASCE)0899-1561(1998)10:1(52),pretraining,mix_00043
0.5333333333333333,none,0.0,None,0.0,,20.0,90.0,41.54,,,,,,,10.1061/(ASCE)0899-1561(1998)10:1(52),pretraining,mix_00044
0.5333333333333333,none,0.0,None,0.0,,20.0,7.0,35.08,,,,,,,10.1061/(ASCE)0899-1561(1998)10:1(52),pretraining,mix_00045
0.5501432664756447,none,0.0,None,0.0,,20.0,3.0,15.05,,,,,,,10.1061/(ASCE)0899-1561(1998)10:1(52),pretraining,mix_00046
0.6,none,0.0,None,0.0,,20.0,180.0,40.76,,,,,,,10.1061/(ASCE)0899-1561(1998)10:1(52),pretraining,mix_00047
0.96,none,0.0,None,0.0,,20.0,7.0,26.26,,,,,,,10.1061/(ASCE)0899-1561(1998)10:1(52),pretraining,mix_00048
0.6,none,0.0,None,0.0,,20.0,7.0,32.82,,,,,,,10.1061/(ASCE)0899-1561(1998)10:1(52),pretraining,mix_00049
0.6857142857142857,none,0.0,None,0.0,,20.0,180.0,39.78,,,,,,,10.1061/(ASCE)0899-1561(1998)10:1(52),pretraining,mix_00050
1.2,none,0.0,None,0.0,,20.0,180.0,46.93,,,,,,,10.1061/(ASCE)0899-1561(1998)10:1(52),pretraining,mix_00051
0.96,none,0.0,None,0.0,,20.0,90.0,33.12,,,,,,,10.1061/(ASCE)0899-1561(1998)10:1(52),pretraining,mix_00052
0.75,none,0.0,None,0.0,,20.0,90.0,49.19,,,,,,,10.1061/(ASCE)0899-1561(1998)10:1(52),pretraining,mix_00053
1.3753581661891119,none,0.0,None,0.0,,20.0,7.0,14.59,,,,,,,10.1061/(ASCE)0899-1561(1998)10:1(52),pretraining,mix_00054
0.9667673716012085,none,0.0,None,0.0,,20.0,7.0,14.64,,,,,,,10.1061/(ASCE)0899-1561(1998)10:1(52),pretraining,mix_00055
0.48,none,0.0,None,0.0,,20.0,365.0,41.93,,,,,,,10.1061/(ASCE)0899-1561(1998)10:1(52),pretraining,mix_00056
0.9667673716012085,none,0.0,None,0.0,,20.0,3.0,9.13,,,,,,,10.1061/(ASCE)0899-1561(1998)10:1(52),pretraining,mix_00057
0.75,none,0.0,None,0.0,,20.0,180.0,50.95,,,,,,,10.1061/(ASCE)0899-1561(1998)10:1(52),pretraining,mix_00058
0.6857142857142857,none,0.0,None,0.0,,20.0,28.0,33.02,,,,,,,10.1061/(ASCE)0899-1561(1998)10:1(52),pretraining,mix_00059
0.75,none,0.0,None,0.0,,20.0,270.0,54.38,,,,,,,10.1061/(ASCE)0899-1561(1998)10:1(52),pretraining,mix_00060
0.8571428571428571,none,0.0,None,0.0,,20.0,270.0,51.73,,,,,,,10.1061/(ASCE)0899-1561(1998)10:1(52),pretraining,mix_00061
0.6193548387096774,none,0.0,None,0.0,,20.0,3.0,9.87,,,,,,,10.1061/(ASCE)0899-1561(1998)10:1(52),pretraining,mix_00062
1.2,none,0.0,None,0.0,,20.0,270.0,50.66,,,,,,,10.1061/(ASCE)0899-1561(1998)10:1(52),pretraining,mix_00063
0.8571428571428571,none,0.0,None,0.0,,20.0,180.0,48.7,,,,,,,10.1061/(ASCE)0899-1561(1998)10:1(52),pretraining,mix_00064
0.6666666666666666,none,0.0,None,0.0,,20.0,270.0,55.06,,,,,,,10.1061/(ASCE)0899-1561(1998)10:1(52),pretraining,mix_00065
1.3753581661891119,none,0.0,None,0.0,,20.0,360.0,44.7,,,,,,,10.1061/(ASCE)0899-1561(1998)10:1(52),pretraining,mix_00066
0.6857142857142857,none,0.0,None,0.0,,20.0,7.0,30.28,,,,,,,10.1061/(ASCE)0899-1561(1998)10:1(52),pretraining,mix_00067
1.2,none,0.0,None,0.0,,20.0,28.0,40.86,,,,,,,10.1061/(ASCE)0899-1561(1998)10:1(52),pretraining,mix_00068
0.30103092783505153,none,0.0,None,0.0,,20.0,28.0,71.99,,,,,,,10.1061/(ASCE)0899-1561(1998)10:1(52),pretraining,mix_00069
0.4548128342245989,none,0.0,None,0.0,,20.0,3.0,34.4,,,,,,,10.1061/(ASCE)0899-1561(1998)10:1(52),pretraining,mix_00070
0.5601659751037344,none,0.0,None,0.0,,20.0,3.0,28.8,,,,,,,10.1061/(ASCE)0899-1561(1998)10:1(52),pretraining,mix_00071
0.3611764705882353,none,0.0,None,0.0,,20.0,3.0,33.4,,,,,,,10.1061/(ASCE)0899-1561(1998)10:1(52),pretraining,mix_00072
0.3562352941176471,none,0.0,None,0.0,,20.0,3.0,36.3,,,,,,,10.1061/(ASCE)0899-1561(1998)10:1(52),pretraining,mix_00073
0.3376,none,0.0,None,0.0,,20.0,3.0,29.0,,,,,,,10.1061/(ASCE)0899-1561(1998)10:1(52),pretraining,mix_00074
0.3812631578947368,none,0.0,None,0.0,,20.0,3.0,37.8,,,,,,,10.1061/(ASCE)0899-1561(1998)10:1(52),pretraining,mix_00075
0.293816631130064,none,0.0,None,0.0,,20.0,3.0,40.2,,,,,,,10.1061/(ASCE)0899-1561(1998)10:1(52),pretraining,mix_00076
0.3611764705882353,none,0.0,None,0.0,,20.0,3.0,33.4,,,,,,,10.1061/(ASCE)0899-1561(1998)10:1(52),pretraining,mix_00077
0.40633041688111166,none,0.0,None,0.0,,20.0,3.0,28.1,,,,,,,10.1061/(ASCE)0899-1561(1998)10:1(52),pretraining,mix_00078
0.26689252776209305,none,0.0,None,0.0,,20.0,3.0,41.3,,,,,,,10.1061/(ASCE)0899-1561(1998)10:1(52),pretraining,mix_00079
0.3611764705882353,none,0.0,None,0.0,,20.0,3.0,33.4,,,,,,,10.1061/(ASCE)0899-1561(1998)10:1(52),pretraining,mix_00080
0.4883939774153073,none,0.0,None,0.0,,20.0,3.0,25.2,,,,,,,10.1061/(ASCE)0899-1561(1998)10:1(52),pretraining,mix_00081
0.3668491786958686,none,0.0,None,0.0,,20.0,3.0,41.1,,,,,,,10.1061/(ASCE)0899-1561(1998)10:1(52),pretraining,mix_00082
0.4547710976282405,none,0.0,None,0.0,,20.0,3.0,35.3,,,,,,,10.1061/(ASCE)0899-1561(1998)10:1(52),pretraining,mix_00083
0.5678097003398209,none,0.0,None,0.0,,20.0,3.0,28.3,,,,,,,10.1061/(ASCE)0899-1561(1998)10:1(52),pretraining,mix_00084
0.40553359683794465,none,0.0,None,0.0,,20.0,3.0,28.6,,,,,,,10.1061/(ASCE)0899-1561(1998)10:1(52),pretraining,mix_00085
0.4547710976282405,none,0.0,None,0.0,,20.0,3.0,35.3,,,,,,,10.1061/(ASCE)0899-1561(1998)10:1(52),pretraining,mix_00086
0.505413901501921,none,0.0,None,0.0,,20.0,3.0,24.4,,,,,,,10.1061/(ASCE)0899-1561(1998)10:1(52),pretraining,mix_00087
0.4547710976282405,none,0.0,None,0.0,,20.0,3.0,35.3,,,,,,,10.1061/(ASCE)0899-1561(1998)10:1(52),pretraining,mix_00088
0.42369020501138954,none,0.0,None,0.0,,20.0,3.0,39.3,,,,,,,10.1061/(ASCE)0899-1561(1998)10:1(52),pretraining,mix_00089
0.37419851243908697,none,0.0,None,0.0,,20.0,3.0,40.6,,,,,,,10.1061/(ASCE)0899-1561(1998)10:1(52),pretraining,mix_00090
0.4547710976282405,none,0.0,None,0.0,,20.0,3.0,35.3,,,,,,,10.1061/(ASCE)0899-1561(1998)10:1(52),pretraining,mix_00091
0.5176087599881622,none,0.0,None,0.0,,20.0,3.0,24.1,,,,,,,10.1061/(ASCE)0899-1561(1998)10:1(52),pretraining,mix_00092
0.4548128342245989,none,0.0,None,0.0,,20.0,7.0,46.2,,,,,,,10.1061/(ASCE)0899-1561(1998)10:1(52),pretraining,mix_00093
0.5601659751037344,none,0.0,None,0.0,,20.0,7.0,42.8,,,,,,,10.1061/(ASCE)0899-1561(1998)10:1(52),pretraining,mix_00094
0.3611764705882353,none,0.0,None,0.0,,20.0,7.0,49.2,,,,,,,10.1061/(ASCE)0899-1561(1998)10:1(52),pretraining,mix_00095
0.3562352941176471,none,0.0,None,0.0,,20.0,7.0,46.8,,,,,,,10.1061/(ASCE)0899-1561(1998)10:1(52),pretraining,mix_00096
0.3376,none,0.0,None,0.0,,20.0,7.0,45.7,,,,,,,10.1061/(ASCE)0899-1561(1998)10:1(52),pretraining,mix_00097
0.3812631578947368,none,0.0,None,0.0,,20.0,7.0,55.6,,,,,,,10.1061/(ASCE)0899-1561(1998)10:1(52),pretraining,mix_00098
0.293816631130064,none,0.0,None,0.0,,20.0,7.0,54.9,,,,,,,10.1061/(ASCE)0899-1561(1998)10:1(52),pretraining,mix_00099
0.3611764705882353,none,0.0,None,0.0,,20.0,7.0,49.2,,,,,,,10.1061/(ASCE)0899-1561(1998)10:1(52),pretraining,mix_00100
0.40633041688111166,none,0.0,None,0.0,,20.0,7.0,34.9,,,,,,,10.1061/(ASCE)0899-1561(1998)10:1(52),pretraining,mix_00101
0.26689252776209305,none,0.0,None,0.0,,20.0,7.0,46.9,,,,,,,10.1061/(ASCE)0899-1561(1998)10:1(52),pretraining,mix_00102
0.3611764705882353,none,0.0,None,0.0,,20.0,7.0,49.2,,,,,,,10.1061/(ASCE)0899-1561(1998)10:1(52),pretraining,mix_00103
0.4883939774153073,none,0.0,None,0.0,,20.0,7.0,33.4,,,,,,,10.1061/(ASCE)0899-1561(1998)10:1(52),pretraining,mix_00104
0.3668491786958686,none,0.0,None,0.0,,20.0,7.0,54.1,,,,,,,10.1061/(ASCE)0899-1561(1998)10:1(52),pretraining,mix_00105
0.4547710976282405,none,0.0,None,0.0,,20.0,7.0,55.9,,,,,,,10.1061/(ASCE)0899-1561(1998)10:1(52),pretraining,mix_00106
0.5678097003398209,none,0.0,None,0.0,,20.0,7.0,49.8,,,,,,,10.1061/(ASCE)0899-1561(1998)10:1(52),pretraining,mix_00107
0.40553359683794465,none,0.0,None,0.0,,20.0,7.0,47.1,,,,,,,10.1061/(ASCE)0899-1561(1998)10:1(52),pretraining,mix_00108
0.4547710976282405,none,0.0,None,0.0,,20.0,7.0,55.9,,,,,,,10.1061/(ASCE)0899-1561(1998)10:1(52),pretraining,mix_00109
0.505413901501921,none,0.0,None,0.0,,20.0,7.0,38.0,,,,,,,10.1061/(ASCE)0899-1561(1998)10:1(52),pretraining,mix_00110
0.4547710976282405,none,0.0,None,0.0,,20.0,7.0,55.9,,,,,,,10.1061/(ASCE)0899-1561(1998)10:1(52),pretraining,mix_00111
0.42369020501138954,none,0.0,None,0.0,,20.0,7.0,56.1,,,,,,,10.1061/(ASCE)0899-1561(1998)10:1(52),pretraining,mix_00112
0.37419851243908697,none,0.0,None,0.0,,20.0,7.0,59.09,,,,,,,10.1061/(ASCE)0899-1561(1998)10:1(52),pretraining,mix_00113
0.4547710976282405,none,0.0,None,0.0,,20.0,7.0,22.9,,,,,,,10.1061/(ASCE)0899-1561(1998)10:1(52),pretraining,mix_00114
0.5176087599881622,none,0.0,None,0.0,,20.0,7.0,35.1,,,,,,,10.1061/(ASCE)0899-1561(1998)10:1(52),pretraining,mix_00115
0.4548128342245989,none,0.0,None,0.0,,20.0,28.0,61.09,,,,,,,10.1061/(ASCE)0899-1561(1998)10:1(52),pretraining,mix_00116
0.5601659751037344,none,0.0,None,0.0,,20.0,28.0,59.8,,,,,,,10.1061/(ASCE)0899-1561(1998)10:1(52),pretraining,mix_00117
0.3611764705882353,none,0.0,None,0.0,,20.0,28.0,60.29,,,,,,,10.1061/(ASCE)0899-1561(1998)10:1(52),pretraining,mix_00118
0.3562352941176471,none,0.0,None,0.0,,20.0,28.0,61.8,,,,,,,10.1061/(ASCE)0899-1561(1998)10:1(52),pretraining,mix_00119
0.3376,none,0.0,None,0.0,,20.0,28.0,56.7,,,,,,,10.1061/(ASCE)0899-1561(1998)10:1(52),pretraining,mix_00120
0.3812631578947368,none,0.0,None,0.0,,20.0,28.0,68.3,,,,,,,10.1061/(ASCE)0899-1561(1998)10:1(52),pretraining,mix_00121
0.293816631130064,none,0.0,None,0.0,,20.0,28.0,66.9,,,,,,,10.1061/(ASCE)0899-1561(1998)10:1(52),pretraining,mix_00122
0.3611764705882353,none,0.0,None,0.0,,20.0,28.0,60.29,,,,,,,10.1061/(ASCE)0899-1561(1998)10:1(52),pretraining,mix_00123
0.40633041688111166,none,0.0,None,0.0,,20.0,28.0,50.7,,,,,,,10.1061/(ASCE)0899-1561(1998)10:1(52),pretraining,mix_00124
0.26689252776209305,none,0.0,None,0.0,,20.0,28.0,56.4,,,,,,,10.1061/(ASCE)0899-1561(1998)10:1(52),pretraining,mix_00125
0.3611764705882353,none,0.0,None,0.0,,20.0,28.0,60.29,,,,,,,10.1061/(ASCE)0899-1561(1998)10:1(52),pretraining,mix_00126
0.4883939774153073,none,0.0,None,0.0,,20.0,28.0,55.5,,,,,,,10.1061/(ASCE)0899-1561(1998)10:1(52),pretraining,mix_00127
0.3668491786958686,none,0.0,None,0.0,,20.0,28.0,68.5,,,,,,,10.1061/(ASCE)0899-1561(1998)10:1(52),pretraining,mix_00128
0.4547710976282405,none,0.0,None,0.0,,20.0,28.0,71.3,,,,,,,10.1061/(ASCE)0899-1561(1998)10:1(52),pretraining,mix_00129
0.5678097003398209,none,0.0,None,0.0,,20.0,28.0,74.7,,,,,,,10.1061/(ASCE)0899-1561(1998)10:1(52),pretraining,mix_00130
0.40553359683794465,none,0.0,None,0.0,,20.0,28.0,52.2,,,,,,,10.1061/(ASCE)0899-1561(1998)10:1(52),pretraining,mix_00131
0.4547710976282405,none,0.0,None,0.0,,20.0,28.0,71.3,,,,,,,10.1061/(ASCE)0899-1561(1998)10:1(52),pretraining,mix_00132
0.505413901501921,none,0.0,None,0.0,,20.0,28.0,67.7,,,,,,,10.1061/(ASCE)0899-1561(1998)10:1(52),pretraining,mix_00133
0.4547710976282405,none,0.0,None,0.0,,20.0,28.0,71.3,,,,,,,10.1061/(ASCE)0899-1561(1998)10:1(52),pretraining,mix_00134
0.42369020501138954,none,0.0,None,0.0,,20.0,28.0,66.0,,,,,,,10.1061/(ASCE)0899-1561(1998)10:1(52),pretraining,mix_00135
0.37419851243908697,none,0.0,None,0.0,,20.0,28.0,74.5,,,,,,,10.1061/(ASCE)0899-1561(1998)10:1(52),pretraining,mix_00136
0.4547710976282405,none,0.0,None,0.0,,20.0,28.0,71.3,,,,,,,10.1061/(ASCE)0899-1561(1998)10:1(52),pretraining,mix_00137
0.5176087599881622,none,0.0,None,0.0,,20.0,28.0,49.9,,,,,,,10.1061/(ASCE)0899-1561(1998)10:1(52),pretraining,mix_00138
0.4548128342245989,none,0.0,None,0.0,,20.0,56.0,63.4,,,,,,,10.1061/(ASCE)0899-1561(1998)10:1(52),pretraining,mix_00139
0.5601659751037344,none,0.0,None,0.0,,20.0,56.0,64.9,,,,,,,10.1061/(ASCE)0899-1561(1998)10:1(52),pretraining,mix_00140
0.3611764705882353,none,0.0,None,0.0,,20.0,56.0,64.3,,,,,,,10.1061/(ASCE)0899-1561(1998)10:1(52),pretraining,mix_00141
0.3562352941176471,none,0.0,None,0.0,,20.0,56.0,64.9,,,,,,,10.1061/(ASCE)0899-1561(1998)10:1(52),pretraining,mix_00142
0.3376,none,0.0,None,0.0,,20.0,56.0,60.2,,,,,,,10.1061/(ASCE)0899-1561(1998)10:1(52),pretraining,mix_00143
0.3812631578947368,none,0.0,None,0.0,,20.0,56.0,72.3,,,,,,,10.1061/(ASCE)0899-1561(1998)10:1(52),pretraining,mix_00144
0.293816631130064,none,0.0,None,0.0,,20.0,56.0,69.3,,,,,,,10.1061/(ASCE)0899-1561(1998)10:1(52),pretraining,mix_00145
0.3611764705882353,none,0.0,None,0.0,,20.0,56.0,64.3,,,,,,,10.1061/(ASCE)0899-1561(1998)10:1(52),pretraining,mix_00146
0.40633041688111166,none,0.0,None,0.0,,20.0,56.0,55.2,,,,,,,10.1061/(ASCE)0899-1561(1998)10:1(52),pretraining,mix_00147
0.26689252776209305,none,0.0,None,0.0,,20.0,56.0,58.8,,,,,,,10.1061/(ASCE)0899-1561(1998)10:1(52),pretraining,mix_00148
0.3611764705882353,none,0.0,None,0.0,,20.0,56.0,64.3,,,,,,,10.1061/(ASCE)0899-1561(1998)10:1(52),pretraining,mix_00149
0.4883939774153073,none,0.0,None,0.0,,20.0,56.0,66.1,,,,,,,10.1061/(ASCE)0899-1561(1998)10:1(52),pretraining,mix_00150
0.3668491786958686,none,0.0,None,0.0,,20.0,56.0,73.7,,,,,,,10.1061/(ASCE)0899-1561(1998)10:1(52),pretraining,mix_00151
0.4547710976282405,none,0.0,None,0.0,,20.0,56.0,77.3,,,,,,,10.1061/(ASCE)0899-1561(1998)10:1(52),pretraining,mix_00152
0.5678097003398209,none,0.0,None,0.0,,20.0,56.0,80.2,,,,,,,10.1061/(ASCE)0899-1561(1998)10:1(52),pretraining,mix_00153
0.40553359683794465,none,0.0,None,0.0,,20.0,56.0,54.9,,,,,,,10.1061/(ASCE)0899-1561(1998)10:1(52),pretraining,mix_00154
0.4547710976282405,none,0.0,None,0.0,,20.0,56.0,77.3,,,,,,,10.1061/(ASCE)0899-1561(1998)10:1(52),pretraining,mix_00155
0.505413901501921,none,0.0,None,0.0,,20.0,56.0,72.99,,,,,,,10.1061/(ASCE)0899-1561(1998)10:1(52),pretraining,mix_00156
0.4547710976282405,none,0.0,None,0.0,,20.0,56.0,77.3,,,,,,,10.1061/(ASCE)0899-1561(1998)10:1(52),pretraining,mix_00157
0.42369020501138954,none,0.0,None,0.0,,20.0,56.0,71.7,,,,,,,10.1061/(ASCE)0899-1561(1998)10:1(52),pretraining,mix_00158
0.37419851243908697,none,0.0,None,0.0,,20.0,56.0,79.4,,,,,,,10.1061/(ASCE)0899-1561(1998)10:1(52),pretraining,mix_00159
0.4547710976282405,none,0.0,None,0.0,,20.0,56.0,77.3,,,,,,,10.1061/(ASCE)0899-1561(1998)10:1(52),pretraining,mix_00160
0.5176087599881622,none,0.0,None,0.0,,20.0,56.0,59.89,,,,,,,10.1061/(ASCE)0899-1561(1998)10:1(52),pretraining,mix_00161
0.4548128342245989,none,0.0,None,0.0,,20.0,91.0,64.9,,,,,,,10.1061/(ASCE)0899-1561(1998)10:1(52),pretraining,mix_00162
0.5601659751037344,none,0.0,None,0.0,,20.0,91.0,66.6,,,,,,,10.1061/(ASCE)0899-1561(1998)10:1(52),pretraining,mix_00163
0.3611764705882353,none,0.0,None,0.0,,20.0,91.0,65.2,,,,,,,10.1061/(ASCE)0899-1561(1998)10:1(52),pretraining,mix_00164
0.3562352941176471,none,0.0,None,0.0,,20.0,91.0,66.7,,,,,,,10.1061/(ASCE)0899-1561(1998)10:1(52),pretraining,mix_00165
0.3376,none,0.0,None,0.0,,20.0,91.0,62.5,,,,,,,10.1061/(ASCE)0899-1561(1998)10:1(52),pretraining,mix_00166
0.3812631578947368,none,0.0,None,0.0,,20.0,91.0,74.19,,,,,,,10.1061/(ASCE)0899-1561(1998)10:1(52),pretraining,mix_00167
0.293816631130064,none,0.0,None,0.0,,20.0,91.0,70.7,,,,,,,10.1061/(ASCE)0899-1561(1998)10:1(52),pretraining,mix_00168
0.3611764705882353,none,0.0,None,0.0,,20.0,91.0,65.2,,,,,,,10.1061/(ASCE)0899-1561(1998)10:1(52),pretraining,mix_00169
0.40633041688111166,none,0.0,None,0.0,,20.0,91.0,57.6,,,,,,,10.1061/(ASCE)0899-1561(1998)10:1(52),pretraining,mix_00170
0.26689252776209305,none,0.0,None,0.0,,20.0,91.0,59.2,,,,,,,10.1061/(ASCE)0899-1561(1998)10:1(52),pretraining,mix_00171
0.3611764705882353,none,0.0,None,0.0,,20.0,91.0,65.2,,,,,,,10.1061/(ASCE)0899-1561(1998)10:1(52),pretraining,mix_00172
0.4883939774153073,none,0.0,None,0.0,,20.0,91.0,68.1,,,,,,,10.1061/(ASCE)0899-1561(1998)10:1(52),pretraining,mix_00173
0.3668491786958686,none,0.0,None,0.0,,20.0,91.0,75.5,,,,,,,10.1061/(ASCE)0899-1561(1998)10:1(52),pretraining,mix_00174
0.4547710976282405,none,0.0,None,0.0,,20.0,91.0,79.3,,,,,,,10.1061/(ASCE)0899-1561(1998)10:1(52),pretraining,mix_00175
0.40553359683794465,none,0.0,None,0.0,,20.0,91.0,56.5,,,,,,,10.1061/(ASCE)0899-1561(1998)10:1(52),pretraining,mix_00176
0.4547710976282405,none,0.0,None,0.0,,20.0,91.0,79.3,,,,,,,10.1061/(ASCE)0899-1561(1998)10:1(52),pretraining,mix_00177
0.505413901501921,none,0.0,None,0.0,,20.0,91.0,76.8,,,,,,,10.1061/(ASCE)0899-1561(1998)10:1(52),pretraining,mix_00178
0.4547710976282405,none,0.0,None,0.0,,20.0,91.0,79.3,,,,,,,10.1061/(ASCE)0899-1561(1998)10:1(52),pretraining,mix_00179
0.42369020501138954,none,0.0,None,0.0,,20.0,91.0,73.3,,,,,,,10.1061/(ASCE)0899-1561(1998)10:1(52),pretraining,mix_00180
0.37419851243908697,none,0.0,None,0.0,,20.0,91.0,82.6,,,,,,,10.1061/(ASCE)0899-1561(1998)10:1(52),pretraining,mix_00181
0.4547710976282405,none,0.0,None,0.0,,20.0,91.0,79.3,,,,,,,10.1061/(ASCE)0899-1561(1998)10:1(52),pretraining,mix_00182
0.5176087599881622,none,0.0,None,0.0,,20.0,91.0,67.8,,,,,,,10.1061/(ASCE)0899-1561(1998)10:1(52),pretraining,mix_00183
0.8511690647482014,fly_ash,30.303979943591347,None,0.0,,20.0,3.0,11.58,,,,,,,10.1061/(ASCE)0899-1561(1998)10:1(52),pretraining,mix_00184
0.8511690647482014,fly_ash,30.303979943591347,None,0.0,,20.0,14.0,24.45,,,,,,,10.1061/(ASCE)0899-1561(1998)10:1(52),pretraining,mix_00185
0.8511690647482014,fly_ash,30.303979943591347,None,0.0,,20.0,28.0,24.89,,,,,,,10.1061/(ASCE)0899-1561(1998)10:1(52),pretraining,mix_00186
0.8511690647482014,fly_ash,30.303979943591347,None,0.0,,20.0,56.0,29.45,,,,,,,10.1061/(ASCE)0899-1561(1998)10:1(52),pretraining,mix_00187
0.8511690647482014,fly_ash,30.303979943591347,None,0.0,,20.0,100.0,40.71,,,,,,,10.1061/(ASCE)0899-1561(1998)10:1(52),pretraining,mix_00188
0.8464499572284003,fly_ash,28.806333739342264,None,0.0,,20.0,3.0,10.38,,,,,,,10.1061/(ASCE)0899-1561(1998)10:1(52),pretraining,mix_00189
0.8464499572284003,fly_ash,28.806333739342264,None,0.0,,20.0,14.0,22.14,,,,,,,10.1061/(ASCE)0899-1561(1998)10:1(52),pretraining,mix_00190
0.8464499572284003,fly_ash,28.806333739342264,None,0.0,,20.0,28.0,22.84,,,,,,,10.1061/(ASCE)0899-1561(1998)10:1(52),pretraining,mix_00191
0.8464499572284003,fly_ash,28.806333739342264,None,0.0,,20.0,56.0,27.66,,,,,,,10.1061/(ASCE)0899-1561(1998)10:1(52),pretraining,mix_00192
0.8464499572284003,fly_ash,28.806333739342264,None,0.0,,20.0,100.0,34.56,,,,,,,10.1061/(ASCE)0899-1561(1998)10:1(52),pretraining,mix_00193
0.8505392912172574,fly_ash,34.04471544715447,None,0.0,,20.0,3.0,12.45,,,,,,,10.1061/(ASCE)0899-1561(1998)10:1(52),pretraining,mix_00194
0.8505392912172574,fly_ash,34.04471544715447,None,0.0,,20.0,14.0,24.99,,,,,,,10.1061/(ASCE)0899-1561(1998)10:1(52),pretraining,mix_00195
0.8505392912172574,fly_ash,34.04471544715447,None,0.0,,20.0,28.0,25.72,,,,,,,10.1061/(ASCE)0899-1561(1998)10:1(52),pretraining,mix_00196
0.8505392912172574,fly_ash,34.04471544715447,None,0.0,,20.0,56.0,33.96,,,,,,,10.1061/(ASCE)0899-1561(1998)10:1(52),pretraining,mix_00197
0.8505392912172574,fly_ash,34.04471544715447,None,0.0,,20.0,100.0,37.34,,,,,,,10.1061/(ASCE)0899-1561(1998)10:1(52),pretraining,mix_00198
0.8500262191924489,fly_ash,39.67099019297691,None,0.0,,20.0,3.0,15.04,,,,,,,10.1061/(ASCE)0899-1561(1998)10:1(52),pretraining,mix_00199
0.8500262191924489,fly_ash,39.67099019297691,None,0.0,,20.0,14.0,21.06,,,,,,,10.1061/(ASCE)0899-1561(1998)10:1(52),pretraining,mix_00200
0.8500262191924489,fly_ash,39.67099019297691,None,0.0,,20.0,28.0,26.4,,,,,,,10.1061/(ASCE)0899-1561(1998)10:1(52),pretraining,mix_00201
0.8500262191924489,fly_ash,39.67099019297691,None,0.0,,20.0,56.0,35.34,,,,,,,10.1061/(ASCE)0899-1561(1998)10:1(52),pretraining,mix_00202
0.8500262191924489,fly_ash,39.67099019297691,None,0.0,,20.0,100.0,40.57,,,,,,,10.1061/(ASCE)0899-1561(1998)10:1(52),pretraining,mix_00203
0.8500707213578501,fly_ash,36.43991609229847,None,0.0,,20.0,3.0,12.47,,,,,,,10.1061/(ASCE)0899-1561(1998)10:1(52),pretraining,mix_00204
0.8500707213578501,fly_ash,36.43991609229847,None,0.0,,20.0,14.0,20.92,,,,,,,10.1061/(ASCE)0899-1561(1998)10:1(52),pretraining,mix_00205
0.8500707213578501,fly_ash,36.43991609229847,None,0.0,,20.0,28.0,24.9,,,,,,,10.1061/(ASCE)0899-1561(1998)10:1(52),pretraining,mix_00206
0.8500707213578501,fly_ash,36.43991609229847,None,0.0,,20.0,56.0,34.2,,,,,,,10.1061/(ASCE)0899-1561(1998)10:1(52),pretraining,mix_00207
0.8500707213578501,fly_ash,36.43991609229847,None,0.0,,20.0,100.0,39.61,,,,,,,10.1061/(ASCE)0899-1561(1998)10:1(52),pretraining,mix_00208
0.85,fly_ash,33.964972724662644,None,0.0,,20.0,3.0,10.03,,,,,,,10.1061/(ASCE)0899-1561(1998)10:1(52),pretraining,mix_00209
0.85,fly_ash,33.964972724662644,None,0.0,,20.0,14.0,20.08,,,,,,,10.1061/(ASCE)0899-1561(1998)10:1(52),pretraining,mix_00210
0.85,fly_ash,33.964972724662644,None,0.0,,20.0,28.0,24.48,,,,,,,10.1061/(ASCE)0899-1561(1998)10:1(52),pretraining,mix_00211
0.85,fly_ash,33.964972724662644,None,0.0,,20.0,56.0,31.54,,,,,,,10.1061/(ASCE)0899-1561(1998)10:1(52),pretraining,mix_00212
0.85,fly_ash,33.964972724662644,None,0.0,,20.0,100.0,35.34,,,,,,,10.1061/(ASCE)0899-1561(1998)10:1(52),pretraining,mix_00213
0.8507619548081976,fly_ash,39.68304278922346,None,0.0,,20.0,3.0,9.45,,,,,,,10.1061/(ASCE)0899-1561(1998)10:1(52),pretraining,mix_00214
0.8507619548081976,fly_ash,39.68304278922346,None,0.0,,20.0,14.0,22.72,,,,,,,10.1061/(ASCE)0899-1561(1998)10:1(52),pretraining,mix_00215
0.8507619548081976,fly_ash,39.68304278922346,None,0.0,,20.0,28.0,28.47,,,,,,,10.1061/(ASCE)0899-1561(1998)10:1(52),pretraining,mix_00216
0.8507619548081976,fly_ash,39.68304278922346,None,0.0,,20.0,56.0,38.56,,,,,,,10.1061/(ASCE)0899-1561(1998)10:1(52),pretraining,mix_00217
0.8507619548081976,fly_ash,39.68304278922346,None,0.0,,20.0,100.0,40.39,,,,,,,10.1061/(ASCE)0899-1561(1998)10:1(52),pretraining,mix_00218
1.062612883804937,fly_ash,49.57498482088647,None,0.0,,20.0,3.0,10.76,,,,,,,10.1061/(ASCE)0899-1561(1998)10:1(52),pretraining,mix_00219
1.062612883804937,fly_ash,49.57498482088647,None,0.0,,20.0,14.0,25.48,,,,,,,10.1061/(ASCE)0899-1561(1998)10:1(52),pretraining,mix_00220
1.062612883804937,fly_ash,49.57498482088647,None,0.0,,20.0,28.0,21.54,,,,,,,10.1061/(ASCE)0899-1561(1998)10:1(52),pretraining,mix_00221
1.062612883804937,fly_ash,49.57498482088647,None,0.0,,20.0,56.0,28.63,,,,,,,10.1061/(ASCE)0899-1561(1998)10:1(52),pretraining,mix_00222
1.062612883804937,fly_ash,49.57498482088647,None,0.0,,20.0,100.0,33.54,,,,,,,10.1061/(ASCE)0899-1561(1998)10:1(52),pretraining,mix_00223
0.725,fly_ash,43.80850494784702,None,0.0,,20.0,3.0,7.75,,,,,,,10.1061/(ASCE)0899-1561(1998)10:1(52),pretraining,mix_00224
0.725,fly_ash,43.80850494784702,None,0.0,,20.0,14.0,17.82,,,,,,,10.1061/(ASCE)0899-1561(1998)10:1(52),pretraining,mix_00225
0.725,fly_ash,43.80850494784702,None,0.0,,20.0,28.0,24.24,,,,,,,10.1061/(ASCE)0899-1561(1998)10:1(52),pretraining,mix_00226
0.725,fly_ash,43.80850494784702,None,0.0,,20.0,56.0,32.85,,,,,,,10.1061/(ASCE)0899-1561(1998)10:1(52),pretraining,mix_00227
0.725,fly_ash,43.80850494784702,None,0.0,,20.0,100.0,39.23,,,,,,,10.1061/(ASCE)0899-1561(1998)10:1(52),pretraining,mix_00228
0.8502573701450632,fly_ash,7.285162057686591,None,0.0,,20.0,3.0,18.0,,,,,,,10.1061/(ASCE)0899-1561(1998)10:1(52),pretraining,mix_00229
0.8502573701450632,fly_ash,7.285162057686591,None,0.0,,20.0,14.0,30.39,,,,,,,10.1061/(ASCE)0899-1561(1998)10:1(52),pretraining,mix_00230
0.8502573701450632,fly_ash,7.285162057686591,None,0.0,,20.0,28.0,45.71,,,,,,,10.1061/(ASCE)0899-1561(1998)10:1(52),pretraining,mix_00231
0.8502573701450632,fly_ash,7.285162057686591,None,0.0,,20.0,56.0,50.77,,,,,,,10.1061/(ASCE)0899-1561(1998)10:1(52),pretraining,mix_00232
0.8502573701450632,fly_ash,7.285162057686591,None,0.0,,20.0,100.0,53.9,,,,,,,10.1061/(ASCE)0899-1561(1998)10:1(52),pretraining,mix_00233
0.8498596819457436,fly_ash,7.2829964328180745,None,0.0,,20.0,3.0,13.18,,,,,,,10.1061/(ASCE)0899-1561(1998)10:1(52),pretraining,mix_00234
0.8498596819457436,fly_ash,7.2829964328180745,None,0.0,,20.0,14.0,17.84,,,,,,,10.1061/(ASCE)0899-1561(1998)10:1(52),pretraining,mix_00235
0.8498596819457436,fly_ash,7.2829964328180745,None,0.0,,20.0,28.0,40.23,,,,,,,10.1061/(ASCE)0899-1561(1998)10:1(52),pretraining,mix_00236
0.8498596819457436,fly_ash,7.2829964328180745,None,0.0,,20.0,56.0,47.13,,,,,,,10.1061/(ASCE)0899-1561(1998)10:1(52),pretraining,mix_00237
0.8498596819457436,fly_ash,7.2829964328180745,None,0.0,,20.0,100.0,49.97,,,,,,,10.1061/(ASCE)0899-1561(1998)10:1(52),pretraining,mix_00238
0.8498040922942969,fly_ash,33.97528025294625,None,0.0,,20.0,3.0,13.36,,,,,,,10.1061/(ASCE)0899-1561(1998)10:1(52),pretraining,mix_00239
0.8498040922942969,fly_ash,33.97528025294625,None,0.0,,20.0,14.0,22.32,,,,,,,10.1061/(ASCE)0899-1561(1998)10:1(52),pretraining,mix_00240
0.8498040922942969,fly_ash,33.97528025294625,None,0.0,,20.0,28.0,24.54,,,,,,,10.1061/(ASCE)0899-1561(1998)10:1(52),pretraining,mix_00241
0.8498040922942969,fly_ash,33.97528025294625,None,0.0,,20.0,56.0,31.35,,,,,,,10.1061/(ASCE)0899-1561(1998)10:1(52),pretraining,mix_00242
0.8498040922942969,fly_ash,33.97528025294625,None,0.0,,20.0,100.0,40.86,,,,,,,10.1061/(ASCE)0899-1561(1998)10:1(52),pretraining,mix_00243
0.7841243175136497,fly_ash,28.326309452137266,None,0.0,,20.0,3.0,19.93,,,,,,,10.1061/(ASCE)0899-1561(1998)10:1(52),pretraining,mix_00244
0.7841243175136497,fly_ash,28.326309452137266,None,0.0,,20.0,14.0,25.69,,,,,,,10.1061/(ASCE)0899-1561(1998)10:1(52),pretraining,mix_00245
0.7841243175136497,fly_ash,28.326309452137266,None,0.0,,20.0,28.0,30.23,,,,,,,10.1061/(ASCE)0899-1561(1998)10:1(52),pretraining,mix_00246
0.7841243175136497,fly_ash,28.326309452137266,None,0.0,,20.0,56.0,39.59,,,,,,,10.1061/(ASCE)0899-1561(1998)10:1(52),pretraining,mix_00247
0.7841243175136497,fly_ash,28.326309452137266,None,0.0,,20.0,100.0,44.3,,,,,,,10.1061/(ASCE)0899-1561(1998)10:1(52),pretraining,mix_00248
0.7496,fly_ash,27.682962105872143,None,0.0,,20.0,3.0,13.82,,,,,,,10.1061/(ASCE)0899-1561(1998)10:1(52),pretraining,mix_00249
0.7496,fly_ash,27.682962105872143,None,0.0,,20.0,14.0,24.92,,,,,,,10.1061/(ASCE)0899-1561(1998)10:1(52),pretraining,mix_00250
0.7496,fly_ash,27.682962105872143,None,0.0,,20.0,28.0,29.22,,,,,,,10.1061/(ASCE)0899-1561(1998)10:1(52),pretraining,mix_00251
0.7496,fly_ash,27.682962105872143,None,0.0,,20.0,56.0,38.33,,,,,,,10.1061/(ASCE)0899-1561(1998)10:1(52),pretraining,mix_00252
0.7496,fly_ash,27.682962105872143,None,0.0,,20.0,100.0,42.35,,,,,,,10.1061/(ASCE)0899-1561(1998)10:1(52),pretraining,mix_00253
0.7496470588235294,fly_ash,32.086928731224035,None,0.0,,20.0,3.0,13.54,,,,,,,10.1061/(ASCE)0899-1561(1998)10:1(52),pretraining,mix_00254
0.7496470588235294,fly_ash,32.086928731224035,None,0.0,,20.0,14.0,26.31,,,,,,,10.1061/(ASCE)0899-1561(1998)10:1(52),pretraining,mix_00255
0.7496470588235294,fly_ash,32.086928731224035,None,0.0,,20.0,28.0,31.64,,,,,,,10.1061/(ASCE)0899-1561(1998)10:1(52),pretraining,mix_00256
0.7496470588235294,fly_ash,32.086928731224035,None,0.0,,20.0,56.0,42.55,,,,,,,10.1061/(ASCE)0899-1561(1998)10:1(52),pretraining,mix_00257
0.7496470588235294,fly_ash,32.086928731224035,None,0.0,,20.0,100.0,42.92,,,,,,,10.1061/(ASCE)0899-1561(1998)10:1(52),pretraining,mix_00258
0.7497648165569144,fly_ash,32.07667731629393,None,0.0,,20.0,3.0,13.33,,,,,,,10.1061/(ASCE)0899-1561(1998)10:1(52),pretraining,mix_00259
0.7497648165569144,fly_ash,32.07667731629393,None,0.0,,20.0,14.0,25.37,,,,,,,10.1061/(ASCE)0899-1561(1998)10:1(52),pretraining,mix_00260
0.7497648165569144,fly_ash,32.07667731629393,None,0.0,,20.0,28.0,37.4,,,,,,,10.1061/(ASCE)0899-1561(1998)10:1(52),pretraining,mix_00261
0.7497648165569144,fly_ash,32.07667731629393,None,0.0,,20.0,56.0,44.4,,,,,,,10.1061/(ASCE)0899-1561(1998)10:1(52),pretraining,mix_00262
0.7497648165569144,fly_ash,32.07667731629393,None,0.0,,20.0,100.0,47.74,,,,,,,10.1061/(ASCE)0899-1561(1998)10:1(52),pretraining,mix_00263
0.75,fly_ash,37.05463182897862,None,0.0,,20.0,3.0,19.52,,,,,,,10.1061/(ASCE)0899-1561(1998)10:1(52),pretraining,mix_00264
0.75,fly_ash,37.05463182897862,None,0.0,,20.0,14.0,31.35,,,,,,,10.1061/(ASCE)0899-1561(1998)10:1(52),pretraining,mix_00265
0.75,fly_ash,37.05463182897862,None,0.0,,20.0,28.0,38.5,,,,,,,10.1061/(ASCE)0899-1561(1998)10:1(52),pretraining,mix_00266
0.75,fly_ash,37.05463182897862,None,0.0,,20.0,56.0,45.08,,,,,,,10.1061/(ASCE)0899-1561(1998)10:1(52),pretraining,mix_00267
0.75,fly_ash,37.05463182897862,None,0.0,,20.0,100.0,47.82,,,,,,,10.1061/(ASCE)0899-1561(1998)10:1(52),pretraining,mix_00268
0.7506471095772217,fly_ash,34.40860215053764,None,0.0,,20.0,3.0,15.44,,,,,,,10.1061/(ASCE)0899-1561(1998)10:1(52),pretraining,mix_00269
0.7506471095772217,fly_ash,34.40860215053764,None,0.0,,20.0,14.0,26.77,,,,,,,10.1061/(ASCE)0899-1561(1998)10:1(52),pretraining,mix_00270
0.7506471095772217,fly_ash,34.40860215053764,None,0.0,,20.0,28.0,33.73,,,,,,,10.1061/(ASCE)0899-1561(1998)10:1(52),pretraining,mix_00271
0.7506471095772217,fly_ash,34.40860215053764,None,0.0,,20.0,56.0,42.7,,,,,,,10.1061/(ASCE)0899-1561(1998)10:1(52),pretraining,mix_00272
0.7506471095772217,fly_ash,34.40860215053764,None,0.0,,20.0,100.0,45.84,,,,,,,10.1061/(ASCE)0899-1561(1998)10:1(52),pretraining,mix_00273
0.7498011137629276,fly_ash,31.998918041655394,None,0.0,,20.0,3.0,17.22,,,,,,,10.1061/(ASCE)0899-1561(1998)10:1(52),pretraining,mix_00274
0.7498011137629276,fly_ash,31.998918041655394,None,0.0,,20.0,14.0,29.93,,,,,,,10.1061/(ASCE)0899-1561(1998)10:1(52),pretraining,mix_00275
0.7498011137629276,fly_ash,31.998918041655394,None,0.0,,20.0,28.0,29.65,,,,,,,10.1061/(ASCE)0899-1561(1998)10:1(52),pretraining,mix_00276
0.7498011137629276,fly_ash,31.998918041655394,None,0.0,,20.0,56.0,36.97,,,,,,,10.1061/(ASCE)0899-1561(1998)10:1(52),pretraining,mix_00277
0.7498011137629276,fly_ash,31.998918041655394,None,0.0,,20.0,100.0,43.58,,,,,,,10.1061/(ASCE)0899-1561(1998)10:1(52),pretraining,mix_00278
0.7498011137629276,fly_ash,31.998918041655394,None,0.0,,20.0,3.0,13.12,,,,,,,10.1061/(ASCE)0899-1561(1998)10:1(52),pretraining,mix_00279
0.7498011137629276,fly_ash,31.998918041655394,None,0.0,,20.0,14.0,24.43,,,,,,,10.1061/(ASCE)0899-1561(1998)10:1(52),pretraining,mix_00280
0.7498011137629276,fly_ash,31.998918041655394,None,0.0,,20.0,28.0,32.66,,,,,,,10.1061/(ASCE)0899-1561(1998)10:1(52),pretraining,mix_00281
0.7498011137629276,fly_ash,31.998918041655394,None,0.0,,20.0,56.0,36.64,,,,,,,10.1061/(ASCE)0899-1561(1998)10:1(52),pretraining,mix_00282
0.7498011137629276,fly_ash,31.998918041655394,None,0.0,,20.0,100.0,44.21,,,,,,,10.1061/(ASCE)0899-1561(1998)10:1(52),pretraining,mix_00283
0.9349503858875413,fly_ash,47.933409873708385,None,0.0,,20.0,3.0,13.62,,,,,,,10.1061/(ASCE)0899-1561(1998)10:1(52),pretraining,mix_00284
0.9349503858875413,fly_ash,47.933409873708385,None,0.0,,20.0,14.0,21.6,,,,,,,10.1061/(ASCE)0899-1561(1998)10:1(52),pretraining,mix_00285
0.9349503858875413,fly_ash,47.933409873708385,None,0.0,,20.0,28.0,27.77,,,,,,,10.1061/(ASCE)0899-1561(1998)10:1(52),pretraining,mix_00286
0.9349503858875413,fly_ash,47.933409873708385,None,0.0,,20.0,56.0,35.57,,,,,,,10.1061/(ASCE)0899-1561(1998)10:1(52),pretraining,mix_00287
0.9349503858875413,fly_ash,47.933409873708385,None,0.0,,20.0,100.0,45.37,,,,,,,10.1061/(ASCE)0899-1561(1998)10:1(52),pretraining,mix_00288
0.9351648351648351,fly_ash,34.93699885452463,None,0.0,,20.0,3.0,7.32,,,,,,,10.1061/(ASCE)0899-1561(1998)10:1(52),pretraining,mix_00289
0.9351648351648351,fly_ash,34.93699885452463,None,0.0,,20.0,14.0,21.5,,,,,,,10.1061/(ASCE)0899-1561(1998)10:1(52),pretraining,mix_00290
0.9351648351648351,fly_ash,34.93699885452463,None,0.0,,20.0,28.0,31.27,,,,,,,10.1061/(ASCE)0899-1561(1998)10:1(52),pretraining,mix_00291
0.9351648351648351,fly_ash,34.93699885452463,None,0.0,,20.0,56.0,43.5,,,,,,,10.1061/(ASCE)0899-1561(1998)10:1(52),pretraining,mix_00292
0.9351648351648351,fly_ash,34.93699885452463,None,0.0,,20.0,100.0,48.67,,,,,,,10.1061/(ASCE)0899-1561(1998)10:1(52),pretraining,mix_00293
0.9372409709887508,fly_ash,37.060226595110315,None,0.0,,20.0,3.0,7.4,,,,,,,10.1061/(ASCE)0899-1561(1998)10:1(52),pretraining,mix_00294
0.9372409709887508,fly_ash,37.060226595110315,None,0.0,,20.0,14.0,23.51,,,,,,,10.1061/(ASCE)0899-1561(1998)10:1(52),pretraining,mix_00295
0.9372409709887508,fly_ash,37.060226595110315,None,0.0,,20.0,28.0,31.12,,,,,,,10.1061/(ASCE)0899-1561(1998)10:1(52),pretraining,mix_00296
0.9372409709887508,fly_ash,37.060226595110315,None,0.0,,20.0,56.0,39.15,,,,,,,10.1061/(ASCE)0899-1561(1998)10:1(52),pretraining,mix_00297
0.9372409709887508,fly_ash,37.060226595110315,None,0.0,,20.0,100.0,48.15,,,,,,,10.1061/(ASCE)0899-1561(1998)10:1(52),pretraining,mix_00298
0.5788567493112948,fly_ash,24.88360062079669,None,0.0,,20.0,3.0,22.5,,,,,,,10.1061/(ASCE)0899-1561(1998)10:1(52),pretraining,mix_00299
0.5788567493112948,fly_ash,24.88360062079669,None,0.0,,20.0,14.0,34.67,,,,,,,10.1061/(ASCE)0899-1561(1998)10:1(52),pretraining,mix_00300
0.5788567493112948,fly_ash,24.88360062079669,None,0.0,,20.0,28.0,34.74,,,,,,,10.1061/(ASCE)0899-1561(1998)10:1(52),pretraining,mix_00301
0.5788567493112948,fly_ash,24.88360062079669,None,0.0,,20.0,56.0,45.08,,,,,,,10.1061/(ASCE)0899-1561(1998)10:1(52),pretraining,mix_00302
0.5788567493112948,fly_ash,24.88360062079669,None,0.0,,20.0,100.0,48.97,,,,,,,10.1061/(ASCE)0899-1561(1998)10:1(52),pretraining,mix_00303
0.5795741609527246,fly_ash,26.00801068090788,None,0.0,,20.0,3.0,23.14,,,,,,,10.1061/(ASCE)0899-1561(1998)10:1(52),pretraining,mix_00304
0.5795741609527246,fly_ash,26.00801068090788,None,0.0,,20.0,14.0,41.89,,,,,,,10.1061/(ASCE)0899-1561(1998)10:1(52),pretraining,mix_00305
0.5795741609527246,fly_ash,26.00801068090788,None,0.0,,20.0,28.0,48.28,,,,,,,10.1061/(ASCE)0899-1561(1998)10:1(52),pretraining,mix_00306
0.5795741609527246,fly_ash,26.00801068090788,None,0.0,,20.0,56.0,51.04,,,,,,,10.1061/(ASCE)0899-1561(1998)10:1(52),pretraining,mix_00307
0.5795741609527246,fly_ash,26.00801068090788,None,0.0,,20.0,100.0,55.64,,,,,,,10.1061/(ASCE)0899-1561(1998)10:1(52),pretraining,mix_00308
0.579979709164694,fly_ash,24.431382570917457,None,0.0,,20.0,3.0,22.95,,,,,,,10.1061/(ASCE)0899-1561(1998)10:1(52),pretraining,mix_00309
0.579979709164694,fly_ash,24.431382570917457,None,0.0,,20.0,14.0,35.23,,,,,,,10.1061/(ASCE)0899-1561(1998)10:1(52),pretraining,mix_00310
0.579979709164694,fly_ash,24.431382570917457,None,0.0,,20.0,28.0,39.94,,,,,,,10.1061/(ASCE)0899-1561(1998)10:1(52),pretraining,mix_00311
0.579979709164694,fly_ash,24.431382570917457,None,0.0,,20.0,56.0,48.72,,,,,,,10.1061/(ASCE)0899-1561(1998)10:1(52),pretraining,mix_00312
0.579979709164694,fly_ash,24.431382570917457,None,0.0,,20.0,100.0,52.04,,,,,,,10.1061/(ASCE)0899-1561(1998)10:1(52),pretraining,mix_00313
0.58022239872915,fly_ash,28.404890531703153,None,0.0,,20.0,3.0,21.02,,,,,,,10.1061/(ASCE)0899-1561(1998)10:1(52),pretraining,mix_00314
0.58022239872915,fly_ash,28.404890531703153,None,0.0,,20.0,14.0,33.36,,,,,,,10.1061/(ASCE)0899-1561(1998)10:1(52),pretraining,mix_00315
0.58022239872915,fly_ash,28.404890531703153,None,0.0,,20.0,28.0,33.94,,,,,,,10.1061/(ASCE)0899-1561(1998)10:1(52),pretraining,mix_00316
0.58022239872915,fly_ash,28.404890531703153,None,0.0,,20.0,56.0,44.14,,,,,,,10.1061/(ASCE)0899-1561(1998)10:1(52),pretraining,mix_00317
0.58022239872915,fly_ash,28.404890531703153,None,0.0,,20.0,100.0,45.37,,,,,,,10.1061/(ASCE)0899-1561(1998)10:1(52),pretraining,mix_00318
0.6346848655158571,fly_ash,28.398965219890776,None,0.0,,20.0,3.0,15.36,,,,,,,10.1061/(ASCE)0899-1561(1998)10:1(52),pretraining,mix_00319
0.6346848655158571,fly_ash,28.398965219890776,None,0.0,,20.0,14.0,28.68,,,,,,,10.1061/(ASCE)0899-1561(1998)10:1(52),pretraining,mix_00320
0.6346848655158571,fly_ash,28.398965219890776,None,0.0,,20.0,28.0,30.85,,,,,,,10.1061/(ASCE)0899-1561(1998)10:1(52),pretraining,mix_00321
0.6346848655158571,fly_ash,28.398965219890776,None,0.0,,20.0,56.0,42.03,,,,,,,10.1061/(ASCE)0899-1561(1998)10:1(52),pretraining,mix_00322
0.6346848655158571,fly_ash,28.398965219890776,None,0.0,,20.0,100.0,51.06,,,,,,,10.1061/(ASCE)0899-1561(1998)10:1(52),pretraining,mix_00323
0.5798652397938961,fly_ash,28.140131016804325,None,0.0,,20.0,3.0,21.78,,,,,,,10.1061/(ASCE)0899-1561(1998)10:1(52),pretraining,mix_00324
0.5798652397938961,fly_ash,28.140131016804325,None,0.0,,20.0,14.0,42.29,,,,,,,10.1061/(ASCE)0899-1561(1998)10:1(52),pretraining,mix_00325
0.5798652397938961,fly_ash,28.140131016804325,None,0.0,,20.0,28.0,50.6,,,,,,,10.1061/(ASCE)0899-1561(1998)10:1(52),pretraining,mix_00326
0.5798652397938961,fly_ash,28.140131016804325,None,0.0,,20.0,56.0,55.83,,,,,,,10.1061/(ASCE)0899-1561(1998)10:1(52),pretraining,mix_00327
0.5798652397938961,fly_ash,28.140131016804325,None,0.0,,20.0,100.0,60.95,,,,,,,10.1061/(ASCE)0899-1561(1998)10:1(52),pretraining,mix_00328
0.5806320907617504,fly_ash,33.63807475127722,None,0.0,,20.0,3.0,23.52,,,,,,,10.1061/(ASCE)0899-1561(1998)10:1(52),pretraining,mix_00329
0.5806320907617504,fly_ash,33.63807475127722,None,0.0,,20.0,14.0,42.22,,,,,,,10.1061/(ASCE)0899-1561(1998)10:1(52),pretraining,mix_00330
0.5806320907617504,fly_ash,33.63807475127722,None,0.0,,20.0,28.0,52.5,,,,,,,10.1061/(ASCE)0899-1561(1998)10:1(52),pretraining,mix_00331
0.5806320907617504,fly_ash,33.63807475127722,None,0.0,,20.0,56.0,60.32,,,,,,,10.1061/(ASCE)0899-1561(1998)10:1(52),pretraining,mix_00332
0.5806320907617504,fly_ash,33.63807475127722,None,0.0,,20.0,100.0,66.42,,,,,,,10.1061/(ASCE)0899-1561(1998)10:1(52),pretraining,mix_00333
0.5797891675754271,fly_ash,30.617906683480456,None,0.0,,20.0,3.0,23.8,,,,,,,10.1061/(ASCE)0899-1561(1998)10:1(52),pretraining,mix_00334
0.5797891675754271,fly_ash,30.617906683480456,None,0.0,,20.0,14.0,38.77,,,,,,,10.1061/(ASCE)0899-1561(1998)10:1(52),pretraining,mix_00335
0.5797891675754271,fly_ash,30.617906683480456,None,0.0,,20.0,28.0,51.33,,,,,,,10.1061/(ASCE)0899-1561(1998)10:1(52),pretraining,mix_00336
0.5797891675754271,fly_ash,30.617906683480456,None,0.0,,20.0,56.0,56.85,,,,,,,10.1061/(ASCE)0899-1561(1998)10:1(52),pretraining,mix_00337
0.5797891675754271,fly_ash,30.617906683480456,None,0.0,,20.0,100.0,58.61,,,,,,,10.1061/(ASCE)0899-1561(1998)10:1(52),pretraining,mix_00338
0.588156123822342,fly_ash,28.333735230286955,None,0.0,,20.0,3.0,21.91,,,,,,,10.1061/(ASCE)0899-1561(1998)10:1(52),pretraining,mix_00339
0.588156123822342,fly_ash,28.333735230286955,None,0.0,,20.0,14.0,36.99,,,,,,,10.1061/(ASCE)0899-1561(1998)10:1(52),pretraining,mix_00340
0.588156123822342,fly_ash,28.333735230286955,None,0.0,,20.0,28.0,47.4,,,,,,,10.1061/(ASCE)0899-1561(1998)10:1(52),pretraining,mix_00341
0.588156123822342,fly_ash,28.333735230286955,None,0.0,,20.0,56.0,51.96,,,,,,,10.1061/(ASCE)0899-1561(1998)10:1(52),pretraining,mix_00342
0.588156123822342,fly_ash,28.333735230286955,None,0.0,,20.0,100.0,56.74,,,,,,,10.1061/(ASCE)0899-1561(1998)10:1(52),pretraining,mix_00343
0.724379971923257,fly_ash,44.979402677651905,None,0.0,,20.0,3.0,17.57,,,,,,,10.1061/(ASCE)0899-1561(1998)10:1(52),pretraining,mix_00344
0.724379971923257,fly_ash,44.979402677651905,None,0.0,,20.0,14.0,33.73,,,,,,,10.1061/(ASCE)0899-1561(1998)10:1(52),pretraining,mix_00345
0.724379971923257,fly_ash,44.979402677651905,None,0.0,,20.0,28.0,40.15,,,,,,,10.1061/(ASCE)0899-1561(1998)10:1(52),pretraining,mix_00346
0.724379971923257,fly_ash,44.979402677651905,None,0.0,,20.0,56.0,46.64,,,,,,,10.1061/(ASCE)0899-1561(1998)10:1(52),pretraining,mix_00347
0.724379971923257,fly_ash,44.979402677651905,None,0.0,,20.0,100.0,50.08,,,,,,,10.1061/(ASCE)0899-1561(1998)10:1(52),pretraining,mix_00348
0.7241217798594848,fly_ash,44.9316481815837,None,0.0,,20.0,3.0,17.37,,,,,,,10.1061/(ASCE)0899-1561(1998)10:1(52),pretraining,mix_00349
0.7241217798594848,fly_ash,44.9316481815837,None,0.0,,20.0,14.0,33.7,,,,,,,10.1061/(ASCE)0899-1561(1998)10:1(52),pretraining,mix_00350
0.7241217798594848,fly_ash,44.9316481815837,None,0.0,,20.0,28.0,45.94,,,,,,,10.1061/(ASCE)0899-1561(1998)10:1(52),pretraining,mix_00351
0.7241217798594848,fly_ash,44.9316481815837,None,0.0,,20.0,56.0,51.43,,,,,,,10.1061/(ASCE)0899-1561(1998)10:1(52),pretraining,mix_00352
0.7241217798594848,fly_ash,44.9316481815837,None,0.0,,20.0,100.0,59.3,,,,,,,10.1061/(ASCE)0899-1561(1998)10:1(52),pretraining,mix_00353
0.5797258297258298,fly_ash,6.132665832290362,None,0.0,,20.0,3.0,30.45,,,,,,,10.1061/(ASCE)0899-1561(1998)10:1(52),pretraining,mix_00354
0.5797258297258298,fly_ash,6.132665832290362,None,0.0,,20.0,14.0,47.71,,,,,,,10.1061/(ASCE)0899-1561(1998)10:1(52),pretraining,mix_00355
0.5797258297258298,fly_ash,6.132665832290362,None,0.0,,20.0,28.0,63.14,,,,,,,10.1061/(ASCE)0899-1561(1998)10:1(52),pretraining,mix_00356
0.5797258297258298,fly_ash,6.132665832290362,None,0.0,,20.0,56.0,66.82,,,,,,,10.1061/(ASCE)0899-1561(1998)10:1(52),pretraining,mix_00357
0.5797258297258298,fly_ash,6.132665832290362,None,0.0,,20.0,100.0,66.95,,,,,,,10.1061/(ASCE)0899-1561(1998)10:1(52),pretraining,mix_00358
0.6452795600366636,fly_ash,31.215330307614725,None,0.0,,20.0,3.0,27.42,,,,,,,10.1061/(ASCE)0899-1561(1998)10:1(52),pretraining,mix_00359
0.6452795600366636,fly_ash,31.215330307614725,None,0.0,,20.0,14.0,35.96,,,,,,,10.1061/(ASCE)0899-1561(1998)10:1(52),pretraining,mix_00360
0.6452795600366636,fly_ash,31.215330307614725,None,0.0,,20.0,28.0,55.51,,,,,,,10.1061/(ASCE)0899-1561(1998)10:1(52),pretraining,mix_00361
0.6452795600366636,fly_ash,31.215330307614725,None,0.0,,20.0,56.0,61.99,,,,,,,10.1061/(ASCE)0899-1561(1998)10:1(52),pretraining,mix_00362
0.6452795600366636,fly_ash,31.215330307614725,None,0.0,,20.0,100.0,63.53,,,,,,,10.1061/(ASCE)0899-1561(1998)10:1(52),pretraining,mix_00363
0.7240577012563982,fly_ash,31.208397337429595,None,0.0,,20.0,3.0,18.02,,,,,,,10.1061/(ASCE)0899-1561(1998)10:1(52),pretraining,mix_00364
0.7240577012563982,fly_ash,31.208397337429595,None,0.0,,20.0,14.0,38.6,,,,,,,10.1061/(ASCE)0899-1561(1998)10:1(52),pretraining,mix_00365
0.7240577012563982,fly_ash,31.208397337429595,None,0.0,,20.0,28.0,52.2,,,,,,,10.1061/(ASCE)0899-1561(1998)10:1(52),pretraining,mix_00366
0.7240577012563982,fly_ash,31.208397337429595,None,0.0,,20.0,56.0,53.96,,,,,,,10.1061/(ASCE)0899-1561(1998)10:1(52),pretraining,mix_00367
0.7240577012563982,fly_ash,31.208397337429595,None,0.0,,20.0,100.0,56.63,,,,,,,10.1061/(ASCE)0899-1561(1998)10:1(52),pretraining,mix_00368
0.7240749200548195,fly_ash,36.18075801749271,None,0.0,,20.0,3.0,15.34,,,,,,,10.1061/(ASCE)0899-1561(1998)10:1(52),pretraining,mix_00369
0.7240749200548195,fly_ash,36.18075801749271,None,0.0,,20.0,14.0,26.05,,,,,,,10.1061/(ASCE)0899-1561(1998)10:1(52),pretraining,mix_00370
0.7240749200548195,fly_ash,36.18075801749271,None,0.0,,20.0,28.0,30.22,,,,,,,10.1061/(ASCE)0899-1561(1998)10:1(52),pretraining,mix_00371
0.7240749200548195,fly_ash,36.18075801749271,None,0.0,,20.0,56.0,37.27,,,,,,,10.1061/(ASCE)0899-1561(1998)10:1(52),pretraining,mix_00372
0.7240749200548195,fly_ash,36.18075801749271,None,0.0,,20.0,100.0,46.23,,,,,,,10.1061/(ASCE)0899-1561(1998)10:1(52),pretraining,mix_00373
0.5707446808510638,none,0.0,None,0.0,,20.0,3.0,16.28,,,,,,,10.1061/(ASCE)0899-1561(1998)10:1(52),pretraining,mix_00374
0.5707446808510638,none,0.0,None,0.0,,20.0,14.0,25.62,,,,,,,10.1061/(ASCE)0899-1561(1998)10:1(52),pretraining,mix_00375
0.5707446808510638,none,0.0,None,0.0,,20.0,28.0,31.97,,,,,,,10.1061/(ASCE)0899-1561(1998)10:1(52),pretraining,mix_00376
0.5707446808510638,none,0.0,None,0.0,,20.0,56.0,36.3,,,,,,,10.1061/(ASCE)0899-1561(1998)10:1(52),pretraining,mix_00377
0.5707446808510638,none,0.0,None,0.0,,20.0,100.0,43.06,,,,,,,10.1061/(ASCE)0899-1561(1998)10:1(52),pretraining,mix_00378
0.28,none,0.0,None,0.0,,20.0,28.0,67.57,,,,,,,10.1061/(ASCE)0899-1561(1998)10:1(52),pretraining,mix_00379
0.29894736842105263,fly_ash,11.04868913857678,None,0.0,,20.0,28.0,57.23,,,,,,,10.1061/(ASCE)0899-1561(1998)10:1(52),pretraining,mix_00380
0.4603174603174603,none,0.0,None,0.0,,20.0,28.0,81.75,,,,,,,10.1061/(ASCE)0899-1561(1998)10:1(52),pretraining,mix_00381
0.38613861386138615,fly_ash,10.619469026548673,None,0.0,,20.0,28.0,64.02,,,,,,,10.1061/(ASCE)0899-1561(1998)10:1(52),pretraining,mix_00382
0.36585365853658536,none,0.0,None,0.0,,20.0,28.0,78.8,,,,,,,10.1061/(ASCE)0899-1561(1998)10:1(52),pretraining,mix_00383
0.313953488372093,none,0.0,None,0.0,,20.0,28.0,41.37,,,,,,,10.1061/(ASCE)0899-1561(1998)10:1(52),pretraining,mix_00384
0.3269230769230769,none,0.0,None,0.0,,20.0,28.0,60.28,,,,,,,10.1061/(ASCE)0899-1561(1998)10:1(52),pretraining,mix_00385
0.3503787878787879,none,0.0,None,0.0,,20.0,28.0,56.83,,,,,,,10.1061/(ASCE)0899-1561(1998)10:1(52),pretraining,mix_00386
0.33653846153846156,none,0.0,None,0.0,,20.0,28.0,51.02,,,,,,,10.1061/(ASCE)0899-1561(1998)10:1(52),pretraining,mix_00387
0.4103896103896104,fly_ash,26.103646833013432,None,0.0,,20.0,28.0,55.55,,,,,,,10.1061/(ASCE)0899-1561(1998)10:1(52),pretraining,mix_00388
0.3999200159968006,none,0.0,None,0.0,,20.0,28.0,44.13,,,,,,,10.1061/(ASCE)0899-1561(1998)10:1(52),pretraining,mix_00389
0.44434570095534326,none,0.0,None,0.0,,20.0,28.0,39.38,,,,,,,10.1061/(ASCE)0899-1561(1998)10:1(52),pretraining,mix_00390
0.42065491183879095,fly_ash,27.612722824187347,None,0.0,,20.0,28.0,55.65,,,,,,,10.1061/(ASCE)0899-1561(1998)10:1(52),pretraining,mix_00391
0.5015015015015015,fly_ash,31.7429406037001,None,0.0,,20.0,28.0,47.28,,,,,,,10.1061/(ASCE)0899-1561(1998)10:1(52),pretraining,mix_00392
0.5658682634730539,fly_ash,31.004709576138147,None,0.0,,20.0,28.0,44.33,,,,,,,10.1061/(ASCE)0899-1561(1998)10:1(52),pretraining,mix_00393
0.43209876543209874,none,0.0,None,0.0,,20.0,28.0,52.3,,,,,,,10.1061/(ASCE)0899-1561(1998)10:1(52),pretraining,mix_00394
0.95,none,0.0,None,0.0,,20.0,28.0,49.25,,,,,,,10.1061/(ASCE)0899-1561(1998)10:1(52),pretraining,mix_00395
0.313953488372093,none,0.0,None,0.0,,20.0,28.0,41.37,,,,,,,10.1061/(ASCE)0899-1561(1998)10:1(52),pretraining,mix_00396
1.2689655172413794,fly_ash,31.31578947368421,None,0.0,,20.0,28.0,29.16,,,,,,,10.1061/(ASCE)0899-1561(1998)10:1(52),pretraining,mix_00397
1.1375,fly_ash,29.756097560975608,None,0.0,,20.0,28.0,39.4,,,,,,,10.1061/(ASCE)0899-1561(1998)10:1(52),pretraining,mix_00398
0.8076923076923077,none,0.0,None,0.0,,20.0,28.0,39.3,,,,,,,10.1061/(ASCE)0899-1561(1998)10:1(52),pretraining,mix_00399
0.636,fly_ash,18.095238095238095,None,0.0,,20.0,28.0,67.87,,,,,,,10.1061/(ASCE)0899-1561(1998)10:1(52),pretraining,mix_00400
0.3410526315789474,none,0.0,None,0.0,,20.0,28.0,58.52,,,,,,,10.1061/(ASCE)0899-1561(1998)10:1(52),pretraining,mix_00401
0.5719298245614035,none,0.0,None,0.0,,20.0,28.0,53.58,,,,,,,10.1061/(ASCE)0899-1561(1998)10:1(52),pretraining,mix_00402
0.449438202247191,none,0.0,None,0.0,,20.0,28.0,59.0,,,,,,,10.1061/(ASCE)0899-1561(1998)10:1(52),pretraining,mix_00403
0.5890909090909091,fly_ash,20.869565217391305,None,0.0,,20.0,28.0,76.24,,,,,,,10.1061/(ASCE)0899-1561(1998)10:1(52),pretraining,mix_00404
0.302,none,0.0,None,0.0,,20.0,28.0,69.84,,,,,,,10.1061/(ASCE)0899-1561(1998)10:1(52),pretraining,mix_00405
0.9927272727272728,fly_ash,46.53272845106934,None,0.0,,20.0,3.0,14.4,,,,,,,10.1061/(ASCE)0899-1561(1998)10:1(52),pretraining,mix_00406
1.0612121212121213,fly_ash,31.038533834586463,None,0.0,,20.0,3.0,19.42,,,,,,,10.1061/(ASCE)0899-1561(1998)10:1(52),pretraining,mix_00407
1.0106741573033708,fly_ash,27.814258911819888,None,0.0,,20.0,3.0,20.73,,,,,,,10.1061/(ASCE)0899-1561(1998)10:1(52),pretraining,mix_00408
1.0483870967741935,fly_ash,30.194881427565157,None,0.0,,20.0,3.0,14.94,,,,,,,10.1061/(ASCE)0899-1561(1998)10:1(52),pretraining,mix_00409
0.9095127610208817,fly_ash,48.10267857142858,None,0.0,,20.0,3.0,21.29,,,,,,,10.1061/(ASCE)0899-1561(1998)10:1(52),pretraining,mix_00410
0.94985590778098,fly_ash,43.69176529841349,None,0.0,,20.0,3.0,23.08,,,,,,,10.1061/(ASCE)0899-1561(1998)10:1(52),pretraining,mix_00411
0.9820359281437125,fly_ash,40.7914020517831,None,0.0,,20.0,3.0,15.52,,,,,,,10.1061/(ASCE)0899-1561(1998)10:1(52),pretraining,mix_00412
0.9913693901035673,fly_ash,37.43853898384453,None,0.0,,20.0,3.0,15.82,,,,,,,10.1061/(ASCE)0899-1561(1998)10:1(52),pretraining,mix_00413
0.8754598003152916,fly_ash,39.68304278922346,None,0.0,,20.0,3.0,12.55,,,,,,,10.1061/(ASCE)0899-1561(1998)10:1(52),pretraining,mix_00414
0.7672,fly_ash,27.682962105872143,None,0.0,,20.0,3.0,8.49,,,,,,,10.1061/(ASCE)0899-1561(1998)10:1(52),pretraining,mix_00415
0.7456674473067915,fly_ash,44.9316481815837,None,0.0,,20.0,3.0,15.61,,,,,,,10.1061/(ASCE)0899-1561(1998)10:1(52),pretraining,mix_00416
0.8741653826399589,fly_ash,34.04471544715447,None,0.0,,20.0,3.0,12.18,,,,,,,10.1061/(ASCE)0899-1561(1998)10:1(52),pretraining,mix_00417
0.7673031026252983,fly_ash,31.998918041655394,None,0.0,,20.0,3.0,11.98,,,,,,,10.1061/(ASCE)0899-1561(1998)10:1(52),pretraining,mix_00418
0.9927272727272728,fly_ash,46.53272845106934,None,0.0,,20.0,14.0,16.88,,,,,,,10.1061/(ASCE)0899-1561(1998)10:1(52),pretraining,mix_00419
1.0612121212121213,fly_ash,31.038533834586463,None,0.0,,20.0,14.0,33.09,,,,,,,10.1061/(ASCE)0899-1561(1998)10:1(52),pretraining,mix_00420
1.0106741573033708,fly_ash,27.814258911819888,None,0.0,,20.0,14.0,34.24,,,,,,,10.1061/(ASCE)0899-1561(1998)10:1(52),pretraining,mix_00421
1.0483870967741935,fly_ash,30.194881427565157,None,0.0,,20.0,14.0,31.81,,,,,,,10.1061/(ASCE)0899-1561(1998)10:1(52),pretraining,mix_00422
0.9095127610208817,fly_ash,48.10267857142858,None,0.0,,20.0,14.0,29.75,,,,,,,10.1061/(ASCE)0899-1561(1998)10:1(52),pretraining,mix_00423
0.94985590778098,fly_ash,43.69176529841349,None,0.0,,20.0,14.0,33.01,,,,,,,10.1061/(ASCE)0899-1561(1998)10:1(52),pretraining,mix_00424
0.9820359281437125,fly_ash,40.7914020517831,None,0.0,,20.0,14.0,32.9,,,,,,,10.1061/(ASCE)0899-1561(1998)10:1(52),pretraining,mix_00425
0.9913693901035673,fly_ash,37.43853898384453,None,0.0,,20.0,14.0,29.55,,,,,,,10.1061/(ASCE)0899-1561(1998)10:1(52),pretraining,mix_00426
0.8754598003152916,fly_ash,39.68304278922346,None,0.0,,20.0,14.0,19.42,,,,,,,10.1061/(ASCE)0899-1561(1998)10:1(52),pretraining,mix_00427
0.7672,fly_ash,27.682962105872143,None,0.0,,20.0,14.0,24.66,,,,,,,10.1061/(ASCE)0899-1561(1998)10:1(52),pretraining,mix_00428
0.7456674473067915,fly_ash,44.9316481815837,None,0.0,,20.0,14.0,29.59,,,,,,,10.1061/(ASCE)0899-1561(1998)10:1(52),pretraining,mix_00429
0.8741653826399589,fly_ash,34.04471544715447,None,0.0,,20.0,14.0,24.28,,,,,,,10.1061/(ASCE)0899-1561(1998)10:1(52),pretraining,mix_00430
0.7673031026252983,fly_ash,31.998918041655394,None,0.0,,20.0,14.0,20.73,,,,,,,10.1061/(ASCE)0899-1561(1998)10:1(52),pretraining,mix_00431
0.9927272727272728,fly_ash,46.53272845106934,None,0.0,,20.0,28.0,26.2,,,,,,,10.1061/(ASCE)0899-1561(1998)10:1(52),pretraining,mix_00432
1.0612121212121213,fly_ash,31.038533834586463,None,0.0,,20.0,28.0,46.39,,,,,,,10.1061/(ASCE)0899-1561(1998)10:1(52),pretraining,mix_00433
1.0106741573033708,fly_ash,27.814258911819888,None,0.0,,20.0,28.0,39.16,,,,,,,10.1061/(ASCE)0899-1561(1998)10:1(52),pretraining,mix_00434
1.0483870967741935,fly_ash,30.194881427565157,None,0.0,,20.0,28.0,41.2,,,,,,,10.1061/(ASCE)0899-1561(1998)10:1(52),pretraining,mix_00435
0.9095127610208817,fly_ash,48.10267857142858,None,0.0,,20.0,28.0,33.69,,,,,,,10.1061/(ASCE)0899-1561(1998)10:1(52),pretraining,mix_00436
0.94985590778098,fly_ash,43.69176529841349,None,0.0,,20.0,28.0,38.2,,,,,,,10.1061/(ASCE)0899-1561(1998)10:1(52),pretraining,mix_00437
0.9820359281437125,fly_ash,40.7914020517831,None,0.0,,20.0,28.0,41.41,,,,,,,10.1061/(ASCE)0899-1561(1998)10:1(52),pretraining,mix_00438
0.9913693901035673,fly_ash,37.43853898384453,None,0.0,,20.0,28.0,37.81,,,,,,,10.1061/(ASCE)0899-1561(1998)10:1(52),pretraining,mix_00439
0.8754598003152916,fly_ash,39.68304278922346,None,0.0,,20.0,28.0,24.85,,,,,,,10.1061/(ASCE)0899-1561(1998)10:1(52),pretraining,mix_00440
0.7672,fly_ash,27.682962105872143,None,0.0,,20.0,28.0,27.22,,,,,,,10.1061/(ASCE)0899-1561(1998)10:1(52),pretraining,mix_00441
0.7456674473067915,fly_ash,44.9316481815837,None,0.0,,20.0,28.0,44.64,,,,,,,10.1061/(ASCE)0899-1561(1998)10:1(52),pretraining,mix_00442
0.8741653826399589,fly_ash,34.04471544715447,None,0.0,,20.0,28.0,37.27,,,,,,,10.1061/(ASCE)0899-1561(1998)10:1(52),pretraining,mix_00443
0.7673031026252983,fly_ash,31.998918041655394,None,0.0,,20.0,28.0,33.27,,,,,,,10.1061/(ASCE)0899-1561(1998)10:1(52),pretraining,mix_00444
0.9927272727272728,fly_ash,46.53272845106934,None,0.0,,20.0,56.0,36.56,,,,,,,10.1061/(ASCE)0899-1561(1998)10:1(52),pretraining,mix_00445
1.0612121212121213,fly_ash,31.038533834586463,None,0.0,,20.0,56.0,53.72,,,,,,,10.1061/(ASCE)0899-1561(1998)10:1(52),pretraining,mix_00446
1.0106741573033708,fly_ash,27.814258911819888,None,0.0,,20.0,56.0,48.59,,,,,,,10.1061/(ASCE)0899-1561(1998)10:1(52),pretraining,mix_00447
1.0483870967741935,fly_ash,30.194881427565157,None,0.0,,20.0,56.0,51.72,,,,,,,10.1061/(ASCE)0899-1561(1998)10:1(52),pretraining,mix_00448
0.9095127610208817,fly_ash,48.10267857142858,None,0.0,,20.0,56.0,35.85,,,,,,,10.1061/(ASCE)0899-1561(1998)10:1(52),pretraining,mix_00449
0.94985590778098,fly_ash,43.69176529841349,None,0.0,,20.0,56.0,53.77,,,,,,,10.1061/(ASCE)0899-1561(1998)10:1(52),pretraining,mix_00450
0.9820359281437125,fly_ash,40.7914020517831,None,0.0,,20.0,56.0,53.46,,,,,,,10.1061/(ASCE)0899-1561(1998)10:1(52),pretraining,mix_00451
0.9913693901035673,fly_ash,37.43853898384453,None,0.0,,20.0,56.0,48.99,,,,,,,10.1061/(ASCE)0899-1561(1998)10:1(52),pretraining,mix_00452
0.8754598003152916,fly_ash,39.68304278922346,None,0.0,,20.0,56.0,31.72,,,,,,,10.1061/(ASCE)0899-1561(1998)10:1(52),pretraining,mix_00453
0.7672,fly_ash,27.682962105872143,None,0.0,,20.0,56.0,39.64,,,,,,,10.1061/(ASCE)0899-1561(1998)10:1(52),pretraining,mix_00454
0.7456674473067915,fly_ash,44.9316481815837,None,0.0,,20.0,56.0,51.26,,,,,,,10.1061/(ASCE)0899-1561(1998)10:1(52),pretraining,mix_00455
0.8741653826399589,fly_ash,34.04471544715447,None,0.0,,20.0,56.0,43.39,,,,,,,10.1061/(ASCE)0899-1561(1998)10:1(52),pretraining,mix_00456
0.7673031026252983,fly_ash,31.998918041655394,None,0.0,,20.0,56.0,39.27,,,,,,,10.1061/(ASCE)0899-1561(1998)10:1(52),pretraining,mix_00457
0.9927272727272728,fly_ash,46.53272845106934,None,0.0,,20.0,100.0,37.96,,,,,,,10.1061/(ASCE)0899-1561(1998)10:1(52),pretraining,mix_00458
1.0612121212121213,fly_ash,31.038533834586463,None,0.0,,20.0,100.0,55.02,,,,,,,10.1061/(ASCE)0899-1561(1998)10:1(52),pretraining,mix_00459
1.0106741573033708,fly_ash,27.814258911819888,None,0.0,,20.0,100.0,49.99,,,,,,,10.1061/(ASCE)0899-1561(1998)10:1(52),pretraining,mix_00460
1.0483870967741935,fly_ash,30.194881427565157,None,0.0,,20.0,100.0,53.66,,,,,,,10.1061/(ASCE)0899-1561(1998)10:1(52),pretraining,mix_00461
0.9095127610208817,fly_ash,48.10267857142858,None,0.0,,20.0,100.0,37.68,,,,,,,10.1061/(ASCE)0899-1561(1998)10:1(52),pretraining,mix_00462
0.94985590778098,fly_ash,43.69176529841349,None,0.0,,20.0,100.0,56.06,,,,,,,10.1061/(ASCE)0899-1561(1998)10:1(52),pretraining,mix_00463
0.9820359281437125,fly_ash,40.7914020517831,None,0.0,,20.0,100.0,56.81,,,,,,,10.1061/(ASCE)0899-1561(1998)10:1(52),pretraining,mix_00464
0.9913693901035673,fly_ash,37.43853898384453,None,0.0,,20.0,100.0,50.94,,,,,,,10.1061/(ASCE)0899-1561(1998)10:1(52),pretraining,mix_00465
0.8754598003152916,fly_ash,39.68304278922346,None,0.0,,20.0,100.0,33.56,,,,,,,10.1061/(ASCE)0899-1561(1998)10:1(52),pretraining,mix_00466
0.7672,fly_ash,27.682962105872143,None,0.0,,20.0,100.0,41.16,,,,,,,10.1061/(ASCE)0899-1561(1998)10:1(52),pretraining,mix_00467
0.7456674473067915,fly_ash,44.9316481815837,None,0.0,,20.0,100.0,52.96,,,,,,,10.1061/(ASCE)0899-1561(1998)10:1(52),pretraining,mix_00468
0.8741653826399589,fly_ash,34.04471544715447,None,0.0,,20.0,100.0,44.28,,,,,,,10.1061/(ASCE)0899-1561(1998)10:1(52),pretraining,mix_00469
0.7673031026252983,fly_ash,31.998918041655394,None,0.0,,20.0,100.0,40.15,,,,,,,10.1061/(ASCE)0899-1561(1998)10:1(52),pretraining,mix_00470
0.3632286995515695,fly_ash,14.389799635701275,None,0.0,,20.0,28.0,57.03,,,,,,,10.1061/(ASCE)0899-1561(1998)10:1(52),pretraining,mix_00471
0.3632286995515695,fly_ash,14.389799635701275,None,0.0,,20.0,28.0,44.42,,,,,,,10.1061/(ASCE)0899-1561(1998)10:1(52),pretraining,mix_00472
0.3632286995515695,fly_ash,14.389799635701275,None,0.0,,20.0,28.0,51.02,,,,,,,10.1061/(ASCE)0899-1561(1998)10:1(52),pretraining,mix_00473
0.3632286995515695,fly_ash,14.389799635701275,None,0.0,,20.0,28.0,53.39,,,,,,,10.1061/(ASCE)0899-1561(1998)10:1(52),pretraining,mix_00474
0.3632286995515695,fly_ash,14.389799635701275,None,0.0,,20.0,3.0,35.36,,,,,,,10.1061/(ASCE)0899-1561(1998)10:1(52),pretraining,mix_00475
0.3632286995515695,fly_ash,14.389799635701275,None,0.0,,20.0,3.0,25.02,,,,,,,10.1061/(ASCE)0899-1561(1998)10:1(52),pretraining,mix_00476
0.3632286995515695,fly_ash,14.389799635701275,None,0.0,,20.0,3.0,23.35,,,,,,,10.1061/(ASCE)0899-1561(1998)10:1(52),pretraining,mix_00477
0.3632286995515695,fly_ash,14.389799635701275,None,0.0,,20.0,7.0,52.01,,,,,,,10.1061/(ASCE)0899-1561(1998)10:1(52),pretraining,mix_00478
0.3632286995515695,fly_ash,14.389799635701275,None,0.0,,20.0,7.0,38.02,,,,,,,10.1061/(ASCE)0899-1561(1998)10:1(52),pretraining,mix_00479
0.3632286995515695,fly_ash,14.389799635701275,None,0.0,,20.0,7.0,39.3,,,,,,,10.1061/(ASCE)0899-1561(1998)10:1(52),pretraining,mix_00480
0.3632286995515695,fly_ash,14.389799635701275,None,0.0,,20.0,56.0,61.07,,,,,,,10.1061/(ASCE)0899-1561(1998)10:1(52),pretraining,mix_00481
0.3632286995515695,fly_ash,14.389799635701275,None,0.0,,20.0,56.0,56.14,,,,,,,10.1061/(ASCE)0899-1561(1998)10:1(52),pretraining,mix_00482
0.3632286995515695,fly_ash,14.389799635701275,None,0.0,,20.0,56.0,55.25,,,,,,,10.1061/(ASCE)0899-1561(1998)10:1(52),pretraining,mix_00483
0.3632286995515695,fly_ash,14.389799635701275,None,0.0,,20.0,56.0,54.77,,,,,,,10.1061/(ASCE)0899-1561(1998)10:1(52),pretraining,mix_00484
0.40568475452196384,fly_ash,18.7624750499002,None,0.0,,20.0,28.0,50.24,,,,,,,10.1061/(ASCE)0899-1561(1998)10:1(52),pretraining,mix_00485
0.40568475452196384,fly_ash,18.7624750499002,None,0.0,,20.0,28.0,46.68,,,,,,,10.1061/(ASCE)0899-1561(1998)10:1(52),pretraining,mix_00486
0.40568475452196384,fly_ash,18.7624750499002,None,0.0,,20.0,28.0,46.68,,,,,,,10.1061/(ASCE)0899-1561(1998)10:1(52),pretraining,mix_00487
0.40568475452196384,fly_ash,18.7624750499002,None,0.0,,20.0,3.0,22.75,,,,,,,10.1061/(ASCE)0899-1561(1998)10:1(52),pretraining,mix_00488
0.40568475452196384,fly_ash,18.7624750499002,None,0.0,,20.0,3.0,25.51,,,,,,,10.1061/(ASCE)0899-1561(1998)10:1(52),pretraining,mix_00489
0.40568475452196384,fly_ash,18.7624750499002,None,0.0,,20.0,3.0,34.77,,,,,,,10.1061/(ASCE)0899-1561(1998)10:1(52),pretraining,mix_00490
0.40568475452196384,fly_ash,18.7624750499002,None,0.0,,20.0,7.0,36.84,,,,,,,10.1061/(ASCE)0899-1561(1998)10:1(52),pretraining,mix_00491
0.40568475452196384,fly_ash,18.7624750499002,None,0.0,,20.0,7.0,45.9,,,,,,,10.1061/(ASCE)0899-1561(1998)10:1(52),pretraining,mix_00492
0.40568475452196384,fly_ash,18.7624750499002,None,0.0,,20.0,7.0,41.67,,,,,,,10.1061/(ASCE)0899-1561(1998)10:1(52),pretraining,mix_00493
0.40568475452196384,fly_ash,18.7624750499002,None,0.0,,20.0,56.0,56.34,,,,,,,10.1061/(ASCE)0899-1561(1998)10:1(52),pretraining,mix_00494
0.40568475452196384,fly_ash,18.7624750499002,None,0.0,,20.0,56.0,47.97,,,,,,,10.1061/(ASCE)0899-1561(1998)10:1(52),pretraining,mix_00495
0.40568475452196384,fly_ash,18.7624750499002,None,0.0,,20.0,56.0,61.46,,,,,,,10.1061/(ASCE)0899-1561(1998)10:1(52),pretraining,mix_00496
0.4084507042253521,fly_ash,20.59447983014862,None,0.0,,20.0,28.0,44.03,,,,,,,10.1061/(ASCE)0899-1561(1998)10:1(52),pretraining,mix_00497
0.4084507042253521,fly_ash,20.59447983014862,None,0.0,,20.0,28.0,55.45,,,,,,,10.1061/(ASCE)0899-1561(1998)10:1(52),pretraining,mix_00498
0.42769857433808556,fly_ash,19.21875,None,0.0,,20.0,28.0,55.55,,,,,,,10.1061/(ASCE)0899-1561(1998)10:1(52),pretraining,mix_00499
0.4093686354378819,fly_ash,19.21875,None,0.0,,20.0,28.0,57.92,,,,,,,10.1061/(ASCE)0899-1561(1998)10:1(52),pretraining,mix_00500
0.42769857433808556,fly_ash,19.21875,None,0.0,,20.0,3.0,25.61,,,,,,,10.1061/(ASCE)0899-1561(1998)10:1(52),pretraining,mix_00501
0.42769857433808556,fly_ash,19.21875,None,0.0,,20.0,7.0,33.49,,,,,,,10.1061/(ASCE)0899-1561(1998)10:1(52),pretraining,mix_00502
0.42769857433808556,fly_ash,19.21875,None,0.0,,20.0,56.0,59.59,,,,,,,10.1061/(ASCE)0899-1561(1998)10:1(52),pretraining,mix_00503
0.4093686354378819,fly_ash,19.21875,None,0.0,,20.0,3.0,29.55,,,,,,,10.1061/(ASCE)0899-1561(1998)10:1(52),pretraining,mix_00504
0.4093686354378819,fly_ash,19.21875,None,0.0,,20.0,7.0,37.92,,,,,,,10.1061/(ASCE)0899-1561(1998)10:1(52),pretraining,mix_00505
0.4093686354378819,fly_ash,19.21875,None,0.0,,20.0,56.0,61.86,,,,,,,10.1061/(ASCE)0899-1561(1998)10:1(52),pretraining,mix_00506
0.419811320754717,fly_ash,22.837370242214533,None,0.0,,20.0,28.0,62.05,,,,,,,10.1061/(ASCE)0899-1561(1998)10:1(52),pretraining,mix_00507
0.419811320754717,fly_ash,22.837370242214533,None,0.0,,20.0,3.0,32.01,,,,,,,10.1061/(ASCE)0899-1561(1998)10:1(52),pretraining,mix_00508
0.39622641509433965,fly_ash,22.837370242214533,None,0.0,,20.0,28.0,72.1,,,,,,,10.1061/(ASCE)0899-1561(1998)10:1(52),pretraining,mix_00509
0.419811320754717,fly_ash,22.837370242214533,None,0.0,,20.0,7.0,39.0,,,,,,,10.1061/(ASCE)0899-1561(1998)10:1(52),pretraining,mix_00510
0.419811320754717,fly_ash,22.837370242214533,None,0.0,,20.0,56.0,65.7,,,,,,,10.1061/(ASCE)0899-1561(1998)10:1(52),pretraining,mix_00511
0.39622641509433965,fly_ash,22.837370242214533,None,0.0,,20.0,3.0,32.11,,,,,,,10.1061/(ASCE)0899-1561(1998)10:1(52),pretraining,mix_00512
0.39622641509433965,fly_ash,22.837370242214533,None,0.0,,20.0,7.0,40.29,,,,,,,10.1061/(ASCE)0899-1561(1998)10:1(52),pretraining,mix_00513
0.39622641509433965,fly_ash,22.837370242214533,None,0.0,,20.0,56.0,74.36,,,,,,,10.1061/(ASCE)0899-1561(1998)10:1(52),pretraining,mix_00514
1.0198019801980198,fly_ash,39.83050847457627,None,0.0,,20.0,28.0,21.97,,,,,,,10.1061/(ASCE)0899-1561(1998)10:1(52),pretraining,mix_00515
1.0198019801980198,fly_ash,39.83050847457627,None,0.0,,20.0,3.0,9.85,,,,,,,10.1061/(ASCE)0899-1561(1998)10:1(52),pretraining,mix_00516
1.0198019801980198,fly_ash,39.83050847457627,None,0.0,,20.0,7.0,15.07,,,,,,,10.1061/(ASCE)0899-1561(1998)10:1(52),pretraining,mix_00517
1.0198019801980198,fly_ash,39.83050847457627,None,0.0,,20.0,56.0,23.25,,,,,,,10.1061/(ASCE)0899-1561(1998)10:1(52),pretraining,mix_00518
0.6302816901408451,fly_ash,32.04545454545455,None,0.0,,20.0,28.0,43.73,,,,,,,10.1061/(ASCE)0899-1561(1998)10:1(52),pretraining,mix_00519
0.6302816901408451,fly_ash,32.04545454545455,None,0.0,,20.0,3.0,13.4,,,,,,,10.1061/(ASCE)0899-1561(1998)10:1(52),pretraining,mix_00520
0.6302816901408451,fly_ash,32.04545454545455,None,0.0,,20.0,7.0,24.13,,,,,,,10.1061/(ASCE)0899-1561(1998)10:1(52),pretraining,mix_00521
0.6302816901408451,fly_ash,32.04545454545455,None,0.0,,20.0,56.0,44.52,,,,,,,10.1061/(ASCE)0899-1561(1998)10:1(52),pretraining,mix_00522
0.42896935933147634,fly_ash,27.167630057803464,None,0.0,,20.0,28.0,62.94,,,,,,,10.1061/(ASCE)0899-1561(1998)10:1(52),pretraining,mix_00523
0.42896935933147634,fly_ash,27.167630057803464,None,0.0,,20.0,28.0,59.49,,,,,,,10.1061/(ASCE)0899-1561(1998)10:1(52),pretraining,mix_00524
0.42896935933147634,fly_ash,27.167630057803464,None,0.0,,20.0,3.0,25.12,,,,,,,10.1061/(ASCE)0899-1561(1998)10:1(52),pretraining,mix_00525
0.42896935933147634,fly_ash,27.167630057803464,None,0.0,,20.0,3.0,23.64,,,,,,,10.1061/(ASCE)0899-1561(1998)10:1(52),pretraining,mix_00526
0.42896935933147634,fly_ash,27.167630057803464,None,0.0,,20.0,7.0,35.75,,,,,,,10.1061/(ASCE)0899-1561(1998)10:1(52),pretraining,mix_00527
0.42896935933147634,fly_ash,27.167630057803464,None,0.0,,20.0,7.0,38.61,,,,,,,10.1061/(ASCE)0899-1561(1998)10:1(52),pretraining,mix_00528
0.42896935933147634,fly_ash,27.167630057803464,None,0.0,,20.0,56.0,68.75,,,,,,,10.1061/(ASCE)0899-1561(1998)10:1(52),pretraining,mix_00529
0.42896935933147634,fly_ash,27.167630057803464,None,0.0,,20.0,56.0,66.78,,,,,,,10.1061/(ASCE)0899-1561(1998)10:1(52),pretraining,mix_00530
0.5,none,0.0,None,0.0,,20.0,28.0,23.85,,,,,,,10.1061/(ASCE)0899-1561(1998)10:1(52),pretraining,mix_00531
0.6643598615916955,none,0.0,None,0.0,,20.0,90.0,32.07,,,,,,,10.1061/(ASCE)0899-1561(1998)10:1(52),pretraining,mix_00532
0.6643598615916955,none,0.0,None,0.0,,20.0,3.0,11.65,,,,,,,10.1061/(ASCE)0899-1561(1998)10:1(52),pretraining,mix_00533
0.48854961832061067,none,0.0,None,0.0,,20.0,3.0,19.2,,,,,,,10.1061/(ASCE)0899-1561(1998)10:1(52),pretraining,mix_00534
0.48854961832061067,none,0.0,None,0.0,,20.0,90.0,48.85,,,,,,,10.1061/(ASCE)0899-1561(1998)10:1(52),pretraining,mix_00535
0.48854961832061067,none,0.0,None,0.0,,20.0,28.0,39.6,,,,,,,10.1061/(ASCE)0899-1561(1998)10:1(52),pretraining,mix_00536
0.4,none,0.0,None,0.0,,20.0,28.0,43.94,,,,,,,10.1061/(ASCE)0899-1561(1998)10:1(52),pretraining,mix_00537
0.4,none,0.0,None,0.0,,20.0,7.0,34.57,,,,,,,10.1061/(ASCE)0899-1561(1998)10:1(52),pretraining,mix_00538
0.4,none,0.0,None,0.0,,20.0,90.0,54.32,,,,,,,10.1061/(ASCE)0899-1561(1998)10:1(52),pretraining,mix_00539
0.4,none,0.0,None,0.0,,20.0,3.0,24.4,,,,,,,10.1061/(ASCE)0899-1561(1998)10:1(52),pretraining,mix_00540
0.5765765765765766,none,0.0,None,0.0,,20.0,3.0,15.62,,,,,,,10.1061/(ASCE)0899-1561(1998)10:1(52),pretraining,mix_00541
0.7529411764705882,none,0.0,None,0.0,,20.0,90.0,21.86,,,,,,,10.1061/(ASCE)0899-1561(1998)10:1(52),pretraining,mix_00542
0.7529411764705882,none,0.0,None,0.0,,20.0,7.0,10.22,,,,,,,10.1061/(ASCE)0899-1561(1998)10:1(52),pretraining,mix_00543
0.6643598615916955,none,0.0,None,0.0,,20.0,7.0,14.6,,,,,,,10.1061/(ASCE)0899-1561(1998)10:1(52),pretraining,mix_00544
0.7529411764705882,none,0.0,None,0.0,,20.0,28.0,18.75,,,,,,,10.1061/(ASCE)0899-1561(1998)10:1(52),pretraining,mix_00545
0.5765765765765766,none,0.0,None,0.0,,20.0,28.0,31.97,,,,,,,10.1061/(ASCE)0899-1561(1998)10:1(52),pretraining,mix_00546
0.5765765765765766,none,0.0,None,0.0,,20.0,7.0,23.4,,,,,,,10.1061/(ASCE)0899-1561(1998)10:1(52),pretraining,mix_00547
0.6643598615916955,none,0.0,None,0.0,,20.0,28.0,25.57,,,,,,,10.1061/(ASCE)0899-1561(1998)10:1(52),pretraining,mix_00548
0.5765765765765766,none,0.0,None,0.0,,20.0,90.0,41.68,,,,,,,10.1061/(ASCE)0899-1561(1998)10:1(52),pretraining,mix_00549
0.48854961832061067,none,0.0,None,0.0,,20.0,7.0,27.74,,,,,,,10.1061/(ASCE)0899-1561(1998)10:1(52),pretraining,mix_00550
0.7529411764705882,none,0.0,None,0.0,,20.0,3.0,8.2,,,,,,,10.1061/(ASCE)0899-1561(1998)10:1(52),pretraining,mix_00551
1.1693954659949621,none,0.0,None,0.0,,20.0,7.0,9.62,,,,,,,10.1061/(ASCE)0899-1561(1998)10:1(52),pretraining,mix_00552
0.7750417362270451,none,0.0,None,0.0,,20.0,7.0,25.42,,,,,,,10.1061/(ASCE)0899-1561(1998)10:1(52),pretraining,mix_00553
0.7795969773299748,none,0.0,None,0.0,,20.0,7.0,15.69,,,,,,,10.1061/(ASCE)0899-1561(1998)10:1(52),pretraining,mix_00554
1.0208905992303463,none,0.0,None,0.0,,20.0,28.0,27.94,,,,,,,10.1061/(ASCE)0899-1561(1998)10:1(52),pretraining,mix_00555
0.9596899224806201,none,0.0,None,0.0,,20.0,28.0,32.63,,,,,,,10.1061/(ASCE)0899-1561(1998)10:1(52),pretraining,mix_00556
0.7268101761252446,none,0.0,None,0.0,,20.0,7.0,17.24,,,,,,,10.1061/(ASCE)0899-1561(1998)10:1(52),pretraining,mix_00557
0.6807184750733137,none,0.0,None,0.0,,20.0,7.0,19.77,,,,,,,10.1061/(ASCE)0899-1561(1998)10:1(52),pretraining,mix_00558
0.7750417362270451,none,0.0,None,0.0,,20.0,28.0,39.44,,,,,,,10.1061/(ASCE)0899-1561(1998)10:1(52),pretraining,mix_00559
0.8410326086956521,none,0.0,None,0.0,,20.0,28.0,25.75,,,,,,,10.1061/(ASCE)0899-1561(1998)10:1(52),pretraining,mix_00560
0.46775818639798483,none,0.0,None,0.0,,20.0,28.0,33.08,,,,,,,10.1061/(ASCE)0899-1561(1998)10:1(52),pretraining,mix_00561
0.48549019607843136,none,0.0,None,0.0,,20.0,7.0,24.07,,,,,,,10.1061/(ASCE)0899-1561(1998)10:1(52),pretraining,mix_00562
0.8813478879924063,none,0.0,None,0.0,,20.0,7.0,21.82,,,,,,,10.1061/(ASCE)0899-1561(1998)10:1(52),pretraining,mix_00563
1.1693954659949621,none,0.0,None,0.0,,20.0,28.0,21.07,,,,,,,10.1061/(ASCE)0899-1561(1998)10:1(52),pretraining,mix_00564
0.627789046653144,none,0.0,None,0.0,,20.0,7.0,14.84,,,,,,,10.1061/(ASCE)0899-1561(1998)10:1(52),pretraining,mix_00565
0.7268101761252446,none,0.0,None,0.0,,20.0,28.0,32.05,,,,,,,10.1061/(ASCE)0899-1561(1998)10:1(52),pretraining,mix_00566
0.9125307125307125,none,0.0,None,0.0,,20.0,7.0,11.96,,,,,,,10.1061/(ASCE)0899-1561(1998)10:1(52),pretraining,mix_00567
0.46775818639798483,none,0.0,None,0.0,,20.0,7.0,25.45,,,,,,,10.1061/(ASCE)0899-1561(1998)10:1(52),pretraining,mix_00568
0.4868904037755637,none,0.0,None,0.0,,20.0,28.0,22.49,,,,,,,10.1061/(ASCE)0899-1561(1998)10:1(52),pretraining,mix_00569
0.627789046653144,none,0.0,None,0.0,,20.0,28.0,25.22,,,,,,,10.1061/(ASCE)0899-1561(1998)10:1(52),pretraining,mix_00570
0.8144736842105262,none,0.0,None,0.0,,20.0,28.0,39.7,,,,,,,10.1061/(ASCE)0899-1561(1998)10:1(52),pretraining,mix_00571
0.8410326086956521,none,0.0,None,0.0,,20.0,7.0,13.09,,,,,,,10.1061/(ASCE)0899-1561(1998)10:1(52),pretraining,mix_00572
0.5874723188864283,none,0.0,None,0.0,,20.0,28.0,38.7,,,,,,,10.1061/(ASCE)0899-1561(1998)10:1(52),pretraining,mix_00573
1.3684598378776713,none,0.0,None,0.0,,20.0,7.0,7.51,,,,,,,10.1061/(ASCE)0899-1561(1998)10:1(52),pretraining,mix_00574
0.7799244015119697,none,0.0,None,0.0,,20.0,28.0,17.58,,,,,,,10.1061/(ASCE)0899-1561(1998)10:1(52),pretraining,mix_00575
0.5474646226415094,none,0.0,None,0.0,,20.0,7.0,21.18,,,,,,,10.1061/(ASCE)0899-1561(1998)10:1(52),pretraining,mix_00576
1.3684598378776713,none,0.0,None,0.0,,20.0,28.0,18.2,,,,,,,10.1061/(ASCE)0899-1561(1998)10:1(52),pretraining,mix_00577
0.9596899224806201,none,0.0,None,0.0,,20.0,7.0,17.2,,,,,,,10.1061/(ASCE)0899-1561(1998)10:1(52),pretraining,mix_00578
0.9125307125307125,none,0.0,None,0.0,,20.0,28.0,22.63,,,,,,,10.1061/(ASCE)0899-1561(1998)10:1(52),pretraining,mix_00579
0.6399035148173673,none,0.0,None,0.0,,20.0,7.0,21.86,,,,,,,10.1061/(ASCE)0899-1561(1998)10:1(52),pretraining,mix_00580
1.0208905992303463,none,0.0,None,0.0,,20.0,7.0,12.37,,,,,,,10.1061/(ASCE)0899-1561(1998)10:1(52),pretraining,mix_00581
1.0904286553141513,none,0.0,None,0.0,,20.0,28.0,25.73,,,,,,,10.1061/(ASCE)0899-1561(1998)10:1(52),pretraining,mix_00582
0.8813478879924063,none,0.0,None,0.0,,20.0,28.0,37.81,,,,,,,10.1061/(ASCE)0899-1561(1998)10:1(52),pretraining,mix_00583
0.8144736842105262,none,0.0,None,0.0,,20.0,7.0,21.92,,,,,,,10.1061/(ASCE)0899-1561(1998)10:1(52),pretraining,mix_00584
0.6399035148173673,none,0.0,None,0.0,,20.0,28.0,33.04,,,,,,,10.1061/(ASCE)0899-1561(1998)10:1(52),pretraining,mix_00585
0.4868904037755637,none,0.0,None,0.0,,20.0,7.0,14.54,,,,,,,10.1061/(ASCE)0899-1561(1998)10:1(52),pretraining,mix_00586
0.7795969773299748,none,0.0,None,0.0,,20.0,28.0,26.91,,,,,,,10.1061/(ASCE)0899-1561(1998)10:1(52),pretraining,mix_00587
0.9973147153598282,none,0.0,None,0.0,,20.0,7.0,8.0,,,,,,,10.1061/(ASCE)0899-1561(1998)10:1(52),pretraining,mix_00588
0.5474646226415094,none,0.0,None,0.0,,20.0,28.0,31.9,,,,,,,10.1061/(ASCE)0899-1561(1998)10:1(52),pretraining,mix_00589
0.7799244015119697,none,0.0,None,0.0,,20.0,7.0,10.34,,,,,,,10.1061/(ASCE)0899-1561(1998)10:1(52),pretraining,mix_00590
0.7354455445544554,none,0.0,None,0.0,,20.0,28.0,19.77,,,,,,,10.1061/(ASCE)0899-1561(1998)10:1(52),pretraining,mix_00591
0.48549019607843136,none,0.0,None,0.0,,20.0,28.0,37.44,,,,,,,10.1061/(ASCE)0899-1561(1998)10:1(52),pretraining,mix_00592
0.7354455445544554,none,0.0,None,0.0,,20.0,7.0,11.48,,,,,,,10.1061/(ASCE)0899-1561(1998)10:1(52),pretraining,mix_00593
0.5874723188864283,none,0.0,None,0.0,,20.0,7.0,24.44,,,,,,,10.1061/(ASCE)0899-1561(1998)10:1(52),pretraining,mix_00594
0.9973147153598282,none,0.0,None,0.0,,20.0,28.0,17.6,,,,,,,10.1061/(ASCE)0899-1561(1998)10:1(52),pretraining,mix_00595
1.0904286553141513,none,0.0,None,0.0,,20.0,7.0,10.73,,,,,,,10.1061/(ASCE)0899-1561(1998)10:1(52),pretraining,mix_00596
0.6807184750733137,none,0.0,None,0.0,,20.0,28.0,31.38,,,,,,,10.1061/(ASCE)0899-1561(1998)10:1(52),pretraining,mix_00597
0.5811209439528023,none,0.0,None,0.0,,20.0,3.0,13.22,,,,,,,10.1061/(ASCE)0899-1561(1998)10:1(52),pretraining,mix_00598
0.5811209439528023,none,0.0,None,0.0,,20.0,7.0,20.97,,,,,,,10.1061/(ASCE)0899-1561(1998)10:1(52),pretraining,mix_00599
0.5811209439528023,none,0.0,None,0.0,,20.0,14.0,27.04,,,,,,,10.1061/(ASCE)0899-1561(1998)10:1(52),pretraining,mix_00600
0.5811209439528023,none,0.0,None,0.0,,20.0,28.0,32.04,,,,,,,10.1061/(ASCE)0899-1561(1998)10:1(52),pretraining,mix_00601
0.5811209439528023,none,0.0,None,0.0,,20.0,90.0,35.17,,,,,,,10.1061/(ASCE)0899-1561(1998)10:1(52),pretraining,mix_00602
0.5811209439528023,none,0.0,None,0.0,,20.0,180.0,36.45,,,,,,,10.1061/(ASCE)0899-1561(1998)10:1(52),pretraining,mix_00603
0.5811209439528023,none,0.0,None,0.0,,20.0,365.0,38.89,,,,,,,10.1061/(ASCE)0899-1561(1998)10:1(52),pretraining,mix_00604
0.8220338983050848,none,0.0,None,0.0,,20.0,3.0,6.47,,,,,,,10.1061/(ASCE)0899-1561(1998)10:1(52),pretraining,mix_00605
0.8220338983050848,none,0.0,None,0.0,,20.0,14.0,12.84,,,,,,,10.1061/(ASCE)0899-1561(1998)10:1(52),pretraining,mix_00606
0.8220338983050848,none,0.0,None,0.0,,20.0,28.0,18.42,,,,,,,10.1061/(ASCE)0899-1561(1998)10:1(52),pretraining,mix_00607
0.8220338983050848,none,0.0,None,0.0,,20.0,90.0,21.95,,,,,,,10.1061/(ASCE)0899-1561(1998)10:1(52),pretraining,mix_00608
0.8177966101694916,none,0.0,None,0.0,,20.0,180.0,24.1,,,,,,,10.1061/(ASCE)0899-1561(1998)10:1(52),pretraining,mix_00609
0.8177966101694916,none,0.0,None,0.0,,20.0,365.0,25.08,,,,,,,10.1061/(ASCE)0899-1561(1998)10:1(52),pretraining,mix_00610
0.6895306859205776,none,0.0,None,0.0,,20.0,14.0,21.26,,,,,,,10.1061/(ASCE)0899-1561(1998)10:1(52),pretraining,mix_00611
0.6895306859205776,none,0.0,None,0.0,,20.0,28.0,25.97,,,,,,,10.1061/(ASCE)0899-1561(1998)10:1(52),pretraining,mix_00612
0.6895306859205776,none,0.0,None,0.0,,20.0,3.0,11.36,,,,,,,10.1061/(ASCE)0899-1561(1998)10:1(52),pretraining,mix_00613
0.6895306859205776,none,0.0,None,0.0,,20.0,90.0,31.25,,,,,,,10.1061/(ASCE)0899-1561(1998)10:1(52),pretraining,mix_00614
0.6895306859205776,none,0.0,None,0.0,,20.0,180.0,32.33,,,,,,,10.1061/(ASCE)0899-1561(1998)10:1(52),pretraining,mix_00615
0.6895306859205776,none,0.0,None,0.0,,20.0,360.0,33.7,,,,,,,10.1061/(ASCE)0899-1561(1998)10:1(52),pretraining,mix_00616
0.7795275590551181,none,0.0,None,0.0,,20.0,3.0,9.31,,,,,,,10.1061/(ASCE)0899-1561(1998)10:1(52),pretraining,mix_00617
0.7795275590551181,none,0.0,None,0.0,,20.0,90.0,26.94,,,,,,,10.1061/(ASCE)0899-1561(1998)10:1(52),pretraining,mix_00618
0.7795275590551181,none,0.0,None,0.0,,20.0,180.0,27.63,,,,,,,10.1061/(ASCE)0899-1561(1998)10:1(52),pretraining,mix_00619
0.7795275590551181,none,0.0,None,0.0,,20.0,365.0,29.79,,,,,,,10.1061/(ASCE)0899-1561(1998)10:1(52),pretraining,mix_00620
0.6286644951140065,none,0.0,None,0.0,,20.0,180.0,34.49,,,,,,,10.1061/(ASCE)0899-1561(1998)10:1(52),pretraining,mix_00621
0.6286644951140065,none,0.0,None,0.0,,20.0,365.0,36.15,,,,,,,10.1061/(ASCE)0899-1561(1998)10:1(52),pretraining,mix_00622
0.6286644951140065,none,0.0,None,0.0,,20.0,3.0,12.54,,,,,,,10.1061/(ASCE)0899-1561(1998)10:1(52),pretraining,mix_00623
0.6286644951140065,none,0.0,None,0.0,,20.0,28.0,27.53,,,,,,,10.1061/(ASCE)0899-1561(1998)10:1(52),pretraining,mix_00624
0.6286644951140065,none,0.0,None,0.0,,20.0,90.0,32.92,,,,,,,10.1061/(ASCE)0899-1561(1998)10:1(52),pretraining,mix_00625
0.8177966101694916,none,0.0,None,0.0,,20.0,7.0,9.99,,,,,,,10.1061/(ASCE)0899-1561(1998)10:1(52),pretraining,mix_00626
0.9,none,0.0,None,0.0,,20.0,7.0,7.84,,,,,,,10.1061/(ASCE)0899-1561(1998)10:1(52),pretraining,mix_00627
0.9,none,0.0,None,0.0,,20.0,28.0,12.25,,,,,,,10.1061/(ASCE)0899-1561(1998)10:1(52),pretraining,mix_00628
0.8044444444444444,none,0.0,None,0.0,,20.0,7.0,11.17,,,,,,,10.1061/(ASCE)0899-1561(1998)10:1(52),pretraining,mix_00629
0.8044444444444444,none,0.0,None,0.0,,20.0,28.0,17.34,,,,,,,10.1061/(ASCE)0899-1561(1998)10:1(52),pretraining,mix_00630
0.5661538461538461,none,0.0,None,0.0,,20.0,7.0,17.54,,,,,,,10.1061/(ASCE)0899-1561(1998)10:1(52),pretraining,mix_00631
0.5661538461538461,none,0.0,None,0.0,,20.0,28.0,30.57,,,,,,,10.1061/(ASCE)0899-1561(1998)10:1(52),pretraining,mix_00632
0.6654545454545454,none,0.0,None,0.0,,20.0,7.0,14.2,,,,,,,10.1061/(ASCE)0899-1561(1998)10:1(52),pretraining,mix_00633
0.6654545454545454,none,0.0,None,0.0,,20.0,28.0,24.5,,,,,,,10.1061/(ASCE)0899-1561(1998)10:1(52),pretraining,mix_00634
0.6133333333333333,none,0.0,None,0.0,,20.0,7.0,15.58,,,,,,,10.1061/(ASCE)0899-1561(1998)10:1(52),pretraining,mix_00635
0.6133333333333333,none,0.0,None,0.0,,20.0,28.0,26.85,,,,,,,10.1061/(ASCE)0899-1561(1998)10:1(52),pretraining,mix_00636
0.496,none,0.0,None,0.0,,20.0,7.0,26.06,,,,,,,10.1061/(ASCE)0899-1561(1998)10:1(52),pretraining,mix_00637
0.496,none,0.0,None,0.0,,20.0,28.0,38.21,,,,,,,10.1061/(ASCE)0899-1561(1998)10:1(52),pretraining,mix_00638
0.4675,none,0.0,None,0.0,,20.0,28.0,43.7,,,,,,,10.1061/(ASCE)0899-1561(1998)10:1(52),pretraining,mix_00639
0.4675,none,0.0,None,0.0,,20.0,7.0,30.14,,,,,,,10.1061/(ASCE)0899-1561(1998)10:1(52),pretraining,mix_00640
0.728,none,0.0,None,0.0,,20.0,7.0,12.73,,,,,,,10.1061/(ASCE)0899-1561(1998)10:1(52),pretraining,mix_00641
0.728,none,0.0,None,0.0,,20.0,28.0,20.87,,,,,,,10.1061/(ASCE)0899-1561(1998)10:1(52),pretraining,mix_00642
0.5314285714285715,none,0.0,None,0.0,,20.0,7.0,20.28,,,,,,,10.1061/(ASCE)0899-1561(1998)10:1(52),pretraining,mix_00643
0.5314285714285715,none,0.0,None,0.0,,20.0,28.0,34.29,,,,,,,10.1061/(ASCE)0899-1561(1998)10:1(52),pretraining,mix_00644
1.0,none,0.0,None,0.0,,20.0,7.0,19.54,,,,,,,10.1061/(ASCE)0899-1561(1998)10:1(52),pretraining,mix_00645
0.8133493205435652,none,0.0,None,0.0,,20.0,90.0,47.71,,,,,,,10.1061/(ASCE)0899-1561(1998)10:1(52),pretraining,mix_00646
1.2229299363057324,none,0.0,None,0.0,,20.0,90.0,43.38,,,,,,,10.1061/(ASCE)0899-1561(1998)10:1(52),pretraining,mix_00647
1.4401981599433828,none,0.0,None,0.0,,20.0,28.0,29.89,,,,,,,10.1061/(ASCE)0899-1561(1998)10:1(52),pretraining,mix_00648
1.2200239808153477,none,0.0,None,0.0,,20.0,3.0,6.9,,,,,,,10.1061/(ASCE)0899-1561(1998)10:1(52),pretraining,mix_00649
1.6598694942903753,none,0.0,None,0.0,,20.0,90.0,33.19,,,,,,,10.1061/(ASCE)0899-1561(1998)10:1(52),pretraining,mix_00650
1.10657966286025,none,0.0,None,0.0,,20.0,3.0,4.9,,,,,,,10.1061/(ASCE)0899-1561(1998)10:1(52),pretraining,mix_00651
1.8823529411764706,none,0.0,None,0.0,,20.0,3.0,4.57,,,,,,,10.1061/(ASCE)0899-1561(1998)10:1(52),pretraining,mix_00652
1.8823529411764706,none,0.0,None,0.0,,20.0,90.0,25.46,,,,,,,10.1061/(ASCE)0899-1561(1998)10:1(52),pretraining,mix_00653
1.6598694942903753,none,0.0,None,0.0,,20.0,28.0,24.29,,,,,,,10.1061/(ASCE)0899-1561(1998)10:1(52),pretraining,mix_00654
1.2200239808153477,none,0.0,None,0.0,,20.0,28.0,33.95,,,,,,,10.1061/(ASCE)0899-1561(1998)10:1(52),pretraining,mix_00655
0.96,none,0.0,None,0.0,,20.0,3.0,11.41,,,,,,,10.1061/(ASCE)0899-1561(1998)10:1(52),pretraining,mix_00656
1.8790397045244691,none,0.0,None,0.0,,20.0,28.0,20.59,,,,,,,10.1061/(ASCE)0899-1561(1998)10:1(52),pretraining,mix_00657
0.6665574844415328,none,0.0,None,0.0,,20.0,7.0,25.89,,,,,,,10.1061/(ASCE)0899-1561(1998)10:1(52),pretraining,mix_00658
1.8790397045244691,none,0.0,None,0.0,,20.0,90.0,29.23,,,,,,,10.1061/(ASCE)0899-1561(1998)10:1(52),pretraining,mix_00659
1.6551724137931034,none,0.0,None,0.0,,20.0,90.0,31.02,,,,,,,10.1061/(ASCE)0899-1561(1998)10:1(52),pretraining,mix_00660
1.4401981599433828,none,0.0,None,0.0,,20.0,7.0,10.39,,,,,,,10.1061/(ASCE)0899-1561(1998)10:1(52),pretraining,mix_00661
1.2229299363057324,none,0.0,None,0.0,,20.0,28.0,33.66,,,,,,,10.1061/(ASCE)0899-1561(1998)10:1(52),pretraining,mix_00662
1.443609022556391,none,0.0,None,0.0,,20.0,28.0,27.87,,,,,,,10.1061/(ASCE)0899-1561(1998)10:1(52),pretraining,mix_00663
0.8133493205435652,none,0.0,None,0.0,,20.0,7.0,19.35,,,,,,,10.1061/(ASCE)0899-1561(1998)10:1(52),pretraining,mix_00664
1.1098265895953756,none,0.0,None,0.0,,20.0,7.0,11.39,,,,,,,10.1061/(ASCE)0899-1561(1998)10:1(52),pretraining,mix_00665
1.0,none,0.0,None,0.0,,20.0,3.0,12.79,,,,,,,10.1061/(ASCE)0899-1561(1998)10:1(52),pretraining,mix_00666
1.0,none,0.0,None,0.0,,20.0,28.0,39.32,,,,,,,10.1061/(ASCE)0899-1561(1998)10:1(52),pretraining,mix_00667
1.2549019607843137,none,0.0,None,0.0,,20.0,3.0,4.78,,,,,,,10.1061/(ASCE)0899-1561(1998)10:1(52),pretraining,mix_00668
0.6666666666666666,none,0.0,None,0.0,,20.0,3.0,16.11,,,,,,,10.1061/(ASCE)0899-1561(1998)10:1(52),pretraining,mix_00669
0.6665574844415328,none,0.0,None,0.0,,20.0,28.0,43.38,,,,,,,10.1061/(ASCE)0899-1561(1998)10:1(52),pretraining,mix_00670
0.8135593220338984,none,0.0,None,0.0,,20.0,7.0,20.42,,,,,,,10.1061/(ASCE)0899-1561(1998)10:1(52),pretraining,mix_00671
1.1098265895953756,none,0.0,None,0.0,,20.0,3.0,6.94,,,,,,,10.1061/(ASCE)0899-1561(1998)10:1(52),pretraining,mix_00672
0.9599056603773585,none,0.0,None,0.0,,20.0,7.0,15.03,,,,,,,10.1061/(ASCE)0899-1561(1998)10:1(52),pretraining,mix_00673
0.8135593220338984,none,0.0,None,0.0,,20.0,3.0,13.57,,,,,,,10.1061/(ASCE)0899-1561(1998)10:1(52),pretraining,mix_00674
1.10657966286025,none,0.0,None,0.0,,20.0,90.0,32.53,,,,,,,10.1061/(ASCE)0899-1561(1998)10:1(52),pretraining,mix_00675
1.2200239808153477,none,0.0,None,0.0,,20.0,7.0,15.75,,,,,,,10.1061/(ASCE)0899-1561(1998)10:1(52),pretraining,mix_00676
1.8823529411764706,none,0.0,None,0.0,,20.0,7.0,7.68,,,,,,,10.1061/(ASCE)0899-1561(1998)10:1(52),pretraining,mix_00677
0.6666666666666666,none,0.0,None,0.0,,20.0,28.0,38.8,,,,,,,10.1061/(ASCE)0899-1561(1998)10:1(52),pretraining,mix_00678
0.9599056603773585,none,0.0,None,0.0,,20.0,28.0,33.0,,,,,,,10.1061/(ASCE)0899-1561(1998)10:1(52),pretraining,mix_00679
1.8823529411764706,none,0.0,None,0.0,,20.0,28.0,17.28,,,,,,,10.1061/(ASCE)0899-1561(1998)10:1(52),pretraining,mix_00680
1.1098265895953756,none,0.0,None,0.0,,20.0,28.0,24.28,,,,,,,10.1061/(ASCE)0899-1561(1998)10:1(52),pretraining,mix_00681
1.10657966286025,none,0.0,None,0.0,,20.0,28.0,24.05,,,,,,,10.1061/(ASCE)0899-1561(1998)10:1(52),pretraining,mix_00682
1.443609022556391,none,0.0,None,0.0,,20.0,90.0,36.59,,,,,,,10.1061/(ASCE)0899-1561(1998)10:1(52),pretraining,mix_00683
1.0,none,0.0,None,0.0,,20.0,90.0,50.73,,,,,,,10.1061/(ASCE)0899-1561(1998)10:1(52),pretraining,mix_00684
1.443609022556391,none,0.0,None,0.0,,20.0,7.0,13.66,,,,,,,10.1061/(ASCE)0899-1561(1998)10:1(52),pretraining,mix_00685
0.6665574844415328,none,0.0,None,0.0,,20.0,3.0,14.14,,,,,,,10.1061/(ASCE)0899-1561(1998)10:1(52),pretraining,mix_00686
0.8135593220338984,none,0.0,None,0.0,,20.0,90.0,47.78,,,,,,,10.1061/(ASCE)0899-1561(1998)10:1(52),pretraining,mix_00687
1.8790397045244691,none,0.0,None,0.0,,20.0,3.0,2.33,,,,,,,10.1061/(ASCE)0899-1561(1998)10:1(52),pretraining,mix_00688
1.2229299363057324,none,0.0,None,0.0,,20.0,7.0,16.89,,,,,,,10.1061/(ASCE)0899-1561(1998)10:1(52),pretraining,mix_00689
0.6666666666666666,none,0.0,None,0.0,,20.0,7.0,23.52,,,,,,,10.1061/(ASCE)0899-1561(1998)10:1(52),pretraining,mix_00690
0.9599056603773585,none,0.0,None,0.0,,20.0,3.0,6.81,,,,,,,10.1061/(ASCE)0899-1561(1998)10:1(52),pretraining,mix_00691
0.9599056603773585,none,0.0,None,0.0,,20.0,90.0,39.7,,,,,,,10.1061/(ASCE)0899-1561(1998)10:1(52),pretraining,mix_00692
1.2549019607843137,none,0.0,None,0.0,,20.0,28.0,17.96,,,,,,,10.1061/(ASCE)0899-1561(1998)10:1(52),pretraining,mix_00693
0.8135593220338984,none,0.0,None,0.0,,20.0,28.0,32.88,,,,,,,10.1061/(ASCE)0899-1561(1998)10:1(52),pretraining,mix_00694
1.6551724137931034,none,0.0,None,0.0,,20.0,28.0,22.35,,,,,,,10.1061/(ASCE)0899-1561(1998)10:1(52),pretraining,mix_00695
1.10657966286025,none,0.0,None,0.0,,20.0,7.0,10.79,,,,,,,10.1061/(ASCE)0899-1561(1998)10:1(52),pretraining,mix_00696
1.8790397045244691,none,0.0,None,0.0,,20.0,7.0,7.72,,,,,,,10.1061/(ASCE)0899-1561(1998)10:1(52),pretraining,mix_00697
1.0,none,0.0,None,0.0,,20.0,28.0,41.68,,,,,,,10.1061/(ASCE)0899-1561(1998)10:1(52),pretraining,mix_00698
1.0,none,0.0,None,0.0,,20.0,3.0,9.56,,,,,,,10.1061/(ASCE)0899-1561(1998)10:1(52),pretraining,mix_00699
1.443609022556391,none,0.0,None,0.0,,20.0,3.0,6.88,,,,,,,10.1061/(ASCE)0899-1561(1998)10:1(52),pretraining,mix_00700
0.6666666666666666,none,0.0,None,0.0,,20.0,90.0,50.53,,,,,,,10.1061/(ASCE)0899-1561(1998)10:1(52),pretraining,mix_00701
0.96,none,0.0,None,0.0,,20.0,7.0,17.17,,,,,,,10.1061/(ASCE)0899-1561(1998)10:1(52),pretraining,mix_00702
0.96,none,0.0,None,0.0,,20.0,28.0,30.44,,,,,,,10.1061/(ASCE)0899-1561(1998)10:1(52),pretraining,mix_00703
0.8133493205435652,none,0.0,None,0.0,,20.0,3.0,9.73,,,,,,,10.1061/(ASCE)0899-1561(1998)10:1(52),pretraining,mix_00704
1.6598694942903753,none,0.0,None,0.0,,20.0,3.0,3.32,,,,,,,10.1061/(ASCE)0899-1561(1998)10:1(52),pretraining,mix_00705
1.2549019607843137,none,0.0,None,0.0,,20.0,90.0,26.32,,,,,,,10.1061/(ASCE)0899-1561(1998)10:1(52),pretraining,mix_00706
0.96,none,0.0,None,0.0,,20.0,90.0,43.25,,,,,,,10.1061/(ASCE)0899-1561(1998)10:1(52),pretraining,mix_00707
1.6551724137931034,none,0.0,None,0.0,,20.0,3.0,6.28,,,,,,,10.1061/(ASCE)0899-1561(1998)10:1(52),pretraining,mix_00708
1.1098265895953756,none,0.0,None,0.0,,20.0,90.0,32.1,,,,,,,10.1061/(ASCE)0899-1561(1998)10:1(52),pretraining,mix_00709
0.8133493205435652,none,0.0,None,0.0,,20.0,28.0,36.96,,,,,,,10.1061/(ASCE)0899-1561(1998)10:1(52),pretraining,mix_00710
0.6665574844415328,none,0.0,None,0.0,,20.0,90.0,54.6,,,,,,,10.1061/(ASCE)0899-1561(1998)10:1(52),pretraining,mix_00711
1.0,none,0.0,None,0.0,,20.0,7.0,21.48,,,,,,,10.1061/(ASCE)0899-1561(1998)10:1(52),pretraining,mix_00712
1.2229299363057324,none,0.0,None,0.0,,20.0,3.0,9.69,,,,,,,10.1061/(ASCE)0899-1561(1998)10:1(52),pretraining,mix_00713
1.2549019607843137,none,0.0,None,0.0,,20.0,7.0,8.37,,,,,,,10.1061/(ASCE)0899-1561(1998)10:1(52),pretraining,mix_00714
1.4401981599433828,none,0.0,None,0.0,,20.0,90.0,39.66,,,,,,,10.1061/(ASCE)0899-1561(1998)10:1(52),pretraining,mix_00715
1.6551724137931034,none,0.0,None,0.0,,20.0,7.0,10.09,,,,,,,10.1061/(ASCE)0899-1561(1998)10:1(52),pretraining,mix_00716
1.4401981599433828,none,0.0,None,0.0,,20.0,3.0,4.83,,,,,,,10.1061/(ASCE)0899-1561(1998)10:1(52),pretraining,mix_00717
1.6598694942903753,none,0.0,None,0.0,,20.0,7.0,10.35,,,,,,,10.1061/(ASCE)0899-1561(1998)10:1(52),pretraining,mix_00718
1.2200239808153477,none,0.0,None,0.0,,20.0,90.0,43.57,,,,,,,10.1061/(ASCE)0899-1561(1998)10:1(52),pretraining,mix_00719
1.0,none,0.0,None,0.0,,20.0,90.0,51.86,,,,,,,10.1061/(ASCE)0899-1561(1998)10:1(52),pretraining,mix_00720
0.6193548387096774,none,0.0,None,0.0,,20.0,3.0,11.85,,,,,,,10.1061/(ASCE)0899-1561(1998)10:1(52),pretraining,mix_00721
0.6193548387096774,none,0.0,None,0.0,,20.0,7.0,17.24,,,,,,,10.1061/(ASCE)0899-1561(1998)10:1(52),pretraining,mix_00722
0.6193548387096774,none,0.0,None,0.0,,20.0,28.0,27.83,,,,,,,10.1061/(ASCE)0899-1561(1998)10:1(52),pretraining,mix_00723
0.6193548387096774,none,0.0,None,0.0,,20.0,90.0,35.76,,,,,,,10.1061/(ASCE)0899-1561(1998)10:1(52),pretraining,mix_00724
0.6193548387096774,none,0.0,None,0.0,,20.0,120.0,38.7,,,,,,,10.1061/(ASCE)0899-1561(1998)10:1(52),pretraining,mix_00725
0.5800604229607251,none,0.0,None,0.0,,20.0,3.0,14.31,,,,,,,10.1061/(ASCE)0899-1561(1998)10:1(52),pretraining,mix_00726
0.5800604229607251,none,0.0,None,0.0,,20.0,7.0,17.44,,,,,,,10.1061/(ASCE)0899-1561(1998)10:1(52),pretraining,mix_00727
0.5800604229607251,none,0.0,None,0.0,,20.0,28.0,31.74,,,,,,,10.1061/(ASCE)0899-1561(1998)10:1(52),pretraining,mix_00728
0.5800604229607251,none,0.0,None,0.0,,20.0,90.0,37.91,,,,,,,10.1061/(ASCE)0899-1561(1998)10:1(52),pretraining,mix_00729
0.5800604229607251,none,0.0,None,0.0,,20.0,120.0,39.38,,,,,,,10.1061/(ASCE)0899-1561(1998)10:1(52),pretraining,mix_00730
0.5501432664756447,none,0.0,None,0.0,,20.0,3.0,15.87,,,,,,,10.1061/(ASCE)0899-1561(1998)10:1(52),pretraining,mix_00731
0.5501432664756447,none,0.0,None,0.0,,20.0,7.0,9.01,,,,,,,10.1061/(ASCE)0899-1561(1998)10:1(52),pretraining,mix_00732
0.5501432664756447,none,0.0,None,0.0,,20.0,28.0,33.61,,,,,,,10.1061/(ASCE)0899-1561(1998)10:1(52),pretraining,mix_00733
0.5501432664756447,none,0.0,None,0.0,,20.0,90.0,40.66,,,,,,,10.1061/(ASCE)0899-1561(1998)10:1(52),pretraining,mix_00734
0.5501432664756447,none,0.0,None,0.0,,20.0,120.0,40.86,,,,,,,10.1061/(ASCE)0899-1561(1998)10:1(52),pretraining,mix_00735
0.7815126050420168,none,0.0,None,0.0,,20.0,7.0,12.05,,,,,,,10.1061/(ASCE)0899-1561(1998)10:1(52),pretraining,mix_00736
0.7815126050420168,none,0.0,None,0.0,,20.0,28.0,17.54,,,,,,,10.1061/(ASCE)0899-1561(1998)10:1(52),pretraining,mix_00737
0.6283783783783784,none,0.0,None,0.0,,20.0,7.0,18.91,,,,,,,10.1061/(ASCE)0899-1561(1998)10:1(52),pretraining,mix_00738
0.6283783783783784,none,0.0,None,0.0,,20.0,28.0,25.18,,,,,,,10.1061/(ASCE)0899-1561(1998)10:1(52),pretraining,mix_00739
0.6262626262626263,none,0.0,None,0.0,,20.0,7.0,30.96,,,,,,,10.1061/(ASCE)0899-1561(1998)10:1(52),pretraining,mix_00740
0.4,none,0.0,None,0.0,,20.0,28.0,43.89,,,,,,,10.1061/(ASCE)0899-1561(1998)10:1(52),pretraining,mix_00741
0.4,none,0.0,None,0.0,,20.0,90.0,54.28,,,,,,,10.1061/(ASCE)0899-1561(1998)10:1(52),pretraining,mix_00742
0.46851385390428213,none,0.0,None,0.0,,20.0,28.0,36.94,,,,,,,10.1061/(ASCE)0899-1561(1998)10:1(52),pretraining,mix_00743
0.6619217081850534,none,0.0,None,0.0,,20.0,7.0,14.5,,,,,,,10.1061/(ASCE)0899-1561(1998)10:1(52),pretraining,mix_00744
0.6583629893238434,none,0.0,None,0.0,,20.0,28.0,22.44,,,,,,,10.1061/(ASCE)0899-1561(1998)10:1(52),pretraining,mix_00745
0.4,none,0.0,None,0.0,,20.0,1.0,12.64,,,,,,,10.1061/(ASCE)0899-1561(1998)10:1(52),pretraining,mix_00746
0.4,none,0.0,None,0.0,,20.0,3.0,26.06,,,,,,,10.1061/(ASCE)0899-1561(1998)10:1(52),pretraining,mix_00747
0.4,none,0.0,None,0.0,,20.0,7.0,33.21,,,,,,,10.1061/(ASCE)0899-1561(1998)10:1(52),pretraining,mix_00748
0.4,none,0.0,None,0.0,,20.0,14.0,36.94,,,,,,,10.1061/(ASCE)0899-1561(1998)10:1(52),pretraining,mix_00749
0.4,none,0.0,None,0.0,,20.0,28.0,44.09,,,,,,,10.1061/(ASCE)0899-1561(1998)10:1(52),pretraining,mix_00750
0.32037037037037036,none,0.0,None,0.0,,20.0,7.0,52.61,,,,,,,10.1061/(ASCE)0899-1561(1998)10:1(52),pretraining,mix_00751
0.32037037037037036,none,0.0,None,0.0,,20.0,14.0,59.76,,,,,,,10.1061/(ASCE)0899-1561(1998)10:1(52),pretraining,mix_00752
0.32037037037037036,none,0.0,None,0.0,,20.0,28.0,67.31,,,,,,,10.1061/(ASCE)0899-1561(1998)10:1(52),pretraining,mix_00753
0.32037037037037036,none,0.0,None,0.0,,20.0,90.0,69.66,,,,,,,10.1061/(ASCE)0899-1561(1998)10:1(52),pretraining,mix_00754
0.32037037037037036,none,0.0,None,0.0,,20.0,180.0,71.62,,,,,,,10.1061/(ASCE)0899-1561(1998)10:1(52),pretraining,mix_00755
0.32037037037037036,none,0.0,None,0.0,,20.0,270.0,74.17,,,,,,,10.1061/(ASCE)0899-1561(1998)10:1(52),pretraining,mix_00756
0.58,none,0.0,None,0.0,,20.0,7.0,18.13,,,,,,,10.1061/(ASCE)0899-1561(1998)10:1(52),pretraining,mix_00757
0.58,none,0.0,None,0.0,,20.0,14.0,22.53,,,,,,,10.1061/(ASCE)0899-1561(1998)10:1(52),pretraining,mix_00758
0.58,none,0.0,None,0.0,,20.0,28.0,27.34,,,,,,,10.1061/(ASCE)0899-1561(1998)10:1(52),pretraining,mix_00759
0.58,none,0.0,None,0.0,,20.0,56.0,29.98,,,,,,,10.1061/(ASCE)0899-1561(1998)10:1(52),pretraining,mix_00760
0.58,none,0.0,None,0.0,,20.0,90.0,31.35,,,,,,,10.1061/(ASCE)0899-1561(1998)10:1(52),pretraining,mix_00761
0.58,none,0.0,None,0.0,,20.0,180.0,32.72,,,,,,,10.1061/(ASCE)0899-1561(1998)10:1(52),pretraining,mix_00762
0.4831168831168831,none,0.0,None,0.0,,20.0,1.0,6.27,,,,,,,10.1061/(ASCE)0899-1561(1998)10:1(52),pretraining,mix_00763
0.4831168831168831,none,0.0,None,0.0,,20.0,3.0,14.7,,,,,,,10.1061/(ASCE)0899-1561(1998)10:1(52),pretraining,mix_00764
0.4831168831168831,none,0.0,None,0.0,,20.0,7.0,23.22,,,,,,,10.1061/(ASCE)0899-1561(1998)10:1(52),pretraining,mix_00765
0.4831168831168831,none,0.0,None,0.0,,20.0,14.0,27.92,,,,,,,10.1061/(ASCE)0899-1561(1998)10:1(52),pretraining,mix_00766
0.4831168831168831,none,0.0,None,0.0,,20.0,28.0,31.35,,,,,,,10.1061/(ASCE)0899-1561(1998)10:1(52),pretraining,mix_00767
0.5800604229607251,none,0.0,None,0.0,,20.0,180.0,39.0,,,,,,,10.1061/(ASCE)0899-1561(1998)10:1(52),pretraining,mix_00768
0.5800604229607251,none,0.0,None,0.0,,20.0,360.0,41.24,,,,,,,10.1061/(ASCE)0899-1561(1998)10:1(52),pretraining,mix_00769
0.5501432664756447,none,0.0,None,0.0,,20.0,3.0,14.99,,,,,,,10.1061/(ASCE)0899-1561(1998)10:1(52),pretraining,mix_00770
0.5800604229607251,none,0.0,None,0.0,,20.0,3.0,13.52,,,,,,,10.1061/(ASCE)0899-1561(1998)10:1(52),pretraining,mix_00771
0.4869109947643979,none,0.0,None,0.0,,20.0,7.0,24.0,,,,,,,10.1061/(ASCE)0899-1561(1998)10:1(52),pretraining,mix_00772
0.4869109947643979,none,0.0,None,0.0,,20.0,28.0,37.42,,,,,,,10.1061/(ASCE)0899-1561(1998)10:1(52),pretraining,mix_00773
0.4869109947643979,none,0.0,None,0.0,,20.0,7.0,11.47,,,,,,,10.1061/(ASCE)0899-1561(1998)10:1(52),pretraining,mix_00774
0.6619217081850534,none,0.0,None,0.0,,20.0,28.0,22.44,,,,,,,10.1061/(ASCE)0899-1561(1998)10:1(52),pretraining,mix_00775
0.5457227138643068,none,0.0,None,0.0,,20.0,7.0,21.16,,,,,,,10.1061/(ASCE)0899-1561(1998)10:1(52),pretraining,mix_00776
0.5457227138643068,none,0.0,None,0.0,,20.0,28.0,31.84,,,,,,,10.1061/(ASCE)0899-1561(1998)10:1(52),pretraining,mix_00777
0.6271186440677966,none,0.0,None,0.0,,20.0,7.0,14.8,,,,,,,10.1061/(ASCE)0899-1561(1998)10:1(52),pretraining,mix_00778
0.6271186440677966,none,0.0,None,0.0,,20.0,28.0,25.18,,,,,,,10.1061/(ASCE)0899-1561(1998)10:1(52),pretraining,mix_00779
0.7773109243697479,none,0.0,None,0.0,,20.0,28.0,17.54,,,,,,,10.1061/(ASCE)0899-1561(1998)10:1(52),pretraining,mix_00780
0.6486486486486487,none,0.0,None,0.0,,20.0,7.0,14.2,,,,,,,10.1061/(ASCE)0899-1561(1998)10:1(52),pretraining,mix_00781
0.6486486486486487,none,0.0,None,0.0,,20.0,28.0,21.65,,,,,,,10.1061/(ASCE)0899-1561(1998)10:1(52),pretraining,mix_00782
0.6486486486486487,none,0.0,None,0.0,,20.0,90.0,29.39,,,,,,,10.1061/(ASCE)0899-1561(1998)10:1(52),pretraining,mix_00783
0.5800604229607251,none,0.0,None,0.0,,20.0,3.0,13.52,,,,,,,10.1061/(ASCE)0899-1561(1998)10:1(52),pretraining,mix_00784
0.5800604229607251,none,0.0,None,0.0,,20.0,7.0,16.26,,,,,,,10.1061/(ASCE)0899-1561(1998)10:1(52),pretraining,mix_00785
0.5800604229607251,none,0.0,None,0.0,,20.0,28.0,31.45,,,,,,,10.1061/(ASCE)0899-1561(1998)10:1(52),pretraining,mix_00786
0.5800604229607251,none,0.0,None,0.0,,20.0,90.0,37.23,,,,,,,10.1061/(ASCE)0899-1561(1998)10:1(52),pretraining,mix_00787
0.5501432664756447,none,0.0,None,0.0,,20.0,7.0,18.13,,,,,,,10.1061/(ASCE)0899-1561(1998)10:1(52),pretraining,mix_00788
0.5501432664756447,none,0.0,None,0.0,,20.0,28.0,32.72,,,,,,,10.1061/(ASCE)0899-1561(1998)10:1(52),pretraining,mix_00789
0.5501432664756447,none,0.0,None,0.0,,20.0,90.0,39.49,,,,,,,10.1061/(ASCE)0899-1561(1998)10:1(52),pretraining,mix_00790
0.5501432664756447,none,0.0,None,0.0,,20.0,180.0,41.05,,,,,,,10.1061/(ASCE)0899-1561(1998)10:1(52),pretraining,mix_00791
0.5501432664756447,none,0.0,None,0.0,,20.0,360.0,42.13,,,,,,,10.1061/(ASCE)0899-1561(1998)10:1(52),pretraining,mix_00792
0.6721854304635762,none,0.0,None,0.0,,20.0,14.0,18.13,,,,,,,10.1061/(ASCE)0899-1561(1998)10:1(52),pretraining,mix_00793
0.6721854304635762,none,0.0,None,0.0,,20.0,180.0,26.74,,,,,,,10.1061/(ASCE)0899-1561(1998)10:1(52),pretraining,mix_00794
0.36,none,0.0,None,0.0,,20.0,180.0,61.92,,,,,,,10.1061/(ASCE)0899-1561(1998)10:1(52),pretraining,mix_00795
0.4,none,0.0,None,0.0,,20.0,90.0,47.22,,,,,,,10.1061/(ASCE)0899-1561(1998)10:1(52),pretraining,mix_00796
0.4,none,0.0,None,0.0,,20.0,180.0,51.04,,,,,,,10.1061/(ASCE)0899-1561(1998)10:1(52),pretraining,mix_00797
0.4,none,0.0,None,0.0,,20.0,270.0,55.16,,,,,,,10.1061/(ASCE)0899-1561(1998)10:1(52),pretraining,mix_00798
0.32037037037037036,none,0.0,None,0.0,,20.0,3.0,41.64,,,,,,,10.1061/(ASCE)0899-1561(1998)10:1(52),pretraining,mix_00799
0.7341269841269841,none,0.0,None,0.0,,20.0,7.0,13.71,,,,,,,10.1061/(ASCE)0899-1561(1998)10:1(52),pretraining,mix_00800
0.7341269841269841,none,0.0,None,0.0,,20.0,28.0,19.69,,,,,,,10.1061/(ASCE)0899-1561(1998)10:1(52),pretraining,mix_00801
0.5457227138643068,none,0.0,None,0.0,,20.0,28.0,31.65,,,,,,,10.1061/(ASCE)0899-1561(1998)10:1(52),pretraining,mix_00802
0.48854961832061067,none,0.0,None,0.0,,20.0,3.0,19.11,,,,,,,10.1061/(ASCE)0899-1561(1998)10:1(52),pretraining,mix_00803
0.48854961832061067,none,0.0,None,0.0,,20.0,28.0,39.58,,,,,,,10.1061/(ASCE)0899-1561(1998)10:1(52),pretraining,mix_00804
0.48854961832061067,none,0.0,None,0.0,,20.0,90.0,48.79,,,,,,,10.1061/(ASCE)0899-1561(1998)10:1(52),pretraining,mix_00805
0.48429319371727747,none,0.0,None,0.0,,20.0,7.0,24.0,,,,,,,10.1061/(ASCE)0899-1561(1998)10:1(52),pretraining,mix_00806
0.48429319371727747,none,0.0,None,0.0,,20.0,28.0,37.42,,,,,,,10.1061/(ASCE)0899-1561(1998)10:1(52),pretraining,mix_00807
0.7380952380952381,none,0.0,None,0.0,,20.0,7.0,11.47,,,,,,,10.1061/(ASCE)0899-1561(1998)10:1(52),pretraining,mix_00808
0.7341269841269841,none,0.0,None,0.0,,20.0,28.0,19.69,,,,,,,10.1061/(ASCE)0899-1561(1998)10:1(52),pretraining,mix_00809
0.6193548387096774,none,0.0,None,0.0,,20.0,7.0,14.99,,,,,,,10.1061/(ASCE)0899-1561(1998)10:1(52),pretraining,mix_00810
0.6193548387096774,none,0.0,None,0.0,,20.0,28.0,27.92,,,,,,,10.1061/(ASCE)0899-1561(1998)10:1(52),pretraining,mix_00811
0.6193548387096774,none,0.0,None,0.0,,20.0,90.0,34.68,,,,,,,10.1061/(ASCE)0899-1561(1998)10:1(52),pretraining,mix_00812
0.6193548387096774,none,0.0,None,0.0,,20.0,180.0,37.33,,,,,,,10.1061/(ASCE)0899-1561(1998)10:1(52),pretraining,mix_00813
0.6193548387096774,none,0.0,None,0.0,,20.0,360.0,38.11,,,,,,,10.1061/(ASCE)0899-1561(1998)10:1(52),pretraining,mix_00814
0.36,none,0.0,None,0.0,,20.0,3.0,33.8,,,,,,,10.1061/(ASCE)0899-1561(1998)10:1(52),pretraining,mix_00815
0.36,none,0.0,None,0.0,,20.0,7.0,42.42,,,,,,,10.1061/(ASCE)0899-1561(1998)10:1(52),pretraining,mix_00816
0.36,none,0.0,None,0.0,,20.0,14.0,48.4,,,,,,,10.1061/(ASCE)0899-1561(1998)10:1(52),pretraining,mix_00817
0.36,none,0.0,None,0.0,,20.0,28.0,55.94,,,,,,,10.1061/(ASCE)0899-1561(1998)10:1(52),pretraining,mix_00818
0.36,none,0.0,None,0.0,,20.0,90.0,58.78,,,,,,,10.1061/(ASCE)0899-1561(1998)10:1(52),pretraining,mix_00819
0.36,none,0.0,None,0.0,,20.0,270.0,67.11,,,,,,,10.1061/(ASCE)0899-1561(1998)10:1(52),pretraining,mix_00820
0.6304347826086957,none,0.0,None,0.0,,20.0,14.0,20.77,,,,,,,10.1061/(ASCE)0899-1561(1998)10:1(52),pretraining,mix_00821
0.6304347826086957,none,0.0,None,0.0,,20.0,28.0,25.18,,,,,,,10.1061/(ASCE)0899-1561(1998)10:1(52),pretraining,mix_00822
0.6304347826086957,none,0.0,None,0.0,,20.0,180.0,29.59,,,,,,,10.1061/(ASCE)0899-1561(1998)10:1(52),pretraining,mix_00823
0.6721854304635762,none,0.0,None,0.0,,20.0,28.0,21.75,,,,,,,10.1061/(ASCE)0899-1561(1998)10:1(52),pretraining,mix_00824
0.4659949622166247,none,0.0,None,0.0,,20.0,28.0,39.09,,,,,,,10.1061/(ASCE)0899-1561(1998)10:1(52),pretraining,mix_00825
0.4,none,0.0,None,0.0,,20.0,3.0,24.39,,,,,,,10.1061/(ASCE)0899-1561(1998)10:1(52),pretraining,mix_00826
0.2796934865900383,none,0.0,None,0.0,,20.0,7.0,50.51,,,,,,,10.1061/(ASCE)0899-1561(1998)10:1(52),pretraining,mix_00827
0.2796934865900383,none,0.0,None,0.0,,20.0,28.0,74.99,,,,,,,10.1061/(ASCE)0899-1561(1998)10:1(52),pretraining,mix_00828
0.7692307692307693,fly_ash,17.82608695652174,None,0.0,,20.0,28.0,37.17,,,,,,,10.1061/(ASCE)0899-1561(1998)10:1(52),pretraining,mix_00829
1.1049382716049383,fly_ash,29.599999999999998,None,0.0,,20.0,28.0,33.76,,,,,,,10.1061/(ASCE)0899-1561(1998)10:1(52),pretraining,mix_00830
1.4285714285714286,fly_ash,27.31707317073171,None,0.0,,20.0,28.0,16.5,,,,,,,10.1061/(ASCE)0899-1561(1998)10:1(52),pretraining,mix_00831
1.3741496598639455,fly_ash,25.356125356125357,None,0.0,,20.0,28.0,19.99,,,,,,,10.1061/(ASCE)0899-1561(1998)10:1(52),pretraining,mix_00832
1.105263157894737,fly_ash,29.637526652452024,None,0.0,,20.0,28.0,36.35,,,,,,,10.1061/(ASCE)0899-1561(1998)10:1(52),pretraining,mix_00833
0.5419354838709678,fly_ash,19.680851063829788,None,0.0,,20.0,28.0,33.69,,,,,,,10.1061/(ASCE)0899-1561(1998)10:1(52),pretraining,mix_00834
1.0972222222222223,fly_ash,54.858934169278996,None,0.0,,20.0,28.0,15.42,,,,,,,10.1061/(ASCE)0899-1561(1998)10:1(52),pretraining,mix_00835
0.7039473684210527,none,0.0,None,0.0,,20.0,28.0,33.42,,,,,,,10.1061/(ASCE)0899-1561(1998)10:1(52),pretraining,mix_00836
0.5080213903743316,none,0.0,None,0.0,,20.0,28.0,39.05,,,,,,,10.1061/(ASCE)0899-1561(1998)10:1(52),pretraining,mix_00837
1.10062893081761,fly_ash,27.358490566037734,None,0.0,,20.0,28.0,27.68,,,,,,,10.1061/(ASCE)0899-1561(1998)10:1(52),pretraining,mix_00838
1.3071895424836601,none,0.0,None,0.0,,20.0,28.0,26.86,,,,,,,10.1061/(ASCE)0899-1561(1998)10:1(52),pretraining,mix_00839
0.5419354838709678,none,0.0,None,0.0,,20.0,28.0,45.3,,,,,,,10.1061/(ASCE)0899-1561(1998)10:1(52),pretraining,mix_00840
0.6426229508196721,fly_ash,24.691358024691358,None,0.0,,20.0,28.0,30.12,,,,,,,10.1061/(ASCE)0899-1561(1998)10:1(52),pretraining,mix_00841
1.1059602649006623,fly_ash,54.92537313432836,None,0.0,,20.0,28.0,15.57,,,,,,,10.1061/(ASCE)0899-1561(1998)10:1(52),pretraining,mix_00842
1.2253521126760563,fly_ash,29.6127562642369,None,0.0,,20.0,28.0,44.61,,,,,,,10.1061/(ASCE)0899-1561(1998)10:1(52),pretraining,mix_00843
0.674496644295302,fly_ash,19.74169741697417,None,0.0,,20.0,28.0,53.52,,,,,,,10.1061/(ASCE)0899-1561(1998)10:1(52),pretraining,mix_00844
0.5919003115264797,none,0.0,None,0.0,,20.0,28.0,57.21,,,,,,,10.1061/(ASCE)0899-1561(1998)10:1(52),pretraining,mix_00845
0.5218579234972678,none,0.0,None,0.0,,20.0,28.0,65.91,,,,,,,10.1061/(ASCE)0899-1561(1998)10:1(52),pretraining,mix_00846
0.6142857142857143,fly_ash,19.646365422396855,None,0.0,,20.0,28.0,52.82,,,,,,,10.1061/(ASCE)0899-1561(1998)10:1(52),pretraining,mix_00847
0.7698412698412699,fly_ash,17.88235294117647,None,0.0,,20.0,28.0,33.4,,,,,,,10.1061/(ASCE)0899-1561(1998)10:1(52),pretraining,mix_00848
1.103030303030303,fly_ash,47.61904761904761,None,0.0,,20.0,28.0,18.03,,,,,,,10.1061/(ASCE)0899-1561(1998)10:1(52),pretraining,mix_00849
1.1538461538461537,none,0.0,None,0.0,,20.0,28.0,37.36,,,,,,,10.1061/(ASCE)0899-1561(1998)10:1(52),pretraining,mix_00850
1.26875,fly_ash,29.554655870445345,None,0.0,,20.0,28.0,32.84,,,,,,,10.1061/(ASCE)0899-1561(1998)10:1(52),pretraining,mix_00851
0.6241610738255033,fly_ash,26.41975308641975,None,0.0,,20.0,28.0,42.64,,,,,,,10.1061/(ASCE)0899-1561(1998)10:1(52),pretraining,mix_00852
0.660377358490566,fly_ash,28.37837837837838,None,0.0,,20.0,28.0,40.06,,,,,,,10.1061/(ASCE)0899-1561(1998)10:1(52),pretraining,mix_00853
0.6550522648083623,fly_ash,18.725099601593627,None,0.0,,20.0,28.0,41.94,,,,,,,10.1061/(ASCE)0899-1561(1998)10:1(52),pretraining,mix_00854
0.5337423312883436,none,0.0,None,0.0,,20.0,28.0,61.23,,,,,,,10.1061/(ASCE)0899-1561(1998)10:1(52),pretraining,mix_00855
0.5421348314606742,fly_ash,28.514056224899598,None,0.0,,20.0,28.0,40.87,,,,,,,10.1061/(ASCE)0899-1561(1998)10:1(52),pretraining,mix_00856
1.356060606060606,fly_ash,32.2,None,0.0,,20.0,28.0,33.3,,,,,,,10.1061/(ASCE)0899-1561(1998)10:1(52),pretraining,mix_00857
0.577639751552795,none,0.0,None,0.0,,20.0,28.0,52.42,,,,,,,10.1061/(ASCE)0899-1561(1998)10:1(52),pretraining,mix_00858
1.103658536585366,fly_ash,54.94505494505495,None,0.0,,20.0,28.0,15.09,,,,,,,10.1061/(ASCE)0899-1561(1998)10:1(52),pretraining,mix_00859
0.5414012738853503,fly_ash,26.46370023419204,None,0.0,,20.0,28.0,38.46,,,,,,,10.1061/(ASCE)0899-1561(1998)10:1(52),pretraining,mix_00860
0.5669781931464174,fly_ash,28.507795100222715,None,0.0,,20.0,28.0,37.26,,,,,,,10.1061/(ASCE)0899-1561(1998)10:1(52),pretraining,mix_00861
1.6928571428571428,fly_ash,29.629629629629626,None,0.0,,20.0,28.0,35.23,,,,,,,10.1061/(ASCE)0899-1561(1998)10:1(52),pretraining,mix_00862
0.6145833333333334,none,0.0,None,0.0,,20.0,28.0,42.13,,,,,,,10.1061/(ASCE)0899-1561(1998)10:1(52),pretraining,mix_00863
0.7046979865771812,fly_ash,26.41975308641975,None,0.0,,20.0,28.0,31.87,,,,,,,10.1061/(ASCE)0899-1561(1998)10:1(52),pretraining,mix_00864
0.7358490566037735,fly_ash,18.614718614718615,None,0.0,,20.0,28.0,41.54,,,,,,,10.1061/(ASCE)0899-1561(1998)10:1(52),pretraining,mix_00865
1.05,none,0.0,None,0.0,,20.0,28.0,39.45,,,,,,,10.1061/(ASCE)0899-1561(1998)10:1(52),pretraining,mix_00866
1.1024096385542168,none,0.0,None,0.0,,20.0,28.0,37.91,,,,,,,10.1061/(ASCE)0899-1561(1998)10:1(52),pretraining,mix_00867
0.6521739130434783,fly_ash,18.672199170124482,None,0.0,,20.0,28.0,44.28,,,,,,,10.1061/(ASCE)0899-1561(1998)10:1(52),pretraining,mix_00868
0.6086956521739131,fly_ash,26.48401826484018,None,0.0,,20.0,28.0,31.18,,,,,,,10.1061/(ASCE)0899-1561(1998)10:1(52),pretraining,mix_00869
1.2953020134228188,fly_ash,27.455919395465994,None,0.0,,20.0,28.0,23.69,,,,,,,10.1061/(ASCE)0899-1561(1998)10:1(52),pretraining,mix_00870
1.1069182389937107,none,0.0,None,0.0,,20.0,28.0,32.76,,,,,,,10.1061/(ASCE)0899-1561(1998)10:1(52),pretraining,mix_00871
0.7701149425287356,fly_ash,17.76765375854214,None,0.0,,20.0,28.0,32.4,,,,,,,10.1061/(ASCE)0899-1561(1998)10:1(52),pretraining,mix_00872
1.0421940928270041,fly_ash,17.75,None,0.0,,20.0,28.0,28.63,,,,,,,10.1061/(ASCE)0899-1561(1998)10:1(52),pretraining,mix_00873
0.5686900958466453,fly_ash,26.525821596244132,None,0.0,,20.0,28.0,36.8,,,,,,,10.1061/(ASCE)0899-1561(1998)10:1(52),pretraining,mix_00874
1.2451612903225806,none,0.0,None,0.0,,20.0,28.0,18.28,,,,,,,10.1061/(ASCE)0899-1561(1998)10:1(52),pretraining,mix_00875
1.3835616438356164,none,0.0,None,0.0,,20.0,28.0,33.06,,,,,,,10.1061/(ASCE)0899-1561(1998)10:1(52),pretraining,mix_00876
0.7466216216216216,fly_ash,26.550868486352357,None,0.0,,20.0,28.0,31.42,,,,,,,10.1061/(ASCE)0899-1561(1998)10:1(52),pretraining,mix_00877
1.4736842105263157,none,0.0,None,0.0,,20.0,28.0,31.03,,,,,,,10.1061/(ASCE)0899-1561(1998)10:1(52),pretraining,mix_00878
0.5686900958466453,none,0.0,None,0.0,,20.0,28.0,44.39,,,,,,,10.1061/(ASCE)0899-1561(1998)10:1(52),pretraining,mix_00879
1.2105263157894737,fly_ash,42.42424242424242,None,0.0,,20.0,28.0,12.18,,,,,,,10.1061/(ASCE)0899-1561(1998)10:1(52),pretraining,mix_00880
1.1633986928104576,fly_ash,27.49391727493917,None,0.0,,20.0,28.0,25.56,,,,,,,10.1061/(ASCE)0899-1561(1998)10:1(52),pretraining,mix_00881
1.4285714285714286,fly_ash,27.393617021276594,None,0.0,,20.0,28.0,36.44,,,,,,,10.1061/(ASCE)0899-1561(1998)10:1(52),pretraining,mix_00882
1.1812080536912752,none,0.0,None,0.0,,20.0,28.0,32.96,,,,,,,10.1061/(ASCE)0899-1561(1998)10:1(52),pretraining,mix_00883
0.7066666666666667,fly_ash,28.57142857142857,None,0.0,,20.0,28.0,23.84,,,,,,,10.1061/(ASCE)0899-1561(1998)10:1(52),pretraining,mix_00884
1.1633986928104576,fly_ash,27.49391727493917,None,0.0,,20.0,28.0,26.23,,,,,,,10.1061/(ASCE)0899-1561(1998)10:1(52),pretraining,mix_00885
1.0675675675675675,fly_ash,48.07017543859649,None,0.0,,20.0,28.0,17.95,,,,,,,10.1061/(ASCE)0899-1561(1998)10:1(52),pretraining,mix_00886
0.6104294478527608,fly_ash,29.74137931034483,None,0.0,,20.0,28.0,40.68,,,,,,,10.1061/(ASCE)0899-1561(1998)10:1(52),pretraining,mix_00887
1.1633986928104576,none,0.0,None,0.0,,20.0,28.0,19.01,,,,,,,10.1061/(ASCE)0899-1561(1998)10:1(52),pretraining,mix_00888
0.7442748091603053,fly_ash,18.736383442265794,None,0.0,,20.0,28.0,33.72,,,,,,,10.1061/(ASCE)0899-1561(1998)10:1(52),pretraining,mix_00889
1.3924050632911393,fly_ash,55.240793201133144,None,0.0,,20.0,28.0,8.54,,,,,,,10.1061/(ASCE)0899-1561(1998)10:1(52),pretraining,mix_00890
1.1059602649006623,fly_ash,55.05952380952381,None,0.0,,20.0,28.0,13.46,,,,,,,10.1061/(ASCE)0899-1561(1998)10:1(52),pretraining,mix_00891
0.7289377289377289,fly_ash,24.793388429752067,None,0.0,,20.0,28.0,32.24,,,,,,,10.1061/(ASCE)0899-1561(1998)10:1(52),pretraining,mix_00892
1.2281879194630871,fly_ash,25.62674094707521,None,0.0,,20.0,28.0,23.52,,,,,,,10.1061/(ASCE)0899-1561(1998)10:1(52),pretraining,mix_00893
1.3356643356643356,fly_ash,31.428571428571427,None,0.0,,20.0,28.0,29.72,,,,,,,10.1061/(ASCE)0899-1561(1998)10:1(52),pretraining,mix_00894
0.6576923076923077,fly_ash,17.76765375854214,None,0.0,,20.0,28.0,49.77,,,,,,,10.1061/(ASCE)0899-1561(1998)10:1(52),pretraining,mix_00895
0.5686900958466453,none,0.0,None,0.0,,20.0,28.0,52.44,,,,,,,10.1061/(ASCE)0899-1561(1998)10:1(52),pretraining,mix_00896
0.5915492957746479,none,0.0,None,0.0,,20.0,28.0,40.93,,,,,,,10.1061/(ASCE)0899-1561(1998)10:1(52),pretraining,mix_00897
0.5416666666666666,none,0.0,None,0.0,,20.0,28.0,44.86,,,,,,,10.1061/(ASCE)0899-1561(1998)10:1(52),pretraining,mix_00898
1.2482758620689656,fly_ash,48.028673835125446,None,0.0,,20.0,28.0,13.2,,,,,,,10.1061/(ASCE)0899-1561(1998)10:1(52),pretraining,mix_00899
1.16,none,0.0,None,0.0,,20.0,28.0,37.43,,,,,,,10.1061/(ASCE)0899-1561(1998)10:1(52),pretraining,mix_00900
1.3333333333333333,fly_ash,29.753914988814316,None,0.0,,20.0,28.0,29.87,,,,,,,10.1061/(ASCE)0899-1561(1998)10:1(52),pretraining,mix_00901
0.5891238670694864,none,0.0,None,0.0,,20.0,28.0,56.61,,,,,,,10.1061/(ASCE)0899-1561(1998)10:1(52),pretraining,mix_00902
1.2451612903225806,fly_ash,47.98657718120805,None,0.0,,20.0,28.0,12.46,,,,,,,10.1061/(ASCE)0899-1561(1998)10:1(52),pretraining,mix_00903
1.2451612903225806,none,0.0,None,0.0,,20.0,28.0,23.79,,,,,,,10.1061/(ASCE)0899-1561(1998)10:1(52),pretraining,mix_00904
1.3333333333333333,fly_ash,55.14950166112956,None,0.0,,20.0,28.0,13.29,,,,,,,10.1061/(ASCE)0899-1561(1998)10:1(52),pretraining,mix_00905
0.6691729323308271,fly_ash,18.70967741935484,None,0.0,,20.0,28.0,39.42,,,,,,,10.1061/(ASCE)0899-1561(1998)10:1(52),pretraining,mix_00906
0.5700636942675159,fly_ash,19.755244755244757,None,0.0,,20.0,28.0,46.23,,,,,,,10.1061/(ASCE)0899-1561(1998)10:1(52),pretraining,mix_00907
0.4057507987220447,none,0.0,None,0.0,,20.0,28.0,44.52,,,,,,,10.1061/(ASCE)0899-1561(1998)10:1(52),pretraining,mix_00908
1.2465753424657535,none,0.0,None,0.0,,20.0,28.0,23.74,,,,,,,10.1061/(ASCE)0899-1561(1998)10:1(52),pretraining,mix_00909
1.2361111111111112,fly_ash,27.461139896373055,None,0.0,,20.0,28.0,26.14,,,,,,,10.1061/(ASCE)0899-1561(1998)10:1(52),pretraining,mix_00910
1.222972972972973,fly_ash,55.15151515151515,None,0.0,,20.0,28.0,15.52,,,,,,,10.1061/(ASCE)0899-1561(1998)10:1(52),pretraining,mix_00911
0.6895306859205776,fly_ash,18.762886597938145,None,0.0,,20.0,28.0,43.57,,,,,,,10.1061/(ASCE)0899-1561(1998)10:1(52),pretraining,mix_00912
0.5503355704697986,fly_ash,26.41975308641975,None,0.0,,20.0,28.0,35.86,,,,,,,10.1061/(ASCE)0899-1561(1998)10:1(52),pretraining,mix_00913
0.5686900958466453,none,0.0,None,0.0,,20.0,28.0,41.05,,,,,,,10.1061/(ASCE)0899-1561(1998)10:1(52),pretraining,mix_00914
1.2516129032258065,fly_ash,29.66804979253112,None,0.0,,20.0,28.0,28.99,,,,,,,10.1061/(ASCE)0899-1561(1998)10:1(52),pretraining,mix_00915
0.6747404844290658,none,0.0,None,0.0,,20.0,28.0,46.24,,,,,,,10.1061/(ASCE)0899-1561(1998)10:1(52),pretraining,mix_00916
1.1554054054054055,none,0.0,None,0.0,,20.0,28.0,26.92,,,,,,,10.1061/(ASCE)0899-1561(1998)10:1(52),pretraining,mix_00917
1.393103448275862,fly_ash,55.24691358024691,None,0.0,,20.0,28.0,10.54,,,,,,,10.1061/(ASCE)0899-1561(1998)10:1(52),pretraining,mix_00918
0.5686900958466453,none,0.0,None,0.0,,20.0,28.0,25.1,,,,,,,10.1061/(ASCE)0899-1561(1998)10:1(52),pretraining,mix_00919
1.2647058823529411,fly_ash,29.71698113207547,None,0.0,,20.0,28.0,29.07,,,,,,,10.1061/(ASCE)0899-1561(1998)10:1(52),pretraining,mix_00920
1.2451612903225806,fly_ash,47.98657718120805,None,0.0,,20.0,28.0,9.74,,,,,,,10.1061/(ASCE)0899-1561(1998)10:1(52),pretraining,mix_00921
0.7411764705882353,fly_ash,17.865429234338748,None,0.0,,20.0,28.0,33.8,,,,,,,10.1061/(ASCE)0899-1561(1998)10:1(52),pretraining,mix_00922
1.3333333333333333,fly_ash,31.79297597042514,None,0.0,,20.0,28.0,39.84,,,,,,,10.1061/(ASCE)0899-1561(1998)10:1(52),pretraining,mix_00923
1.463235294117647,fly_ash,22.790697674418606,None,0.0,,20.0,28.0,26.97,,,,,,,10.1061/(ASCE)0899-1561(1998)10:1(52),pretraining,mix_00924
1.201219512195122,fly_ash,28.13186813186813,None,0.0,,20.0,28.0,27.23,,,,,,,10.1061/(ASCE)0899-1561(1998)10:1(52),pretraining,mix_00925
1.2469135802469136,fly_ash,30.37037037037037,None,0.0,,20.0,28.0,30.65,,,,,,,10.1061/(ASCE)0899-1561(1998)10:1(52),pretraining,mix_00926
1.2738853503184713,fly_ash,29.063097514340345,None,0.0,,20.0,28.0,33.05,,,,,,,10.1061/(ASCE)0899-1561(1998)10:1(52),pretraining,mix_00927
1.2885906040268456,fly_ash,39.11290322580645,None,0.0,,20.0,28.0,24.58,,,,,,,10.1061/(ASCE)0899-1561(1998)10:1(52),pretraining,mix_00928
1.451851851851852,fly_ash,44.57274826789838,None,0.0,,20.0,28.0,21.91,,,,,,,10.1061/(ASCE)0899-1561(1998)10:1(52),pretraining,mix_00929
1.2641509433962264,fly_ash,30.434782608695656,None,0.0,,20.0,28.0,30.88,,,,,,,10.1061/(ASCE)0899-1561(1998)10:1(52),pretraining,mix_00930
1.2222222222222223,fly_ash,55.08474576271186,None,0.0,,20.0,28.0,15.34,,,,,,,10.1061/(ASCE)0899-1561(1998)10:1(52),pretraining,mix_00931
1.4805194805194806,fly_ash,36.06237816764132,None,0.0,,20.0,28.0,24.34,,,,,,,10.1061/(ASCE)0899-1561(1998)10:1(52),pretraining,mix_00932
1.1077844311377245,fly_ash,35.51912568306011,None,0.0,,20.0,28.0,23.89,,,,,,,10.1061/(ASCE)0899-1561(1998)10:1(52),pretraining,mix_00933
1.1576086956521738,fly_ash,41.30434782608695,None,0.0,,20.0,28.0,22.93,,,,,,,10.1061/(ASCE)0899-1561(1998)10:1(52),pretraining,mix_00934
1.4166666666666667,fly_ash,35.892514395393476,None,0.0,,20.0,28.0,29.41,,,,,,,10.1061/(ASCE)0899-1561(1998)10:1(52),pretraining,mix_00935
1.0422119037568593,fly_ash,17.87053236690827,None,0.0,,20.0,28.0,28.63,,,,,,,10.1061/(ASCE)0899-1561(1998)10:1(52),pretraining,mix_00936
0.5697414618576444,fly_ash,26.50715458597232,None,0.0,,20.0,28.0,36.8,,,,,,,10.1061/(ASCE)0899-1561(1998)10:1(52),pretraining,mix_00937
1.2487080103359174,none,0.0,None,0.0,,20.0,28.0,18.29,,,,,,,10.1061/(ASCE)0899-1561(1998)10:1(52),pretraining,mix_00938
1.3879369431117203,none,0.0,None,0.0,,20.0,28.0,32.72,,,,,,,10.1061/(ASCE)0899-1561(1998)10:1(52),pretraining,mix_00939
0.7479729729729729,fly_ash,26.49615098087907,None,0.0,,20.0,28.0,31.42,,,,,,,10.1061/(ASCE)0899-1561(1998)10:1(52),pretraining,mix_00940
1.4703230653643877,none,0.0,None,0.0,,20.0,28.0,28.94,,,,,,,10.1061/(ASCE)0899-1561(1998)10:1(52),pretraining,mix_00941
0.5697414618576444,none,0.0,None,0.0,,20.0,28.0,40.93,,,,,,,10.1061/(ASCE)0899-1561(1998)10:1(52),pretraining,mix_00942
1.216358839050132,fly_ash,42.46679316888046,None,0.0,,20.0,28.0,12.18,,,,,,,10.1061/(ASCE)0899-1561(1998)10:1(52),pretraining,mix_00943
1.1659046374918354,fly_ash,27.48722938457796,None,0.0,,20.0,28.0,25.56,,,,,,,10.1061/(ASCE)0899-1561(1998)10:1(52),pretraining,mix_00944
1.4317369549678343,fly_ash,27.488025545502925,None,0.0,,20.0,28.0,36.44,,,,,,,10.1061/(ASCE)0899-1561(1998)10:1(52),pretraining,mix_00945
1.1759197324414716,none,0.0,None,0.0,,20.0,28.0,32.96,,,,,,,10.1061/(ASCE)0899-1561(1998)10:1(52),pretraining,mix_00946
0.7054703135423616,fly_ash,28.551000953288845,None,0.0,,20.0,28.0,23.84,,,,,,,10.1061/(ASCE)0899-1561(1998)10:1(52),pretraining,mix_00947
1.1659046374918354,fly_ash,27.48722938457796,None,0.0,,20.0,28.0,26.23,,,,,,,10.1061/(ASCE)0899-1561(1998)10:1(52),pretraining,mix_00948
1.0675219446320054,fly_ash,47.980330172110996,None,0.0,,20.0,28.0,17.96,,,,,,,10.1061/(ASCE)0899-1561(1998)10:1(52),pretraining,mix_00949
0.6094946401225115,fly_ash,29.694229112833764,None,0.0,,20.0,28.0,38.63,,,,,,,10.1061/(ASCE)0899-1561(1998)10:1(52),pretraining,mix_00950
1.16633922724296,none,0.0,None,0.0,,20.0,28.0,19.01,,,,,,,10.1061/(ASCE)0899-1561(1998)10:1(52),pretraining,mix_00951
0.7460862924780451,fly_ash,18.77862595419847,None,0.0,,20.0,28.0,33.72,,,,,,,10.1061/(ASCE)0899-1561(1998)10:1(52),pretraining,mix_00952
1.3869949494949494,fly_ash,55.16558165864704,None,0.0,,20.0,28.0,8.54,,,,,,,10.1061/(ASCE)0899-1561(1998)10:1(52),pretraining,mix_00953
1.106171201061712,fly_ash,55.148809523809526,None,0.0,,20.0,28.0,13.46,,,,,,,10.1061/(ASCE)0899-1561(1998)10:1(52),pretraining,mix_00954
0.7289068231841525,fly_ash,24.737713970182217,None,0.0,,20.0,28.0,32.25,,,,,,,10.1061/(ASCE)0899-1561(1998)10:1(52),pretraining,mix_00955
1.22751677852349,fly_ash,25.593078425900085,None,0.0,,20.0,28.0,23.52,,,,,,,10.1061/(ASCE)0899-1561(1998)10:1(52),pretraining,mix_00956
1.3335664335664335,fly_ash,31.35574598989233,None,0.0,,20.0,28.0,29.73,,,,,,,10.1061/(ASCE)0899-1561(1998)10:1(52),pretraining,mix_00957
0.6564063101192766,fly_ash,17.862838915470498,None,0.0,,20.0,28.0,49.77,,,,,,,10.1061/(ASCE)0899-1561(1998)10:1(52),pretraining,mix_00958
0.5675934803451582,none,0.0,None,0.0,,20.0,28.0,52.45,,,,,,,10.1061/(ASCE)0899-1561(1998)10:1(52),pretraining,mix_00959
0.592605633802817,none,0.0,None,0.0,,20.0,28.0,40.93,,,,,,,10.1061/(ASCE)0899-1561(1998)10:1(52),pretraining,mix_00960
0.5405646359583952,none,0.0,None,0.0,,20.0,28.0,44.87,,,,,,,10.1061/(ASCE)0899-1561(1998)10:1(52),pretraining,mix_00961
1.2486187845303867,fly_ash,47.98850574712644,None,0.0,,20.0,28.0,13.2,,,,,,,10.1061/(ASCE)0899-1561(1998)10:1(52),pretraining,mix_00962
1.1586666666666667,none,0.0,None,0.0,,20.0,28.0,37.43,,,,,,,10.1061/(ASCE)0899-1561(1998)10:1(52),pretraining,mix_00963
1.3333333333333335,fly_ash,29.6976483762598,None,0.0,,20.0,28.0,29.87,,,,,,,10.1061/(ASCE)0899-1561(1998)10:1(52),pretraining,mix_00964
0.5897125567322239,none,0.0,None,0.0,,20.0,28.0,56.62,,,,,,,10.1061/(ASCE)0899-1561(1998)10:1(52),pretraining,mix_00965
1.2487080103359174,fly_ash,47.983870967741936,None,0.0,,20.0,28.0,12.46,,,,,,,10.1061/(ASCE)0899-1561(1998)10:1(52),pretraining,mix_00966
1.2487080103359174,none,0.0,None,0.0,,20.0,28.0,23.79,,,,,,,10.1061/(ASCE)0899-1561(1998)10:1(52),pretraining,mix_00967
1.3377876763177432,fly_ash,55.15978695073236,None,0.0,,20.0,28.0,13.29,,,,,,,10.1061/(ASCE)0899-1561(1998)10:1(52),pretraining,mix_00968
0.6682945154019535,fly_ash,18.776824034334762,None,0.0,,20.0,28.0,39.42,,,,,,,10.1061/(ASCE)0899-1561(1998)10:1(52),pretraining,mix_00969
0.5697452229299363,fly_ash,19.772925764192138,None,0.0,,20.0,28.0,46.23,,,,,,,10.1061/(ASCE)0899-1561(1998)10:1(52),pretraining,mix_00970
0.4070994563479373,none,0.0,None,0.0,,20.0,28.0,44.52,,,,,,,10.1061/(ASCE)0899-1561(1998)10:1(52),pretraining,mix_00971
1.2484557309540152,none,0.0,None,0.0,,20.0,28.0,23.74,,,,,,,10.1061/(ASCE)0899-1561(1998)10:1(52),pretraining,mix_00972
1.2385257301808066,fly_ash,27.49158684959876,None,0.0,,20.0,28.0,26.15,,,,,,,10.1061/(ASCE)0899-1561(1998)10:1(52),pretraining,mix_00973
1.224848075624578,fly_ash,55.14839491217444,None,0.0,,20.0,28.0,15.53,,,,,,,10.1061/(ASCE)0899-1561(1998)10:1(52),pretraining,mix_00974
0.688086642599278,fly_ash,18.77062706270627,None,0.0,,20.0,28.0,43.58,,,,,,,10.1061/(ASCE)0899-1561(1998)10:1(52),pretraining,mix_00975
0.5488091244548808,fly_ash,26.50394477317554,None,0.0,,20.0,28.0,35.87,,,,,,,10.1061/(ASCE)0899-1561(1998)10:1(52),pretraining,mix_00976
0.5697414618576444,none,0.0,None,0.0,,20.0,28.0,41.05,,,,,,,10.1061/(ASCE)0899-1561(1998)10:1(52),pretraining,mix_00977
1.2487113402061858,fly_ash,29.691063653327802,None,0.0,,20.0,28.0,28.99,,,,,,,10.1061/(ASCE)0899-1561(1998)10:1(52),pretraining,mix_00978
0.6743944636678201,none,0.0,None,0.0,,20.0,28.0,46.25,,,,,,,10.1061/(ASCE)0899-1561(1998)10:1(52),pretraining,mix_00979
1.1583220568335586,none,0.0,None,0.0,,20.0,28.0,26.92,,,,,,,10.1061/(ASCE)0899-1561(1998)10:1(52),pretraining,mix_00980
1.3872077028885832,fly_ash,55.164970706136295,None,0.0,,20.0,28.0,10.54,,,,,,,10.1061/(ASCE)0899-1561(1998)10:1(52),pretraining,mix_00981
0.5695554844899264,none,0.0,None,0.0,,20.0,28.0,25.1,,,,,,,10.1061/(ASCE)0899-1561(1998)10:1(52),pretraining,mix_00982
1.2580645161290323,fly_ash,29.683813119395943,None,0.0,,20.0,28.0,29.07,,,,,,,10.1061/(ASCE)0899-1561(1998)10:1(52),pretraining,mix_00983
1.2487080103359174,fly_ash,47.983870967741936,None,0.0,,20.0,28.0,9.74,,,,,,,10.1061/(ASCE)0899-1561(1998)10:1(52),pretraining,mix_00984
0.7387387387387386,fly_ash,17.86128508466713,None,0.0,,20.0,28.0,33.8,,,,,,,10.1061/(ASCE)0899-1561(1998)10:1(52),pretraining,mix_00985
0.7686950146627565,fly_ash,17.79421361757668,None,0.0,,20.0,28.0,37.17,,,,,,,10.1061/(ASCE)0899-1561(1998)10:1(52),pretraining,mix_00986
1.1037037037037039,fly_ash,29.608156737305073,None,0.0,,20.0,28.0,33.76,,,,,,,10.1061/(ASCE)0899-1561(1998)10:1(52),pretraining,mix_00987
1.4329427083333333,fly_ash,27.383564984150212,None,0.0,,20.0,28.0,16.5,,,,,,,10.1061/(ASCE)0899-1561(1998)10:1(52),pretraining,mix_00988
1.3781569965870308,fly_ash,25.485159817351594,None,0.0,,20.0,28.0,19.99,,,,,,,10.1061/(ASCE)0899-1561(1998)10:1(52),pretraining,mix_00989
1.103425559947299,fly_ash,29.59880495091763,None,0.0,,20.0,28.0,36.35,,,,,,,10.1061/(ASCE)0899-1561(1998)10:1(52),pretraining,mix_00990
0.5414649887060343,fly_ash,19.719808476680264,None,0.0,,20.0,28.0,38.22,,,,,,,10.1061/(ASCE)0899-1561(1998)10:1(52),pretraining,mix_00991
1.1030640668523677,fly_ash,54.913657770800626,None,0.0,,20.0,28.0,15.42,,,,,,,10.1061/(ASCE)0899-1561(1998)10:1(52),pretraining,mix_00992
0.703227931488801,none,0.0,None,0.0,,20.0,28.0,33.42,,,,,,,10.1061/(ASCE)0899-1561(1998)10:1(52),pretraining,mix_00993
0.5081485439487042,none,0.0,None,0.0,,20.0,28.0,39.06,,,,,,,10.1061/(ASCE)0899-1561(1998)10:1(52),pretraining,mix_00994
1.1040353089533417,fly_ash,27.390791027154666,None,0.0,,20.0,28.0,27.68,,,,,,,10.1061/(ASCE)0899-1561(1998)10:1(52),pretraining,mix_00995
1.3106159895150722,none,0.0,None,0.0,,20.0,28.0,26.86,,,,,,,10.1061/(ASCE)0899-1561(1998)10:1(52),pretraining,mix_00996
0.5416129032258065,none,0.0,None,0.0,,20.0,28.0,45.3,,,,,,,10.1061/(ASCE)0899-1561(1998)10:1(52),pretraining,mix_00997
0.6430446194225722,fly_ash,24.629080118694365,None,0.0,,20.0,28.0,30.12,,,,,,,10.1061/(ASCE)0899-1561(1998)10:1(52),pretraining,mix_00998
1.1040424121935055,fly_ash,54.92831541218638,None,0.0,,20.0,28.0,15.57,,,,,,,10.1061/(ASCE)0899-1561(1998)10:1(52),pretraining,mix_00999
1.222692036645525,fly_ash,29.598356914650843,None,0.0,,20.0,28.0,44.61,,,,,,,10.1061/(ASCE)0899-1561(1998)10:1(52),pretraining,mix_01000
0.6759570181329752,fly_ash,19.726886879498064,None,0.0,,20.0,28.0,53.52,,,,,,,10.1061/(ASCE)0899-1561(1998)10:1(52),pretraining,mix_01001
0.5929038281979458,none,0.0,None,0.0,,20.0,28.0,57.22,,,,,,,10.1061/(ASCE)0899-1561(1998)10:1(52),pretraining,mix_01002
0.5226775956284153,none,0.0,None,0.0,,20.0,28.0,65.91,,,,,,,10.1061/(ASCE)0899-1561(1998)10:1(52),pretraining,mix_01003
0.6161543959971408,fly_ash,19.721076409349834,None,0.0,,20.0,28.0,52.83,,,,,,,10.1061/(ASCE)0899-1561(1998)10:1(52),pretraining,mix_01004
0.7687425624752083,fly_ash,17.796610169491526,None,0.0,,20.0,28.0,33.4,,,,,,,10.1061/(ASCE)0899-1561(1998)10:1(52),pretraining,mix_01005
1.103280680437424,fly_ash,47.74603174603175,None,0.0,,20.0,28.0,18.03,,,,,,,10.1061/(ASCE)0899-1561(1998)10:1(52),pretraining,mix_01006
1.1587403598971724,none,0.0,None,0.0,,20.0,28.0,37.36,,,,,,,10.1061/(ASCE)0899-1561(1998)10:1(52),pretraining,mix_01007
1.268414481897628,fly_ash,29.59967650626769,None,0.0,,20.0,28.0,35.31,,,,,,,10.1061/(ASCE)0899-1561(1998)10:1(52),pretraining,mix_01008
0.6252935256625293,fly_ash,26.413231300913353,None,0.0,,20.0,28.0,42.64,,,,,,,10.1061/(ASCE)0899-1561(1998)10:1(52),pretraining,mix_01009
0.6596413966656182,fly_ash,28.46534653465347,None,0.0,,20.0,28.0,40.06,,,,,,,10.1061/(ASCE)0899-1561(1998)10:1(52),pretraining,mix_01010
0.6529759832927253,fly_ash,18.716364361172015,None,0.0,,20.0,28.0,43.8,,,,,,,10.1061/(ASCE)0899-1561(1998)10:1(52),pretraining,mix_01011
0.5343980343980343,none,0.0,None,0.0,,20.0,28.0,61.24,,,,,,,10.1061/(ASCE)0899-1561(1998)10:1(52),pretraining,mix_01012
0.543130092722675,fly_ash,28.462311557788944,None,0.0,,20.0,28.0,40.87,,,,,,,10.1061/(ASCE)0899-1561(1998)10:1(52),pretraining,mix_01013
1.3553030303030305,fly_ash,32.21866239487385,None,0.0,,20.0,28.0,33.31,,,,,,,10.1061/(ASCE)0899-1561(1998)10:1(52),pretraining,mix_01014
0.576124031007752,none,0.0,None,0.0,,20.0,28.0,52.43,,,,,,,10.1061/(ASCE)0899-1561(1998)10:1(52),pretraining,mix_01015
1.1035322777101095,fly_ash,54.92725775459787,None,0.0,,20.0,28.0,15.09,,,,,,,10.1061/(ASCE)0899-1561(1998)10:1(52),pretraining,mix_01016
0.541427660930529,fly_ash,26.407129455909946,None,0.0,,20.0,28.0,38.46,,,,,,,10.1061/(ASCE)0899-1561(1998)10:1(52),pretraining,mix_01017
0.5678282514001245,fly_ash,28.46650344981082,None,0.0,,20.0,28.0,37.27,,,,,,,10.1061/(ASCE)0899-1561(1998)10:1(52),pretraining,mix_01018
1.6943450250536864,fly_ash,29.608161372594484,None,0.0,,20.0,28.0,35.23,,,,,,,10.1061/(ASCE)0899-1561(1998)10:1(52),pretraining,mix_01019
0.615117891816921,none,0.0,None,0.0,,20.0,28.0,42.14,,,,,,,10.1061/(ASCE)0899-1561(1998)10:1(52),pretraining,mix_01020
0.7032193158953722,fly_ash,26.406712734452125,None,0.0,,20.0,28.0,31.88,,,,,,,10.1061/(ASCE)0899-1561(1998)10:1(52),pretraining,mix_01021
0.7391304347826086,fly_ash,18.72294372294372,None,0.0,,20.0,28.0,41.54,,,,,,,10.1061/(ASCE)0899-1561(1998)10:1(52),pretraining,mix_01022
1.053817271589487,none,0.0,None,0.0,,20.0,28.0,39.46,,,,,,,10.1061/(ASCE)0899-1561(1998)10:1(52),pretraining,mix_01023
1.1036144578313252,none,0.0,None,0.0,,20.0,28.0,37.92,,,,,,,10.1061/(ASCE)0899-1561(1998)10:1(52),pretraining,mix_01024
0.6497829232995659,fly_ash,18.707271597265382,None,0.0,,20.0,28.0,44.28,,,,,,,10.1061/(ASCE)0899-1561(1998)10:1(52),pretraining,mix_01025
0.6083178150217257,fly_ash,26.404751027866606,None,0.0,,20.0,28.0,31.18,,,,,,,10.1061/(ASCE)0899-1561(1998)10:1(52),pretraining,mix_01026
1.2976430976430975,fly_ash,27.389659520807058,None,0.0,,20.0,28.0,23.7,,,,,,,10.1061/(ASCE)0899-1561(1998)10:1(52),pretraining,mix_01027
1.103708359522313,none,0.0,None,0.0,,20.0,28.0,32.77,,,,,,,10.1061/(ASCE)0899-1561(1998)10:1(52),pretraining,mix_01028
0.7688769643541588,fly_ash,17.807596088241983,None,0.0,,20.0,28.0,32.4,,,,,,,10.1061/(ASCE)0899-1561(1998)10:1(52),pretraining,mix_01029
0.45,none,0.0,PP,0.0,19.0,20.0,28.0,25.3,3.47,2.11,2367.0,3.0,1.35,43.8,PlastiCreteAI_M1_Final_2000,experimental,mix_01030
0.45,none,0.0,PP,10.0,19.0,20.0,28.0,27.7,4.15,2.6,2320.0,3.5,1.17,43.5,PlastiCreteAI_M1_Final_2000,experimental,mix_01031
0.45,none,0.0,PP,20.0,19.0,20.0,28.0,21.5,3.28,1.91,2230.0,4.0,0.99,36.3,PlastiCreteAI_M1_Final_2000,experimental,mix_01032
0.45,none,0.0,PP,30.0,19.0,20.0,28.0,19.9,2.89,1.77,2168.0,4.5,0.81,32.8,PlastiCreteAI_M1_Final_2000,experimental,mix_01033
0.55,none,0.0,PP,0.0,19.0,20.0,28.0,14.4,2.46,1.52,2310.0,4.0,1.35,30.4,PlastiCreteAI_M1_Final_2000,experimental,mix_01034
0.55,none,0.0,PP,10.0,19.0,20.0,28.0,25.3,4.11,2.42,2254.0,4.5,1.17,36.8,PlastiCreteAI_M1_Final_2000,experimental,mix_01035
0.55,none,0.0,PP,20.0,19.0,20.0,28.0,15.9,2.33,1.44,2178.0,5.0,0.99,27.1,PlastiCreteAI_M1_Final_2000,experimental,mix_01036
0.55,none,0.0,PP,30.0,19.0,20.0,28.0,14.6,2.14,1.32,2096.0,5.5,0.81,23.8,PlastiCreteAI_M1_Final_2000,experimental,mix_01037
0.45,none,0.0,PP,0.0,19.0,20.0,28.0,23.5,3.1,1.97,2075.0,3.0,1.35,42.4,PlastiCreteAI_M1_Final_2000,experimental,mix_01038
0.45,none,0.0,PP,10.0,19.0,20.0,28.0,24.9,3.21,1.97,2020.0,3.5,1.17,41.3,PlastiCreteAI_M1_Final_2000,experimental,mix_01039
0.45,none,0.0,PP,20.0,19.0,20.0,28.0,18.8,2.6,1.66,1980.0,4.0,0.99,34.1,PlastiCreteAI_M1_Final_2000,experimental,mix_01040
0.45,none,0.0,PP,30.0,19.0,20.0,28.0,15.5,2.14,1.37,1940.0,4.5,0.81,29.3,PlastiCreteAI_M1_Final_2000,experimental,mix_01041
0.55,none,0.0,PP,0.0,19.0,20.0,28.0,18.6,2.47,1.56,2030.0,4.0,1.35,33.7,PlastiCreteAI_M1_Final_2000,experimental,mix_01042
0.55,none,0.0,PP,10.0,19.0,20.0,28.0,18.7,2.5,1.57,1985.0,4.5,1.17,31.6,PlastiCreteAI_M1_Final_2000,experimental,mix_01043
0.55,none,0.0,PP,20.0,19.0,20.0,28.0,15.3,2.07,1.36,1935.0,5.0,0.99,26.6,PlastiCreteAI_M1_Final_2000,experimental,mix_01044
0.55,none,0.0,PP,30.0,19.0,20.0,28.0,14.6,1.97,1.3,1879.0,5.5,0.81,23.8,PlastiCreteAI_M1_Final_2000,experimental,mix_01045
0.36,none,0.0,PET,0.5,10.0,20.0,28.0,35.5,4.8,4.4,2378.2,2.05,1.309,58.5,PlastiCreteAI_M1_Final_2000,experimental,mix_01046
0.36,none,0.0,PET,0.75,10.0,20.0,28.0,32.5,4.6,4.1,2377.9,2.02,1.304,56.2,PlastiCreteAI_M1_Final_2000,experimental,mix_01047
0.36,none,0.0,PET,1.0,10.0,20.0,28.0,30.0,4.3,3.8,2377.5,2.0,1.298,54.2,PlastiCreteAI_M1_Final_2000,experimental,mix_01048
0.36,none,0.0,PET,1.25,10.0,20.0,28.0,26.0,3.8,3.4,2377.1,1.98,1.292,51.0,PlastiCreteAI_M1_Final_2000,experimental,mix_01049
0.36,none,0.0,PET,0.75,10.0,20.0,28.0,42.78,6.71,5.27,2377.9,2.02,1.304,64.4,PlastiCreteAI_M1_Final_2000,experimental,mix_01050
0.36,none,0.0,PET,1.0,10.0,20.0,28.0,39.5,5.8,4.7,2377.5,2.0,1.298,61.8,PlastiCreteAI_M1_Final_2000,experimental,mix_01051
0.36,none,0.0,PET,1.25,10.0,20.0,28.0,38.5,5.5,4.5,2377.1,1.98,1.292,61.0,PlastiCreteAI_M1_Final_2000,experimental,mix_01052
0.36,none,0.0,PET,1.5,10.0,20.0,28.0,35.0,4.9,4.1,2376.8,1.95,1.287,58.2,PlastiCreteAI_M1_Final_2000,experimental,mix_01053
0.36,none,0.0,PET,1.0,10.0,20.0,28.0,32.5,4.7,4.1,2377.5,2.0,1.298,56.2,PlastiCreteAI_M1_Final_2000,experimental,mix_01054
0.36,none,0.0,PET,1.25,10.0,20.0,28.0,30.0,4.2,3.8,2377.1,1.98,1.292,54.2,PlastiCreteAI_M1_Final_2000,experimental,mix_01055
0.36,none,0.0,PET,1.5,10.0,20.0,28.0,29.0,4.0,3.6,2376.8,1.95,1.287,53.4,PlastiCreteAI_M1_Final_2000,experimental,mix_01056
0.36,none,0.0,PET,1.75,10.0,20.0,28.0,26.5,3.7,3.3,2376.4,1.93,1.282,51.5,PlastiCreteAI_M1_Final_2000,experimental,mix_01057
0.36,none,0.0,PET,1.25,10.0,20.0,28.0,35.0,3.8,3.5,2377.1,1.98,1.292,58.2,PlastiCreteAI_M1_Final_2000,experimental,mix_01058
0.36,none,0.0,PET,1.5,10.0,20.0,28.0,26.5,3.5,3.2,2376.8,1.95,1.287,51.4,PlastiCreteAI_M1_Final_2000,experimental,mix_01059
0.36,none,0.0,PET,1.75,10.0,20.0,28.0,30.5,3.2,3.1,2376.4,1.93,1.282,54.7,PlastiCreteAI_M1_Final_2000,experimental,mix_01060
0.36,none,0.0,PET,2.0,10.0,20.0,28.0,25.5,2.9,3.0,2376.0,1.9,1.276,50.7,PlastiCreteAI_M1_Final_2000,experimental,mix_01061
0.418,silica_fume,8.5,PET,3.97,7.67,31.4,55.8,69.59,6.12,7.04,2335.9,2.08,1.29,78.0,PlastiCreteAI_M1_Final_2000,experimental,mix_01062
0.446,none,0.0,PET,4.92,1.3,57.9,89.5,77.93,6.43,6.23,2355.5,2.43,1.213,69.3,PlastiCreteAI_M1_Final_2000,experimental,mix_01063
0.513,none,0.0,PET,4.88,8.76,48.1,89.7,78.42,5.72,6.68,2293.7,3.32,1.286,61.5,PlastiCreteAI_M1_Final_2000,experimental,mix_01064
0.608,ggbs,19.5,PET,0.16,2.28,22.5,28.4,40.13,4.59,3.53,2325.9,3.73,1.3,52.7,PlastiCreteAI_M1_Final_2000,experimental,mix_01065
0.468,silica_fume,5.6,PET,4.2,0.52,19.5,7.2,20.69,3.03,1.81,2376.8,2.32,1.209,50.3,PlastiCreteAI_M1_Final_2000,experimental,mix_01066
0.618,none,0.0,PET,1.48,1.39,20.6,6.6,15.69,2.81,1.3,2336.2,4.09,1.332,32.4,PlastiCreteAI_M1_Final_2000,experimental,mix_01067
0.473,silica_fume,12.8,PET,4.81,2.68,49.4,13.5,30.91,3.82,2.42,2354.8,1.88,1.255,58.6,PlastiCreteAI_M1_Final_2000,experimental,mix_01068
0.539,none,0.0,PET,2.67,5.55,24.3,56.0,54.6,5.49,5.81,2359.7,3.4,1.249,59.0,PlastiCreteAI_M1_Final_2000,experimental,mix_01069
0.484,fly_ash,11.7,PET,4.84,3.83,19.1,7.3,20.49,2.69,1.57,2366.7,2.81,1.181,45.3,PlastiCreteAI_M1_Final_2000,experimental,mix_01070
0.479,fly_ash,14.8,PET,4.33,2.71,30.2,27.9,43.98,4.22,3.61,2365.9,2.67,1.177,58.1,PlastiCreteAI_M1_Final_2000,experimental,mix_01071
0.464,ggbs,23.0,PET,4.63,6.5,18.8,56.1,66.71,5.6,6.53,2327.0,2.08,1.268,70.4,PlastiCreteAI_M1_Final_2000,experimental,mix_01072
0.475,ggbs,14.0,PET,1.67,5.25,19.3,13.8,31.14,4.05,2.71,2332.6,2.64,1.268,53.7,PlastiCreteAI_M1_Final_2000,experimental,mix_01073
0.394,none,0.0,PET,2.76,8.22,19.2,6.9,19.44,3.01,1.75,2360.1,2.47,1.318,53.4,PlastiCreteAI_M1_Final_2000,experimental,mix_01074
0.49,none,0.0,PET,1.27,9.37,21.7,55.5,62.68,5.67,5.23,2386.4,3.45,1.26,66.4,PlastiCreteAI_M1_Final_2000,experimental,mix_01075
0.502,fly_ash,20.4,PET,3.09,0.54,27.5,28.3,46.28,4.06,4.93,2355.4,3.0,1.223,65.0,PlastiCreteAI_M1_Final_2000,experimental,mix_01076
0.453,none,0.0,PET,1.4,2.54,33.1,28.2,46.44,5.71,5.09,2354.7,2.97,1.295,64.9,PlastiCreteAI_M1_Final_2000,experimental,mix_01077
0.596,fly_ash,25.3,PET,2.1,8.34,19.8,13.9,28.59,3.46,3.07,2333.1,3.8,1.268,44.4,PlastiCreteAI_M1_Final_2000,experimental,mix_01078
0.467,ggbs,29.9,PET,3.38,11.42,38.5,7.4,22.15,3.24,1.86,2361.6,2.05,1.235,45.9,PlastiCreteAI_M1_Final_2000,experimental,mix_01079
0.381,ggbs,18.1,PET,3.64,0.95,23.6,55.9,77.49,6.2,6.36,2349.8,1.87,1.239,76.9,PlastiCreteAI_M1_Final_2000,experimental,mix_01080
0.414,fly_ash,15.6,PET,1.41,0.77,21.2,7.2,23.57,3.17,1.78,2349.2,2.64,1.321,51.7,PlastiCreteAI_M1_Final_2000,experimental,mix_01081
0.574,fly_ash,26.7,PET,2.34,1.07,27.4,55.7,58.52,5.42,5.81,2338.8,4.0,1.159,66.6,PlastiCreteAI_M1_Final_2000,experimental,mix_01082
0.35,ggbs,11.5,PET,3.95,3.67,36.2,90.0,85.0,7.91,7.19,2343.1,1.21,1.118,77.3,PlastiCreteAI_M1_Final_2000,experimental,mix_01083
0.499,silica_fume,5.2,PET,4.6,3.21,37.2,28.0,49.73,5.04,4.37,2340.8,2.75,1.211,67.9,PlastiCreteAI_M1_Final_2000,experimental,mix_01084
0.395,ggbs,24.1,PET,3.25,0.85,18.7,55.8,74.2,6.86,7.59,2316.1,1.67,1.219,70.7,PlastiCreteAI_M1_Final_2000,experimental,mix_01085
0.42,ggbs,22.7,PET,1.2,1.28,73.9,89.6,84.17,7.35,6.54,2336.1,1.82,1.298,73.8,PlastiCreteAI_M1_Final_2000,experimental,mix_01086
0.396,none,0.0,PET,0.56,10.7,40.6,13.9,33.36,4.13,2.56,2387.4,2.48,1.339,57.8,PlastiCreteAI_M1_Final_2000,experimental,mix_01087
0.35,none,0.0,PET,4.79,8.81,25.5,27.9,55.8,5.56,5.64,2352.6,1.59,1.179,73.7,PlastiCreteAI_M1_Final_2000,experimental,mix_01088
0.417,silica_fume,6.5,PET,2.84,3.65,47.0,7.1,23.84,3.29,2.5,2341.7,2.02,1.386,56.4,PlastiCreteAI_M1_Final_2000,experimental,mix_01089
0.479,none,0.0,PET,1.95,2.66,22.0,28.2,40.77,4.23,4.48,2356.6,3.21,1.261,57.7,PlastiCreteAI_M1_Final_2000,experimental,mix_01090
0.384,fly_ash,16.3,PET,1.41,2.16,23.6,6.9,23.27,3.3,2.03,2338.4,1.76,1.262,58.4,PlastiCreteAI_M1_Final_2000,experimental,mix_01091
0.616,fly_ash,16.4,PET,3.89,1.43,46.7,56.5,52.47,5.48,5.61,2343.1,3.9,1.211,60.1,PlastiCreteAI_M1_Final_2000,experimental,mix_01092
0.456,silica_fume,20.0,PET,3.57,10.15,54.2,28.2,52.89,4.8,5.55,2335.7,2.17,1.249,76.7,PlastiCreteAI_M1_Final_2000,experimental,mix_01093
0.407,none,0.0,PET,3.49,0.62,18.6,28.3,46.88,4.89,4.38,2354.6,1.97,1.197,75.6,PlastiCreteAI_M1_Final_2000,experimental,mix_01094
0.499,fly_ash,10.7,PET,4.17,14.31,42.2,7.2,21.18,2.94,2.01,2347.6,3.29,1.2,45.1,PlastiCreteAI_M1_Final_2000,experimental,mix_01095
0.407,silica_fume,14.3,PET,2.76,2.27,19.2,55.6,82.37,5.98,8.0,2311.1,2.06,1.224,73.6,PlastiCreteAI_M1_Final_2000,experimental,mix_01096
0.35,none,0.0,PET,4.51,1.23,31.2,28.1,53.64,5.6,5.22,2344.0,1.03,1.281,71.2,PlastiCreteAI_M1_Final_2000,experimental,mix_01097
0.418,fly_ash,17.2,PET,4.15,0.98,32.1,28.3,52.33,4.96,4.98,2315.3,2.03,1.152,73.1,PlastiCreteAI_M1_Final_2000,experimental,mix_01098
0.477,fly_ash,12.5,PET,2.62,6.72,26.8,90.0,74.34,6.93,6.91,2316.4,3.17,1.219,69.1,PlastiCreteAI_M1_Final_2000,experimental,mix_01099
0.581,fly_ash,25.9,PET,1.3,2.11,29.7,27.9,42.47,4.4,4.55,2321.6,4.01,1.258,58.7,PlastiCreteAI_M1_Final_2000,experimental,mix_01100
0.61,fly_ash,21.3,PET,4.77,6.06,22.4,13.6,24.48,2.96,2.31,2325.1,3.53,1.164,48.5,PlastiCreteAI_M1_Final_2000,experimental,mix_01101
0.493,fly_ash,22.4,PET,0.85,4.4,26.6,6.6,20.33,3.08,1.63,2340.5,2.99,1.263,40.5,PlastiCreteAI_M1_Final_2000,experimental,mix_01102
0.459,none,0.0,PET,3.69,5.9,36.2,27.6,45.79,4.9,3.65,2325.6,3.01,1.28,64.6,PlastiCreteAI_M1_Final_2000,experimental,mix_01103
0.566,silica_fume,19.3,PET,3.01,1.24,29.4,3.0,9.66,1.88,1.03,2353.7,3.32,1.283,31.6,PlastiCreteAI_M1_Final_2000,experimental,mix_01104
0.488,none,0.0,PET,4.62,2.83,31.4,55.8,58.8,5.79,5.23,2304.8,2.89,1.263,63.2,PlastiCreteAI_M1_Final_2000,experimental,mix_01105
0.437,silica_fume,12.1,PET,0.16,1.67,29.4,56.4,72.62,6.49,6.13,2326.4,2.04,1.352,77.5,PlastiCreteAI_M1_Final_2000,experimental,mix_01106
0.557,none,0.0,PET,4.92,7.98,27.5,7.1,17.48,2.62,1.44,2302.1,3.5,1.143,36.7,PlastiCreteAI_M1_Final_2000,experimental,mix_01107
0.514,fly_ash,20.0,PET,2.98,9.92,43.4,27.8,48.94,5.2,5.06,2332.9,3.41,1.257,66.0,PlastiCreteAI_M1_Final_2000,experimental,mix_01108
0.448,ggbs,18.1,PET,2.28,4.18,22.4,14.3,33.72,4.02,3.65,2304.1,2.05,1.292,54.3,PlastiCreteAI_M1_Final_2000,experimental,mix_01109
0.485,none,0.0,PET,2.1,2.16,75.6,7.4,22.38,3.67,2.26,2350.5,3.38,1.223,45.9,PlastiCreteAI_M1_Final_2000,experimental,mix_01110
0.44,none,0.0,PET,2.23,0.87,40.2,27.6,45.91,5.09,3.91,2330.0,2.27,1.253,64.4,PlastiCreteAI_M1_Final_2000,experimental,mix_01111
0.35,fly_ash,25.4,PET,0.72,1.78,26.3,27.5,58.66,5.65,4.72,2322.5,1.7,1.317,72.3,PlastiCreteAI_M1_Final_2000,experimental,mix_01112
0.65,fly_ash,14.7,PET,3.76,5.75,60.4,27.8,43.25,4.06,3.99,2341.3,4.32,1.273,50.0,PlastiCreteAI_M1_Final_2000,experimental,mix_01113
0.396,silica_fume,17.5,PET,3.2,0.53,66.0,14.0,40.61,4.58,3.86,2375.0,1.53,1.356,66.4,PlastiCreteAI_M1_Final_2000,experimental,mix_01114
0.482,none,0.0,PET,0.59,0.53,26.2,56.2,61.16,5.77,4.92,2339.7,3.21,1.269,63.1,PlastiCreteAI_M1_Final_2000,experimental,mix_01115
0.572,none,0.0,PET,1.64,1.42,46.8,89.9,71.48,5.88,6.06,2363.1,3.97,1.318,63.1,PlastiCreteAI_M1_Final_2000,experimental,mix_01116
0.529,ggbs,28.3,PET,4.37,9.81,24.8,27.9,42.62,5.16,3.29,2354.0,3.09,1.216,65.1,PlastiCreteAI_M1_Final_2000,experimental,mix_01117
0.52,fly_ash,29.7,PET,4.81,0.6,20.3,55.8,65.31,5.62,5.84,2344.9,2.59,1.239,65.1,PlastiCreteAI_M1_Final_2000,experimental,mix_01118
0.423,silica_fume,7.4,PET,1.02,4.8,28.9,90.0,85.0,6.4,7.89,2385.2,2.18,1.338,76.6,PlastiCreteAI_M1_Final_2000,experimental,mix_01119
0.5,ggbs,16.4,PET,0.96,3.15,22.3,6.5,18.88,2.59,1.9,2355.2,2.85,1.293,46.6,PlastiCreteAI_M1_Final_2000,experimental,mix_01120
0.483,silica_fume,12.5,PET,4.87,14.85,36.3,28.3,53.7,5.47,4.88,2345.8,2.32,1.248,68.5,PlastiCreteAI_M1_Final_2000,experimental,mix_01121
0.537,ggbs,12.8,PET,4.42,4.22,22.2,27.7,41.99,4.38,3.39,2347.9,3.13,1.205,62.2,PlastiCreteAI_M1_Final_2000,experimental,mix_01122
0.458,fly_ash,24.1,PET,2.36,1.09,21.6,27.6,49.39,5.47,5.4,2313.8,2.42,1.227,69.2,PlastiCreteAI_M1_Final_2000,experimental,mix_01123
0.508,none,0.0,PET,0.84,2.6,21.6,28.4,38.37,5.0,3.21,2308.9,3.23,1.332,51.2,PlastiCreteAI_M1_Final_2000,experimental,mix_01124
0.453,none,0.0,PET,2.77,13.03,22.6,56.4,60.07,5.19,4.51,2315.6,3.04,1.3,70.7,PlastiCreteAI_M1_Final_2000,experimental,mix_01125
0.47,fly_ash,11.9,PET,2.34,1.94,28.6,55.7,62.81,5.63,6.07,2392.6,2.89,1.19,67.7,PlastiCreteAI_M1_Final_2000,experimental,mix_01126
0.464,silica_fume,14.0,PET,2.97,0.59,41.8,7.4,23.93,3.22,1.96,2379.8,1.8,1.352,55.0,PlastiCreteAI_M1_Final_2000,experimental,mix_01127
0.35,silica_fume,18.7,PET,4.01,0.9,27.6,90.0,85.0,7.7,6.57,2351.6,1.02,1.245,76.8,PlastiCreteAI_M1_Final_2000,experimental,mix_01128
0.483,ggbs,22.0,PET,4.81,0.79,30.5,56.0,59.72,6.24,5.99,2360.1,2.45,1.192,66.3,PlastiCreteAI_M1_Final_2000,experimental,mix_01129
0.374,ggbs,25.5,PET,2.34,0.59,18.5,7.0,20.23,3.69,1.94,2366.7,1.45,1.278,47.2,PlastiCreteAI_M1_Final_2000,experimental,mix_01130
0.465,fly_ash,25.2,PET,3.11,0.62,28.5,27.5,50.4,4.71,4.14,2353.7,1.84,1.169,79.0,PlastiCreteAI_M1_Final_2000,experimental,mix_01131
0.455,none,0.0,PET,2.02,4.74,31.0,90.0,77.93,7.32,8.0,2313.9,2.5,1.259,64.2,PlastiCreteAI_M1_Final_2000,experimental,mix_01132
0.466,fly_ash,19.6,PET,3.77,9.11,20.1,28.1,47.19,4.58,4.49,2304.6,2.31,1.215,71.4,PlastiCreteAI_M1_Final_2000,experimental,mix_01133
0.481,ggbs,24.8,PET,1.73,2.16,25.2,89.5,82.91,6.88,7.4,2307.8,2.88,1.302,68.9,PlastiCreteAI_M1_Final_2000,experimental,mix_01134
0.539,ggbs,17.2,PET,3.68,8.24,25.5,28.4,44.11,4.78,4.08,2332.7,2.96,1.248,56.6,PlastiCreteAI_M1_Final_2000,experimental,mix_01135
0.492,silica_fume,19.1,PET,1.3,0.53,51.0,6.9,22.65,3.45,1.98,2315.6,2.54,1.385,49.2,PlastiCreteAI_M1_Final_2000,experimental,mix_01136
0.449,silica_fume,15.1,PET,2.69,1.77,26.0,7.2,21.74,3.03,2.38,2379.9,2.01,1.387,51.8,PlastiCreteAI_M1_Final_2000,experimental,mix_01137
0.478,ggbs,13.5,PET,3.47,9.63,28.6,27.6,40.77,4.56,3.26,2299.9,2.15,1.235,64.9,PlastiCreteAI_M1_Final_2000,experimental,mix_01138
0.361,silica_fume,17.2,PET,2.17,5.35,26.4,55.9,80.63,7.72,6.16,2348.0,1.43,1.268,78.3,PlastiCreteAI_M1_Final_2000,experimental,mix_01139
0.546,silica_fume,20.0,PET,1.28,1.6,46.8,7.5,20.78,3.34,1.63,2328.7,2.57,1.277,45.3,PlastiCreteAI_M1_Final_2000,experimental,mix_01140
0.458,fly_ash,20.5,PET,0.69,0.79,26.8,27.8,46.98,5.56,5.13,2329.4,2.72,1.268,67.6,PlastiCreteAI_M1_Final_2000,experimental,mix_01141
0.499,fly_ash,13.8,PET,4.34,6.94,62.9,13.6,31.04,4.42,2.78,2355.6,2.65,1.2,56.0,PlastiCreteAI_M1_Final_2000,experimental,mix_01142
0.447,fly_ash,18.2,PET,0.24,7.76,69.1,27.9,53.92,5.97,4.33,2354.4,2.74,1.318,66.9,PlastiCreteAI_M1_Final_2000,experimental,mix_01143
0.469,ggbs,10.1,PET,3.85,1.08,20.0,90.0,68.34,6.09,5.31,2324.1,2.07,1.22,74.0,PlastiCreteAI_M1_Final_2000,experimental,mix_01144
0.546,silica_fume,5.1,PET,2.6,3.15,28.7,89.8,70.21,7.16,7.68,2305.1,2.65,1.274,69.0,PlastiCreteAI_M1_Final_2000,experimental,mix_01145
0.372,ggbs,18.9,PET,3.58,4.44,26.6,27.5,55.07,5.25,5.77,2384.0,1.52,1.205,73.6,PlastiCreteAI_M1_Final_2000,experimental,mix_01146
0.467,fly_ash,13.2,PET,3.34,0.92,35.4,13.7,33.75,4.09,2.97,2327.0,2.34,1.229,61.7,PlastiCreteAI_M1_Final_2000,experimental,mix_01147
0.445,fly_ash,19.3,PET,2.4,0.99,29.6,28.1,54.45,5.08,5.8,2323.4,2.59,1.253,63.6,PlastiCreteAI_M1_Final_2000,experimental,mix_01148
0.52,silica_fume,19.5,PET,4.14,0.66,21.7,6.7,17.91,2.74,1.55,2317.5,3.11,1.271,42.0,PlastiCreteAI_M1_Final_2000,experimental,mix_01149
0.35,silica_fume,19.5,PET,0.55,9.76,29.0,27.7,59.23,5.76,5.86,2357.5,1.19,1.327,80.1,PlastiCreteAI_M1_Final_2000,experimental,mix_01150
0.535,none,0.0,PET,3.82,3.23,19.6,6.6,16.58,2.24,1.44,2320.4,3.74,1.192,33.8,PlastiCreteAI_M1_Final_2000,experimental,mix_01151
0.438,ggbs,23.3,PET,3.15,5.59,28.0,14.2,34.81,4.43,3.46,2326.8,1.98,1.293,58.6,PlastiCreteAI_M1_Final_2000,experimental,mix_01152
0.43,none,0.0,PET,0.37,2.12,27.4,56.4,71.85,6.39,6.54,2373.1,2.83,1.306,65.5,PlastiCreteAI_M1_Final_2000,experimental,mix_01153
0.477,silica_fume,8.0,PET,4.53,0.64,49.5,13.8,35.68,3.91,3.72,2326.5,2.07,1.264,61.9,PlastiCreteAI_M1_Final_2000,experimental,mix_01154
0.513,fly_ash,12.5,PET,3.71,1.57,22.1,28.4,44.58,5.45,4.64,2329.2,3.05,1.2,59.0,PlastiCreteAI_M1_Final_2000,experimental,mix_01155
0.613,none,0.0,PET,0.29,1.0,43.2,27.7,38.67,4.07,3.76,2329.1,4.22,1.344,51.4,PlastiCreteAI_M1_Final_2000,experimental,mix_01156
0.445,ggbs,29.6,PET,4.76,5.64,25.1,13.6,35.17,3.85,3.75,2357.4,2.66,1.216,57.7,PlastiCreteAI_M1_Final_2000,experimental,mix_01157
0.582,silica_fume,16.6,PET,0.94,3.37,27.2,27.7,40.45,5.2,4.41,2331.9,3.38,1.402,61.5,PlastiCreteAI_M1_Final_2000,experimental,mix_01158
0.443,none,0.0,PET,2.17,8.73,26.2,3.5,11.06,2.13,1.18,2396.6,2.31,1.292,36.2,PlastiCreteAI_M1_Final_2000,experimental,mix_01159
0.412,silica_fume,15.7,PET,4.62,0.54,59.5,14.0,43.89,4.76,3.31,2346.3,1.66,1.272,72.2,PlastiCreteAI_M1_Final_2000,experimental,mix_01160
0.603,silica_fume,9.8,PET,4.61,9.92,23.9,55.9,51.72,5.31,5.51,2336.9,3.07,1.177,64.5,PlastiCreteAI_M1_Final_2000,experimental,mix_01161
0.53,fly_ash,23.4,PET,3.34,0.64,21.1,90.0,69.55,6.26,6.95,2328.3,3.05,1.241,69.1,PlastiCreteAI_M1_Final_2000,experimental,mix_01162
0.455,ggbs,20.7,PET,3.79,0.81,26.6,89.7,72.07,7.33,6.62,2329.2,1.96,1.266,71.5,PlastiCreteAI_M1_Final_2000,experimental,mix_01163
0.435,ggbs,22.8,PET,2.55,12.61,62.5,3.4,12.91,2.32,1.01,2353.3,2.4,1.273,43.4,PlastiCreteAI_M1_Final_2000,experimental,mix_01164
0.447,none,0.0,PET,2.68,0.72,37.0,7.3,20.29,3.17,1.66,2313.3,2.37,1.267,42.5,PlastiCreteAI_M1_Final_2000,experimental,mix_01165
0.594,silica_fume,13.5,PET,0.19,0.74,44.1,27.6,41.81,5.16,3.52,2324.7,3.77,1.317,53.9,PlastiCreteAI_M1_Final_2000,experimental,mix_01166
0.503,none,0.0,PET,3.87,11.82,26.6,28.2,37.86,4.46,3.68,2354.2,2.98,1.261,55.8,PlastiCreteAI_M1_Final_2000,experimental,mix_01167
0.445,none,0.0,PET,4.64,2.96,44.1,28.4,44.85,5.66,4.1,2341.8,2.69,1.207,61.7,PlastiCreteAI_M1_Final_2000,experimental,mix_01168
0.516,silica_fume,7.7,PET,0.03,2.48,27.8,89.7,73.61,6.86,6.1,2357.2,2.87,1.394,73.6,PlastiCreteAI_M1_Final_2000,experimental,mix_01169
0.416,ggbs,21.2,PET,4.05,8.96,21.1,3.0,11.31,2.17,1.17,2311.6,1.99,1.272,44.4,PlastiCreteAI_M1_Final_2000,experimental,mix_01170
0.399,fly_ash,24.3,PET,0.75,0.9,24.4,28.1,54.95,5.22,5.33,2366.2,2.16,1.293,73.7,PlastiCreteAI_M1_Final_2000,experimental,mix_01171
0.513,fly_ash,23.7,PET,3.92,1.04,21.7,7.5,18.69,2.87,1.41,2387.7,3.07,1.238,40.1,PlastiCreteAI_M1_Final_2000,experimental,mix_01172
0.416,none,0.0,PET,0.75,0.99,25.9,3.0,10.05,2.05,0.98,2361.3,2.54,1.354,37.2,PlastiCreteAI_M1_Final_2000,experimental,mix_01173
0.492,fly_ash,16.6,PET,2.89,5.63,20.0,56.2,58.74,6.91,6.28,2338.7,2.93,1.224,62.6,PlastiCreteAI_M1_Final_2000,experimental,mix_01174
0.446,silica_fume,16.7,PET,4.11,0.89,44.1,6.7,21.39,3.34,2.09,2361.1,2.06,1.353,49.7,PlastiCreteAI_M1_Final_2000,experimental,mix_01175
0.529,ggbs,15.5,PET,4.26,8.63,69.6,14.3,30.82,3.87,3.3,2413.8,2.81,1.227,56.9,PlastiCreteAI_M1_Final_2000,experimental,mix_01176
0.521,silica_fume,14.8,PET,1.48,0.75,46.3,27.6,47.35,5.83,3.92,2333.9,2.9,1.335,70.0,PlastiCreteAI_M1_Final_2000,experimental,mix_01177
0.404,ggbs,18.2,PET,4.71,1.9,18.1,3.0,10.71,2.07,0.89,2359.9,1.62,1.205,44.3,PlastiCreteAI_M1_Final_2000,experimental,mix_01178
0.503,silica_fume,15.1,PET,4.97,0.55,19.9,27.9,42.7,5.14,3.47,2299.0,2.18,1.247,64.6,PlastiCreteAI_M1_Final_2000,experimental,mix_01179
0.446,fly_ash,12.4,PET,0.22,2.92,20.7,55.8,66.09,5.67,5.79,2373.3,2.59,1.234,68.4,PlastiCreteAI_M1_Final_2000,experimental,mix_01180
0.601,ggbs,29.7,PET,4.94,9.54,30.2,56.3,54.43,5.55,5.53,2321.1,3.55,1.232,60.8,PlastiCreteAI_M1_Final_2000,experimental,mix_01181
0.466,silica_fume,7.5,PET,4.37,12.14,24.1,89.6,85.0,7.3,6.75,2350.8,2.17,1.308,71.9,PlastiCreteAI_M1_Final_2000,experimental,mix_01182
0.35,fly_ash,30.0,PET,4.7,0.93,79.5,28.0,62.45,6.1,6.82,2270.0,1.39,1.213,69.1,PlastiCreteAI_M1_Final_2000,experimental,mix_01183
0.441,silica_fume,10.2,PET,4.73,7.44,44.5,7.3,22.55,3.19,1.91,2370.4,2.0,1.246,52.4,PlastiCreteAI_M1_Final_2000,experimental,mix_01184
0.394,silica_fume,9.0,PET,2.64,0.74,49.1,27.8,63.27,6.05,6.84,2309.6,2.16,1.216,79.9,PlastiCreteAI_M1_Final_2000,experimental,mix_01185
0.417,silica_fume,7.4,PET,0.47,5.04,20.5,56.2,72.41,6.81,6.45,2360.6,2.18,1.321,75.7,PlastiCreteAI_M1_Final_2000,experimental,mix_01186
0.471,fly_ash,21.8,PET,3.16,1.4,38.1,7.1,19.4,3.39,1.95,2326.1,2.81,1.28,46.1,PlastiCreteAI_M1_Final_2000,experimental,mix_01187
0.476,ggbs,28.3,PET,1.3,13.69,25.3,27.8,42.16,5.22,4.5,2347.8,3.12,1.308,62.5,PlastiCreteAI_M1_Final_2000,experimental,mix_01188
0.478,fly_ash,11.5,PET,0.51,2.1,19.7,14.3,28.46,3.59,2.4,2360.7,3.0,1.233,53.9,PlastiCreteAI_M1_Final_2000,experimental,mix_01189
0.601,fly_ash,27.1,PET,0.85,1.14,22.2,28.1,38.23,4.57,3.62,2314.0,4.01,1.278,47.6,PlastiCreteAI_M1_Final_2000,experimental,mix_01190
0.42,ggbs,27.0,PET,4.1,1.62,23.3,13.6,34.65,4.23,3.16,2353.6,1.51,1.289,62.1,PlastiCreteAI_M1_Final_2000,experimental,mix_01191
0.469,ggbs,23.3,PET,1.19,4.69,27.6,28.4,45.25,4.43,4.55,2348.5,3.05,1.227,67.0,PlastiCreteAI_M1_Final_2000,experimental,mix_01192
0.508,silica_fume,9.7,PET,3.55,12.35,27.2,28.5,48.71,4.95,4.25,2343.2,2.44,1.329,68.7,PlastiCreteAI_M1_Final_2000,experimental,mix_01193
0.35,fly_ash,13.6,PET,2.05,1.3,21.5,28.2,57.7,5.76,5.0,2371.3,1.83,1.186,80.5,PlastiCreteAI_M1_Final_2000,experimental,mix_01194
0.582,none,0.0,PET,1.15,5.88,28.5,7.4,15.6,2.76,1.42,2364.1,3.99,1.233,31.5,PlastiCreteAI_M1_Final_2000,experimental,mix_01195
0.471,none,0.0,PET,4.27,10.27,24.3,89.9,72.0,6.63,5.71,2300.9,2.79,1.283,67.2,PlastiCreteAI_M1_Final_2000,experimental,mix_01196
0.58,fly_ash,24.2,PET,0.31,0.89,21.9,6.9,16.45,2.48,1.52,2315.5,4.17,1.296,31.8,PlastiCreteAI_M1_Final_2000,experimental,mix_01197
0.39,none,0.0,PET,1.28,3.97,22.7,27.5,49.03,5.03,3.76,2382.0,2.35,1.334,67.1,PlastiCreteAI_M1_Final_2000,experimental,mix_01198
0.43,ggbs,16.7,PET,3.43,4.43,41.7,3.0,12.43,1.79,1.24,2326.8,1.92,1.229,44.4,PlastiCreteAI_M1_Final_2000,experimental,mix_01199
0.521,none,0.0,PET,1.73,4.26,22.6,28.4,41.32,4.9,3.51,2328.0,3.3,1.311,58.9,PlastiCreteAI_M1_Final_2000,experimental,mix_01200
0.353,none,0.0,PET,0.2,6.75,19.1,14.5,39.47,3.94,3.74,2368.6,2.17,1.304,65.4,PlastiCreteAI_M1_Final_2000,experimental,mix_01201
0.541,fly_ash,24.7,PET,4.45,2.38,25.3,55.6,61.04,5.82,4.68,2265.7,3.49,1.183,66.7,PlastiCreteAI_M1_Final_2000,experimental,mix_01202
0.407,silica_fume,17.1,PET,0.4,1.58,56.6,90.0,85.0,7.84,7.62,2336.6,2.32,1.427,76.9,PlastiCreteAI_M1_Final_2000,experimental,mix_01203
0.608,none,0.0,PET,2.62,12.56,27.7,14.2,23.83,2.95,2.05,2325.1,4.05,1.269,41.2,PlastiCreteAI_M1_Final_2000,experimental,mix_01204
0.48,none,0.0,PET,4.98,3.37,47.3,90.0,74.21,6.76,6.12,2344.5,2.79,1.228,63.5,PlastiCreteAI_M1_Final_2000,experimental,mix_01205
0.466,ggbs,23.3,PET,2.29,14.91,19.1,27.7,48.56,5.79,3.92,2356.3,2.27,1.218,72.7,PlastiCreteAI_M1_Final_2000,experimental,mix_01206
0.357,silica_fume,8.5,PET,3.81,0.8,42.3,27.8,55.51,6.35,4.26,2379.9,0.82,1.306,82.4,PlastiCreteAI_M1_Final_2000,experimental,mix_01207
0.569,ggbs,16.0,PET,1.52,7.33,20.3,13.8,26.5,3.52,2.53,2361.3,4.05,1.284,48.7,PlastiCreteAI_M1_Final_2000,experimental,mix_01208
0.432,none,0.0,PET,2.62,7.69,39.0,7.3,21.11,2.91,2.05,2331.5,2.43,1.227,45.5,PlastiCreteAI_M1_Final_2000,experimental,mix_01209
0.561,ggbs,22.8,PET,0.17,0.54,41.9,14.2,32.0,3.82,3.21,2319.3,3.03,1.302,52.3,PlastiCreteAI_M1_Final_2000,experimental,mix_01210
0.604,none,0.0,PET,1.0,3.04,22.9,28.4,33.97,4.87,3.53,2359.3,4.02,1.365,42.0,PlastiCreteAI_M1_Final_2000,experimental,mix_01211
0.382,silica_fume,14.5,PET,0.72,0.74,59.7,28.0,65.54,5.64,5.26,2358.3,2.08,1.335,73.4,PlastiCreteAI_M1_Final_2000,experimental,mix_01212
0.476,ggbs,16.8,PET,2.52,1.05,22.4,27.8,44.89,4.57,4.67,2343.6,2.72,1.314,62.3,PlastiCreteAI_M1_Final_2000,experimental,mix_01213
0.49,none,0.0,PET,0.11,0.87,22.3,7.1,19.28,2.74,1.47,2348.0,3.12,1.256,39.5,PlastiCreteAI_M1_Final_2000,experimental,mix_01214
0.457,none,0.0,PET,3.16,14.41,30.3,55.8,60.93,6.31,4.88,2320.0,2.75,1.211,69.6,PlastiCreteAI_M1_Final_2000,experimental,mix_01215
0.456,silica_fume,12.4,PET,4.32,0.59,29.0,55.6,67.96,6.55,6.09,2350.0,2.13,1.262,75.1,PlastiCreteAI_M1_Final_2000,experimental,mix_01216
0.507,fly_ash,29.4,PET,2.91,10.93,19.1,27.5,44.81,4.89,4.42,2312.5,3.27,1.196,63.9,PlastiCreteAI_M1_Final_2000,experimental,mix_01217
0.6,fly_ash,10.3,PET,2.15,8.36,31.7,90.0,66.7,6.63,5.36,2359.1,3.87,1.244,64.3,PlastiCreteAI_M1_Final_2000,experimental,mix_01218
0.474,silica_fume,6.5,PET,0.76,8.98,32.9,14.4,36.87,4.46,3.22,2352.4,1.85,1.258,59.9,PlastiCreteAI_M1_Final_2000,experimental,mix_01219
0.432,ggbs,19.3,PET,4.45,9.75,38.8,56.4,70.08,5.56,6.33,2383.6,1.79,1.192,73.1,PlastiCreteAI_M1_Final_2000,experimental,mix_01220
0.52,silica_fume,10.0,PET,2.05,4.95,45.7,55.8,66.04,6.38,5.22,2317.3,3.03,1.366,69.6,PlastiCreteAI_M1_Final_2000,experimental,mix_01221
0.35,ggbs,15.0,PET,1.73,6.3,21.9,28.2,62.53,5.1,6.68,2321.9,1.5,1.273,77.6,PlastiCreteAI_M1_Final_2000,experimental,mix_01222
0.414,ggbs,16.5,PET,2.88,1.09,23.1,28.4,53.72,5.17,4.83,2348.8,2.14,1.261,73.1,PlastiCreteAI_M1_Final_2000,experimental,mix_01223
0.559,ggbs,17.0,PET,2.89,0.64,68.6,6.6,20.97,2.76,2.28,2361.1,2.88,1.25,38.9,PlastiCreteAI_M1_Final_2000,experimental,mix_01224
0.401,fly_ash,21.4,PET,3.13,0.97,24.5,27.8,61.26,5.92,5.06,2369.7,2.25,1.178,74.4,PlastiCreteAI_M1_Final_2000,experimental,mix_01225
0.388,none,0.0,PET,4.66,1.03,29.6,28.0,48.0,4.89,4.56,2394.1,2.01,1.27,69.8,PlastiCreteAI_M1_Final_2000,experimental,mix_01226
0.468,ggbs,23.1,PET,3.47,12.89,72.2,3.0,11.2,1.95,1.0,2340.1,2.3,1.209,37.9,PlastiCreteAI_M1_Final_2000,experimental,mix_01227
0.429,fly_ash,20.1,PET,2.33,0.53,29.5,28.1,49.62,5.34,3.81,2352.4,2.38,1.216,72.1,PlastiCreteAI_M1_Final_2000,experimental,mix_01228
0.481,ggbs,28.5,PET,4.91,3.39,24.5,13.7,32.24,3.86,3.14,2370.2,2.46,1.214,57.3,PlastiCreteAI_M1_Final_2000,experimental,mix_01229
0.376,none,0.0,PET,3.9,10.79,68.8,28.3,57.86,5.58,5.34,2348.3,2.14,1.245,63.7,PlastiCreteAI_M1_Final_2000,experimental,mix_01230
0.512,none,0.0,PET,2.67,0.53,40.6,27.6,44.5,4.64,4.79,2367.3,3.58,1.248,53.9,PlastiCreteAI_M1_Final_2000,experimental,mix_01231
0.422,fly_ash,24.8,PET,1.56,0.9,25.7,7.4,21.38,3.24,1.91,2312.2,2.7,1.223,50.5,PlastiCreteAI_M1_Final_2000,experimental,mix_01232
0.443,fly_ash,15.1,PET,1.57,3.5,26.2,7.2,19.52,3.1,1.84,2341.7,2.45,1.368,50.5,PlastiCreteAI_M1_Final_2000,experimental,mix_01233
0.503,none,0.0,PET,0.22,12.83,22.6,3.1,10.61,1.84,1.05,2331.6,3.74,1.226,30.0,PlastiCreteAI_M1_Final_2000,experimental,mix_01234
0.421,ggbs,14.6,PET,3.18,1.71,18.9,27.9,46.89,4.53,4.05,2365.5,2.22,1.292,68.7,PlastiCreteAI_M1_Final_2000,experimental,mix_01235
0.515,fly_ash,26.4,PET,2.19,2.59,35.7,27.9,46.6,5.56,3.89,2353.5,3.18,1.312,64.2,PlastiCreteAI_M1_Final_2000,experimental,mix_01236
0.539,none,0.0,PET,3.46,10.41,25.4,13.7,25.0,3.59,2.28,2355.9,3.71,1.206,38.4,PlastiCreteAI_M1_Final_2000,experimental,mix_01237
0.568,none,0.0,PET,4.62,6.54,79.0,90.0,67.79,6.12,5.91,2352.0,3.99,1.238,60.8,PlastiCreteAI_M1_Final_2000,experimental,mix_01238
0.435,none,0.0,PET,3.39,2.08,64.7,27.8,48.22,5.35,4.78,2297.0,2.42,1.288,68.6,PlastiCreteAI_M1_Final_2000,experimental,mix_01239
0.464,silica_fume,15.2,PET,0.57,11.17,25.7,55.6,76.77,5.59,8.0,2348.6,2.58,1.348,73.7,PlastiCreteAI_M1_Final_2000,experimental,mix_01240
0.508,silica_fume,15.3,PET,2.28,2.46,45.8,14.4,33.6,4.22,2.59,2293.0,2.6,1.237,60.3,PlastiCreteAI_M1_Final_2000,experimental,mix_01241
0.542,silica_fume,7.7,PET,3.16,9.92,18.3,55.7,52.86,6.1,5.77,2321.1,2.51,1.303,69.5,PlastiCreteAI_M1_Final_2000,experimental,mix_01242
0.526,fly_ash,14.4,PET,4.26,1.58,30.9,13.9,30.72,3.77,2.61,2333.2,2.9,1.184,46.6,PlastiCreteAI_M1_Final_2000,experimental,mix_01243
0.499,silica_fume,12.7,PET,4.29,4.13,19.4,13.9,30.88,4.61,3.38,2319.6,2.19,1.298,60.7,PlastiCreteAI_M1_Final_2000,experimental,mix_01244
0.523,fly_ash,11.2,PET,1.81,0.99,29.0,14.2,31.67,3.28,2.83,2366.6,3.25,1.226,51.2,PlastiCreteAI_M1_Final_2000,experimental,mix_01245
0.476,none,0.0,PET,4.14,5.58,41.4,89.5,75.82,6.74,6.06,2298.8,2.98,1.238,61.7,PlastiCreteAI_M1_Final_2000,experimental,mix_01246
0.57,fly_ash,29.8,PET,2.09,12.32,36.2,3.1,9.88,2.04,0.82,2347.5,3.75,1.285,33.6,PlastiCreteAI_M1_Final_2000,experimental,mix_01247
0.503,none,0.0,PET,0.07,10.96,41.7,56.3,62.39,5.8,5.23,2322.6,3.28,1.313,61.9,PlastiCreteAI_M1_Final_2000,experimental,mix_01248
0.356,none,0.0,PET,5.0,5.85,27.6,89.9,83.37,7.32,8.0,2364.1,1.45,1.242,71.4,PlastiCreteAI_M1_Final_2000,experimental,mix_01249
0.614,none,0.0,PET,2.43,0.57,27.5,55.6,52.02,4.32,4.47,2378.1,4.18,1.209,59.8,PlastiCreteAI_M1_Final_2000,experimental,mix_01250
0.411,none,0.0,PET,4.58,14.08,47.8,28.3,48.48,5.46,5.11,2353.2,2.12,1.255,65.0,PlastiCreteAI_M1_Final_2000,experimental,mix_01251
0.483,fly_ash,27.0,PET,0.48,14.42,26.5,7.0,19.45,3.18,1.81,2333.4,3.04,1.315,48.5,PlastiCreteAI_M1_Final_2000,experimental,mix_01252
0.426,silica_fume,6.9,PET,0.34,2.27,27.7,28.3,56.16,5.29,5.64,2378.1,1.89,1.311,76.3,PlastiCreteAI_M1_Final_2000,experimental,mix_01253
0.377,ggbs,23.1,PET,3.48,0.78,41.6,7.3,24.57,3.7,2.69,2318.3,1.45,1.277,54.6,PlastiCreteAI_M1_Final_2000,experimental,mix_01254
0.462,silica_fume,11.2,PET,1.82,5.62,18.3,55.7,71.49,6.63,5.92,2317.2,2.45,1.331,75.5,PlastiCreteAI_M1_Final_2000,experimental,mix_01255
0.402,ggbs,24.2,PET,3.51,8.53,74.8,28.0,55.94,5.52,5.16,2392.6,1.61,1.271,77.6,PlastiCreteAI_M1_Final_2000,experimental,mix_01256
0.499,ggbs,24.7,PET,0.02,0.6,40.3,55.8,64.0,6.21,6.51,2342.7,3.06,1.31,67.7,PlastiCreteAI_M1_Final_2000,experimental,mix_01257
0.492,fly_ash,28.9,PET,1.1,0.68,26.1,13.8,34.26,3.66,3.63,2327.2,2.93,1.288,57.3,PlastiCreteAI_M1_Final_2000,experimental,mix_01258
0.35,none,0.0,PET,1.52,2.69,36.6,56.4,77.05,5.87,7.13,2325.3,1.87,1.264,65.2,PlastiCreteAI_M1_Final_2000,experimental,mix_01259
0.461,none,0.0,PET,2.99,6.88,19.0,14.3,29.48,3.94,2.34,2297.3,3.19,1.23,50.2,PlastiCreteAI_M1_Final_2000,experimental,mix_01260
0.535,ggbs,28.4,PET,1.37,3.58,37.6,55.9,64.35,5.68,5.05,2337.0,2.95,1.275,64.2,PlastiCreteAI_M1_Final_2000,experimental,mix_01261
0.513,silica_fume,5.8,PET,3.14,0.7,29.3,7.2,20.28,2.94,1.64,2359.9,2.43,1.345,48.1,PlastiCreteAI_M1_Final_2000,experimental,mix_01262
0.557,fly_ash,26.9,PET,2.9,2.42,38.9,13.9,28.13,3.69,2.87,2345.1,2.99,1.246,49.5,PlastiCreteAI_M1_Final_2000,experimental,mix_01263
0.485,silica_fume,18.9,PET,1.7,1.26,21.2,14.0,32.06,3.35,3.22,2377.6,2.27,1.325,56.0,PlastiCreteAI_M1_Final_2000,experimental,mix_01264
0.477,none,0.0,PET,1.75,7.17,21.1,90.0,75.08,6.61,7.08,2320.9,3.1,1.286,61.2,PlastiCreteAI_M1_Final_2000,experimental,mix_01265
0.487,ggbs,22.7,PET,3.18,0.9,70.4,13.9,33.36,4.15,2.65,2377.4,2.53,1.228,63.8,PlastiCreteAI_M1_Final_2000,experimental,mix_01266
0.456,silica_fume,8.4,PET,1.16,0.51,46.2,6.9,20.9,3.33,1.59,2300.7,2.18,1.308,53.1,PlastiCreteAI_M1_Final_2000,experimental,mix_01267
0.523,fly_ash,29.6,PET,4.55,2.23,50.0,55.9,62.13,5.96,5.31,2309.0,3.15,1.148,65.1,PlastiCreteAI_M1_Final_2000,experimental,mix_01268
0.605,silica_fume,18.4,PET,4.13,5.35,57.4,13.7,28.03,3.61,2.71,2322.1,3.55,1.317,48.1,PlastiCreteAI_M1_Final_2000,experimental,mix_01269
0.477,silica_fume,14.6,PET,1.6,9.32,70.2,7.2,25.36,3.38,2.48,2323.7,2.46,1.297,52.0,PlastiCreteAI_M1_Final_2000,experimental,mix_01270
0.507,fly_ash,11.7,PET,4.55,1.03,21.1,89.9,70.57,6.38,6.86,2330.7,2.54,1.2,71.2,PlastiCreteAI_M1_Final_2000,experimental,mix_01271
0.43,fly_ash,15.6,PET,0.92,0.88,22.4,3.2,12.5,2.15,1.22,2325.8,2.23,1.296,44.8,PlastiCreteAI_M1_Final_2000,experimental,mix_01272
0.393,none,0.0,PET,2.48,4.58,41.5,55.7,69.91,5.73,5.49,2359.5,2.42,1.26,67.4,PlastiCreteAI_M1_Final_2000,experimental,mix_01273
0.512,silica_fume,9.0,PET,1.5,0.67,27.4,28.0,46.61,4.95,4.85,2351.1,2.87,1.305,64.4,PlastiCreteAI_M1_Final_2000,experimental,mix_01274
0.371,ggbs,26.9,PET,1.2,1.86,29.2,55.6,84.54,6.0,7.6,2370.9,1.74,1.267,74.7,PlastiCreteAI_M1_Final_2000,experimental,mix_01275
0.438,fly_ash,17.4,PET,1.58,11.26,38.6,56.3,73.4,5.73,6.2,2352.0,2.61,1.265,69.4,PlastiCreteAI_M1_Final_2000,experimental,mix_01276
0.605,none,0.0,PET,4.81,2.35,27.0,55.7,44.12,4.69,3.72,2368.6,4.05,1.255,52.2,PlastiCreteAI_M1_Final_2000,experimental,mix_01277
0.368,silica_fume,13.8,PET,0.29,5.19,23.7,28.0,58.85,5.42,4.54,2350.2,1.9,1.309,82.4,PlastiCreteAI_M1_Final_2000,experimental,mix_01278
0.489,fly_ash,26.9,PET,2.65,1.78,79.9,7.3,22.51,3.42,2.03,2363.9,2.94,1.2,41.2,PlastiCreteAI_M1_Final_2000,experimental,mix_01279
0.462,none,0.0,PET,0.99,2.96,20.9,7.1,21.03,2.74,2.21,2367.5,3.37,1.316,38.4,PlastiCreteAI_M1_Final_2000,experimental,mix_01280
0.506,fly_ash,20.8,PET,1.31,0.91,27.9,7.1,19.6,2.97,2.04,2332.1,3.03,1.356,46.9,PlastiCreteAI_M1_Final_2000,experimental,mix_01281
0.47,none,0.0,PET,4.64,6.12,34.1,6.9,18.5,2.68,1.42,2340.3,3.04,1.199,38.1,PlastiCreteAI_M1_Final_2000,experimental,mix_01282
0.383,ggbs,15.8,PET,3.52,0.82,18.1,90.0,85.0,7.26,8.0,2355.1,1.72,1.259,78.0,PlastiCreteAI_M1_Final_2000,experimental,mix_01283
0.35,fly_ash,10.3,PET,4.52,12.9,21.3,90.0,85.0,8.05,8.0,2355.3,1.2,1.233,72.6,PlastiCreteAI_M1_Final_2000,experimental,mix_01284
0.534,silica_fume,19.6,PET,3.25,1.69,21.6,13.8,29.39,3.94,2.49,2347.0,2.96,1.343,49.4,PlastiCreteAI_M1_Final_2000,experimental,mix_01285
0.35,none,0.0,PET,4.69,1.1,25.1,28.0,54.7,5.52,4.2,2355.6,1.16,1.154,73.5,PlastiCreteAI_M1_Final_2000,experimental,mix_01286
0.483,none,0.0,PET,3.11,9.63,39.7,90.0,71.6,6.56,7.55,2373.5,3.13,1.22,61.5,PlastiCreteAI_M1_Final_2000,experimental,mix_01287
0.392,ggbs,19.4,PET,4.29,4.81,21.9,28.1,47.55,5.34,4.63,2314.8,1.54,1.278,67.4,PlastiCreteAI_M1_Final_2000,experimental,mix_01288
0.535,fly_ash,12.0,PET,0.01,7.22,19.8,55.7,57.24,5.51,5.21,2294.0,3.41,1.306,71.1,PlastiCreteAI_M1_Final_2000,experimental,mix_01289
0.35,silica_fume,5.2,PET,3.45,14.86,21.9,28.3,56.51,5.24,6.01,2325.8,1.58,1.301,75.0,PlastiCreteAI_M1_Final_2000,experimental,mix_01290
0.395,none,0.0,PET,2.66,7.31,21.0,28.1,50.89,4.38,4.67,2365.1,2.08,1.256,74.3,PlastiCreteAI_M1_Final_2000,experimental,mix_01291
0.545,none,0.0,PET,1.31,8.85,26.1,7.1,17.12,2.86,1.46,2342.9,4.19,1.283,34.6,PlastiCreteAI_M1_Final_2000,experimental,mix_01292
0.535,ggbs,23.4,PET,4.33,2.18,50.4,13.5,29.89,3.69,3.04,2374.8,2.8,1.25,53.6,PlastiCreteAI_M1_Final_2000,experimental,mix_01293
0.512,none,0.0,PET,0.69,2.71,29.4,27.7,45.49,4.47,4.79,2384.7,3.73,1.307,59.1,PlastiCreteAI_M1_Final_2000,experimental,mix_01294
0.574,fly_ash,12.9,PET,4.31,3.18,77.4,90.0,72.7,6.48,7.55,2335.1,3.35,1.201,66.9,PlastiCreteAI_M1_Final_2000,experimental,mix_01295
0.491,none,0.0,PET,4.1,0.81,45.6,89.9,63.36,6.18,5.78,2344.1,2.94,1.304,64.0,PlastiCreteAI_M1_Final_2000,experimental,mix_01296
0.519,fly_ash,23.2,PET,0.37,1.91,30.5,28.2,43.98,4.66,3.91,2357.1,3.54,1.303,61.8,PlastiCreteAI_M1_Final_2000,experimental,mix_01297
0.552,none,0.0,PET,3.43,14.93,37.7,56.3,53.09,5.78,4.52,2366.3,3.89,1.191,57.8,PlastiCreteAI_M1_Final_2000,experimental,mix_01298
0.485,silica_fume,10.3,PET,3.76,1.79,25.7,14.2,33.69,4.32,2.56,2334.0,2.46,1.266,56.4,PlastiCreteAI_M1_Final_2000,experimental,mix_01299
0.58,none,0.0,PET,3.52,0.51,58.4,55.9,55.82,5.65,5.26,2368.2,3.6,1.24,61.2,PlastiCreteAI_M1_Final_2000,experimental,mix_01300
0.545,fly_ash,14.3,PET,4.21,1.74,24.1,89.9,63.26,5.99,5.65,2340.1,3.28,1.183,62.6,PlastiCreteAI_M1_Final_2000,experimental,mix_01301
0.451,fly_ash,11.0,PET,4.94,0.81,18.6,28.0,46.48,5.05,4.4,2319.0,2.47,1.119,71.6,PlastiCreteAI_M1_Final_2000,experimental,mix_01302
0.442,ggbs,18.5,PET,2.76,0.58,79.4,89.8,85.0,6.51,8.0,2360.2,1.9,1.295,69.6,PlastiCreteAI_M1_Final_2000,experimental,mix_01303
0.474,ggbs,22.4,PET,0.32,0.76,61.0,27.6,48.69,5.93,5.16,2362.5,2.58,1.316,71.7,PlastiCreteAI_M1_Final_2000,experimental,mix_01304
0.539,fly_ash,21.2,PET,4.79,12.4,18.2,6.6,16.07,3.02,1.55,2330.9,3.21,1.231,42.0,PlastiCreteAI_M1_Final_2000,experimental,mix_01305
0.452,ggbs,22.6,PET,2.23,2.08,19.3,7.5,21.26,3.35,1.87,2377.4,2.18,1.278,54.7,PlastiCreteAI_M1_Final_2000,experimental,mix_01306
0.498,fly_ash,28.0,PET,2.29,2.49,52.1,55.8,71.56,7.05,7.03,2320.8,2.9,1.235,75.2,PlastiCreteAI_M1_Final_2000,experimental,mix_01307
0.45,none,0.0,PET,1.88,1.58,27.3,27.9,44.75,5.02,4.27,2312.8,2.69,1.198,60.1,PlastiCreteAI_M1_Final_2000,experimental,mix_01308
0.565,none,0.0,PET,4.11,1.43,20.8,28.5,36.46,4.9,3.08,2323.0,3.2,1.222,53.2,PlastiCreteAI_M1_Final_2000,experimental,mix_01309
0.529,none,0.0,PET,2.79,13.67,22.8,27.6,40.46,4.29,4.45,2361.0,3.01,1.264,58.1,PlastiCreteAI_M1_Final_2000,experimental,mix_01310
0.424,fly_ash,26.4,PET,0.27,0.87,24.5,28.0,51.04,5.26,5.25,2340.6,2.61,1.331,75.6,PlastiCreteAI_M1_Final_2000,experimental,mix_01311
0.38,fly_ash,27.3,PET,1.01,6.46,29.4,7.2,27.0,3.51,2.52,2416.4,2.01,1.25,54.8,PlastiCreteAI_M1_Final_2000,experimental,mix_01312
0.482,fly_ash,11.3,PET,4.85,9.67,22.4,6.9,18.99,2.87,1.96,2344.9,2.39,1.123,45.5,PlastiCreteAI_M1_Final_2000,experimental,mix_01313
0.577,fly_ash,28.6,PET,0.63,0.73,21.2,89.8,65.79,7.01,5.26,2335.0,4.04,1.284,60.5,PlastiCreteAI_M1_Final_2000,experimental,mix_01314
0.445,fly_ash,14.2,PET,3.19,7.9,33.1,28.5,46.27,4.97,3.56,2335.4,2.33,1.153,64.3,PlastiCreteAI_M1_Final_2000,experimental,mix_01315
0.423,none,0.0,PET,0.41,9.68,28.9,28.0,47.89,4.79,4.76,2376.2,2.73,1.274,72.8,PlastiCreteAI_M1_Final_2000,experimental,mix_01316
0.519,ggbs,27.0,PET,0.49,1.27,20.4,3.5,10.86,2.08,0.86,2320.9,3.19,1.366,35.3,PlastiCreteAI_M1_Final_2000,experimental,mix_01317
0.517,fly_ash,14.2,PET,4.36,2.73,40.2,14.3,30.32,3.92,3.2,2320.0,3.05,1.173,47.2,PlastiCreteAI_M1_Final_2000,experimental,mix_01318
0.388,none,0.0,PET,0.38,8.37,38.6,28.4,52.22,4.96,5.47,2337.0,2.46,1.293,68.8,PlastiCreteAI_M1_Final_2000,experimental,mix_01319
0.471,silica_fume,10.2,PET,2.32,3.2,43.0,7.4,24.8,3.27,2.04,2326.0,2.36,1.347,52.9,PlastiCreteAI_M1_Final_2000,experimental,mix_01320
0.478,silica_fume,10.9,PET,0.5,1.04,24.6,14.3,34.73,3.69,2.64,2423.5,2.7,1.36,62.6,PlastiCreteAI_M1_Final_2000,experimental,mix_01321
0.518,silica_fume,5.3,PET,4.82,0.52,74.8,28.4,49.64,5.32,3.98,2305.9,2.6,1.261,72.8,PlastiCreteAI_M1_Final_2000,experimental,mix_01322
0.56,silica_fume,11.3,PET,1.84,6.25,24.6,6.6,18.28,2.69,1.7,2313.0,2.9,1.357,35.2,PlastiCreteAI_M1_Final_2000,experimental,mix_01323
0.405,fly_ash,19.2,PET,1.0,9.35,22.9,6.7,22.32,3.14,2.43,2403.6,2.4,1.286,51.9,PlastiCreteAI_M1_Final_2000,experimental,mix_01324
0.492,none,0.0,PET,3.07,1.59,44.9,89.6,65.37,6.94,7.0,2317.4,3.68,1.256,58.7,PlastiCreteAI_M1_Final_2000,experimental,mix_01325
0.38,ggbs,26.3,PET,0.34,4.27,34.2,28.3,57.7,5.77,4.71,2348.1,2.1,1.281,74.6,PlastiCreteAI_M1_Final_2000,experimental,mix_01326
0.35,silica_fume,9.4,PET,0.05,5.2,35.3,6.8,26.74,3.13,2.19,2334.3,1.24,1.375,60.7,PlastiCreteAI_M1_Final_2000,experimental,mix_01327
0.439,none,0.0,PET,1.82,3.36,23.0,7.3,20.77,3.09,1.74,2305.8,2.77,1.307,35.4,PlastiCreteAI_M1_Final_2000,experimental,mix_01328
0.458,none,0.0,PET,2.29,7.36,77.5,90.0,79.3,6.32,6.21,2338.2,2.98,1.323,59.6,PlastiCreteAI_M1_Final_2000,experimental,mix_01329
0.51,fly_ash,17.9,PET,3.08,2.06,38.7,14.4,27.55,4.5,2.13,2337.1,3.28,1.241,45.6,PlastiCreteAI_M1_Final_2000,experimental,mix_01330
0.503,silica_fume,10.3,PET,0.43,10.38,18.6,89.6,77.31,6.8,5.89,2364.9,2.48,1.369,65.9,PlastiCreteAI_M1_Final_2000,experimental,mix_01331
0.597,ggbs,17.2,PET,1.56,5.58,25.4,28.2,36.45,4.65,3.46,2355.4,3.39,1.316,54.8,PlastiCreteAI_M1_Final_2000,experimental,mix_01332
0.526,none,0.0,PET,4.58,4.39,24.6,90.0,68.68,5.93,7.21,2262.1,3.22,1.211,60.0,PlastiCreteAI_M1_Final_2000,experimental,mix_01333
0.576,silica_fume,16.8,PET,0.52,2.78,26.7,7.0,16.54,2.93,1.49,2367.8,2.91,1.372,36.3,PlastiCreteAI_M1_Final_2000,experimental,mix_01334
0.466,ggbs,11.9,PET,0.95,8.79,25.0,6.5,17.27,3.2,1.57,2328.2,2.42,1.398,44.0,PlastiCreteAI_M1_Final_2000,experimental,mix_01335
0.507,fly_ash,18.6,PET,1.85,4.33,25.1,7.3,20.07,3.36,2.11,2318.9,3.07,1.3,47.4,PlastiCreteAI_M1_Final_2000,experimental,mix_01336
0.599,silica_fume,16.7,PET,3.51,1.78,21.8,27.7,42.02,4.59,3.28,2336.5,3.08,1.261,63.2,PlastiCreteAI_M1_Final_2000,experimental,mix_01337
0.414,none,0.0,PET,0.64,3.33,20.6,28.4,56.18,5.04,4.66,2365.6,2.68,1.295,64.1,PlastiCreteAI_M1_Final_2000,experimental,mix_01338
0.385,fly_ash,22.4,PET,4.21,1.44,51.2,13.7,38.39,4.46,3.19,2351.6,1.71,1.151,66.8,PlastiCreteAI_M1_Final_2000,experimental,mix_01339
0.432,none,0.0,PET,4.74,6.83,24.7,7.0,19.27,2.74,1.78,2344.5,2.43,1.239,44.6,PlastiCreteAI_M1_Final_2000,experimental,mix_01340
0.446,fly_ash,16.1,PET,4.45,0.51,48.9,27.7,50.56,5.49,5.46,2381.3,1.99,1.185,74.7,PlastiCreteAI_M1_Final_2000,experimental,mix_01341
0.513,none,0.0,PET,3.75,1.47,22.8,13.6,30.84,3.66,3.27,2298.5,3.35,1.27,51.7,PlastiCreteAI_M1_Final_2000,experimental,mix_01342
0.438,silica_fume,6.1,PET,4.75,1.42,19.1,28.0,49.51,5.72,3.76,2381.0,2.27,1.251,74.5,PlastiCreteAI_M1_Final_2000,experimental,mix_01343
0.519,silica_fume,17.1,PET,2.03,0.91,50.9,14.1,27.8,4.12,2.38,2320.0,2.59,1.351,53.5,PlastiCreteAI_M1_Final_2000,experimental,mix_01344
0.588,silica_fume,10.8,PET,4.22,1.02,42.9,28.1,38.52,4.71,3.69,2348.6,3.12,1.277,56.1,PlastiCreteAI_M1_Final_2000,experimental,mix_01345
0.559,fly_ash,24.2,PET,1.21,0.7,22.6,28.3,38.53,4.45,3.25,2346.0,4.09,1.197,51.1,PlastiCreteAI_M1_Final_2000,experimental,mix_01346
0.499,fly_ash,12.2,PET,3.31,12.35,29.3,14.1,34.58,3.68,2.95,2320.3,2.78,1.185,55.6,PlastiCreteAI_M1_Final_2000,experimental,mix_01347
0.49,fly_ash,19.6,PET,4.84,6.19,61.4,3.0,10.85,2.05,0.87,2314.0,2.78,1.264,36.0,PlastiCreteAI_M1_Final_2000,experimental,mix_01348
0.35,none,0.0,PET,0.05,0.86,23.7,28.3,51.79,5.99,4.45,2318.3,1.91,1.349,68.2,PlastiCreteAI_M1_Final_2000,experimental,mix_01349
0.454,silica_fume,7.1,PET,2.39,3.91,19.9,56.0,64.71,6.34,6.63,2339.2,2.51,1.269,70.3,PlastiCreteAI_M1_Final_2000,experimental,mix_01350
0.511,ggbs,18.0,PET,0.61,8.5,60.8,56.5,62.57,6.46,5.4,2367.9,3.14,1.308,70.7,PlastiCreteAI_M1_Final_2000,experimental,mix_01351
0.468,none,0.0,PET,1.83,0.68,23.3,3.0,8.59,1.83,0.78,2385.1,2.52,1.318,29.4,PlastiCreteAI_M1_Final_2000,experimental,mix_01352
0.436,none,0.0,PET,1.78,11.15,65.8,14.3,34.83,3.91,2.63,2343.7,2.95,1.3,51.8,PlastiCreteAI_M1_Final_2000,experimental,mix_01353
0.573,none,0.0,PET,4.12,0.76,35.0,13.6,25.92,3.33,2.06,2360.0,3.92,1.311,42.2,PlastiCreteAI_M1_Final_2000,experimental,mix_01354
0.405,none,0.0,PET,4.59,0.53,21.9,14.4,33.1,4.49,3.15,2350.0,2.09,1.137,52.9,PlastiCreteAI_M1_Final_2000,experimental,mix_01355
0.415,fly_ash,18.7,PET,0.83,3.42,24.5,27.9,57.34,5.87,4.43,2317.9,3.03,1.146,76.7,PlastiCreteAI_M1_Final_2000,experimental,mix_01356
0.54,silica_fume,13.3,PET,0.53,1.17,21.4,27.5,43.13,5.53,3.68,2343.1,3.27,1.376,64.7,PlastiCreteAI_M1_Final_2000,experimental,mix_01357
0.599,fly_ash,24.2,PET,3.11,2.34,29.2,89.6,64.16,5.97,6.69,2345.2,4.0,1.228,66.1,PlastiCreteAI_M1_Final_2000,experimental,mix_01358
0.517,fly_ash,12.0,PET,3.48,6.49,40.5,13.7,27.64,3.56,2.33,2336.1,2.73,1.182,46.3,PlastiCreteAI_M1_Final_2000,experimental,mix_01359
0.569,ggbs,19.3,PET,0.67,7.51,25.0,28.2,38.22,4.9,3.87,2339.4,3.71,1.329,57.1,PlastiCreteAI_M1_Final_2000,experimental,mix_01360
0.554,ggbs,10.7,PET,3.92,0.91,43.4,28.0,33.39,4.55,2.62,2327.6,3.04,1.277,55.5,PlastiCreteAI_M1_Final_2000,experimental,mix_01361
0.531,none,0.0,PET,4.46,2.09,28.2,90.0,68.79,5.67,6.63,2351.9,2.97,1.25,64.4,PlastiCreteAI_M1_Final_2000,experimental,mix_01362
0.358,none,0.0,PET,0.06,3.14,33.6,89.9,83.39,6.93,7.56,2428.3,1.82,1.359,70.4,PlastiCreteAI_M1_Final_2000,experimental,mix_01363
0.479,ggbs,22.9,PET,1.56,4.18,24.4,55.9,60.78,5.91,4.87,2330.0,2.66,1.232,67.9,PlastiCreteAI_M1_Final_2000,experimental,mix_01364
0.575,silica_fume,10.3,PET,4.73,0.8,26.8,55.6,54.93,6.16,5.47,2366.2,3.11,1.248,63.1,PlastiCreteAI_M1_Final_2000,experimental,mix_01365
0.459,ggbs,13.4,PET,4.56,1.83,31.0,27.7,43.31,5.04,4.1,2324.9,2.05,1.118,64.4,PlastiCreteAI_M1_Final_2000,experimental,mix_01366
0.49,ggbs,13.6,PET,4.63,1.44,19.5,6.5,18.37,2.61,1.51,2358.1,2.78,1.266,43.0,PlastiCreteAI_M1_Final_2000,experimental,mix_01367
0.501,fly_ash,29.9,PET,2.45,4.56,42.9,7.5,19.26,3.22,1.57,2356.4,2.6,1.309,37.0,PlastiCreteAI_M1_Final_2000,experimental,mix_01368
0.552,fly_ash,20.5,PET,1.19,1.63,23.2,56.0,60.95,5.86,5.66,2313.5,3.29,1.209,67.5,PlastiCreteAI_M1_Final_2000,experimental,mix_01369
0.597,silica_fume,14.7,PET,2.32,12.23,24.4,7.2,18.86,2.56,1.75,2343.0,3.14,1.255,39.1,PlastiCreteAI_M1_Final_2000,experimental,mix_01370
0.56,silica_fume,17.3,PET,0.15,0.59,31.7,6.6,18.05,2.39,1.69,2293.9,3.46,1.386,43.5,PlastiCreteAI_M1_Final_2000,experimental,mix_01371
0.428,silica_fume,13.2,PET,0.02,0.71,26.9,27.7,51.45,5.59,4.71,2413.7,2.25,1.428,74.5,PlastiCreteAI_M1_Final_2000,experimental,mix_01372
0.497,none,0.0,PET,3.57,0.82,25.4,27.6,40.65,4.65,3.8,2325.1,3.0,1.275,60.2,PlastiCreteAI_M1_Final_2000,experimental,mix_01373
0.538,ggbs,10.3,PET,1.11,8.77,28.1,7.1,17.92,2.69,1.41,2342.9,2.81,1.212,45.7,PlastiCreteAI_M1_Final_2000,experimental,mix_01374
0.462,fly_ash,13.5,PET,1.49,3.14,20.2,89.7,75.06,6.39,5.87,2310.0,2.9,1.223,64.4,PlastiCreteAI_M1_Final_2000,experimental,mix_01375
0.508,none,0.0,PET,1.74,9.67,19.4,89.8,68.91,6.29,7.05,2334.2,3.36,1.255,66.2,PlastiCreteAI_M1_Final_2000,experimental,mix_01376
0.438,silica_fume,6.3,PET,3.54,6.26,77.7,90.0,85.0,7.24,8.0,2370.1,1.77,1.287,73.0,PlastiCreteAI_M1_Final_2000,experimental,mix_01377
0.365,silica_fume,5.9,PET,2.46,0.57,19.3,7.3,27.88,3.34,2.13,2320.0,1.38,1.35,58.8,PlastiCreteAI_M1_Final_2000,experimental,mix_01378
0.486,silica_fume,12.6,PET,2.1,4.49,18.7,28.3,49.69,4.48,4.6,2349.0,3.22,1.332,74.2,PlastiCreteAI_M1_Final_2000,experimental,mix_01379
0.546,silica_fume,19.3,PET,0.45,3.49,28.2,14.4,30.35,3.81,2.42,2335.7,3.28,1.333,54.9,PlastiCreteAI_M1_Final_2000,experimental,mix_01380
0.555,none,0.0,PET,4.43,12.01,23.2,28.2,38.09,4.13,3.94,2319.8,3.69,1.167,49.5,PlastiCreteAI_M1_Final_2000,experimental,mix_01381
0.44,ggbs,22.7,PET,4.65,4.47,28.6,56.4,60.17,6.34,4.77,2330.7,1.69,1.249,72.5,PlastiCreteAI_M1_Final_2000,experimental,mix_01382
0.539,silica_fume,15.0,PET,3.67,4.91,63.2,27.8,49.56,4.48,5.2,2364.6,2.46,1.291,64.7,PlastiCreteAI_M1_Final_2000,experimental,mix_01383
0.393,none,0.0,PET,4.28,1.5,23.0,7.3,23.59,2.84,1.97,2343.6,2.14,1.192,50.4,PlastiCreteAI_M1_Final_2000,experimental,mix_01384
0.526,silica_fume,8.1,PET,0.74,1.31,27.2,7.4,22.04,2.64,2.3,2326.4,3.25,1.395,44.3,PlastiCreteAI_M1_Final_2000,experimental,mix_01385
0.535,ggbs,21.6,PET,4.35,14.09,19.6,28.5,38.04,4.85,3.44,2318.0,2.62,1.251,59.8,PlastiCreteAI_M1_Final_2000,experimental,mix_01386
0.454,fly_ash,27.3,PET,3.3,1.41,47.3,27.9,52.15,5.28,5.55,2327.6,2.32,1.194,74.0,PlastiCreteAI_M1_Final_2000,experimental,mix_01387
0.501,silica_fume,9.6,PET,0.74,1.12,19.2,90.0,81.26,7.46,6.59,2347.2,2.55,1.417,77.1,PlastiCreteAI_M1_Final_2000,experimental,mix_01388
0.501,silica_fume,17.2,PET,1.64,7.74,35.7,27.6,51.99,5.5,5.48,2319.3,2.81,1.316,67.1,PlastiCreteAI_M1_Final_2000,experimental,mix_01389
0.374,ggbs,20.5,PET,1.97,4.02,28.8,28.3,57.02,5.43,4.73,2336.3,2.27,1.264,79.6,PlastiCreteAI_M1_Final_2000,experimental,mix_01390
0.479,fly_ash,21.0,PET,0.06,3.55,25.5,3.1,10.81,2.04,0.99,2323.5,2.99,1.264,33.6,PlastiCreteAI_M1_Final_2000,experimental,mix_01391
0.445,silica_fume,17.7,PET,2.27,0.89,20.2,90.0,85.0,7.68,8.0,2347.1,2.52,1.341,70.2,PlastiCreteAI_M1_Final_2000,experimental,mix_01392
0.466,fly_ash,22.4,PET,2.42,13.42,25.7,6.6,19.47,2.88,1.5,2378.4,2.33,1.323,42.3,PlastiCreteAI_M1_Final_2000,experimental,mix_01393
0.522,fly_ash,26.1,PET,0.16,1.12,29.9,13.7,30.17,3.43,3.13,2334.2,3.58,1.23,49.4,PlastiCreteAI_M1_Final_2000,experimental,mix_01394
0.45,none,0.0,PET,4.85,2.56,42.4,28.0,41.35,5.06,3.53,2339.3,2.5,1.268,56.1,PlastiCreteAI_M1_Final_2000,experimental,mix_01395
0.469,fly_ash,21.7,PET,3.37,2.53,20.4,13.7,32.66,3.3,2.93,2361.2,2.53,1.182,50.1,PlastiCreteAI_M1_Final_2000,experimental,mix_01396
0.504,fly_ash,12.9,PET,1.49,2.3,21.8,28.3,45.93,4.58,4.41,2338.8,2.92,1.266,59.8,PlastiCreteAI_M1_Final_2000,experimental,mix_01397
0.411,none,0.0,PET,2.24,10.21,76.2,6.6,20.22,2.9,1.58,2359.0,2.33,1.33,46.9,PlastiCreteAI_M1_Final_2000,experimental,mix_01398
0.53,none,0.0,PET,0.12,2.2,23.8,90.0,64.14,6.62,5.34,2287.4,3.82,1.214,64.1,PlastiCreteAI_M1_Final_2000,experimental,mix_01399
0.397,fly_ash,16.8,PET,1.41,6.93,29.7,13.7,35.45,4.21,2.83,2404.3,1.99,1.209,66.1,PlastiCreteAI_M1_Final_2000,experimental,mix_01400
0.463,silica_fume,13.8,PET,4.75,1.01,25.2,3.0,10.72,2.13,1.06,2285.4,1.46,1.313,38.5,PlastiCreteAI_M1_Final_2000,experimental,mix_01401
0.376,ggbs,11.4,PET,3.0,2.96,19.0,6.8,24.59,3.35,2.2,2351.8,1.52,1.269,56.7,PlastiCreteAI_M1_Final_2000,experimental,mix_01402
0.449,silica_fume,19.5,PET,4.02,8.57,27.6,56.1,74.62,6.35,7.39,2313.7,1.67,1.294,74.1,PlastiCreteAI_M1_Final_2000,experimental,mix_01403
0.432,fly_ash,12.0,PET,2.25,3.4,28.2,89.9,70.26,6.78,7.16,2337.4,2.82,1.207,72.7,PlastiCreteAI_M1_Final_2000,experimental,mix_01404
0.464,none,0.0,PET,4.09,3.0,23.4,7.1,18.74,2.95,1.85,2330.4,2.95,1.213,37.6,PlastiCreteAI_M1_Final_2000,experimental,mix_01405
0.491,none,0.0,PET,4.87,3.16,28.3,14.2,24.38,3.9,2.44,2329.2,3.1,1.177,42.1,PlastiCreteAI_M1_Final_2000,experimental,mix_01406
0.517,none,0.0,PET,0.5,9.86,21.8,90.0,65.19,6.15,5.67,2361.5,3.15,1.226,65.3,PlastiCreteAI_M1_Final_2000,experimental,mix_01407
0.466,fly_ash,17.4,PET,4.08,6.31,76.1,28.1,47.13,5.21,4.69,2338.9,2.71,1.224,66.3,PlastiCreteAI_M1_Final_2000,experimental,mix_01408
0.454,none,0.0,PET,1.8,0.53,24.8,27.6,41.85,4.15,4.56,2381.7,2.73,1.24,59.4,PlastiCreteAI_M1_Final_2000,experimental,mix_01409
0.5,ggbs,18.1,PET,0.27,0.59,20.2,28.2,46.02,4.93,4.26,2287.4,2.88,1.348,71.4,PlastiCreteAI_M1_Final_2000,experimental,mix_01410
0.427,none,0.0,PET,1.63,1.73,25.9,6.8,17.97,2.66,1.95,2384.6,2.74,1.25,40.0,PlastiCreteAI_M1_Final_2000,experimental,mix_01411
0.545,silica_fume,10.9,PET,4.16,4.99,77.4,56.4,64.17,5.64,5.03,2356.6,2.75,1.245,71.5,PlastiCreteAI_M1_Final_2000,experimental,mix_01412
0.383,silica_fume,6.7,PET,0.25,3.78,22.2,6.6,23.57,3.02,1.87,2349.3,2.15,1.422,54.1,PlastiCreteAI_M1_Final_2000,experimental,mix_01413
0.481,fly_ash,14.7,PET,3.57,10.07,28.1,89.6,66.94,5.95,6.84,2357.2,2.78,1.22,62.4,PlastiCreteAI_M1_Final_2000,experimental,mix_01414
0.495,silica_fume,12.8,PET,2.0,0.73,33.2,28.0,47.4,4.92,5.03,2320.4,2.67,1.272,65.9,PlastiCreteAI_M1_Final_2000,experimental,mix_01415
0.462,silica_fume,9.2,PET,4.01,14.07,22.2,13.8,33.97,4.28,2.56,2329.8,2.25,1.218,62.9,PlastiCreteAI_M1_Final_2000,experimental,mix_01416
0.413,silica_fume,7.1,PET,1.52,7.03,20.0,55.7,74.37,6.97,7.41,2395.7,1.52,1.311,72.2,PlastiCreteAI_M1_Final_2000,experimental,mix_01417
0.358,none,0.0,PET,3.57,2.64,39.9,27.9,58.33,5.95,4.61,2386.1,1.88,1.263,66.7,PlastiCreteAI_M1_Final_2000,experimental,mix_01418
0.404,silica_fume,13.9,PET,4.63,12.24,27.6,13.7,38.97,4.53,3.2,2405.2,1.54,1.266,64.2,PlastiCreteAI_M1_Final_2000,experimental,mix_01419
0.478,ggbs,12.2,PET,1.4,1.13,28.0,13.8,33.28,4.19,3.66,2335.6,2.59,1.309,59.9,PlastiCreteAI_M1_Final_2000,experimental,mix_01420
0.574,none,0.0,PET,4.92,3.47,23.7,89.7,53.08,5.95,5.5,2322.5,3.66,1.302,55.8,PlastiCreteAI_M1_Final_2000,experimental,mix_01421
0.426,fly_ash,13.3,PET,2.94,5.89,49.3,27.9,55.66,5.76,4.53,2335.6,2.21,1.231,67.4,PlastiCreteAI_M1_Final_2000,experimental,mix_01422
0.444,ggbs,13.1,PET,4.93,6.41,28.6,13.9,29.93,4.02,3.17,2323.2,2.07,1.225,49.9,PlastiCreteAI_M1_Final_2000,experimental,mix_01423
0.467,none,0.0,PET,0.72,1.93,24.4,89.9,74.5,6.32,6.12,2355.1,3.08,1.329,67.1,PlastiCreteAI_M1_Final_2000,experimental,mix_01424
0.563,none,0.0,PET,2.84,4.42,27.8,56.1,51.81,5.14,3.96,2338.3,4.04,1.255,61.2,PlastiCreteAI_M1_Final_2000,experimental,mix_01425
0.367,ggbs,15.0,PET,4.6,6.68,18.1,13.6,35.51,4.21,3.87,2327.9,1.53,1.244,61.1,PlastiCreteAI_M1_Final_2000,experimental,mix_01426
0.53,silica_fume,15.7,PET,3.63,12.45,20.2,13.5,29.6,4.16,2.94,2329.3,2.83,1.305,53.4,PlastiCreteAI_M1_Final_2000,experimental,mix_01427
0.503,fly_ash,26.8,PET,3.91,4.16,27.5,56.0,59.42,5.79,4.46,2386.5,3.05,1.193,70.0,PlastiCreteAI_M1_Final_2000,experimental,mix_01428
0.456,ggbs,11.1,PET,2.48,3.34,28.3,56.4,57.74,6.72,5.03,2337.2,2.24,1.22,68.9,PlastiCreteAI_M1_Final_2000,experimental,mix_01429
0.576,ggbs,20.4,PET,4.76,0.63,21.9,56.1,53.43,4.48,5.85,2353.1,3.84,1.213,68.7,PlastiCreteAI_M1_Final_2000,experimental,mix_01430
0.432,silica_fume,19.1,PET,0.91,0.93,35.9,7.1,23.89,3.34,1.8,2325.7,2.35,1.364,55.1,PlastiCreteAI_M1_Final_2000,experimental,mix_01431
0.481,ggbs,29.6,PET,2.83,5.63,25.9,6.5,19.7,3.0,1.5,2383.0,2.46,1.226,48.7,PlastiCreteAI_M1_Final_2000,experimental,mix_01432
0.406,silica_fume,17.9,PET,4.74,1.15,25.9,27.8,53.27,5.28,5.63,2339.1,1.81,1.207,74.2,PlastiCreteAI_M1_Final_2000,experimental,mix_01433
0.469,silica_fume,15.8,PET,0.39,14.68,25.9,28.3,50.94,5.63,5.1,2349.6,2.59,1.296,71.9,PlastiCreteAI_M1_Final_2000,experimental,mix_01434
0.433,none,0.0,PET,0.03,1.72,29.0,90.0,76.75,6.05,6.93,2351.1,2.79,1.333,65.8,PlastiCreteAI_M1_Final_2000,experimental,mix_01435
0.65,silica_fume,10.5,PET,2.32,14.26,40.6,6.9,15.64,2.63,1.38,2323.2,3.7,1.283,34.5,PlastiCreteAI_M1_Final_2000,experimental,mix_01436
0.496,none,0.0,PET,0.43,2.77,19.4,7.2,18.53,3.08,1.42,2342.7,3.46,1.333,35.6,PlastiCreteAI_M1_Final_2000,experimental,mix_01437
0.545,silica_fume,16.4,PET,0.94,0.89,27.1,13.6,32.13,3.73,2.62,2327.8,3.14,1.37,60.7,PlastiCreteAI_M1_Final_2000,experimental,mix_01438
0.432,ggbs,10.9,PET,3.26,4.6,43.4,27.9,53.76,5.37,4.4,2327.7,2.32,1.228,71.5,PlastiCreteAI_M1_Final_2000,experimental,mix_01439
0.531,none,0.0,PET,3.12,3.42,26.3,7.3,16.86,2.45,1.72,2333.1,3.44,1.225,38.9,PlastiCreteAI_M1_Final_2000,experimental,mix_01440
0.448,fly_ash,28.6,PET,1.11,6.91,50.0,28.2,56.41,4.74,4.44,2282.7,2.91,1.285,68.8,PlastiCreteAI_M1_Final_2000,experimental,mix_01441
0.445,none,0.0,PET,1.41,3.34,46.5,27.5,48.66,5.08,4.69,2364.3,3.03,1.296,66.4,PlastiCreteAI_M1_Final_2000,experimental,mix_01442
0.389,none,0.0,PET,0.69,13.83,75.2,3.0,12.73,2.51,1.28,2306.9,2.43,1.354,35.3,PlastiCreteAI_M1_Final_2000,experimental,mix_01443
0.486,fly_ash,11.7,PET,3.75,0.99,19.9,7.5,20.51,3.16,1.97,2328.2,2.55,1.208,45.6,PlastiCreteAI_M1_Final_2000,experimental,mix_01444
0.404,fly_ash,26.6,PET,0.58,6.36,25.2,56.1,82.3,6.39,8.0,2373.7,2.17,1.321,72.7,PlastiCreteAI_M1_Final_2000,experimental,mix_01445
0.473,ggbs,15.5,PP,16.3,14.38,64.8,7.3,5.54,1.56,0.58,2202.6,3.62,1.052,30.3,PlastiCreteAI_M1_Final_2000,experimental,mix_01446
0.427,none,0.0,PP,23.77,18.32,27.3,6.6,5.01,1.3,0.43,2149.1,4.03,0.91,27.3,PlastiCreteAI_M1_Final_2000,experimental,mix_01447
0.477,fly_ash,16.4,PP,35.78,12.16,56.7,6.6,5.03,1.37,0.43,2108.6,4.73,0.61,24.8,PlastiCreteAI_M1_Final_2000,experimental,mix_01448
0.434,silica_fume,10.6,PP,8.15,8.69,24.6,7.0,11.26,2.01,1.04,2331.1,2.63,1.278,37.9,PlastiCreteAI_M1_Final_2000,experimental,mix_01449
0.477,ggbs,24.9,PP,3.79,6.91,26.6,90.0,48.14,4.96,3.82,2364.0,2.53,1.274,62.3,PlastiCreteAI_M1_Final_2000,experimental,mix_01450
0.455,none,0.0,PP,12.8,15.26,31.0,13.5,10.93,2.43,1.03,2271.6,3.71,1.143,29.3,PlastiCreteAI_M1_Final_2000,experimental,mix_01451
0.505,silica_fume,15.4,PP,16.76,4.73,21.2,7.0,5.0,1.42,0.52,2214.6,3.13,1.155,20.9,PlastiCreteAI_M1_Final_2000,experimental,mix_01452
0.59,none,0.0,PP,20.83,4.46,70.8,90.0,14.86,2.52,1.33,2178.4,5.8,1.067,21.5,PlastiCreteAI_M1_Final_2000,experimental,mix_01453
0.351,none,0.0,PP,34.5,5.69,30.6,27.5,13.06,2.14,1.43,2158.6,3.85,0.713,32.9,PlastiCreteAI_M1_Final_2000,experimental,mix_01454
0.446,silica_fume,9.1,PP,0.51,7.57,20.6,6.9,12.48,2.55,1.06,2337.0,2.72,1.408,37.1,PlastiCreteAI_M1_Final_2000,experimental,mix_01455
0.383,fly_ash,20.2,PP,33.09,5.33,27.6,14.5,7.67,1.72,0.75,2144.4,3.43,0.766,27.6,PlastiCreteAI_M1_Final_2000,experimental,mix_01456
0.444,silica_fume,5.2,PP,23.05,6.95,24.9,27.7,11.16,1.86,0.99,2243.6,2.74,0.904,38.9,PlastiCreteAI_M1_Final_2000,experimental,mix_01457
0.371,ggbs,12.1,PP,32.2,9.92,34.7,6.6,5.0,1.37,0.4,2097.9,3.14,0.768,30.5,PlastiCreteAI_M1_Final_2000,experimental,mix_01458
0.446,ggbs,27.8,PP,8.42,12.52,27.0,7.0,11.55,2.1,0.91,2277.5,2.76,1.179,37.8,PlastiCreteAI_M1_Final_2000,experimental,mix_01459
0.591,none,0.0,PP,7.74,7.51,25.0,90.0,29.74,4.4,3.16,2258.3,4.65,1.239,39.5,PlastiCreteAI_M1_Final_2000,experimental,mix_01460
0.585,silica_fume,14.4,PP,18.89,12.57,61.7,28.4,8.66,1.68,0.74,2181.4,3.86,1.029,26.2,PlastiCreteAI_M1_Final_2000,experimental,mix_01461
0.469,fly_ash,25.0,PP,1.41,7.07,20.3,89.6,50.25,4.89,4.71,2355.7,2.9,1.219,66.2,PlastiCreteAI_M1_Final_2000,experimental,mix_01462
0.552,silica_fume,13.7,PP,35.08,13.93,32.5,7.3,5.0,1.32,0.4,2088.0,4.77,0.739,24.7,PlastiCreteAI_M1_Final_2000,experimental,mix_01463
0.47,none,0.0,PP,2.83,4.53,60.8,7.3,11.16,2.07,1.03,2345.8,3.1,1.34,30.3,PlastiCreteAI_M1_Final_2000,experimental,mix_01464
0.475,ggbs,15.2,PP,35.39,6.63,41.9,90.0,18.09,2.44,1.47,2111.2,4.41,0.777,37.7,PlastiCreteAI_M1_Final_2000,experimental,mix_01465
0.406,fly_ash,23.3,PP,33.24,14.75,75.0,28.1,12.14,2.29,0.95,2118.2,3.71,0.712,33.8,PlastiCreteAI_M1_Final_2000,experimental,mix_01466
0.478,none,0.0,PP,11.85,7.74,45.1,7.1,8.92,1.65,0.78,2304.4,3.54,1.188,26.7,PlastiCreteAI_M1_Final_2000,experimental,mix_01467
0.445,silica_fume,10.7,PP,26.69,4.99,20.3,6.8,5.0,1.21,0.49,2128.4,3.63,0.909,28.9,PlastiCreteAI_M1_Final_2000,experimental,mix_01468
0.47,ggbs,24.3,PP,8.08,7.31,28.6,55.9,30.78,4.27,2.35,2280.5,3.05,1.246,51.3,PlastiCreteAI_M1_Final_2000,experimental,mix_01469
0.553,silica_fume,12.5,PP,34.73,9.43,22.1,27.7,9.0,1.85,0.87,2132.6,4.7,0.684,24.8,PlastiCreteAI_M1_Final_2000,experimental,mix_01470
0.612,fly_ash,15.3,PP,7.28,8.29,29.6,13.8,14.87,2.51,1.51,2261.8,4.29,1.137,30.9,PlastiCreteAI_M1_Final_2000,experimental,mix_01471
0.516,ggbs,28.6,PP,3.82,16.79,20.0,55.7,31.13,4.8,2.62,2277.6,3.71,1.211,52.1,PlastiCreteAI_M1_Final_2000,experimental,mix_01472
0.509,fly_ash,14.6,PP,13.06,13.94,27.9,27.6,18.29,2.56,1.93,2235.8,3.87,1.068,37.8,PlastiCreteAI_M1_Final_2000,experimental,mix_01473
0.54,none,0.0,PP,25.38,5.83,18.3,6.6,5.0,1.19,0.43,2192.8,5.0,0.866,21.1,PlastiCreteAI_M1_Final_2000,experimental,mix_01474
0.441,none,0.0,PP,31.8,8.71,25.4,7.0,5.0,1.27,0.38,2119.5,4.32,0.767,17.1,PlastiCreteAI_M1_Final_2000,experimental,mix_01475
0.479,none,0.0,PP,26.49,12.89,27.1,13.9,6.94,1.43,0.72,2097.4,4.66,0.893,25.2,PlastiCreteAI_M1_Final_2000,experimental,mix_01476
0.431,fly_ash,13.3,PP,17.89,5.86,45.3,28.0,11.14,2.05,1.2,2239.3,3.67,0.969,33.6,PlastiCreteAI_M1_Final_2000,experimental,mix_01477
0.404,none,0.0,PP,37.52,16.83,29.2,7.3,5.0,1.37,0.52,2084.7,4.69,0.683,25.4,PlastiCreteAI_M1_Final_2000,experimental,mix_01478
0.499,none,0.0,PP,23.23,5.36,68.9,3.0,5.0,1.38,0.41,2168.2,4.55,0.98,23.4,PlastiCreteAI_M1_Final_2000,experimental,mix_01479
0.431,silica_fume,12.7,PP,32.96,11.12,27.1,13.7,6.81,1.64,0.53,2140.9,3.79,0.816,27.7,PlastiCreteAI_M1_Final_2000,experimental,mix_01480
0.381,none,0.0,PP,15.0,4.11,25.0,14.5,11.58,2.27,1.02,2236.1,3.07,1.052,33.9,PlastiCreteAI_M1_Final_2000,experimental,mix_01481
0.466,ggbs,18.7,PP,31.54,8.58,21.5,6.8,5.47,1.38,0.45,2131.4,4.48,0.786,27.6,PlastiCreteAI_M1_Final_2000,experimental,mix_01482
0.508,ggbs,24.4,PP,36.42,17.98,33.4,28.3,10.39,1.89,0.79,2091.1,4.76,0.651,23.4,PlastiCreteAI_M1_Final_2000,experimental,mix_01483
0.547,silica_fume,16.9,PP,5.74,12.88,20.5,7.1,10.85,2.13,1.17,2281.6,3.43,1.245,32.5,PlastiCreteAI_M1_Final_2000,experimental,mix_01484
0.435,none,0.0,PP,27.76,8.07,58.7,28.4,10.11,1.95,1.02,2120.3,4.26,0.87,28.2,PlastiCreteAI_M1_Final_2000,experimental,mix_01485
0.35,none,0.0,PP,5.96,5.97,25.8,7.5,13.48,2.17,1.26,2334.7,2.68,1.256,35.9,PlastiCreteAI_M1_Final_2000,experimental,mix_01486
0.35,fly_ash,12.2,PP,15.63,5.94,22.9,7.3,7.05,1.56,0.55,2236.8,2.67,1.071,29.5,PlastiCreteAI_M1_Final_2000,experimental,mix_01487
0.572,ggbs,27.9,PP,27.22,9.72,34.7,55.6,11.78,2.15,1.29,2156.3,4.86,0.847,28.0,PlastiCreteAI_M1_Final_2000,experimental,mix_01488
0.521,fly_ash,22.5,PP,27.62,9.31,29.7,90.0,15.31,2.54,1.59,2161.3,4.67,0.808,32.6,PlastiCreteAI_M1_Final_2000,experimental,mix_01489
0.475,ggbs,10.7,PP,7.02,8.02,23.0,27.7,23.37,3.09,1.81,2257.0,2.81,1.209,43.6,PlastiCreteAI_M1_Final_2000,experimental,mix_01490
0.444,none,0.0,PP,13.49,10.58,65.1,89.7,28.87,4.14,2.6,2228.6,3.5,1.122,43.4,PlastiCreteAI_M1_Final_2000,experimental,mix_01491
0.508,none,0.0,PP,32.18,6.93,25.3,3.3,5.06,1.4,0.45,2100.7,5.02,0.779,23.1,PlastiCreteAI_M1_Final_2000,experimental,mix_01492
0.498,none,0.0,PP,34.82,6.41,21.9,28.4,8.54,1.92,0.89,2075.6,5.43,0.676,21.1,PlastiCreteAI_M1_Final_2000,experimental,mix_01493
0.396,none,0.0,PP,19.73,5.31,43.6,89.9,17.14,3.36,1.36,2236.3,3.54,1.001,37.6,PlastiCreteAI_M1_Final_2000,experimental,mix_01494
0.392,none,0.0,PP,18.44,4.04,25.0,27.9,10.15,2.27,1.0,2270.7,3.06,0.999,32.0,PlastiCreteAI_M1_Final_2000,experimental,mix_01495
0.421,ggbs,27.2,PP,31.91,5.97,25.7,28.2,10.89,2.06,0.96,2102.0,3.82,0.744,33.2,PlastiCreteAI_M1_Final_2000,experimental,mix_01496
0.393,none,0.0,PP,18.47,16.21,21.3,28.5,10.96,1.96,1.13,2198.0,3.43,1.007,29.3,PlastiCreteAI_M1_Final_2000,experimental,mix_01497
0.495,silica_fume,5.1,PP,28.08,17.72,25.2,14.3,6.38,1.53,0.67,2094.6,3.81,0.891,28.6,PlastiCreteAI_M1_Final_2000,experimental,mix_01498
0.388,none,0.0,PP,7.27,8.34,41.4,13.6,19.5,3.04,1.88,2312.4,2.81,1.278,41.8,PlastiCreteAI_M1_Final_2000,experimental,mix_01499
0.547,fly_ash,20.6,PP,19.53,4.38,30.0,28.3,9.3,2.03,0.81,2237.7,4.51,1.014,23.2,PlastiCreteAI_M1_Final_2000,experimental,mix_01500
0.466,ggbs,29.0,PP,11.63,13.02,19.4,27.6,20.41,2.86,1.67,2243.8,3.15,1.158,40.3,PlastiCreteAI_M1_Final_2000,experimental,mix_01501
0.636,ggbs,10.7,PP,37.21,11.45,26.8,7.1,5.0,1.34,0.39,2101.8,5.98,0.658,14.0,PlastiCreteAI_M1_Final_2000,experimental,mix_01502
0.488,none,0.0,PP,32.42,16.12,39.6,28.1,8.56,1.96,0.93,2159.0,5.32,0.758,17.0,PlastiCreteAI_M1_Final_2000,experimental,mix_01503
0.35,none,0.0,PP,9.97,5.3,77.5,27.6,29.68,3.72,2.58,2253.2,2.38,1.213,45.1,PlastiCreteAI_M1_Final_2000,experimental,mix_01504
0.65,none,0.0,PP,11.56,5.15,26.2,3.0,5.0,1.24,0.44,2253.2,5.84,1.102,16.9,PlastiCreteAI_M1_Final_2000,experimental,mix_01505
0.395,none,0.0,PP,31.14,10.4,78.4,56.2,16.72,2.63,1.37,2089.2,3.88,0.794,32.6,PlastiCreteAI_M1_Final_2000,experimental,mix_01506
0.416,fly_ash,25.4,PP,25.15,6.6,24.4,13.6,7.41,1.73,0.71,2162.5,3.66,0.964,26.7,PlastiCreteAI_M1_Final_2000,experimental,mix_01507
0.547,ggbs,12.4,PP,26.73,5.47,26.5,90.0,14.45,2.23,1.37,2160.4,4.56,0.86,30.4,PlastiCreteAI_M1_Final_2000,experimental,mix_01508
0.439,fly_ash,21.2,PP,24.62,12.17,72.2,90.0,16.77,2.74,1.52,2173.6,4.02,0.908,35.8,PlastiCreteAI_M1_Final_2000,experimental,mix_01509
0.513,none,0.0,PP,16.19,7.15,29.5,89.8,19.7,2.85,1.96,2238.7,4.41,1.109,31.6,PlastiCreteAI_M1_Final_2000,experimental,mix_01510
0.351,silica_fume,12.5,PP,14.92,5.86,28.6,28.2,20.25,3.11,2.18,2224.3,1.96,1.112,46.2,PlastiCreteAI_M1_Final_2000,experimental,mix_01511
0.46,silica_fume,14.1,PP,26.63,6.02,23.5,28.4,9.9,2.04,0.85,2143.9,3.58,0.89,29.8,PlastiCreteAI_M1_Final_2000,experimental,mix_01512
0.352,ggbs,19.6,PP,29.51,7.6,19.0,56.5,17.31,2.65,1.3,2115.5,3.18,0.75,37.6,PlastiCreteAI_M1_Final_2000,experimental,mix_01513
0.47,silica_fume,19.5,PP,19.78,5.73,28.8,89.6,18.5,2.8,1.51,2263.9,2.93,1.023,43.2,PlastiCreteAI_M1_Final_2000,experimental,mix_01514
0.569,ggbs,25.5,PP,20.34,4.05,26.9,55.7,11.82,2.43,1.06,2247.0,4.77,0.945,30.1,PlastiCreteAI_M1_Final_2000,experimental,mix_01515
0.51,none,0.0,PP,11.26,12.83,25.0,13.8,12.8,2.04,1.01,2215.9,4.27,1.151,24.7,PlastiCreteAI_M1_Final_2000,experimental,mix_01516
0.471,fly_ash,28.3,PP,3.13,7.49,66.7,55.6,42.42,4.61,4.49,2324.1,3.14,1.232,64.8,PlastiCreteAI_M1_Final_2000,experimental,mix_01517
0.425,none,0.0,PP,17.65,5.49,20.1,27.8,10.34,1.87,0.87,2212.4,3.64,1.052,31.0,PlastiCreteAI_M1_Final_2000,experimental,mix_01518
0.535,silica_fume,16.3,PP,16.21,5.91,22.5,28.1,10.46,2.24,0.98,2233.5,4.05,1.089,32.0,PlastiCreteAI_M1_Final_2000,experimental,mix_01519
0.57,fly_ash,11.3,PP,19.62,5.27,48.4,7.1,5.14,1.23,0.44,2198.2,4.47,0.982,27.8,PlastiCreteAI_M1_Final_2000,experimental,mix_01520
0.401,none,0.0,PP,18.03,13.37,64.9,27.8,10.14,2.45,0.94,2200.0,2.99,1.033,36.9,PlastiCreteAI_M1_Final_2000,experimental,mix_01521
0.374,ggbs,25.9,PP,39.85,9.78,38.7,28.1,12.08,2.15,0.99,2053.5,3.64,0.662,33.1,PlastiCreteAI_M1_Final_2000,experimental,mix_01522
0.377,silica_fume,19.3,PP,11.12,7.8,74.4,3.4,7.15,1.6,0.59,2254.0,1.92,1.281,39.0,PlastiCreteAI_M1_Final_2000,experimental,mix_01523
0.358,fly_ash,10.2,PP,5.3,18.08,21.6,89.9,49.32,5.42,4.24,2258.9,2.22,1.203,71.9,PlastiCreteAI_M1_Final_2000,experimental,mix_01524
0.444,ggbs,19.2,PP,23.11,6.15,29.8,28.3,9.21,2.07,0.95,2193.5,3.47,0.882,26.8,PlastiCreteAI_M1_Final_2000,experimental,mix_01525
0.399,ggbs,10.4,PP,10.3,7.88,19.3,6.5,9.01,1.88,0.69,2313.8,2.78,1.173,42.3,PlastiCreteAI_M1_Final_2000,experimental,mix_01526
0.391,none,0.0,PP,15.37,5.32,24.7,27.9,14.99,2.8,1.56,2227.2,2.93,1.029,32.4,PlastiCreteAI_M1_Final_2000,experimental,mix_01527
0.446,fly_ash,13.9,PP,23.06,4.33,26.0,13.6,6.38,1.53,0.56,2198.7,3.69,0.898,28.7,PlastiCreteAI_M1_Final_2000,experimental,mix_01528
0.438,none,0.0,PP,7.22,7.53,24.5,89.8,42.17,3.96,4.33,2317.8,3.2,1.2,53.7,PlastiCreteAI_M1_Final_2000,experimental,mix_01529
0.52,none,0.0,PP,26.11,8.42,25.4,28.5,9.12,1.59,0.95,2129.7,4.84,0.908,17.3,PlastiCreteAI_M1_Final_2000,experimental,mix_01530
0.508,fly_ash,12.2,PP,8.69,11.06,28.1,27.9,21.13,3.03,1.96,2290.5,3.23,1.226,37.1,PlastiCreteAI_M1_Final_2000,experimental,mix_01531
0.488,ggbs,10.3,PP,18.43,9.03,18.0,27.5,8.17,1.75,0.63,2192.1,4.09,1.057,34.7,PlastiCreteAI_M1_Final_2000,experimental,mix_01532
0.365,silica_fume,6.6,PP,24.4,14.15,27.0,28.1,12.57,1.91,1.13,2211.8,2.59,0.91,40.1,PlastiCreteAI_M1_Final_2000,experimental,mix_01533
0.385,ggbs,26.8,PP,31.64,7.55,32.2,27.7,11.37,2.22,1.08,2115.5,3.73,0.764,31.4,PlastiCreteAI_M1_Final_2000,experimental,mix_01534
0.4,none,0.0,PP,21.56,17.99,20.5,27.7,10.14,1.97,0.87,2211.3,3.25,1.026,27.5,PlastiCreteAI_M1_Final_2000,experimental,mix_01535
0.534,none,0.0,PP,37.42,13.53,55.6,27.5,8.58,1.87,0.76,2089.8,5.96,0.719,19.0,PlastiCreteAI_M1_Final_2000,experimental,mix_01536
0.437,silica_fume,10.5,PP,0.0,7.18,26.7,28.4,37.93,3.76,3.6,2357.8,2.11,1.409,61.8,PlastiCreteAI_M1_Final_2000,experimental,mix_01537
0.485,fly_ash,14.4,PP,9.12,6.61,43.0,28.2,23.33,2.97,2.13,2252.2,3.51,1.104,44.1,PlastiCreteAI_M1_Final_2000,experimental,mix_01538
0.556,fly_ash,22.4,PP,24.31,7.06,35.8,28.0,9.32,1.87,0.95,2173.0,4.83,0.94,24.5,PlastiCreteAI_M1_Final_2000,experimental,mix_01539
0.62,none,0.0,PP,38.66,4.06,77.8,90.0,11.49,2.36,1.03,2039.5,6.58,0.729,14.1,PlastiCreteAI_M1_Final_2000,experimental,mix_01540
0.476,ggbs,12.8,PP,13.81,17.28,26.5,27.8,16.49,2.49,1.26,2226.4,2.92,1.141,35.0,PlastiCreteAI_M1_Final_2000,experimental,mix_01541
0.4,fly_ash,17.1,PP,19.63,6.84,50.7,27.9,12.1,2.34,1.23,2216.2,3.14,0.975,41.4,PlastiCreteAI_M1_Final_2000,experimental,mix_01542
0.498,silica_fume,18.6,PP,37.66,5.19,20.0,28.3,9.57,1.97,0.81,2050.2,4.05,0.719,28.8,PlastiCreteAI_M1_Final_2000,experimental,mix_01543
0.52,none,0.0,PP,39.92,11.78,44.6,28.4,9.72,1.63,1.04,2054.6,5.17,0.618,21.4,PlastiCreteAI_M1_Final_2000,experimental,mix_01544
0.422,fly_ash,11.8,PP,14.11,7.45,19.8,28.2,17.63,2.85,1.64,2256.9,3.33,1.031,38.5,PlastiCreteAI_M1_Final_2000,experimental,mix_01545
0.547,ggbs,13.5,PP,23.73,8.42,22.5,14.3,6.48,1.51,0.65,2173.5,4.73,0.967,23.3,PlastiCreteAI_M1_Final_2000,experimental,mix_01546
0.619,ggbs,23.8,PP,3.73,8.11,23.4,56.2,30.13,4.33,3.29,2304.3,3.87,1.294,46.9,PlastiCreteAI_M1_Final_2000,experimental,mix_01547
0.35,none,0.0,PP,28.77,17.51,27.9,6.9,5.0,1.3,0.44,2156.4,3.47,0.869,28.1,PlastiCreteAI_M1_Final_2000,experimental,mix_01548
0.35,silica_fume,14.6,PP,25.74,6.73,32.6,28.1,14.1,2.46,1.54,2145.1,2.58,0.917,39.0,PlastiCreteAI_M1_Final_2000,experimental,mix_01549
0.401,silica_fume,7.0,PP,11.7,17.87,27.6,7.0,9.83,1.97,1.03,2260.7,2.57,1.096,42.2,PlastiCreteAI_M1_Final_2000,experimental,mix_01550
0.475,fly_ash,12.9,PP,28.87,7.66,46.7,27.9,9.38,2.27,0.98,2147.5,4.32,0.804,28.6,PlastiCreteAI_M1_Final_2000,experimental,mix_01551
0.435,none,0.0,PP,22.45,14.65,39.3,7.2,5.0,1.34,0.42,2189.8,4.05,0.99,31.0,PlastiCreteAI_M1_Final_2000,experimental,mix_01552
0.524,silica_fume,6.9,PP,5.06,15.21,73.1,6.8,10.54,2.2,0.82,2314.9,3.26,1.234,31.2,PlastiCreteAI_M1_Final_2000,experimental,mix_01553
0.579,silica_fume,11.0,PP,26.82,12.91,66.3,28.2,9.78,1.95,0.85,2134.8,4.37,0.944,24.0,PlastiCreteAI_M1_Final_2000,experimental,mix_01554
0.35,ggbs,11.7,PP,13.78,9.72,43.0,27.9,22.19,2.79,2.15,2263.8,2.01,1.162,50.3,PlastiCreteAI_M1_Final_2000,experimental,mix_01555
0.505,none,0.0,PP,31.64,11.94,57.6,14.1,6.25,1.54,0.53,2069.3,5.36,0.776,19.7,PlastiCreteAI_M1_Final_2000,experimental,mix_01556
0.434,none,0.0,PP,37.42,5.74,54.5,27.9,10.63,1.75,1.0,2088.5,5.38,0.721,24.7,PlastiCreteAI_M1_Final_2000,experimental,mix_01557
0.554,none,0.0,PP,7.22,7.23,24.0,7.4,9.27,1.89,0.92,2306.8,3.99,1.167,27.1,PlastiCreteAI_M1_Final_2000,experimental,mix_01558
0.537,silica_fume,11.3,PP,36.58,5.67,42.6,3.0,5.0,1.23,0.45,2089.3,4.09,0.742,23.2,PlastiCreteAI_M1_Final_2000,experimental,mix_01559
0.416,fly_ash,22.4,PP,25.43,10.19,41.5,13.5,7.98,1.74,0.81,2124.2,3.83,0.881,31.2,PlastiCreteAI_M1_Final_2000,experimental,mix_01560
0.416,silica_fume,12.9,PP,26.47,17.45,59.6,3.0,5.13,1.22,0.39,2169.9,3.44,0.905,36.2,PlastiCreteAI_M1_Final_2000,experimental,mix_01561
0.488,fly_ash,22.7,PP,25.93,8.31,26.1,28.3,10.14,1.94,0.94,2121.6,3.97,0.847,33.3,PlastiCreteAI_M1_Final_2000,experimental,mix_01562
0.473,ggbs,16.0,PP,23.84,12.29,45.3,55.8,13.09,2.94,1.43,2216.6,3.84,0.937,33.2,PlastiCreteAI_M1_Final_2000,experimental,mix_01563
0.365,none,0.0,PP,19.85,5.1,44.6,13.9,8.17,1.82,0.62,2202.7,3.06,1.01,32.4,PlastiCreteAI_M1_Final_2000,experimental,mix_01564
0.445,ggbs,17.9,PP,15.03,7.09,62.1,28.4,14.88,3.09,1.29,2224.7,2.85,1.057,46.8,PlastiCreteAI_M1_Final_2000,experimental,mix_01565
0.35,silica_fume,9.3,PP,33.8,4.48,43.6,6.8,5.0,1.38,0.49,2096.6,3.29,0.77,30.8,PlastiCreteAI_M1_Final_2000,experimental,mix_01566
0.518,none,0.0,PP,8.08,4.56,29.1,56.0,27.21,3.98,2.91,2318.9,3.93,1.223,40.3,PlastiCreteAI_M1_Final_2000,experimental,mix_01567
0.542,silica_fume,11.6,PP,37.4,17.71,24.2,14.3,6.8,1.49,0.6,2081.7,4.53,0.724,28.0,PlastiCreteAI_M1_Final_2000,experimental,mix_01568
0.469,ggbs,10.1,PP,38.21,13.83,19.2,56.0,12.67,2.19,1.12,2060.8,4.4,0.682,29.6,PlastiCreteAI_M1_Final_2000,experimental,mix_01569
0.431,ggbs,16.5,PP,4.09,14.82,46.0,14.1,20.7,3.54,2.05,2300.9,2.77,1.282,45.6,PlastiCreteAI_M1_Final_2000,experimental,mix_01570
0.571,none,0.0,PP,29.53,13.95,28.6,55.8,10.16,2.12,1.03,2169.0,5.4,0.887,13.9,PlastiCreteAI_M1_Final_2000,experimental,mix_01571
0.398,none,0.0,PP,29.98,7.92,38.4,27.8,11.82,1.99,1.2,2078.2,4.3,0.829,30.2,PlastiCreteAI_M1_Final_2000,experimental,mix_01572
0.49,ggbs,23.1,PP,33.01,6.67,68.0,27.8,10.88,1.9,0.89,2066.7,4.29,0.739,29.4,PlastiCreteAI_M1_Final_2000,experimental,mix_01573
0.5,ggbs,10.0,PP,25.66,5.45,22.4,14.2,5.88,1.47,0.48,2158.7,4.04,0.883,22.1,PlastiCreteAI_M1_Final_2000,experimental,mix_01574
0.514,none,0.0,PP,37.27,12.44,38.9,89.9,14.48,2.52,1.17,2097.4,5.57,0.66,26.2,PlastiCreteAI_M1_Final_2000,experimental,mix_01575
0.443,none,0.0,PP,35.89,9.38,61.3,3.0,5.01,1.1,0.45,2078.0,4.76,0.723,22.9,PlastiCreteAI_M1_Final_2000,experimental,mix_01576
0.444,silica_fume,11.2,PP,9.25,6.34,26.1,13.9,17.89,2.8,1.4,2291.8,2.58,1.153,45.1,PlastiCreteAI_M1_Final_2000,experimental,mix_01577
0.357,ggbs,13.8,PP,33.25,5.98,73.5,55.7,16.79,3.12,1.46,2119.9,3.44,0.776,39.6,PlastiCreteAI_M1_Final_2000,experimental,mix_01578
0.497,silica_fume,7.5,PP,28.09,11.25,18.2,28.1,9.04,1.94,0.83,2137.5,3.73,0.844,30.9,PlastiCreteAI_M1_Final_2000,experimental,mix_01579
0.447,fly_ash,21.9,PP,37.29,5.52,22.6,7.1,5.0,1.18,0.5,2106.9,4.52,0.716,26.2,PlastiCreteAI_M1_Final_2000,experimental,mix_01580
0.61,none,0.0,PP,10.5,4.31,18.1,56.1,19.6,3.48,2.09,2229.0,5.18,1.096,32.0,PlastiCreteAI_M1_Final_2000,experimental,mix_01581
0.479,silica_fume,13.8,PP,30.1,8.93,50.6,55.5,15.9,2.44,1.3,2147.6,3.76,0.827,37.7,PlastiCreteAI_M1_Final_2000,experimental,mix_01582
0.507,fly_ash,13.4,PP,15.67,12.0,64.0,28.2,14.0,2.18,1.45,2198.7,3.41,1.013,35.4,PlastiCreteAI_M1_Final_2000,experimental,mix_01583
0.421,fly_ash,15.4,PP,33.04,9.18,25.3,28.5,10.93,1.96,0.97,2080.1,3.66,0.753,38.0,PlastiCreteAI_M1_Final_2000,experimental,mix_01584
0.506,none,0.0,PP,35.64,8.95,31.4,27.7,9.11,1.94,0.73,2150.5,5.01,0.794,24.2,PlastiCreteAI_M1_Final_2000,experimental,mix_01585
0.468,ggbs,20.4,PP,4.2,11.79,24.7,28.2,26.29,3.56,2.85,2329.0,3.14,1.28,51.3,PlastiCreteAI_M1_Final_2000,experimental,mix_01586
0.35,ggbs,16.8,PP,6.54,4.38,56.1,27.7,33.97,4.16,2.57,2303.3,2.46,1.23,51.9,PlastiCreteAI_M1_Final_2000,experimental,mix_01587
0.4,ggbs,10.0,PP,3.29,10.44,32.7,28.0,29.77,4.2,2.4,2315.7,2.11,1.288,54.0,PlastiCreteAI_M1_Final_2000,experimental,mix_01588
0.437,ggbs,13.1,PP,26.09,10.96,19.4,90.0,18.04,2.81,1.39,2175.8,3.27,0.893,34.2,PlastiCreteAI_M1_Final_2000,experimental,mix_01589
0.447,none,0.0,PP,7.13,10.51,46.0,56.3,39.56,4.83,3.77,2271.4,3.04,1.249,58.1,PlastiCreteAI_M1_Final_2000,experimental,mix_01590
0.463,silica_fume,18.1,PP,5.3,11.44,44.2,6.7,11.27,2.09,1.02,2303.4,2.95,1.341,35.9,PlastiCreteAI_M1_Final_2000,experimental,mix_01591
0.415,silica_fume,15.0,PP,12.38,4.01,29.2,7.4,9.39,2.03,0.82,2251.6,2.02,1.157,42.2,PlastiCreteAI_M1_Final_2000,experimental,mix_01592
0.605,ggbs,22.4,PP,3.07,13.24,18.5,7.1,8.95,1.82,0.7,2304.2,3.93,1.335,30.8,PlastiCreteAI_M1_Final_2000,experimental,mix_01593
0.433,none,0.0,PP,22.37,4.7,24.0,13.9,6.73,1.43,0.51,2135.4,3.89,1.003,23.1,PlastiCreteAI_M1_Final_2000,experimental,mix_01594
0.451,ggbs,24.4,PP,15.59,5.38,23.3,28.1,14.81,2.29,1.56,2269.5,3.57,1.027,31.6,PlastiCreteAI_M1_Final_2000,experimental,mix_01595
0.568,silica_fume,8.3,PP,21.24,12.12,19.3,28.4,8.89,1.92,0.76,2179.8,3.92,1.027,24.6,PlastiCreteAI_M1_Final_2000,experimental,mix_01596
0.426,silica_fume,10.8,PP,2.27,8.32,22.7,56.1,44.25,4.22,4.15,2315.7,2.36,1.28,68.3,PlastiCreteAI_M1_Final_2000,experimental,mix_01597
0.501,fly_ash,17.9,PP,24.79,9.72,22.3,28.1,9.46,1.81,0.93,2108.3,4.15,0.832,27.5,PlastiCreteAI_M1_Final_2000,experimental,mix_01598
0.35,silica_fume,14.9,PP,6.03,13.11,34.2,27.9,31.75,4.39,3.31,2307.3,1.81,1.292,57.6,PlastiCreteAI_M1_Final_2000,experimental,mix_01599
0.532,fly_ash,20.7,PP,5.84,14.12,23.9,27.8,25.01,3.03,2.24,2274.2,3.9,1.205,42.3,PlastiCreteAI_M1_Final_2000,experimental,mix_01600
0.431,silica_fume,18.8,PP,15.43,4.63,18.2,56.1,20.96,3.03,1.8,2251.1,2.36,1.089,50.9,PlastiCreteAI_M1_Final_2000,experimental,mix_01601
0.468,ggbs,19.3,PP,22.16,6.87,20.6,56.4,12.65,2.63,1.32,2186.2,3.82,0.874,34.8,PlastiCreteAI_M1_Final_2000,experimental,mix_01602
0.56,none,0.0,PP,8.73,9.71,29.1,56.5,25.3,3.47,2.67,2275.4,4.5,1.185,32.8,PlastiCreteAI_M1_Final_2000,experimental,mix_01603
0.476,ggbs,17.0,PP,32.8,5.71,24.5,56.3,12.52,2.15,1.22,2088.8,4.3,0.77,29.7,PlastiCreteAI_M1_Final_2000,experimental,mix_01604
0.549,silica_fume,12.5,PP,38.29,16.5,29.2,28.0,9.7,2.15,0.99,2058.8,4.34,0.596,26.0,PlastiCreteAI_M1_Final_2000,experimental,mix_01605
0.371,none,0.0,PP,33.22,6.61,73.2,14.0,7.04,1.83,0.59,2095.3,3.67,0.754,29.8,PlastiCreteAI_M1_Final_2000,experimental,mix_01606
0.57,silica_fume,13.4,PP,37.03,9.51,22.9,89.7,13.96,2.34,1.07,2049.4,4.84,0.711,32.0,PlastiCreteAI_M1_Final_2000,experimental,mix_01607
0.35,none,0.0,PP,36.03,6.81,37.0,7.1,5.73,1.22,0.44,2103.5,3.74,0.648,27.6,PlastiCreteAI_M1_Final_2000,experimental,mix_01608
0.377,fly_ash,19.7,PP,38.37,8.21,79.5,56.1,18.09,2.58,1.56,2007.3,3.85,0.67,43.1,PlastiCreteAI_M1_Final_2000,experimental,mix_01609
0.529,none,0.0,PP,15.49,5.16,28.3,28.1,12.4,1.98,1.05,2238.3,5.16,1.096,24.1,PlastiCreteAI_M1_Final_2000,experimental,mix_01610
0.445,none,0.0,PP,8.41,6.01,57.5,27.5,25.77,3.19,2.32,2302.7,3.34,1.224,39.3,PlastiCreteAI_M1_Final_2000,experimental,mix_01611
0.427,none,0.0,PP,39.36,9.35,20.5,27.9,10.26,1.65,0.86,2032.6,4.67,0.665,17.4,PlastiCreteAI_M1_Final_2000,experimental,mix_01612
0.457,none,0.0,PP,22.68,13.01,29.3,28.1,10.07,1.95,0.97,2160.1,4.34,0.909,23.5,PlastiCreteAI_M1_Final_2000,experimental,mix_01613
0.495,fly_ash,15.6,PP,31.43,10.75,67.6,56.2,12.63,2.13,1.32,2145.5,4.7,0.74,26.1,PlastiCreteAI_M1_Final_2000,experimental,mix_01614
0.505,silica_fume,18.3,PP,16.23,10.67,43.6,89.7,18.19,3.26,1.38,2196.2,3.27,1.104,35.7,PlastiCreteAI_M1_Final_2000,experimental,mix_01615
0.556,none,0.0,PP,19.07,8.9,23.7,90.0,12.87,2.37,1.34,2200.0,4.61,1.022,21.4,PlastiCreteAI_M1_Final_2000,experimental,mix_01616
0.547,fly_ash,10.4,PP,0.58,15.61,27.9,14.3,16.24,2.87,1.74,2334.7,3.56,1.265,34.5,PlastiCreteAI_M1_Final_2000,experimental,mix_01617
0.557,fly_ash,13.4,PP,16.05,15.1,28.6,27.9,10.54,2.21,1.01,2205.3,4.77,1.07,26.4,PlastiCreteAI_M1_Final_2000,experimental,mix_01618
0.551,ggbs,21.1,PP,35.96,11.7,18.0,13.6,5.87,1.46,0.56,2095.5,4.73,0.63,24.4,PlastiCreteAI_M1_Final_2000,experimental,mix_01619
0.401,silica_fume,11.5,PP,10.43,8.98,23.3,28.0,27.0,3.11,2.19,2245.2,2.47,1.212,52.7,PlastiCreteAI_M1_Final_2000,experimental,mix_01620
0.44,fly_ash,23.6,PP,24.58,7.99,37.0,27.9,11.0,2.14,0.84,2194.3,3.74,0.865,30.5,PlastiCreteAI_M1_Final_2000,experimental,mix_01621
0.538,fly_ash,10.2,PP,10.45,18.13,44.0,27.6,20.72,2.64,1.7,2247.9,3.72,1.172,40.5,PlastiCreteAI_M1_Final_2000,experimental,mix_01622
0.538,ggbs,12.7,PP,22.8,14.94,25.6,28.3,8.98,1.97,0.88,2154.0,4.46,0.924,32.1,PlastiCreteAI_M1_Final_2000,experimental,mix_01623
0.41,none,0.0,PP,36.33,11.57,29.4,6.9,5.1,1.29,0.49,2073.5,4.3,0.763,19.2,PlastiCreteAI_M1_Final_2000,experimental,mix_01624
0.52,none,0.0,PP,9.16,4.22,32.9,14.4,11.97,2.62,0.97,2245.8,4.46,1.197,26.9,PlastiCreteAI_M1_Final_2000,experimental,mix_01625
0.511,silica_fume,7.6,PP,22.98,7.4,29.4,14.4,6.37,1.66,0.67,2143.0,3.31,1.006,25.4,PlastiCreteAI_M1_Final_2000,experimental,mix_01626
0.403,none,0.0,PP,15.56,7.12,26.7,56.0,19.39,3.26,1.56,2222.9,3.27,1.088,33.8,PlastiCreteAI_M1_Final_2000,experimental,mix_01627
0.571,silica_fume,11.5,PP,14.14,10.73,48.3,7.2,7.21,1.71,0.69,2240.4,3.47,1.118,30.6,PlastiCreteAI_M1_Final_2000,experimental,mix_01628
0.464,fly_ash,17.8,PP,30.47,8.03,25.6,90.0,16.69,2.97,1.3,2144.7,4.14,0.661,39.6,PlastiCreteAI_M1_Final_2000,experimental,mix_01629
0.504,silica_fume,11.9,PP,9.34,6.72,19.6,7.4,9.82,1.89,1.04,2263.3,3.43,1.204,32.7,PlastiCreteAI_M1_Final_2000,experimental,mix_01630
0.38,fly_ash,19.1,PP,21.19,12.09,69.6,28.1,13.66,2.41,1.46,2231.6,3.41,0.954,35.2,PlastiCreteAI_M1_Final_2000,experimental,mix_01631
0.463,fly_ash,28.8,PP,3.14,12.2,72.5,14.0,20.85,3.62,2.28,2324.8,2.78,1.18,48.6,PlastiCreteAI_M1_Final_2000,experimental,mix_01632
0.35,none,0.0,PP,38.17,8.23,25.2,27.9,11.56,1.83,1.11,2075.4,4.07,0.691,31.8,PlastiCreteAI_M1_Final_2000,experimental,mix_01633
0.405,ggbs,27.2,PP,37.12,5.23,41.6,13.9,8.1,1.54,0.72,2033.8,3.99,0.716,31.8,PlastiCreteAI_M1_Final_2000,experimental,mix_01634
0.445,ggbs,23.0,PP,14.07,5.09,43.3,28.1,17.73,2.71,1.55,2247.1,2.89,1.087,36.3,PlastiCreteAI_M1_Final_2000,experimental,mix_01635
0.358,silica_fume,10.1,PP,16.02,10.96,23.5,7.0,7.33,1.67,0.73,2234.5,2.28,1.052,35.7,PlastiCreteAI_M1_Final_2000,experimental,mix_01636
0.379,ggbs,16.3,PP,0.23,13.44,26.1,6.8,12.9,2.42,1.19,2304.0,2.23,1.308,42.9,PlastiCreteAI_M1_Final_2000,experimental,mix_01637
0.423,silica_fume,13.5,PP,10.89,5.66,24.5,3.3,6.13,1.58,0.51,2263.6,2.54,1.17,29.7,PlastiCreteAI_M1_Final_2000,experimental,mix_01638
0.35,fly_ash,14.1,PP,3.68,4.4,66.0,6.9,17.31,2.4,1.86,2346.8,1.97,1.29,39.7,PlastiCreteAI_M1_Final_2000,experimental,mix_01639
0.418,fly_ash,23.7,PP,26.81,14.76,58.4,6.5,5.02,1.28,0.45,2192.6,3.92,0.879,29.0,PlastiCreteAI_M1_Final_2000,experimental,mix_01640
0.396,silica_fume,14.2,PP,16.47,11.82,28.6,6.7,6.37,1.61,0.48,2251.5,2.42,1.11,31.5,PlastiCreteAI_M1_Final_2000,experimental,mix_01641
0.397,fly_ash,29.6,PP,27.4,7.75,19.3,89.7,16.07,3.01,1.43,2136.1,3.77,0.904,42.7,PlastiCreteAI_M1_Final_2000,experimental,mix_01642
0.44,none,0.0,PP,7.08,7.76,28.8,55.7,34.57,4.21,2.6,2255.1,3.4,1.199,43.2,PlastiCreteAI_M1_Final_2000,experimental,mix_01643
0.56,fly_ash,18.3,PP,32.0,9.53,24.0,13.9,5.9,1.5,0.47,2112.2,5.04,0.762,19.5,PlastiCreteAI_M1_Final_2000,experimental,mix_01644
0.392,fly_ash,22.1,PP,32.0,5.34,27.8,27.8,11.94,1.94,1.28,2133.1,3.91,0.782,28.3,PlastiCreteAI_M1_Final_2000,experimental,mix_01645
0.516,silica_fume,13.8,PP,31.97,4.53,32.9,55.7,12.98,2.13,1.12,2145.8,4.33,0.83,37.7,PlastiCreteAI_M1_Final_2000,experimental,mix_01646
0.381,ggbs,29.0,PP,6.49,15.88,42.8,28.3,34.01,3.78,3.49,2295.9,2.18,1.232,56.2,PlastiCreteAI_M1_Final_2000,experimental,mix_01647
0.528,silica_fume,6.3,PP,19.36,7.13,37.2,6.8,5.35,1.38,0.45,2217.3,4.03,0.999,23.8,PlastiCreteAI_M1_Final_2000,experimental,mix_01648
0.527,ggbs,23.1,PP,19.79,17.78,36.3,90.0,16.69,2.88,1.62,2171.9,4.32,0.978,39.1,PlastiCreteAI_M1_Final_2000,experimental,mix_01649
0.471,ggbs,20.0,PP,6.16,15.51,28.2,14.5,16.98,2.86,1.5,2325.7,2.89,1.258,43.2,PlastiCreteAI_M1_Final_2000,experimental,mix_01650
0.527,silica_fume,12.9,PP,16.11,12.58,23.5,7.3,5.69,1.32,0.54,2216.8,3.68,1.121,22.1,PlastiCreteAI_M1_Final_2000,experimental,mix_01651
0.417,fly_ash,18.0,PP,23.99,6.79,23.6,6.8,5.2,1.45,0.42,2193.4,3.66,0.875,27.7,PlastiCreteAI_M1_Final_2000,experimental,mix_01652
0.419,ggbs,14.0,PP,3.44,9.54,29.4,56.0,40.5,4.27,4.12,2309.8,3.08,1.238,62.7,PlastiCreteAI_M1_Final_2000,experimental,mix_01653
0.509,none,0.0,PP,30.3,8.52,18.2,89.7,12.95,2.29,1.2,2154.9,5.52,0.754,27.5,PlastiCreteAI_M1_Final_2000,experimental,mix_01654
0.454,none,0.0,PP,21.97,7.99,21.7,7.1,5.0,1.23,0.54,2169.5,4.44,1.015,27.8,PlastiCreteAI_M1_Final_2000,experimental,mix_01655
0.492,none,0.0,PP,38.15,12.89,18.8,27.8,8.79,1.89,0.72,2066.7,5.21,0.644,22.4,PlastiCreteAI_M1_Final_2000,experimental,mix_01656
0.649,silica_fume,8.1,PP,0.34,14.02,52.3,55.7,31.81,4.1,2.69,2302.6,3.95,1.491,49.6,PlastiCreteAI_M1_Final_2000,experimental,mix_01657
0.429,ggbs,27.1,PP,22.61,5.4,29.0,90.0,17.89,2.6,1.83,2230.3,2.81,0.932,44.6,PlastiCreteAI_M1_Final_2000,experimental,mix_01658
0.45,none,0.0,PP,31.33,5.5,27.9,90.0,15.67,2.61,1.57,2159.2,4.53,0.802,24.1,PlastiCreteAI_M1_Final_2000,experimental,mix_01659
0.451,fly_ash,24.2,PP,3.46,6.25,28.3,27.8,30.92,4.2,3.2,2317.0,3.0,1.259,51.8,PlastiCreteAI_M1_Final_2000,experimental,mix_01660
0.411,ggbs,13.4,PP,29.28,6.94,70.3,28.0,12.62,2.15,1.26,2124.2,3.73,0.872,29.2,PlastiCreteAI_M1_Final_2000,experimental,mix_01661
0.35,none,0.0,PP,7.45,7.06,28.2,90.0,45.63,5.37,3.65,2365.0,2.19,1.158,64.8,PlastiCreteAI_M1_Final_2000,experimental,mix_01662
0.393,silica_fume,8.2,PP,25.89,8.33,24.9,28.1,11.45,2.24,1.06,2181.6,2.62,0.889,33.7,PlastiCreteAI_M1_Final_2000,experimental,mix_01663
0.493,fly_ash,28.3,PP,32.9,8.34,19.3,90.0,15.49,2.41,1.35,2170.6,4.71,0.735,29.0,PlastiCreteAI_M1_Final_2000,experimental,mix_01664
0.417,none,0.0,PP,7.19,4.68,18.9,56.5,36.35,4.45,3.8,2317.0,2.91,1.267,51.6,PlastiCreteAI_M1_Final_2000,experimental,mix_01665
0.557,silica_fume,11.8,PP,35.61,5.19,30.6,14.0,6.33,1.67,0.49,2118.4,4.69,0.733,23.8,PlastiCreteAI_M1_Final_2000,experimental,mix_01666
0.405,silica_fume,11.2,PP,24.23,12.5,28.7,56.4,16.07,2.68,1.72,2158.6,2.83,0.968,43.8,PlastiCreteAI_M1_Final_2000,experimental,mix_01667
0.489,silica_fume,19.3,PP,24.88,9.77,19.5,3.3,5.0,1.28,0.51,2156.2,3.64,0.865,29.5,PlastiCreteAI_M1_Final_2000,experimental,mix_01668
0.46,none,0.0,PP,29.92,5.99,74.6,28.0,9.55,1.98,1.0,2110.8,4.78,0.796,27.9,PlastiCreteAI_M1_Final_2000,experimental,mix_01669
0.35,fly_ash,18.3,PP,2.51,7.34,29.3,55.7,47.3,5.25,4.25,2335.3,1.62,1.162,73.2,PlastiCreteAI_M1_Final_2000,experimental,mix_01670
0.366,none,0.0,PP,33.27,11.77,28.8,27.7,9.85,2.17,1.0,2141.8,3.88,0.752,27.3,PlastiCreteAI_M1_Final_2000,experimental,mix_01671
0.434,fly_ash,21.3,PP,11.03,16.15,25.6,90.0,35.24,4.46,2.71,2272.8,3.32,1.069,53.2,PlastiCreteAI_M1_Final_2000,experimental,mix_01672
0.427,silica_fume,17.0,PP,15.96,9.71,22.0,89.6,22.82,3.2,2.18,2244.0,3.1,1.109,46.8,PlastiCreteAI_M1_Final_2000,experimental,mix_01673
0.471,fly_ash,28.4,PP,11.96,11.14,69.4,27.8,22.4,2.89,1.79,2255.5,3.29,1.106,40.1,PlastiCreteAI_M1_Final_2000,experimental,mix_01674
0.515,none,0.0,PP,26.64,7.0,40.8,7.1,5.31,1.2,0.44,2142.5,5.34,0.914,22.7,PlastiCreteAI_M1_Final_2000,experimental,mix_01675
0.477,silica_fume,14.6,PP,25.29,11.06,22.1,90.0,16.53,2.73,1.38,2182.8,3.58,0.934,40.8,PlastiCreteAI_M1_Final_2000,experimental,mix_01676
0.438,silica_fume,17.3,PP,5.28,10.59,27.8,14.2,21.5,3.14,1.71,2298.3,2.03,1.35,49.7,PlastiCreteAI_M1_Final_2000,experimental,mix_01677
0.548,ggbs,17.7,PP,29.88,11.25,64.8,13.7,6.04,1.46,0.63,2147.8,4.79,0.799,26.2,PlastiCreteAI_M1_Final_2000,experimental,mix_01678
0.35,ggbs,28.1,PP,24.59,14.15,60.9,13.6,9.53,1.87,0.8,2182.9,2.76,0.926,35.0,PlastiCreteAI_M1_Final_2000,experimental,mix_01679
0.489,ggbs,16.1,PP,24.43,9.82,25.5,28.2,10.22,1.97,0.99,2171.6,3.86,0.884,24.0,PlastiCreteAI_M1_Final_2000,experimental,mix_01680
0.468,none,0.0,PP,15.51,7.64,31.6,7.3,5.89,1.66,0.57,2218.4,4.02,1.116,25.8,PlastiCreteAI_M1_Final_2000,experimental,mix_01681
0.435,none,0.0,PP,14.44,6.54,79.3,27.6,15.51,2.58,1.21,2278.4,3.77,1.115,32.3,PlastiCreteAI_M1_Final_2000,experimental,mix_01682
0.501,silica_fume,17.2,PP,14.56,7.34,46.3,14.4,10.03,2.36,0.95,2266.2,3.1,1.108,38.3,PlastiCreteAI_M1_Final_2000,experimental,mix_01683
0.511,silica_fume,14.6,PP,8.28,5.43,20.9,27.9,22.65,3.59,1.78,2286.0,3.36,1.244,44.1,PlastiCreteAI_M1_Final_2000,experimental,mix_01684
0.543,fly_ash,12.8,PP,37.68,4.73,43.3,28.4,8.8,1.99,0.82,2078.0,5.52,0.656,12.7,PlastiCreteAI_M1_Final_2000,experimental,mix_01685
0.403,fly_ash,25.0,PP,19.0,11.05,26.9,13.7,6.7,1.77,0.6,2209.3,3.15,0.983,35.9,PlastiCreteAI_M1_Final_2000,experimental,mix_01686
0.497,ggbs,22.2,PP,9.14,4.73,18.9,55.7,26.21,3.84,2.46,2245.6,3.1,1.174,50.5,PlastiCreteAI_M1_Final_2000,experimental,mix_01687
0.42,ggbs,19.8,PP,26.1,10.33,26.4,55.6,15.62,2.9,1.7,2160.3,3.65,0.887,35.4,PlastiCreteAI_M1_Final_2000,experimental,mix_01688
0.405,none,0.0,PP,4.13,8.01,42.5,28.1,28.79,4.25,2.48,2372.1,2.8,1.281,46.9,PlastiCreteAI_M1_Final_2000,experimental,mix_01689
0.466,fly_ash,18.9,PP,4.37,16.98,27.8,28.1,23.82,3.58,1.9,2285.9,3.39,1.245,43.1,PlastiCreteAI_M1_Final_2000,experimental,mix_01690
0.396,none,0.0,PP,31.33,6.92,20.6,56.2,14.17,2.35,1.4,2128.9,3.94,0.754,24.6,PlastiCreteAI_M1_Final_2000,experimental,mix_01691
0.479,none,0.0,PP,1.28,14.3,23.4,56.0,39.44,4.03,3.94,2367.1,3.08,1.298,55.5,PlastiCreteAI_M1_Final_2000,experimental,mix_01692
0.533,fly_ash,25.0,PP,4.54,7.1,23.1,14.3,17.11,2.5,1.54,2302.7,3.98,1.277,36.9,PlastiCreteAI_M1_Final_2000,experimental,mix_01693
0.466,ggbs,13.8,PP,18.05,8.05,29.0,3.5,5.0,1.24,0.46,2245.7,3.64,1.107,29.9,PlastiCreteAI_M1_Final_2000,experimental,mix_01694
0.503,none,0.0,PP,17.62,6.23,20.1,3.2,5.36,1.27,0.56,2230.4,4.33,1.066,21.2,PlastiCreteAI_M1_Final_2000,experimental,mix_01695
0.37,fly_ash,19.6,PP,24.82,7.97,26.4,6.8,5.63,1.16,0.45,2203.6,2.55,0.896,30.0,PlastiCreteAI_M1_Final_2000,experimental,mix_01696
0.573,silica_fume,11.2,PP,24.15,16.43,25.4,89.7,14.74,2.57,1.16,2213.0,3.91,1.033,34.6,PlastiCreteAI_M1_Final_2000,experimental,mix_01697
0.543,silica_fume,7.4,PP,34.83,11.44,34.4,13.6,6.68,1.41,0.67,2092.1,4.43,0.766,27.6,PlastiCreteAI_M1_Final_2000,experimental,mix_01698
0.515,silica_fume,14.5,PP,10.29,13.17,21.2,14.1,14.62,2.74,1.49,2227.3,3.38,1.122,40.2,PlastiCreteAI_M1_Final_2000,experimental,mix_01699
0.488,silica_fume,8.6,PP,33.04,8.8,28.5,6.9,5.0,1.3,0.43,2115.9,4.08,0.794,33.2,PlastiCreteAI_M1_Final_2000,experimental,mix_01700
0.534,none,0.0,PP,1.92,9.15,20.4,7.5,10.76,2.12,0.87,2283.5,3.57,1.275,24.8,PlastiCreteAI_M1_Final_2000,experimental,mix_01701
0.374,none,0.0,PP,31.8,4.97,67.5,90.0,20.8,2.82,2.21,2123.9,4.05,0.826,37.7,PlastiCreteAI_M1_Final_2000,experimental,mix_01702
0.475,none,0.0,PP,3.8,6.85,18.4,3.0,5.0,1.29,0.39,2312.3,3.49,1.275,29.1,PlastiCreteAI_M1_Final_2000,experimental,mix_01703
0.435,fly_ash,25.5,PP,10.35,11.04,38.7,6.7,11.59,1.9,1.13,2303.0,3.43,1.151,31.0,PlastiCreteAI_M1_Final_2000,experimental,mix_01704
0.43,fly_ash,28.5,PP,25.8,8.48,20.4,6.6,5.0,1.4,0.43,2164.4,4.02,0.881,29.6,PlastiCreteAI_M1_Final_2000,experimental,mix_01705
0.482,fly_ash,21.1,PP,39.24,13.18,26.4,89.9,16.62,2.56,1.8,2044.2,5.05,0.627,27.9,PlastiCreteAI_M1_Final_2000,experimental,mix_01706
0.453,silica_fume,9.3,PP,12.5,7.85,21.5,7.0,9.16,1.93,0.72,2214.0,2.8,1.178,32.3,PlastiCreteAI_M1_Final_2000,experimental,mix_01707
0.503,none,0.0,PP,1.25,4.32,38.4,55.9,34.26,4.37,3.11,2291.0,3.22,1.331,54.1,PlastiCreteAI_M1_Final_2000,experimental,mix_01708
0.635,none,0.0,PP,3.08,12.06,24.8,28.1,19.45,3.16,1.92,2284.4,4.99,1.328,31.9,PlastiCreteAI_M1_Final_2000,experimental,mix_01709
0.436,fly_ash,14.7,PP,33.04,7.74,66.7,27.7,12.56,1.91,1.19,2157.5,4.54,0.745,29.2,PlastiCreteAI_M1_Final_2000,experimental,mix_01710
0.463,silica_fume,9.3,PP,2.08,7.3,56.3,55.6,36.55,4.77,3.85,2360.1,2.56,1.384,65.8,PlastiCreteAI_M1_Final_2000,experimental,mix_01711
0.546,fly_ash,18.8,PP,29.22,9.18,24.9,55.8,12.25,1.91,1.13,2118.0,4.98,0.771,25.0,PlastiCreteAI_M1_Final_2000,experimental,mix_01712
0.473,none,0.0,PP,19.38,12.7,37.5,6.7,5.0,1.22,0.41,2247.0,3.95,0.993,23.4,PlastiCreteAI_M1_Final_2000,experimental,mix_01713
0.451,silica_fume,17.1,PP,8.8,18.41,27.3,55.7,34.53,4.73,2.84,2285.0,2.18,1.196,54.3,PlastiCreteAI_M1_Final_2000,experimental,mix_01714
0.511,none,0.0,PP,33.05,4.92,51.6,56.0,13.6,2.16,1.46,2121.7,5.33,0.706,26.8,PlastiCreteAI_M1_Final_2000,experimental,mix_01715
0.477,none,0.0,PP,30.93,17.03,23.8,55.5,12.26,2.05,1.27,2113.7,4.83,0.771,23.2,PlastiCreteAI_M1_Final_2000,experimental,mix_01716
0.463,none,0.0,PP,20.78,5.64,65.8,13.6,6.72,1.66,0.74,2189.1,4.25,0.958,29.8,PlastiCreteAI_M1_Final_2000,experimental,mix_01717
0.393,fly_ash,21.7,PP,5.55,10.68,35.7,55.8,43.63,4.71,3.33,2331.9,2.52,1.23,60.6,PlastiCreteAI_M1_Final_2000,experimental,mix_01718
0.437,none,0.0,PP,27.03,8.4,29.0,28.3,10.1,1.93,0.79,2080.9,3.81,0.862,31.6,PlastiCreteAI_M1_Final_2000,experimental,mix_01719
0.433,silica_fume,9.7,PP,11.4,7.12,29.9,27.7,22.14,3.39,2.3,2284.3,2.35,1.109,43.3,PlastiCreteAI_M1_Final_2000,experimental,mix_01720
0.547,ggbs,28.9,PP,25.53,16.27,33.2,28.0,9.09,1.62,1.0,2208.0,4.68,0.881,24.1,PlastiCreteAI_M1_Final_2000,experimental,mix_01721
0.475,fly_ash,26.4,PP,14.24,15.88,23.0,6.5,6.75,1.64,0.58,2197.4,3.57,1.069,28.6,PlastiCreteAI_M1_Final_2000,experimental,mix_01722
0.467,ggbs,15.6,PP,12.62,10.06,19.1,14.3,13.18,2.4,1.26,2272.8,3.28,1.14,32.8,PlastiCreteAI_M1_Final_2000,experimental,mix_01723
0.426,none,0.0,PP,0.68,6.21,27.3,14.4,19.42,2.73,2.09,2366.5,2.68,1.327,42.0,PlastiCreteAI_M1_Final_2000,experimental,mix_01724
0.403,ggbs,20.9,PP,35.52,6.37,24.9,6.6,5.0,1.31,0.42,2157.0,3.3,0.611,30.8,PlastiCreteAI_M1_Final_2000,experimental,mix_01725
0.436,silica_fume,5.3,PP,9.67,6.34,49.3,28.1,26.74,3.24,2.59,2282.4,2.27,1.242,53.4,PlastiCreteAI_M1_Final_2000,experimental,mix_01726
0.408,silica_fume,18.2,PP,22.16,6.93,25.4,7.1,5.0,1.31,0.41,2224.1,2.64,1.002,32.9,PlastiCreteAI_M1_Final_2000,experimental,mix_01727
0.577,none,0.0,PP,6.86,4.36,43.3,14.0,13.92,2.49,1.47,2319.1,4.62,1.235,23.3,PlastiCreteAI_M1_Final_2000,experimental,mix_01728
0.458,silica_fume,8.6,PP,1.1,5.97,27.1,14.2,19.78,2.93,1.64,2344.7,2.62,1.377,45.0,PlastiCreteAI_M1_Final_2000,experimental,mix_01729
0.456,fly_ash,14.8,PP,22.63,4.83,23.6,28.4,10.12,1.82,0.98,2165.3,3.83,0.866,29.7,PlastiCreteAI_M1_Final_2000,experimental,mix_01730
0.545,none,0.0,PP,23.85,6.44,58.4,90.0,14.21,2.53,1.14,2184.3,5.01,0.943,22.8,PlastiCreteAI_M1_Final_2000,experimental,mix_01731
0.396,silica_fume,7.4,PP,2.4,15.46,24.2,6.9,14.82,2.55,1.37,2350.4,1.9,1.383,44.4,PlastiCreteAI_M1_Final_2000,experimental,mix_01732
0.583,none,0.0,PP,23.84,8.26,24.1,27.8,6.85,1.67,0.59,2153.9,5.21,0.966,17.2,PlastiCreteAI_M1_Final_2000,experimental,mix_01733
0.436,silica_fume,17.4,PP,0.54,16.21,30.0,7.3,13.44,2.28,1.41,2336.5,2.75,1.343,48.0,PlastiCreteAI_M1_Final_2000,experimental,mix_01734
0.451,none,0.0,PP,22.87,15.71,37.0,7.3,5.04,1.31,0.44,2224.2,3.93,0.883,24.5,PlastiCreteAI_M1_Final_2000,experimental,mix_01735
0.381,ggbs,10.5,PP,4.5,5.21,19.2,28.4,29.83,4.06,3.08,2335.8,1.66,1.263,54.6,PlastiCreteAI_M1_Final_2000,experimental,mix_01736
0.493,ggbs,12.8,PP,8.84,4.0,36.8,14.2,17.54,2.67,1.76,2289.5,3.41,1.215,41.2,PlastiCreteAI_M1_Final_2000,experimental,mix_01737
0.438,ggbs,25.8,PP,36.26,6.37,45.7,6.9,5.0,1.26,0.45,2104.8,4.53,0.713,21.1,PlastiCreteAI_M1_Final_2000,experimental,mix_01738
0.43,silica_fume,14.9,PP,3.21,4.71,24.9,90.0,47.37,5.62,4.97,2297.7,2.64,1.308,67.4,PlastiCreteAI_M1_Final_2000,experimental,mix_01739
0.484,fly_ash,12.5,PP,39.81,7.44,20.3,90.0,14.92,2.19,1.62,2050.5,5.01,0.56,32.3,PlastiCreteAI_M1_Final_2000,experimental,mix_01740
0.416,none,0.0,PP,33.82,7.94,18.1,28.2,11.38,1.66,0.9,2108.8,4.1,0.798,22.2,PlastiCreteAI_M1_Final_2000,experimental,mix_01741
0.437,fly_ash,13.4,PP,20.41,18.49,26.9,27.9,11.1,2.13,1.16,2192.1,3.58,1.015,36.0,PlastiCreteAI_M1_Final_2000,experimental,mix_01742
0.404,silica_fume,6.7,PP,21.77,8.0,21.0,27.7,10.98,2.13,1.18,2216.9,3.34,0.98,33.3,PlastiCreteAI_M1_Final_2000,experimental,mix_01743
0.552,fly_ash,14.6,PP,14.47,7.59,19.6,56.1,17.78,2.94,1.7,2221.9,4.99,1.012,37.1,PlastiCreteAI_M1_Final_2000,experimental,mix_01744
0.394,silica_fume,5.1,PP,14.8,15.29,38.7,56.1,24.13,3.44,2.39,2262.4,2.45,1.103,50.5,PlastiCreteAI_M1_Final_2000,experimental,mix_01745
0.496,silica_fume,10.8,PP,32.13,5.4,74.9,28.2,11.16,1.98,1.15,2104.7,3.8,0.751,25.8,PlastiCreteAI_M1_Final_2000,experimental,mix_01746
0.498,silica_fume,18.8,PP,22.98,9.95,44.6,3.0,5.0,1.15,0.43,2187.5,3.8,0.904,28.7,PlastiCreteAI_M1_Final_2000,experimental,mix_01747
0.601,ggbs,28.1,PP,24.25,13.24,68.1,90.0,15.62,2.3,1.4,2184.6,4.53,0.896,26.7,PlastiCreteAI_M1_Final_2000,experimental,mix_01748
0.522,fly_ash,16.1,PP,0.13,5.91,26.1,13.9,16.13,2.68,1.7,2322.0,3.14,1.339,38.5,PlastiCreteAI_M1_Final_2000,experimental,mix_01749
0.421,fly_ash,26.2,PP,24.87,4.66,21.0,13.7,6.12,1.74,0.56,2131.7,3.7,0.815,32.1,PlastiCreteAI_M1_Final_2000,experimental,mix_01750
0.424,ggbs,26.6,PP,26.84,7.67,69.0,13.6,8.14,1.72,0.77,2127.5,3.22,0.866,26.1,PlastiCreteAI_M1_Final_2000,experimental,mix_01751
0.389,fly_ash,13.5,PP,25.77,14.07,21.1,27.6,10.45,2.17,1.01,2182.9,3.15,0.827,34.6,PlastiCreteAI_M1_Final_2000,experimental,mix_01752
0.396,silica_fume,11.5,PP,21.76,6.09,32.3,28.0,11.92,2.38,0.93,2166.6,2.62,0.958,36.6,PlastiCreteAI_M1_Final_2000,experimental,mix_01753
0.439,silica_fume,19.1,PP,39.54,4.38,19.9,7.1,5.14,1.23,0.42,2040.8,4.37,0.7,20.8,PlastiCreteAI_M1_Final_2000,experimental,mix_01754
0.466,ggbs,16.8,PP,37.23,8.1,26.1,28.4,11.03,2.13,0.96,2072.6,4.76,0.673,29.2,PlastiCreteAI_M1_Final_2000,experimental,mix_01755
0.486,silica_fume,17.0,PP,30.36,15.51,72.3,27.6,10.92,2.13,1.1,2148.0,3.93,0.776,32.8,PlastiCreteAI_M1_Final_2000,experimental,mix_01756
0.492,fly_ash,26.3,PP,23.68,9.35,19.1,14.4,7.5,1.46,0.66,2188.2,4.31,0.797,29.2,PlastiCreteAI_M1_Final_2000,experimental,mix_01757
0.484,none,0.0,PP,9.75,18.49,22.8,28.2,22.36,2.77,1.91,2304.3,4.04,1.152,34.8,PlastiCreteAI_M1_Final_2000,experimental,mix_01758
0.414,silica_fume,13.2,PP,32.78,6.48,27.8,14.5,7.54,1.8,0.69,2119.9,3.72,0.75,35.1,PlastiCreteAI_M1_Final_2000,experimental,mix_01759
0.458,none,0.0,PP,38.2,5.82,27.0,27.8,9.37,1.93,0.75,2060.9,4.77,0.647,29.3,PlastiCreteAI_M1_Final_2000,experimental,mix_01760
0.487,none,0.0,PP,18.35,6.06,29.9,14.4,6.61,1.5,0.56,2236.0,4.62,0.938,22.6,PlastiCreteAI_M1_Final_2000,experimental,mix_01761
0.444,none,0.0,PP,14.69,7.17,22.3,7.2,6.04,1.47,0.61,2266.3,3.92,1.066,22.9,PlastiCreteAI_M1_Final_2000,experimental,mix_01762
0.369,silica_fume,8.9,PP,2.44,9.33,30.0,27.9,35.11,4.15,2.74,2365.3,2.26,1.365,60.1,PlastiCreteAI_M1_Final_2000,experimental,mix_01763
0.46,none,0.0,PP,28.59,4.58,70.0,6.8,5.0,1.26,0.53,2129.7,4.43,0.842,27.2,PlastiCreteAI_M1_Final_2000,experimental,mix_01764
0.432,silica_fume,14.1,PP,19.81,6.1,25.6,28.5,11.65,2.12,0.89,2183.4,2.65,0.974,40.6,PlastiCreteAI_M1_Final_2000,experimental,mix_01765
0.515,silica_fume,12.8,PP,37.84,10.3,27.3,7.4,5.0,1.35,0.44,2095.2,4.46,0.65,22.2,PlastiCreteAI_M1_Final_2000,experimental,mix_01766
0.52,ggbs,21.6,PP,39.22,5.36,32.3,28.3,9.56,1.83,0.99,2035.0,5.19,0.562,24.7,PlastiCreteAI_M1_Final_2000,experimental,mix_01767
0.483,fly_ash,28.7,PP,0.97,6.3,23.2,56.4,35.51,4.28,2.77,2358.4,3.38,1.289,55.2,PlastiCreteAI_M1_Final_2000,experimental,mix_01768
0.46,fly_ash,29.4,PP,4.91,9.4,43.3,28.3,29.19,3.54,2.57,2327.0,2.71,1.13,51.2,PlastiCreteAI_M1_Final_2000,experimental,mix_01769
0.505,none,0.0,PP,35.04,9.21,29.7,56.0,12.6,2.11,1.11,2048.7,5.23,0.62,23.4,PlastiCreteAI_M1_Final_2000,experimental,mix_01770
0.47,fly_ash,10.8,PP,2.58,17.54,28.9,6.5,10.55,2.07,0.83,2288.2,2.96,1.173,32.5,PlastiCreteAI_M1_Final_2000,experimental,mix_01771
0.35,ggbs,19.2,PP,5.3,18.47,56.4,28.3,31.86,4.39,2.8,2310.8,1.85,1.342,56.6,PlastiCreteAI_M1_Final_2000,experimental,mix_01772
0.491,ggbs,25.0,PP,15.15,4.28,44.1,27.6,13.91,2.47,1.22,2199.4,3.55,1.094,36.4,PlastiCreteAI_M1_Final_2000,experimental,mix_01773
0.371,fly_ash,27.0,PP,30.05,6.18,54.4,28.1,12.84,2.21,1.34,2115.8,3.63,0.851,36.2,PlastiCreteAI_M1_Final_2000,experimental,mix_01774
0.44,fly_ash,27.2,PP,33.24,6.72,45.9,28.4,11.05,2.1,1.19,2117.9,4.23,0.732,27.2,PlastiCreteAI_M1_Final_2000,experimental,mix_01775
0.412,fly_ash,11.4,PP,6.57,6.04,39.8,90.0,39.85,5.04,4.12,2347.4,2.76,1.193,58.8,PlastiCreteAI_M1_Final_2000,experimental,mix_01776
0.466,none,0.0,PP,19.42,16.43,28.8,28.3,9.32,1.76,1.0,2212.6,4.23,1.057,27.5,PlastiCreteAI_M1_Final_2000,experimental,mix_01777
0.518,ggbs,13.4,PP,10.02,16.32,23.2,3.1,5.0,1.41,0.38,2264.7,3.64,1.138,31.2,PlastiCreteAI_M1_Final_2000,experimental,mix_01778
0.577,fly_ash,21.1,PP,29.41,5.63,47.6,7.3,5.0,1.31,0.47,2157.8,5.33,0.793,25.2,PlastiCreteAI_M1_Final_2000,experimental,mix_01779
0.399,silica_fume,11.4,PP,5.05,4.32,48.1,27.6,35.7,3.94,3.83,2290.6,2.04,1.249,58.9,PlastiCreteAI_M1_Final_2000,experimental,mix_01780
0.418,fly_ash,10.7,PP,35.52,17.53,20.1,3.0,5.0,1.31,0.5,2084.9,4.19,0.678,27.7,PlastiCreteAI_M1_Final_2000,experimental,mix_01781
0.445,fly_ash,17.3,PP,38.52,11.82,22.3,89.7,16.64,2.96,1.31,2091.8,4.41,0.636,31.1,PlastiCreteAI_M1_Final_2000,experimental,mix_01782
0.436,none,0.0,PP,26.99,6.99,22.1,6.9,5.0,1.33,0.5,2173.9,4.09,0.86,19.6,PlastiCreteAI_M1_Final_2000,experimental,mix_01783
0.552,fly_ash,11.9,PP,6.87,5.15,55.7,89.7,37.03,4.42,3.36,2286.1,3.82,1.205,52.8,PlastiCreteAI_M1_Final_2000,experimental,mix_01784
0.499,fly_ash,26.0,PP,39.39,8.79,25.3,14.2,6.46,1.48,0.51,2055.6,5.03,0.608,20.2,PlastiCreteAI_M1_Final_2000,experimental,mix_01785
0.404,ggbs,29.1,PP,17.54,7.36,28.1,28.4,11.87,2.16,1.26,2195.3,2.49,1.029,41.7,PlastiCreteAI_M1_Final_2000,experimental,mix_01786
0.582,silica_fume,14.0,PP,38.69,8.42,29.1,90.0,14.47,2.45,1.2,2052.1,5.11,0.655,30.0,PlastiCreteAI_M1_Final_2000,experimental,mix_01787
0.421,fly_ash,22.1,PP,25.32,7.5,18.6,13.6,6.94,1.57,0.74,2157.2,3.66,0.844,26.9,PlastiCreteAI_M1_Final_2000,experimental,mix_01788
0.356,ggbs,13.1,PP,39.07,6.17,22.0,14.4,7.86,1.62,0.75,2054.2,3.29,0.625,28.9,PlastiCreteAI_M1_Final_2000,experimental,mix_01789
0.44,none,0.0,PP,13.54,4.8,22.7,27.9,15.57,2.9,1.38,2254.5,3.65,1.053,32.6,PlastiCreteAI_M1_Final_2000,experimental,mix_01790
0.417,none,0.0,PP,17.1,8.76,25.7,13.7,8.51,1.49,0.81,2216.3,3.76,1.036,29.1,PlastiCreteAI_M1_Final_2000,experimental,mix_01791
0.418,ggbs,18.1,PP,18.8,6.46,24.6,55.8,15.42,2.22,1.36,2219.6,2.35,1.026,40.6,PlastiCreteAI_M1_Final_2000,experimental,mix_01792
0.381,silica_fume,14.0,PP,16.4,12.29,65.5,28.0,17.24,2.64,1.87,2232.9,2.32,1.098,45.1,PlastiCreteAI_M1_Final_2000,experimental,mix_01793
0.461,none,0.0,PP,39.57,10.33,76.2,28.3,9.32,2.17,0.96,2080.7,4.91,0.593,23.3,PlastiCreteAI_M1_Final_2000,experimental,mix_01794
0.398,fly_ash,17.6,PP,12.93,8.81,26.5,55.5,26.56,3.5,2.91,2303.8,3.32,1.049,48.4,PlastiCreteAI_M1_Final_2000,experimental,mix_01795
0.426,silica_fume,15.1,PP,31.25,5.99,25.8,3.2,5.0,1.33,0.46,2149.9,3.42,0.814,30.9,PlastiCreteAI_M1_Final_2000,experimental,mix_01796
0.504,none,0.0,PP,32.68,4.71,22.5,55.9,11.02,2.24,0.99,2107.2,5.15,0.791,27.4,PlastiCreteAI_M1_Final_2000,experimental,mix_01797
0.35,none,0.0,PP,4.76,11.28,24.1,56.5,40.76,4.68,3.54,2360.6,2.3,1.293,63.6,PlastiCreteAI_M1_Final_2000,experimental,mix_01798
0.481,ggbs,10.2,PP,11.45,7.85,26.1,13.6,12.69,2.11,1.01,2241.0,3.4,1.163,33.7,PlastiCreteAI_M1_Final_2000,experimental,mix_01799
0.388,none,0.0,PP,18.65,15.27,23.6,28.0,10.24,2.23,0.8,2163.9,3.61,0.993,26.4,PlastiCreteAI_M1_Final_2000,experimental,mix_01800
0.395,fly_ash,26.6,PP,34.77,18.08,26.9,14.4,7.6,1.7,0.68,2127.5,4.04,0.715,27.5,PlastiCreteAI_M1_Final_2000,experimental,mix_01801
0.45,ggbs,28.9,PP,22.42,15.84,21.7,28.3,11.49,1.92,0.87,2166.2,3.32,0.887,33.8,PlastiCreteAI_M1_Final_2000,experimental,mix_01802
0.434,silica_fume,13.5,PP,36.7,4.62,36.7,55.5,15.55,2.41,1.45,2080.9,3.77,0.745,39.2,PlastiCreteAI_M1_Final_2000,experimental,mix_01803
0.389,none,0.0,PP,20.83,5.56,71.0,55.7,15.93,2.63,1.36,2202.1,3.14,0.96,30.4,PlastiCreteAI_M1_Final_2000,experimental,mix_01804
0.524,none,0.0,PP,7.54,8.12,27.6,13.7,13.6,2.42,1.39,2241.2,4.05,1.206,29.2,PlastiCreteAI_M1_Final_2000,experimental,mix_01805
0.425,ggbs,28.7,PP,30.22,6.5,71.6,7.1,5.5,1.42,0.42,2132.9,3.69,0.902,29.1,PlastiCreteAI_M1_Final_2000,experimental,mix_01806
0.35,fly_ash,16.4,PP,20.74,4.61,52.0,28.0,14.23,2.45,1.15,2235.4,2.58,0.999,41.8,PlastiCreteAI_M1_Final_2000,experimental,mix_01807
0.583,silica_fume,8.6,PP,5.08,8.17,22.0,89.9,39.18,4.2,4.21,2334.3,4.03,1.306,55.1,PlastiCreteAI_M1_Final_2000,experimental,mix_01808
0.441,none,0.0,PP,9.12,10.9,28.4,56.2,36.47,3.28,3.8,2227.4,3.7,1.207,51.7,PlastiCreteAI_M1_Final_2000,experimental,mix_01809
0.574,ggbs,19.5,PP,9.04,9.18,28.0,89.6,33.95,4.17,3.12,2246.0,4.19,1.189,47.6,PlastiCreteAI_M1_Final_2000,experimental,mix_01810
0.364,ggbs,17.8,PP,29.96,10.11,25.3,28.2,12.56,2.13,1.3,2166.5,3.07,0.7,44.1,PlastiCreteAI_M1_Final_2000,experimental,mix_01811
0.52,ggbs,18.6,PP,14.64,11.38,19.5,28.3,13.48,2.16,1.04,2262.8,3.66,1.109,34.2,PlastiCreteAI_M1_Final_2000,experimental,mix_01812
0.481,silica_fume,7.4,PP,34.17,4.97,78.1,7.2,5.0,1.43,0.47,2110.8,3.88,0.85,25.7,PlastiCreteAI_M1_Final_2000,experimental,mix_01813
0.418,silica_fume,5.2,PP,15.61,10.57,21.0,27.8,15.2,2.26,1.59,2243.4,2.47,1.161,41.2,PlastiCreteAI_M1_Final_2000,experimental,mix_01814
0.526,fly_ash,16.7,PP,19.39,9.71,68.6,28.3,9.1,1.94,0.81,2185.2,4.26,1.038,32.6,PlastiCreteAI_M1_Final_2000,experimental,mix_01815
0.523,silica_fume,19.8,PP,23.43,5.26,64.9,55.6,13.32,2.48,1.12,2168.7,3.72,0.954,36.9,PlastiCreteAI_M1_Final_2000,experimental,mix_01816
0.467,none,0.0,PP,36.76,14.56,27.1,7.4,5.2,1.33,0.44,2082.6,5.3,0.679,14.9,PlastiCreteAI_M1_Final_2000,experimental,mix_01817
0.448,ggbs,27.8,PP,32.53,13.7,18.6,14.3,7.1,1.61,0.69,2071.1,4.09,0.665,30.5,PlastiCreteAI_M1_Final_2000,experimental,mix_01818
0.487,ggbs,25.8,PP,39.2,11.45,42.0,7.5,5.46,1.24,0.46,2098.1,4.55,0.586,27.2,PlastiCreteAI_M1_Final_2000,experimental,mix_01819
0.543,none,0.0,PP,31.16,14.07,20.8,14.4,6.43,1.47,0.7,2101.2,5.95,0.747,18.8,PlastiCreteAI_M1_Final_2000,experimental,mix_01820
0.404,fly_ash,13.9,PP,11.94,14.76,27.0,6.9,8.55,1.65,0.82,2291.9,3.45,0.994,32.5,PlastiCreteAI_M1_Final_2000,experimental,mix_01821
0.462,fly_ash,11.1,PP,35.99,9.3,65.5,27.6,10.81,1.94,0.86,2092.4,4.55,0.684,23.6,PlastiCreteAI_M1_Final_2000,experimental,mix_01822
0.358,fly_ash,17.5,PP,26.5,18.74,27.7,55.6,16.79,2.41,1.4,2126.6,2.84,0.825,37.0,PlastiCreteAI_M1_Final_2000,experimental,mix_01823
0.452,none,0.0,PP,4.84,11.7,25.5,6.8,10.3,2.42,0.91,2311.7,3.27,1.271,27.0,PlastiCreteAI_M1_Final_2000,experimental,mix_01824
0.497,none,0.0,PP,33.12,7.84,43.8,89.6,13.25,2.49,1.37,2142.1,4.89,0.754,22.1,PlastiCreteAI_M1_Final_2000,experimental,mix_01825
0.449,silica_fume,12.7,PP,30.69,7.01,77.1,56.2,17.2,2.55,1.84,2145.0,3.15,0.796,41.7,PlastiCreteAI_M1_Final_2000,experimental,mix_01826
0.447,none,0.0,PP,38.11,12.65,25.8,28.3,10.56,1.74,1.14,2077.5,5.19,0.658,23.1,PlastiCreteAI_M1_Final_2000,experimental,mix_01827
0.436,none,0.0,PP,20.69,12.16,47.8,28.3,11.15,2.1,1.18,2185.5,3.91,1.006,27.1,PlastiCreteAI_M1_Final_2000,experimental,mix_01828
0.62,silica_fume,11.3,PP,1.25,11.92,29.1,89.6,41.31,4.42,4.37,2308.6,4.2,1.32,58.1,PlastiCreteAI_M1_Final_2000,experimental,mix_01829
0.518,ggbs,18.2,HDPE,25.73,1.0,47.9,89.8,18.67,2.94,1.94,2184.5,4.3,0.969,32.9,PlastiCreteAI_M1_Final_2000,experimental,mix_01830
0.455,silica_fume,19.5,HDPE,27.52,10.43,26.0,28.4,12.39,2.2,0.97,2201.2,2.98,1.076,36.0,PlastiCreteAI_M1_Final_2000,experimental,mix_01831
0.499,ggbs,18.2,HDPE,1.2,1.28,27.8,7.3,14.56,2.43,1.27,2351.3,2.94,1.4,38.2,PlastiCreteAI_M1_Final_2000,experimental,mix_01832
0.518,silica_fume,9.1,HDPE,4.06,13.58,31.3,28.0,30.79,4.28,3.01,2329.4,3.26,1.335,51.9,PlastiCreteAI_M1_Final_2000,experimental,mix_01833
0.35,ggbs,13.6,HDPE,24.67,2.51,22.0,14.4,9.12,1.73,0.92,2189.5,2.32,1.096,38.3,PlastiCreteAI_M1_Final_2000,experimental,mix_01834
0.423,none,0.0,HDPE,28.19,3.3,27.0,56.2,13.84,2.34,1.08,2201.9,3.45,0.975,29.2,PlastiCreteAI_M1_Final_2000,experimental,mix_01835
0.426,silica_fume,15.5,HDPE,27.71,7.93,24.8,28.3,12.09,2.4,1.19,2130.8,2.93,0.984,36.8,PlastiCreteAI_M1_Final_2000,experimental,mix_01836
0.553,none,0.0,HDPE,32.14,4.09,65.9,90.0,16.67,2.88,1.63,2181.5,5.64,0.918,24.8,PlastiCreteAI_M1_Final_2000,experimental,mix_01837
0.454,none,0.0,HDPE,18.14,1.48,24.7,27.7,9.91,1.94,0.94,2260.5,3.64,1.112,31.8,PlastiCreteAI_M1_Final_2000,experimental,mix_01838
0.516,silica_fume,6.4,HDPE,5.42,2.9,24.3,55.9,37.32,3.64,2.93,2302.0,2.9,1.367,58.1,PlastiCreteAI_M1_Final_2000,experimental,mix_01839
0.521,ggbs,18.0,HDPE,7.73,6.54,25.2,13.5,15.58,2.83,1.61,2311.1,3.46,1.221,40.1,PlastiCreteAI_M1_Final_2000,experimental,mix_01840
0.35,none,0.0,HDPE,39.02,1.24,44.2,90.0,22.49,3.17,2.27,2139.3,3.4,0.826,42.4,PlastiCreteAI_M1_Final_2000,experimental,mix_01841
0.388,fly_ash,16.2,HDPE,4.96,11.49,31.1,14.0,22.82,3.3,2.05,2334.1,2.57,1.229,46.4,PlastiCreteAI_M1_Final_2000,experimental,mix_01842
0.568,none,0.0,HDPE,17.61,16.75,39.8,7.2,5.0,1.23,0.4,2256.0,5.13,1.182,13.9,PlastiCreteAI_M1_Final_2000,experimental,mix_01843
0.588,silica_fume,10.9,HDPE,0.54,19.54,19.3,28.5,26.52,3.61,2.51,2300.1,3.34,1.395,46.0,PlastiCreteAI_M1_Final_2000,experimental,mix_01844
0.566,ggbs,18.4,HDPE,27.12,2.33,26.5,6.7,5.68,1.46,0.61,2163.8,4.41,1.054,22.4,PlastiCreteAI_M1_Final_2000,experimental,mix_01845
0.484,ggbs,26.1,HDPE,31.57,1.54,19.1,27.9,11.58,2.08,1.23,2131.8,4.18,0.976,35.2,PlastiCreteAI_M1_Final_2000,experimental,mix_01846
0.38,none,0.0,HDPE,7.41,3.02,21.1,28.1,26.75,3.33,2.5,2294.8,2.32,1.238,49.5,PlastiCreteAI_M1_Final_2000,experimental,mix_01847
0.501,silica_fume,8.6,HDPE,10.01,16.63,26.4,89.7,38.45,4.61,3.45,2266.1,3.07,1.322,56.7,PlastiCreteAI_M1_Final_2000,experimental,mix_01848
0.513,silica_fume,6.6,HDPE,28.89,8.78,36.8,13.9,6.77,1.67,0.61,2129.8,4.5,1.081,27.1,PlastiCreteAI_M1_Final_2000,experimental,mix_01849
0.368,fly_ash,29.8,HDPE,8.43,17.35,31.1,90.0,50.01,4.75,4.15,2276.1,2.41,1.272,71.3,PlastiCreteAI_M1_Final_2000,experimental,mix_01850
0.54,none,0.0,HDPE,11.19,1.84,28.5,28.0,18.74,2.76,2.0,2240.0,4.66,1.204,32.5,PlastiCreteAI_M1_Final_2000,experimental,mix_01851
0.459,ggbs,14.7,HDPE,38.37,1.24,49.1,28.4,11.59,2.19,0.88,2085.5,3.97,0.807,31.7,PlastiCreteAI_M1_Final_2000,experimental,mix_01852
0.39,ggbs,19.2,HDPE,32.27,13.34,22.2,28.2,12.72,2.2,1.33,2129.8,3.64,0.929,38.9,PlastiCreteAI_M1_Final_2000,experimental,mix_01853
0.535,fly_ash,24.2,HDPE,11.2,1.19,59.9,7.4,10.38,1.99,1.11,2298.4,3.87,1.141,33.2,PlastiCreteAI_M1_Final_2000,experimental,mix_01854
0.427,none,0.0,HDPE,4.11,15.43,24.5,27.7,29.85,3.46,2.86,2294.9,3.12,1.332,46.7,PlastiCreteAI_M1_Final_2000,experimental,mix_01855
0.533,fly_ash,18.2,HDPE,31.1,4.43,23.9,55.7,14.14,2.46,1.43,2162.4,4.93,0.895,27.4,PlastiCreteAI_M1_Final_2000,experimental,mix_01856
0.393,silica_fume,15.6,HDPE,11.75,13.49,27.5,28.5,26.37,3.61,2.42,2345.9,1.99,1.209,58.0,PlastiCreteAI_M1_Final_2000,experimental,mix_01857
0.407,silica_fume,6.4,HDPE,28.68,7.18,40.1,14.5,9.05,1.74,0.97,2149.5,2.76,0.952,31.2,PlastiCreteAI_M1_Final_2000,experimental,mix_01858
0.439,silica_fume,9.0,HDPE,20.57,1.74,22.9,7.3,5.0,1.32,0.48,2184.0,2.77,1.101,33.9,PlastiCreteAI_M1_Final_2000,experimental,mix_01859
0.447,silica_fume,15.7,HDPE,26.02,1.7,21.8,28.1,11.05,2.4,1.09,2168.5,2.94,1.095,34.3,PlastiCreteAI_M1_Final_2000,experimental,mix_01860
0.496,ggbs,12.8,HDPE,4.7,8.53,25.4,56.1,39.14,4.69,3.0,2336.5,3.35,1.245,58.0,PlastiCreteAI_M1_Final_2000,experimental,mix_01861
0.45,silica_fume,7.0,HDPE,22.46,1.68,21.1,89.9,18.73,2.83,1.74,2245.7,3.01,1.032,43.4,PlastiCreteAI_M1_Final_2000,experimental,mix_01862
0.468,ggbs,24.7,HDPE,19.77,8.15,28.2,27.6,11.69,2.29,1.16,2198.9,3.62,1.111,28.7,PlastiCreteAI_M1_Final_2000,experimental,mix_01863
0.35,none,0.0,HDPE,33.04,2.24,45.7,13.9,8.86,1.94,0.94,2132.7,3.44,0.928,30.9,PlastiCreteAI_M1_Final_2000,experimental,mix_01864
0.413,ggbs,19.5,HDPE,16.46,1.81,47.4,55.9,17.71,3.2,1.77,2274.6,2.43,1.151,45.7,PlastiCreteAI_M1_Final_2000,experimental,mix_01865
0.478,ggbs,27.7,HDPE,31.64,4.16,24.9,56.4,16.79,2.67,1.35,2111.6,3.87,0.915,36.5,PlastiCreteAI_M1_Final_2000,experimental,mix_01866
0.415,ggbs,24.1,HDPE,34.6,1.54,22.4,3.5,5.0,1.45,0.5,2110.1,3.86,0.862,27.8,PlastiCreteAI_M1_Final_2000,experimental,mix_01867
0.504,fly_ash,27.3,HDPE,12.14,7.27,33.6,28.1,21.26,2.8,2.19,2251.3,4.1,1.146,40.5,PlastiCreteAI_M1_Final_2000,experimental,mix_01868
0.448,silica_fume,10.4,HDPE,3.54,8.96,67.4,6.9,17.46,2.46,1.92,2357.7,2.21,1.326,47.8,PlastiCreteAI_M1_Final_2000,experimental,mix_01869
0.355,silica_fume,7.1,HDPE,2.98,2.36,33.2,27.5,41.2,4.04,3.36,2370.1,1.61,1.308,69.3,PlastiCreteAI_M1_Final_2000,experimental,mix_01870
0.442,fly_ash,12.8,HDPE,2.56,12.34,32.3,13.5,20.91,2.88,1.87,2361.0,2.9,1.28,48.4,PlastiCreteAI_M1_Final_2000,experimental,mix_01871
0.556,fly_ash,25.7,HDPE,23.29,18.39,51.9,56.1,15.97,2.61,1.23,2173.7,4.8,1.027,27.4,PlastiCreteAI_M1_Final_2000,experimental,mix_01872
0.484,none,0.0,HDPE,16.11,16.25,71.1,55.6,16.95,2.74,1.72,2271.9,3.99,1.115,35.3,PlastiCreteAI_M1_Final_2000,experimental,mix_01873
0.497,silica_fume,6.5,HDPE,30.35,10.86,29.2,7.2,5.53,1.45,0.54,2120.6,3.3,1.022,32.3,PlastiCreteAI_M1_Final_2000,experimental,mix_01874
0.493,fly_ash,20.5,HDPE,19.11,9.44,28.9,7.3,5.07,1.19,0.39,2230.0,3.57,1.044,23.2,PlastiCreteAI_M1_Final_2000,experimental,mix_01875
0.561,none,0.0,HDPE,34.54,3.84,74.4,28.5,9.82,2.06,0.97,2088.4,5.62,0.898,22.1,PlastiCreteAI_M1_Final_2000,experimental,mix_01876
0.396,ggbs,12.8,HDPE,22.51,5.28,28.2,6.9,5.76,1.59,0.51,2166.8,2.88,1.052,31.4,PlastiCreteAI_M1_Final_2000,experimental,mix_01877
0.445,none,0.0,HDPE,9.33,8.17,65.8,13.9,17.23,2.64,1.63,2285.5,3.57,1.226,38.0,PlastiCreteAI_M1_Final_2000,experimental,mix_01878
0.511,none,0.0,HDPE,36.33,9.36,22.0,28.4,9.73,2.05,1.03,2120.2,5.08,0.851,20.9,PlastiCreteAI_M1_Final_2000,experimental,mix_01879
0.508,ggbs,27.2,HDPE,22.22,3.02,23.1,89.7,16.04,3.1,1.67,2215.8,3.77,1.085,42.0,PlastiCreteAI_M1_Final_2000,experimental,mix_01880
0.399,fly_ash,17.2,HDPE,38.8,3.85,22.7,89.6,21.22,2.92,2.19,2143.7,3.5,0.797,40.6,PlastiCreteAI_M1_Final_2000,experimental,mix_01881
0.418,silica_fume,9.5,HDPE,2.52,7.6,29.5,90.0,54.84,5.89,5.19,2355.2,1.9,1.33,75.6,PlastiCreteAI_M1_Final_2000,experimental,mix_01882
0.561,silica_fume,19.7,HDPE,21.03,1.78,49.2,28.2,10.01,2.01,0.91,2234.1,3.72,1.147,32.3,PlastiCreteAI_M1_Final_2000,experimental,mix_01883
0.415,fly_ash,11.3,HDPE,30.41,1.05,27.0,14.1,8.42,1.89,0.91,2157.3,3.43,0.872,28.9,PlastiCreteAI_M1_Final_2000,experimental,mix_01884
0.55,fly_ash,23.2,HDPE,31.13,2.66,28.1,27.7,10.53,1.91,1.03,2106.8,5.08,0.931,23.6,PlastiCreteAI_M1_Final_2000,experimental,mix_01885
0.512,fly_ash,26.4,HDPE,24.28,8.04,23.5,14.4,6.52,1.55,0.54,2175.0,4.4,1.036,26.4,PlastiCreteAI_M1_Final_2000,experimental,mix_01886
0.412,none,0.0,HDPE,32.52,1.37,19.7,56.4,15.27,2.61,1.35,2136.1,3.8,0.925,30.4,PlastiCreteAI_M1_Final_2000,experimental,mix_01887
0.49,fly_ash,13.5,HDPE,32.78,11.71,19.4,28.4,8.76,1.74,0.87,2089.9,4.61,0.887,26.4,PlastiCreteAI_M1_Final_2000,experimental,mix_01888
0.423,fly_ash,16.3,HDPE,2.25,1.13,24.6,27.7,36.83,4.39,3.36,2303.3,2.79,1.3,59.0,PlastiCreteAI_M1_Final_2000,experimental,mix_01889
0.443,none,0.0,HDPE,30.54,1.71,28.4,13.9,6.57,1.74,0.64,2106.6,3.75,0.898,29.4,PlastiCreteAI_M1_Final_2000,experimental,mix_01890
0.527,fly_ash,10.0,HDPE,34.37,3.3,28.2,28.1,10.6,1.81,1.14,2117.3,4.8,0.879,29.9,PlastiCreteAI_M1_Final_2000,experimental,mix_01891
0.414,none,0.0,HDPE,13.95,6.73,20.1,13.6,11.61,2.32,1.21,2254.9,2.97,1.228,35.4,PlastiCreteAI_M1_Final_2000,experimental,mix_01892
0.407,ggbs,24.0,HDPE,35.63,13.4,30.0,55.5,18.35,3.06,1.98,2126.7,3.14,0.878,43.5,PlastiCreteAI_M1_Final_2000,experimental,mix_01893
0.497,none,0.0,HDPE,39.82,10.62,45.6,89.9,16.61,2.87,1.4,2081.7,5.18,0.849,32.0,PlastiCreteAI_M1_Final_2000,experimental,mix_01894
0.429,none,0.0,HDPE,21.0,4.88,25.0,27.9,11.18,1.87,1.04,2241.6,3.9,1.102,28.7,PlastiCreteAI_M1_Final_2000,experimental,mix_01895
0.386,silica_fume,12.0,HDPE,14.61,1.61,43.0,27.8,19.65,2.9,1.66,2234.6,2.43,1.263,45.2,PlastiCreteAI_M1_Final_2000,experimental,mix_01896
0.521,none,0.0,HDPE,17.39,2.65,35.4,28.4,9.54,1.97,0.99,2232.1,4.43,1.173,23.8,PlastiCreteAI_M1_Final_2000,experimental,mix_01897
0.472,ggbs,25.3,HDPE,20.97,1.08,20.2,28.2,12.84,2.36,1.0,2204.7,3.38,1.089,34.2,PlastiCreteAI_M1_Final_2000,experimental,mix_01898
0.486,silica_fume,6.8,HDPE,20.25,2.31,19.5,56.1,15.99,2.32,1.36,2214.0,3.01,1.159,39.1,PlastiCreteAI_M1_Final_2000,experimental,mix_01899
0.5,silica_fume,5.0,HDPE,35.18,7.39,37.2,56.2,15.17,2.41,1.45,2118.5,3.56,0.931,43.2,PlastiCreteAI_M1_Final_2000,experimental,mix_01900
0.395,ggbs,28.2,HDPE,5.86,1.37,39.4,27.8,34.08,4.53,3.68,2295.2,2.26,1.254,59.7,PlastiCreteAI_M1_Final_2000,experimental,mix_01901
0.516,silica_fume,5.6,HDPE,36.79,2.07,19.5,14.1,7.56,1.69,0.71,2116.6,3.86,0.898,32.6,PlastiCreteAI_M1_Final_2000,experimental,mix_01902
0.513,none,0.0,HDPE,18.88,18.34,20.7,13.7,5.66,1.56,0.44,2236.3,4.8,1.17,20.3,PlastiCreteAI_M1_Final_2000,experimental,mix_01903
0.561,none,0.0,HDPE,31.27,15.54,22.6,28.4,9.23,1.88,0.86,2130.5,5.2,0.967,21.6,PlastiCreteAI_M1_Final_2000,experimental,mix_01904
0.486,none,0.0,HDPE,12.48,1.55,26.1,14.5,12.64,2.14,1.05,2250.7,4.13,1.195,30.6,PlastiCreteAI_M1_Final_2000,experimental,mix_01905
0.526,none,0.0,HDPE,29.43,3.01,24.3,27.5,9.3,2.0,0.75,2147.5,4.38,0.967,23.0,PlastiCreteAI_M1_Final_2000,experimental,mix_01906
0.583,none,0.0,HDPE,19.67,2.7,21.2,14.3,5.58,1.38,0.56,2238.8,5.26,1.111,19.0,PlastiCreteAI_M1_Final_2000,experimental,mix_01907
0.374,ggbs,29.6,HDPE,16.35,9.92,20.1,14.2,11.83,2.01,1.12,2246.3,2.54,1.146,41.7,PlastiCreteAI_M1_Final_2000,experimental,mix_01908
0.421,silica_fume,17.5,HDPE,21.06,8.11,25.8,90.0,21.4,2.99,1.9,2194.6,2.72,1.118,45.7,PlastiCreteAI_M1_Final_2000,experimental,mix_01909
0.479,ggbs,13.4,HDPE,36.95,2.16,36.3,27.9,10.36,2.14,0.82,2123.6,3.93,0.814,37.1,PlastiCreteAI_M1_Final_2000,experimental,mix_01910
0.451,ggbs,19.2,HDPE,18.81,17.05,22.9,89.6,19.43,2.78,1.52,2233.8,3.61,1.118,39.6,PlastiCreteAI_M1_Final_2000,experimental,mix_01911
0.35,none,0.0,HDPE,2.29,1.57,23.3,27.9,37.8,3.97,3.34,2363.9,2.21,1.279,58.6,PlastiCreteAI_M1_Final_2000,experimental,mix_01912
0.35,fly_ash,24.7,HDPE,0.59,3.25,29.5,90.0,69.21,6.46,6.18,2330.5,1.81,1.31,69.5,PlastiCreteAI_M1_Final_2000,experimental,mix_01913
0.379,fly_ash,19.9,HDPE,11.11,11.67,24.1,13.8,19.23,2.83,1.58,2311.7,2.42,1.138,44.1,PlastiCreteAI_M1_Final_2000,experimental,mix_01914
0.464,none,0.0,HDPE,18.94,8.16,22.9,13.8,6.76,1.5,0.69,2256.7,3.46,1.197,22.7,PlastiCreteAI_M1_Final_2000,experimental,mix_01915
0.424,fly_ash,18.8,HDPE,27.94,8.08,27.7,56.1,17.07,2.82,1.79,2190.9,3.29,0.908,37.6,PlastiCreteAI_M1_Final_2000,experimental,mix_01916
0.448,ggbs,22.5,HDPE,30.2,2.36,42.0,14.3,8.55,1.89,0.74,2219.7,3.7,0.898,29.3,PlastiCreteAI_M1_Final_2000,experimental,mix_01917
0.424,ggbs,11.7,HDPE,9.83,5.38,22.8,28.2,28.1,3.36,2.53,2297.5,2.69,1.27,55.3,PlastiCreteAI_M1_Final_2000,experimental,mix_01918
0.519,fly_ash,23.8,HDPE,39.2,8.51,41.9,56.4,14.77,2.5,1.32,2050.9,5.2,0.884,23.7,PlastiCreteAI_M1_Final_2000,experimental,mix_01919
0.458,ggbs,15.2,HDPE,1.54,10.88,22.2,27.9,30.36,3.77,2.95,2332.3,2.62,1.393,55.4,PlastiCreteAI_M1_Final_2000,experimental,mix_01920
0.434,ggbs,23.9,HDPE,5.27,6.63,25.0,28.0,26.32,4.21,2.13,2313.6,2.65,1.221,49.9,PlastiCreteAI_M1_Final_2000,experimental,mix_01921
0.502,fly_ash,21.0,HDPE,24.43,6.21,25.1,7.0,5.0,1.3,0.43,2160.5,4.16,1.055,24.8,PlastiCreteAI_M1_Final_2000,experimental,mix_01922
0.517,none,0.0,HDPE,19.01,1.08,26.8,7.0,5.76,1.36,0.53,2192.2,4.34,1.136,23.7,PlastiCreteAI_M1_Final_2000,experimental,mix_01923
0.533,none,0.0,HDPE,34.03,2.19,23.2,13.7,6.25,1.45,0.58,2102.7,5.12,0.891,22.6,PlastiCreteAI_M1_Final_2000,experimental,mix_01924
0.393,none,0.0,HDPE,12.96,8.68,52.2,7.5,10.04,2.03,0.78,2232.2,3.15,1.181,31.4,PlastiCreteAI_M1_Final_2000,experimental,mix_01925
0.411,none,0.0,HDPE,7.47,1.66,79.0,3.5,7.47,1.86,0.74,2228.3,2.82,1.259,26.5,PlastiCreteAI_M1_Final_2000,experimental,mix_01926
0.509,none,0.0,HDPE,25.5,5.67,35.5,14.0,6.94,1.7,0.55,2166.9,4.64,1.007,20.5,PlastiCreteAI_M1_Final_2000,experimental,mix_01927
0.479,none,0.0,HDPE,36.57,2.19,76.9,28.3,11.21,2.15,1.02,2088.1,4.99,0.817,23.3,PlastiCreteAI_M1_Final_2000,experimental,mix_01928
0.407,ggbs,24.0,HDPE,17.55,17.42,29.3,28.3,11.54,2.01,0.91,2233.6,3.04,1.175,40.4,PlastiCreteAI_M1_Final_2000,experimental,mix_01929
0.508,fly_ash,18.2,HDPE,20.47,1.98,19.6,89.5,17.71,2.84,1.77,2226.1,4.12,1.123,35.6,PlastiCreteAI_M1_Final_2000,experimental,mix_01930
0.597,fly_ash,26.7,HDPE,34.4,4.89,26.2,14.3,6.66,1.54,0.55,2136.3,5.45,0.902,18.1,PlastiCreteAI_M1_Final_2000,experimental,mix_01931
0.483,none,0.0,HDPE,1.39,2.06,27.5,14.1,20.48,2.86,2.22,2336.8,3.64,1.355,39.1,PlastiCreteAI_M1_Final_2000,experimental,mix_01932
0.466,none,0.0,HDPE,25.66,3.15,48.6,28.0,11.21,2.12,1.16,2202.3,4.67,0.984,27.6,PlastiCreteAI_M1_Final_2000,experimental,mix_01933
0.426,none,0.0,HDPE,26.77,6.71,21.8,27.6,10.59,2.26,0.97,2175.2,3.62,1.035,31.2,PlastiCreteAI_M1_Final_2000,experimental,mix_01934
0.401,fly_ash,29.5,HDPE,19.12,7.72,38.4,89.8,21.39,3.28,2.09,2166.1,2.9,1.057,38.7,PlastiCreteAI_M1_Final_2000,experimental,mix_01935
0.464,none,0.0,HDPE,36.18,7.96,30.3,90.0,17.47,2.43,1.47,2116.7,4.92,0.976,29.9,PlastiCreteAI_M1_Final_2000,experimental,mix_01936
0.538,silica_fume,5.2,HDPE,38.12,2.16,25.6,14.1,7.65,1.56,0.69,2096.2,3.99,0.843,29.4,PlastiCreteAI_M1_Final_2000,experimental,mix_01937
0.442,none,0.0,HDPE,38.49,19.09,26.0,90.0,16.52,2.88,1.35,2107.9,4.38,0.788,31.4,PlastiCreteAI_M1_Final_2000,experimental,mix_01938
0.6,none,0.0,HDPE,3.89,12.53,27.8,3.4,5.75,1.51,0.54,2300.5,4.95,1.388,24.2,PlastiCreteAI_M1_Final_2000,experimental,mix_01939
0.405,silica_fume,14.7,HDPE,11.35,1.57,23.0,7.5,11.81,2.12,1.02,2271.7,2.69,1.28,40.5,PlastiCreteAI_M1_Final_2000,experimental,mix_01940
0.471,ggbs,28.8,HDPE,12.29,19.95,24.3,28.4,21.91,3.32,2.09,2262.6,3.23,1.165,43.3,PlastiCreteAI_M1_Final_2000,experimental,mix_01941
0.537,silica_fume,11.9,HDPE,31.72,7.48,24.9,56.5,14.84,2.39,1.55,2116.8,3.78,1.005,31.7,PlastiCreteAI_M1_Final_2000,experimental,mix_01942
0.52,fly_ash,19.4,HDPE,0.7,1.12,25.8,56.0,40.06,4.36,3.16,2282.8,3.47,1.396,57.3,PlastiCreteAI_M1_Final_2000,experimental,mix_01943
0.43,ggbs,11.0,HDPE,15.77,1.12,19.1,27.6,13.35,2.51,1.31,2268.7,3.4,1.086,36.8,PlastiCreteAI_M1_Final_2000,experimental,mix_01944
0.466,none,0.0,HDPE,3.51,14.85,23.8,27.8,28.98,3.76,2.73,2348.8,2.74,1.37,42.6,PlastiCreteAI_M1_Final_2000,experimental,mix_01945
0.47,none,0.0,HDPE,29.91,1.48,20.9,90.0,16.95,2.51,1.68,2174.9,4.74,0.971,33.9,PlastiCreteAI_M1_Final_2000,experimental,mix_01946
0.456,silica_fume,14.6,HDPE,38.1,4.94,21.7,56.0,13.93,2.58,1.43,2054.6,3.13,0.911,37.3,PlastiCreteAI_M1_Final_2000,experimental,mix_01947
0.575,none,0.0,HDPE,13.61,1.02,24.8,6.7,6.53,1.46,0.65,2201.4,4.37,1.19,20.8,PlastiCreteAI_M1_Final_2000,experimental,mix_01948
0.403,silica_fume,13.3,HDPE,33.82,3.75,20.1,7.2,5.64,1.35,0.46,2135.2,3.12,1.04,34.1,PlastiCreteAI_M1_Final_2000,experimental,mix_01949
0.466,silica_fume,11.4,HDPE,13.86,7.91,23.3,14.0,13.4,1.98,1.24,2240.6,2.88,1.233,40.4,PlastiCreteAI_M1_Final_2000,experimental,mix_01950
0.469,silica_fume,5.9,HDPE,0.05,7.89,22.8,90.0,54.55,5.11,5.32,2426.3,2.39,1.44,72.9,PlastiCreteAI_M1_Final_2000,experimental,mix_01951
0.358,fly_ash,15.4,HDPE,0.28,4.12,64.6,7.1,20.32,3.22,2.13,2363.4,1.67,1.332,46.6,PlastiCreteAI_M1_Final_2000,experimental,mix_01952
0.463,none,0.0,HDPE,35.66,1.57,26.9,27.8,9.56,2.08,0.98,2089.4,4.58,0.865,20.6,PlastiCreteAI_M1_Final_2000,experimental,mix_01953
0.512,fly_ash,13.5,HDPE,26.84,4.84,29.4,28.5,10.09,2.15,1.01,2155.3,4.14,0.973,29.3,PlastiCreteAI_M1_Final_2000,experimental,mix_01954
0.597,none,0.0,HDPE,37.95,14.31,27.6,28.3,9.62,1.95,0.76,2071.7,6.0,0.852,14.7,PlastiCreteAI_M1_Final_2000,experimental,mix_01955
0.503,fly_ash,19.7,HDPE,9.92,2.66,25.1,28.0,22.81,3.21,2.27,2256.1,3.76,1.261,35.6,PlastiCreteAI_M1_Final_2000,experimental,mix_01956
0.466,none,0.0,HDPE,21.17,7.92,27.9,14.0,6.55,1.62,0.63,2187.3,4.18,1.035,23.1,PlastiCreteAI_M1_Final_2000,experimental,mix_01957
0.398,fly_ash,23.6,HDPE,7.19,17.51,37.4,7.3,14.9,2.72,1.5,2290.2,2.3,1.23,38.6,PlastiCreteAI_M1_Final_2000,experimental,mix_01958
0.489,silica_fume,12.8,HDPE,19.32,4.87,20.1,14.4,7.82,1.8,0.67,2211.2,2.53,1.077,33.5,PlastiCreteAI_M1_Final_2000,experimental,mix_01959
0.472,silica_fume,13.0,HDPE,4.2,2.25,23.9,28.0,30.37,4.01,3.13,2317.4,2.47,1.41,52.1,PlastiCreteAI_M1_Final_2000,experimental,mix_01960
0.558,silica_fume,18.5,HDPE,24.77,10.79,24.9,27.9,11.31,1.94,1.08,2173.1,3.88,1.056,33.6,PlastiCreteAI_M1_Final_2000,experimental,mix_01961
0.521,silica_fume,5.0,HDPE,39.51,4.38,24.1,14.2,6.6,1.58,0.55,2076.4,3.98,0.861,27.8,PlastiCreteAI_M1_Final_2000,experimental,mix_01962
0.448,none,0.0,HDPE,31.58,15.23,32.1,90.0,16.82,3.07,1.38,2135.0,4.43,0.902,24.5,PlastiCreteAI_M1_Final_2000,experimental,mix_01963
0.459,silica_fume,19.7,HDPE,29.92,1.63,24.8,27.9,11.81,2.21,1.16,2144.7,3.2,1.005,36.8,PlastiCreteAI_M1_Final_2000,experimental,mix_01964
0.508,none,0.0,HDPE,9.99,5.89,34.4,27.9,21.78,3.01,1.96,2307.9,4.32,1.261,29.8,PlastiCreteAI_M1_Final_2000,experimental,mix_01965
0.518,none,0.0,HDPE,0.12,3.47,42.3,28.1,27.72,3.64,2.63,2385.9,3.1,1.423,41.4,PlastiCreteAI_M1_Final_2000,experimental,mix_01966
0.56,fly_ash,26.9,HDPE,28.18,6.03,26.7,6.8,5.16,1.24,0.52,2153.2,5.25,0.924,18.3,PlastiCreteAI_M1_Final_2000,experimental,mix_01967
0.35,none,0.0,HDPE,8.67,2.13,35.2,27.8,30.82,3.87,2.66,2320.4,2.76,1.298,50.7,PlastiCreteAI_M1_Final_2000,experimental,mix_01968
0.539,none,0.0,HDPE,26.3,3.38,19.5,28.0,9.25,1.77,0.99,2140.7,4.61,1.043,27.1,PlastiCreteAI_M1_Final_2000,experimental,mix_01969
0.431,silica_fume,10.0,HDPE,6.17,10.4,28.7,7.0,15.16,2.37,1.54,2330.4,2.31,1.32,40.6,PlastiCreteAI_M1_Final_2000,experimental,mix_01970
0.468,fly_ash,17.5,HDPE,8.59,9.96,55.9,56.5,38.18,4.33,4.07,2301.1,3.66,1.177,58.5,PlastiCreteAI_M1_Final_2000,experimental,mix_01971
0.527,fly_ash,23.6,HDPE,38.18,1.85,35.5,27.8,10.82,2.1,0.92,2084.4,4.86,0.798,26.9,PlastiCreteAI_M1_Final_2000,experimental,mix_01972
0.484,ggbs,28.9,HDPE,24.86,9.27,21.3,28.2,11.34,1.97,0.94,2152.3,3.46,1.044,33.0,PlastiCreteAI_M1_Final_2000,experimental,mix_01973
0.611,silica_fume,19.7,HDPE,2.37,10.67,60.2,55.7,40.71,4.14,3.67,2330.8,3.34,1.326,56.7,PlastiCreteAI_M1_Final_2000,experimental,mix_01974
0.599,none,0.0,HDPE,23.38,12.18,61.5,6.9,5.39,1.4,0.54,2168.3,5.57,1.057,20.6,PlastiCreteAI_M1_Final_2000,experimental,mix_01975
0.396,none,0.0,HDPE,25.77,3.62,52.5,6.6,5.0,1.26,0.46,2191.2,3.43,1.075,31.1,PlastiCreteAI_M1_Final_2000,experimental,mix_01976
0.571,fly_ash,28.5,HDPE,33.26,9.79,26.0,28.1,8.41,2.25,0.78,2099.2,5.04,0.929,20.9,PlastiCreteAI_M1_Final_2000,experimental,mix_01977
0.562,ggbs,26.0,HDPE,36.37,3.7,19.2,56.3,12.82,2.5,0.97,2083.4,4.83,0.766,25.2,PlastiCreteAI_M1_Final_2000,experimental,mix_01978
0.444,none,0.0,HDPE,14.16,15.61,24.3,27.7,18.18,2.83,1.4,2256.3,3.69,1.204,34.0,PlastiCreteAI_M1_Final_2000,experimental,mix_01979
0.581,ggbs,29.1,HDPE,31.37,1.15,58.8,28.1,10.2,1.96,1.02,2138.0,4.29,0.936,27.3,PlastiCreteAI_M1_Final_2000,experimental,mix_01980
0.498,ggbs,15.5,HDPE,5.98,2.78,42.6,27.6,29.33,3.74,2.27,2287.6,3.14,1.258,47.6,PlastiCreteAI_M1_Final_2000,experimental,mix_01981
0.35,none,0.0,HDPE,33.18,1.08,18.2,56.4,16.95,2.72,1.5,2143.5,3.5,0.969,36.6,PlastiCreteAI_M1_Final_2000,experimental,mix_01982
0.443,ggbs,28.4,HDPE,2.91,15.25,19.7,7.2,14.21,2.28,1.44,2352.9,2.85,1.316,40.3,PlastiCreteAI_M1_Final_2000,experimental,mix_01983
0.449,none,0.0,HDPE,32.69,10.68,39.8,14.0,7.65,1.94,0.8,2121.7,4.02,0.915,27.8,PlastiCreteAI_M1_Final_2000,experimental,mix_01984
0.453,silica_fume,8.8,HDPE,39.19,2.97,34.7,89.5,21.38,3.26,2.3,2071.8,3.63,0.882,38.9,PlastiCreteAI_M1_Final_2000,experimental,mix_01985
0.44,silica_fume,8.3,HDPE,23.82,4.6,68.1,28.2,12.76,2.33,1.05,2198.4,3.31,1.04,34.7,PlastiCreteAI_M1_Final_2000,experimental,mix_01986
0.489,ggbs,13.2,HDPE,16.24,1.16,37.5,27.7,11.19,2.47,1.06,2233.2,3.11,1.162,34.2,PlastiCreteAI_M1_Final_2000,experimental,mix_01987
0.35,ggbs,17.0,HDPE,32.18,2.53,41.2,28.2,15.26,2.71,1.23,2171.8,2.82,0.88,42.1,PlastiCreteAI_M1_Final_2000,experimental,mix_01988
0.521,fly_ash,20.6,HDPE,34.96,5.73,28.9,7.1,5.0,1.24,0.5,2132.0,4.9,0.922,26.2,PlastiCreteAI_M1_Final_2000,experimental,mix_01989
0.531,ggbs,21.2,HDPE,19.37,19.04,21.7,28.3,10.33,2.2,1.13,2240.3,3.69,1.052,29.2,PlastiCreteAI_M1_Final_2000,experimental,mix_01990
0.401,silica_fume,12.5,HDPE,38.97,3.36,44.5,28.5,14.62,2.67,1.31,2085.8,2.84,0.894,40.9,PlastiCreteAI_M1_Final_2000,experimental,mix_01991
0.566,ggbs,27.3,HDPE,25.77,10.95,19.5,14.2,6.68,1.42,0.73,2169.3,4.37,1.022,24.4,PlastiCreteAI_M1_Final_2000,experimental,mix_01992
0.456,none,0.0,HDPE,22.04,11.21,45.2,27.6,10.25,1.87,0.99,2221.3,3.67,1.016,31.5,PlastiCreteAI_M1_Final_2000,experimental,mix_01993
0.564,ggbs,18.1,HDPE,5.87,5.46,27.6,56.4,34.82,3.99,2.81,2290.6,3.5,1.29,51.6,PlastiCreteAI_M1_Final_2000,experimental,mix_01994
0.35,none,0.0,HDPE,38.68,12.06,41.4,14.1,8.82,1.82,0.96,2132.5,3.34,0.816,29.0,PlastiCreteAI_M1_Final_2000,experimental,mix_01995
0.557,silica_fume,18.0,HDPE,33.1,1.42,23.1,13.7,6.16,1.96,0.6,2098.4,3.94,0.976,22.2,PlastiCreteAI_M1_Final_2000,experimental,mix_01996
0.437,fly_ash,18.2,HDPE,35.43,1.37,21.3,7.2,5.13,1.37,0.46,2157.9,3.64,0.901,30.6,PlastiCreteAI_M1_Final_2000,experimental,mix_01997
0.568,silica_fume,19.2,HDPE,14.43,12.44,66.0,28.2,15.19,2.36,1.2,2261.2,3.68,1.127,34.5,PlastiCreteAI_M1_Final_2000,experimental,mix_01998
0.518,ggbs,21.8,HDPE,5.11,2.86,36.1,6.8,12.4,2.14,1.04,2301.3,3.39,1.381,36.3,PlastiCreteAI_M1_Final_2000,experimental,mix_01999
0.52,ggbs,28.5,HDPE,17.15,17.23,19.8,7.0,5.0,1.38,0.5,2191.1,3.65,1.106,18.6,PlastiCreteAI_M1_Final_2000,experimental,mix_02000
0.621,none,0.0,HDPE,35.4,1.1,24.3,6.7,5.14,1.26,0.43,2101.5,6.25,0.912,17.6,PlastiCreteAI_M1_Final_2000,experimental,mix_02001
0.439,ggbs,17.8,HDPE,23.91,12.56,39.6,90.0,19.27,2.86,1.68,2201.4,3.35,1.075,39.8,PlastiCreteAI_M1_Final_2000,experimental,mix_02002
0.601,ggbs,29.8,HDPE,13.06,1.82,26.3,55.7,22.48,3.07,1.93,2273.0,4.28,1.285,43.3,PlastiCreteAI_M1_Final_2000,experimental,mix_02003
0.65,ggbs,16.2,HDPE,24.04,5.52,47.3,14.0,5.96,1.42,0.56,2177.3,4.78,1.008,18.5,PlastiCreteAI_M1_Final_2000,experimental,mix_02004
0.35,fly_ash,18.0,HDPE,24.63,4.6,24.9,56.1,20.74,2.96,2.23,2189.2,2.7,0.977,48.9,PlastiCreteAI_M1_Final_2000,experimental,mix_02005
0.492,fly_ash,10.1,HDPE,1.23,4.94,34.2,28.2,30.2,3.54,2.4,2334.8,3.52,1.378,49.1,PlastiCreteAI_M1_Final_2000,experimental,mix_02006
0.446,fly_ash,13.1,HDPE,27.4,9.78,26.6,13.8,7.43,1.74,0.6,2159.3,3.74,0.945,26.4,PlastiCreteAI_M1_Final_2000,experimental,mix_02007
0.492,none,0.0,HDPE,35.98,2.85,35.5,28.3,10.58,2.29,1.13,2099.9,4.87,0.899,21.9,PlastiCreteAI_M1_Final_2000,experimental,mix_02008
0.519,ggbs,15.9,HDPE,37.62,10.95,25.0,28.3,9.55,1.92,0.98,2125.0,4.52,0.869,23.6,PlastiCreteAI_M1_Final_2000,experimental,mix_02009
0.465,silica_fume,10.6,HDPE,16.4,1.17,51.2,13.9,9.6,2.0,0.75,2196.1,3.15,1.286,33.8,PlastiCreteAI_M1_Final_2000,experimental,mix_02010
0.504,fly_ash,13.7,HDPE,37.57,9.36,35.9,7.3,5.59,1.47,0.45,2084.6,4.48,0.774,23.9,PlastiCreteAI_M1_Final_2000,experimental,mix_02011
0.524,none,0.0,HDPE,27.01,3.19,18.9,27.9,9.7,1.75,1.0,2156.8,4.99,0.974,26.6,PlastiCreteAI_M1_Final_2000,experimental,mix_02012
0.482,none,0.0,HDPE,28.4,2.09,25.0,89.6,16.78,2.68,1.56,2137.7,4.29,0.967,29.9,PlastiCreteAI_M1_Final_2000,experimental,mix_02013
0.442,fly_ash,19.8,HDPE,17.36,16.74,27.3,6.7,5.0,1.41,0.49,2247.8,3.45,1.073,30.9,PlastiCreteAI_M1_Final_2000,experimental,mix_02014
0.35,none,0.0,HDPE,34.37,19.94,47.3,14.1,9.58,1.82,0.9,2139.0,3.59,0.861,27.6,PlastiCreteAI_M1_Final_2000,experimental,mix_02015
0.628,silica_fume,15.4,HDPE,27.19,8.99,29.8,28.4,9.38,1.79,1.02,2157.8,4.28,1.022,23.9,PlastiCreteAI_M1_Final_2000,experimental,mix_02016
0.449,ggbs,22.2,HDPE,36.03,7.15,56.4,56.0,17.55,2.61,1.58,2095.4,3.78,0.833,36.1,PlastiCreteAI_M1_Final_2000,experimental,mix_02017
0.447,fly_ash,24.8,HDPE,38.12,1.6,41.9,14.5,8.05,1.7,0.7,2133.7,3.8,0.816,30.4,PlastiCreteAI_M1_Final_2000,experimental,mix_02018
0.43,none,0.0,HDPE,2.05,1.1,55.5,7.4,13.67,2.71,1.41,2318.0,3.23,1.374,30.9,PlastiCreteAI_M1_Final_2000,experimental,mix_02019
0.452,fly_ash,26.7,HDPE,0.99,6.82,20.6,28.4,34.48,4.25,2.69,2372.1,2.98,1.279,51.6,PlastiCreteAI_M1_Final_2000,experimental,mix_02020
0.51,none,0.0,HDPE,38.76,4.75,37.4,28.4,10.78,2.21,0.99,2095.9,4.88,0.847,27.5,PlastiCreteAI_M1_Final_2000,experimental,mix_02021
0.366,fly_ash,26.3,HDPE,21.97,3.45,35.8,28.0,14.72,2.78,1.54,2242.5,3.43,1.056,38.6,PlastiCreteAI_M1_Final_2000,experimental,mix_02022
0.392,none,0.0,HDPE,39.32,2.9,24.1,27.6,11.57,2.36,0.88,2099.8,3.97,0.803,30.2,PlastiCreteAI_M1_Final_2000,experimental,mix_02023
0.357,silica_fume,18.7,HDPE,7.56,1.08,35.4,28.5,34.69,3.71,2.83,2276.2,1.92,1.309,63.0,PlastiCreteAI_M1_Final_2000,experimental,mix_02024
0.453,ggbs,13.2,HDPE,22.66,2.81,28.0,89.9,17.96,2.79,1.39,2218.7,3.41,1.151,36.7,PlastiCreteAI_M1_Final_2000,experimental,mix_02025
0.484,none,0.0,HDPE,23.62,6.69,27.9,27.9,10.38,2.33,1.04,2173.7,4.37,1.098,28.9,PlastiCreteAI_M1_Final_2000,experimental,mix_02026
0.485,silica_fume,7.2,HDPE,34.16,13.18,72.3,14.0,8.63,1.71,0.65,2097.0,3.82,0.908,31.6,PlastiCreteAI_M1_Final_2000,experimental,mix_02027
0.35,fly_ash,24.6,HDPE,36.73,10.76,20.0,14.3,9.94,2.14,0.88,2123.5,3.24,0.88,31.3,PlastiCreteAI_M1_Final_2000,experimental,mix_02028
0.538,fly_ash,10.3,HDPE,35.57,8.74,79.2,3.3,5.0,1.5,0.47,2121.7,4.71,0.757,21.0,PlastiCreteAI_M1_Final_2000,experimental,mix_02029
0.459,ggbs,19.7,HDPE,36.33,1.47,54.5,55.8,16.92,2.76,1.35,2052.3,3.78,0.88,42.4,PlastiCreteAI_M1_Final_2000,experimental,mix_02030
0.35,silica_fume,5.7,HDPE,31.9,7.27,37.3,90.0,22.57,3.17,2.42,2133.4,2.82,0.959,51.2,PlastiCreteAI_M1_Final_2000,experimental,mix_02031
0.52,fly_ash,29.1,HDPE,6.2,2.28,40.1,7.5,12.37,2.36,1.08,2306.7,3.95,1.284,31.1,PlastiCreteAI_M1_Final_2000,experimental,mix_02032
0.473,fly_ash,21.7,HDPE,19.29,8.36,78.2,7.4,5.82,1.4,0.49,2209.3,3.29,1.043,26.1,PlastiCreteAI_M1_Final_2000,experimental,mix_02033
0.392,none,0.0,HDPE,32.14,1.16,52.2,14.0,7.66,1.79,0.81,2130.9,4.25,0.928,28.9,PlastiCreteAI_M1_Final_2000,experimental,mix_02034
0.469,none,0.0,HDPE,28.63,1.44,47.3,55.6,14.21,2.42,1.55,2139.6,4.27,0.964,26.5,PlastiCreteAI_M1_Final_2000,experimental,mix_02035
0.463,ggbs,14.7,HDPE,22.8,7.46,22.1,89.8,16.71,2.89,1.48,2210.4,3.49,1.105,32.2,PlastiCreteAI_M1_Final_2000,experimental,mix_02036
0.422,fly_ash,15.7,HDPE,36.61,2.16,77.3,27.9,13.51,2.03,1.36,2118.6,3.84,0.832,33.3,PlastiCreteAI_M1_Final_2000,experimental,mix_02037
0.426,none,0.0,HDPE,19.36,1.79,49.2,7.0,5.0,1.28,0.49,2230.2,3.26,1.058,26.7,PlastiCreteAI_M1_Final_2000,experimental,mix_02038
0.507,fly_ash,21.9,HDPE,29.39,17.58,52.0,28.1,11.75,2.13,1.04,2180.3,4.35,0.927,29.6,PlastiCreteAI_M1_Final_2000,experimental,mix_02039
0.463,none,0.0,HDPE,8.03,1.22,35.8,28.0,27.42,3.31,2.53,2330.6,3.27,1.296,49.4,PlastiCreteAI_M1_Final_2000,experimental,mix_02040
0.415,fly_ash,17.8,HDPE,37.67,3.24,27.6,14.1,8.73,1.67,0.9,2102.8,4.13,0.779,27.7,PlastiCreteAI_M1_Final_2000,experimental,mix_02041
0.542,none,0.0,HDPE,22.49,4.36,46.0,13.6,5.99,1.58,0.6,2171.3,5.18,1.005,20.5,PlastiCreteAI_M1_Final_2000,experimental,mix_02042
0.451,ggbs,14.7,HDPE,37.47,16.61,22.4,6.9,5.11,1.24,0.53,2127.2,3.39,0.805,25.9,PlastiCreteAI_M1_Final_2000,experimental,mix_02043
0.446,ggbs,25.8,HDPE,30.2,1.15,24.2,28.2,12.81,1.94,1.25,2173.8,3.9,0.962,35.4,PlastiCreteAI_M1_Final_2000,experimental,mix_02044
0.409,none,0.0,HDPE,21.37,1.23,43.9,7.3,5.06,1.27,0.47,2193.0,3.35,1.114,27.5,PlastiCreteAI_M1_Final_2000,experimental,mix_02045
0.588,ggbs,10.9,HDPE,23.06,3.71,22.6,28.3,8.23,1.82,0.72,2177.1,4.48,1.053,30.2,PlastiCreteAI_M1_Final_2000,experimental,mix_02046
0.52,silica_fume,19.2,HDPE,26.83,7.01,61.0,7.2,5.56,1.33,0.48,2175.9,3.76,1.059,25.6,PlastiCreteAI_M1_Final_2000,experimental,mix_02047
0.406,ggbs,19.1,HDPE,21.66,10.5,47.1,56.1,17.46,2.42,1.78,2189.0,2.9,1.034,47.3,PlastiCreteAI_M1_Final_2000,experimental,mix_02048
0.602,silica_fume,5.5,HDPE,35.58,2.95,59.0,90.0,15.23,2.93,1.46,2132.4,4.91,0.919,24.1,PlastiCreteAI_M1_Final_2000,experimental,mix_02049
0.517,ggbs,26.5,HDPE,39.47,1.01,21.7,7.1,5.0,1.31,0.5,2094.9,4.57,0.805,20.9,PlastiCreteAI_M1_Final_2000,experimental,mix_02050
0.442,silica_fume,14.1,HDPE,1.51,2.37,23.7,56.4,49.22,5.08,4.41,2298.3,2.21,1.43,69.6,PlastiCreteAI_M1_Final_2000,experimental,mix_02051
0.527,fly_ash,10.6,HDPE,26.56,5.63,28.6,13.9,7.18,1.73,0.64,2168.8,4.51,0.972,21.9,PlastiCreteAI_M1_Final_2000,experimental,mix_02052
0.389,none,0.0,HDPE,16.96,1.88,26.9,27.9,12.52,2.06,1.11,2267.6,2.83,1.172,32.9,PlastiCreteAI_M1_Final_2000,experimental,mix_02053
0.4,ggbs,28.1,HDPE,15.43,17.32,34.3,13.5,11.53,2.29,0.95,2205.7,2.62,1.214,42.8,PlastiCreteAI_M1_Final_2000,experimental,mix_02054
0.395,fly_ash,26.4,HDPE,20.01,14.37,22.1,6.5,5.49,1.18,0.46,2217.4,3.3,1.079,30.6,PlastiCreteAI_M1_Final_2000,experimental,mix_02055
0.469,fly_ash,22.0,HDPE,20.96,4.25,29.9,7.4,5.0,1.29,0.44,2213.4,3.43,1.071,29.0,PlastiCreteAI_M1_Final_2000,experimental,mix_02056
0.43,silica_fume,18.2,HDPE,29.78,5.57,23.3,13.6,8.87,2.08,0.81,2173.1,3.17,1.019,37.0,PlastiCreteAI_M1_Final_2000,experimental,mix_02057
0.525,none,0.0,HDPE,0.26,1.38,29.4,27.9,24.68,3.34,2.43,2360.6,3.89,1.443,47.3,PlastiCreteAI_M1_Final_2000,experimental,mix_02058
0.524,fly_ash,21.6,HDPE,15.79,17.97,25.0,55.9,17.71,2.67,1.35,2305.9,4.07,1.16,32.9,PlastiCreteAI_M1_Final_2000,experimental,mix_02059
0.48,none,0.0,HDPE,28.91,3.51,27.7,55.9,13.13,2.53,1.19,2176.6,4.31,0.97,26.3,PlastiCreteAI_M1_Final_2000,experimental,mix_02060
0.485,ggbs,12.4,HDPE,28.24,6.9,26.6,90.0,18.24,2.95,1.72,2135.6,3.86,0.974,39.1,PlastiCreteAI_M1_Final_2000,experimental,mix_02061
0.505,fly_ash,18.2,HDPE,19.07,1.49,29.8,90.0,18.22,2.88,1.96,2211.5,4.0,1.065,28.7,PlastiCreteAI_M1_Final_2000,experimental,mix_02062
0.472,silica_fume,7.5,HDPE,20.27,2.25,26.7,14.1,7.36,1.76,0.77,2229.2,3.22,1.1,31.4,PlastiCreteAI_M1_Final_2000,experimental,mix_02063
0.401,none,0.0,HDPE,15.96,12.55,23.7,56.0,18.78,2.59,1.5,2233.1,2.66,1.136,31.3,PlastiCreteAI_M1_Final_2000,experimental,mix_02064
0.511,none,0.0,HDPE,37.93,1.31,24.0,6.6,5.37,1.24,0.45,2070.8,4.86,0.815,21.2,PlastiCreteAI_M1_Final_2000,experimental,mix_02065
0.504,fly_ash,11.2,HDPE,28.34,1.2,60.9,28.1,11.44,1.95,1.08,2192.0,4.64,0.945,26.9,PlastiCreteAI_M1_Final_2000,experimental,mix_02066
0.53,ggbs,27.3,HDPE,37.74,6.45,56.7,27.6,10.93,2.32,1.07,2065.8,4.51,0.858,24.6,PlastiCreteAI_M1_Final_2000,experimental,mix_02067
0.428,fly_ash,30.0,HDPE,23.11,9.26,29.1,27.6,13.13,2.39,1.01,2223.8,3.53,1.024,34.9,PlastiCreteAI_M1_Final_2000,experimental,mix_02068
0.437,none,0.0,HDPE,27.49,2.45,31.5,14.1,7.22,1.82,0.57,2218.1,3.79,0.979,27.1,PlastiCreteAI_M1_Final_2000,experimental,mix_02069
0.489,ggbs,29.7,HDPE,16.57,3.1,36.8,55.8,15.21,2.51,1.45,2237.5,3.48,1.082,36.8,PlastiCreteAI_M1_Final_2000,experimental,mix_02070
0.479,silica_fume,19.1,HDPE,5.81,13.21,49.1,28.5,33.69,4.01,2.72,2346.7,2.69,1.355,53.6,PlastiCreteAI_M1_Final_2000,experimental,mix_02071
0.527,silica_fume,6.2,HDPE,30.39,1.71,45.6,89.7,19.16,3.01,1.88,2118.4,3.82,0.973,37.8,PlastiCreteAI_M1_Final_2000,experimental,mix_02072
0.499,ggbs,21.3,HDPE,15.22,3.93,78.3,27.9,16.09,2.77,1.66,2212.1,3.16,1.217,40.6,PlastiCreteAI_M1_Final_2000,experimental,mix_02073
0.431,silica_fume,12.8,HDPE,11.13,6.04,51.3,90.0,45.74,4.24,4.93,2275.6,2.41,1.28,69.1,PlastiCreteAI_M1_Final_2000,experimental,mix_02074
0.518,silica_fume,15.9,HDPE,34.68,6.02,42.8,28.2,11.54,2.03,1.0,2126.4,4.28,0.984,32.6,PlastiCreteAI_M1_Final_2000,experimental,mix_02075
0.43,silica_fume,10.6,HDPE,10.69,7.93,21.4,28.2,28.39,3.38,2.18,2292.1,1.86,1.251,52.7,PlastiCreteAI_M1_Final_2000,experimental,mix_02076
0.35,ggbs,27.3,HDPE,16.68,4.37,26.6,28.3,14.3,2.73,1.44,2250.2,2.14,1.208,43.5,PlastiCreteAI_M1_Final_2000,experimental,mix_02077
0.572,fly_ash,29.5,HDPE,14.91,4.02,19.1,28.2,13.51,2.6,1.15,2201.7,4.88,1.186,28.8,PlastiCreteAI_M1_Final_2000,experimental,mix_02078
0.512,silica_fume,7.5,HDPE,0.19,6.38,56.4,14.0,23.46,3.5,1.83,2336.9,2.47,1.436,48.9,PlastiCreteAI_M1_Final_2000,experimental,mix_02079
0.391,ggbs,12.2,HDPE,38.66,4.47,77.0,56.2,19.64,2.99,1.54,2111.7,3.64,0.882,39.6,PlastiCreteAI_M1_Final_2000,experimental,mix_02080
0.516,none,0.0,HDPE,26.38,7.63,42.1,7.3,5.0,1.18,0.38,2207.2,4.25,0.975,16.1,PlastiCreteAI_M1_Final_2000,experimental,mix_02081
0.493,ggbs,12.5,HDPE,14.33,16.8,29.9,14.1,11.03,2.05,0.95,2292.7,3.19,1.132,36.0,PlastiCreteAI_M1_Final_2000,experimental,mix_02082
0.454,fly_ash,23.6,HDPE,33.44,3.76,22.1,27.8,11.92,2.28,1.3,2134.7,4.1,0.891,30.1,PlastiCreteAI_M1_Final_2000,experimental,mix_02083
0.405,fly_ash,26.8,HDPE,38.94,3.49,35.3,27.8,12.89,2.44,1.19,2138.5,3.84,0.806,34.4,PlastiCreteAI_M1_Final_2000,experimental,mix_02084
0.395,ggbs,13.1,HDPE,19.66,15.56,22.1,13.9,8.1,1.74,0.78,2212.7,2.7,1.182,36.7,PlastiCreteAI_M1_Final_2000,experimental,mix_02085
0.558,fly_ash,11.4,HDPE,29.59,13.4,22.3,7.4,5.0,1.28,0.42,2175.9,5.21,0.968,19.9,PlastiCreteAI_M1_Final_2000,experimental,mix_02086
0.39,silica_fume,11.6,HDPE,4.94,1.09,67.0,6.8,17.94,2.97,1.4,2324.4,2.3,1.29,55.0,PlastiCreteAI_M1_Final_2000,experimental,mix_02087
0.35,silica_fume,14.2,HDPE,26.16,1.71,28.3,55.8,19.92,2.78,1.75,2196.0,2.47,1.047,48.9,PlastiCreteAI_M1_Final_2000,experimental,mix_02088
0.49,none,0.0,HDPE,32.78,5.47,29.7,14.2,7.49,1.71,0.72,2118.6,4.94,0.889,16.7,PlastiCreteAI_M1_Final_2000,experimental,mix_02089
0.439,silica_fume,18.4,HDPE,4.72,7.59,23.2,13.8,21.43,3.04,2.12,2329.0,2.53,1.325,52.1,PlastiCreteAI_M1_Final_2000,experimental,mix_02090
0.359,ggbs,16.1,HDPE,18.55,1.21,26.8,28.3,12.56,2.48,1.2,2193.2,2.82,1.092,36.4,PlastiCreteAI_M1_Final_2000,experimental,mix_02091
0.458,none,0.0,HDPE,19.36,2.79,30.0,28.1,12.4,2.18,0.99,2233.1,3.18,1.095,29.2,PlastiCreteAI_M1_Final_2000,experimental,mix_02092
0.35,none,0.0,HDPE,36.1,3.32,68.5,7.2,6.37,1.54,0.48,2125.3,3.58,0.916,32.4,PlastiCreteAI_M1_Final_2000,experimental,mix_02093
0.535,none,0.0,HDPE,7.2,11.92,18.1,14.2,15.55,2.54,1.53,2293.1,4.13,1.286,28.0,PlastiCreteAI_M1_Final_2000,experimental,mix_02094
0.558,silica_fume,19.5,HDPE,21.38,6.41,18.0,90.0,18.0,2.86,1.96,2233.8,3.49,1.11,36.0,PlastiCreteAI_M1_Final_2000,experimental,mix_02095
0.395,none,0.0,HDPE,12.56,1.04,27.4,90.0,39.2,3.88,3.03,2262.2,3.2,1.135,56.2,PlastiCreteAI_M1_Final_2000,experimental,mix_02096
0.35,none,0.0,HDPE,35.4,6.36,47.5,27.8,13.82,2.11,1.43,2138.5,3.3,0.875,35.8,PlastiCreteAI_M1_Final_2000,experimental,mix_02097
0.476,silica_fume,11.2,HDPE,22.54,17.97,29.1,6.7,5.52,1.18,0.48,2180.0,3.73,1.215,30.6,PlastiCreteAI_M1_Final_2000,experimental,mix_02098
0.479,silica_fume,9.2,HDPE,7.71,8.28,42.3,6.8,12.3,2.2,1.29,2293.5,2.89,1.341,40.4,PlastiCreteAI_M1_Final_2000,experimental,mix_02099
0.536,fly_ash,11.7,HDPE,27.4,1.36,36.8,28.2,9.63,2.21,0.74,2123.2,4.91,0.97,33.3,PlastiCreteAI_M1_Final_2000,experimental,mix_02100
0.439,fly_ash,19.0,HDPE,25.38,1.93,21.2,27.9,11.17,2.25,1.02,2186.0,3.87,1.019,32.8,PlastiCreteAI_M1_Final_2000,experimental,mix_02101
0.446,fly_ash,13.1,HDPE,26.63,5.1,22.6,28.1,11.94,2.23,0.94,2192.8,3.98,0.991,30.0,PlastiCreteAI_M1_Final_2000,experimental,mix_02102
0.354,ggbs,20.1,HDPE,1.4,14.98,24.2,27.7,42.41,4.27,3.95,2379.3,1.37,1.338,69.0,PlastiCreteAI_M1_Final_2000,experimental,mix_02103
0.513,fly_ash,27.6,HDPE,36.39,4.1,24.6,14.0,6.8,1.55,0.61,2121.1,4.47,0.857,21.1,PlastiCreteAI_M1_Final_2000,experimental,mix_02104
0.405,ggbs,11.4,HDPE,34.36,15.74,27.0,14.3,8.72,1.69,0.89,2109.8,2.86,0.902,28.8,PlastiCreteAI_M1_Final_2000,experimental,mix_02105
0.573,fly_ash,27.7,HDPE,4.19,1.81,45.7,13.5,19.6,3.33,1.88,2277.0,3.82,1.346,37.6,PlastiCreteAI_M1_Final_2000,experimental,mix_02106
0.489,none,0.0,HDPE,39.84,10.78,19.8,13.6,6.98,1.39,0.72,2082.2,4.88,0.791,20.2,PlastiCreteAI_M1_Final_2000,experimental,mix_02107
0.581,none,0.0,HDPE,5.86,1.6,20.3,14.1,15.13,2.65,1.45,2358.4,4.4,1.281,30.7,PlastiCreteAI_M1_Final_2000,experimental,mix_02108
0.546,silica_fume,17.2,HDPE,6.39,1.82,28.3,56.4,38.39,4.87,3.92,2331.7,3.68,1.39,54.5,PlastiCreteAI_M1_Final_2000,experimental,mix_02109
0.577,silica_fume,11.8,HDPE,13.33,11.1,42.1,27.7,19.2,2.9,2.06,2232.1,3.36,1.253,36.0,PlastiCreteAI_M1_Final_2000,experimental,mix_02110
0.35,fly_ash,15.5,HDPE,20.12,2.39,66.6,28.3,15.18,2.75,1.66,2225.3,2.1,1.085,37.7,PlastiCreteAI_M1_Final_2000,experimental,mix_02111
0.478,silica_fume,14.8,HDPE,3.22,1.01,35.9,28.0,32.93,4.11,3.1,2322.6,2.46,1.375,57.9,PlastiCreteAI_M1_Final_2000,experimental,mix_02112
0.373,ggbs,19.4,HDPE,15.68,4.86,28.7,14.3,11.17,2.09,0.9,2268.4,2.66,1.242,38.9,PlastiCreteAI_M1_Final_2000,experimental,mix_02113
0.514,none,0.0,HDPE,32.07,5.17,19.4,7.0,5.47,1.39,0.48,2161.5,5.11,0.868,16.2,PlastiCreteAI_M1_Final_2000,experimental,mix_02114
0.393,none,0.0,HDPE,27.67,9.56,20.7,14.4,7.87,1.89,0.83,2194.0,3.27,1.007,26.2,PlastiCreteAI_M1_Final_2000,experimental,mix_02115
0.393,none,0.0,HDPE,35.6,1.62,39.0,27.6,10.53,1.98,0.93,2141.2,3.26,0.87,29.7,PlastiCreteAI_M1_Final_2000,experimental,mix_02116
0.439,fly_ash,16.3,HDPE,39.56,13.69,34.2,28.0,11.52,2.17,1.03,2120.3,3.91,0.792,26.6,PlastiCreteAI_M1_Final_2000,experimental,mix_02117
0.497,silica_fume,13.2,HDPE,19.8,1.95,27.5,56.1,15.44,2.48,1.25,2269.3,3.58,1.18,39.3,PlastiCreteAI_M1_Final_2000,experimental,mix_02118
0.474,silica_fume,8.3,HDPE,2.93,16.11,40.9,55.7,43.67,4.86,4.7,2316.6,2.04,1.316,69.2,PlastiCreteAI_M1_Final_2000,experimental,mix_02119
0.61,none,0.0,HDPE,26.29,5.39,26.6,55.5,11.69,2.28,1.24,2163.5,5.35,0.999,17.7,PlastiCreteAI_M1_Final_2000,experimental,mix_02120
0.386,silica_fume,14.6,HDPE,11.27,4.1,28.1,6.6,10.99,2.13,0.87,2239.6,2.13,1.298,39.8,PlastiCreteAI_M1_Final_2000,experimental,mix_02121
0.35,none,0.0,HDPE,12.41,5.37,34.0,28.0,24.77,3.63,1.93,2333.1,2.49,1.238,40.8,PlastiCreteAI_M1_Final_2000,experimental,mix_02122
0.47,fly_ash,19.7,HDPE,38.67,14.77,46.0,3.0,5.0,1.29,0.43,2094.6,4.22,0.746,24.6,PlastiCreteAI_M1_Final_2000,experimental,mix_02123
0.608,ggbs,20.4,HDPE,7.43,12.74,43.5,28.1,25.05,3.56,2.73,2301.7,3.74,1.275,36.7,PlastiCreteAI_M1_Final_2000,experimental,mix_02124
0.409,fly_ash,14.3,HDPE,0.14,12.73,50.3,13.7,24.82,3.33,1.92,2370.2,2.22,1.375,53.7,PlastiCreteAI_M1_Final_2000,experimental,mix_02125
0.38,ggbs,16.3,HDPE,6.67,5.36,20.6,27.5,35.47,4.5,3.3,2312.5,2.32,1.231,58.3,PlastiCreteAI_M1_Final_2000,experimental,mix_02126
0.35,fly_ash,24.0,HDPE,11.68,14.86,77.1,89.9,42.12,4.71,4.51,2306.8,2.3,1.12,62.2,PlastiCreteAI_M1_Final_2000,experimental,mix_02127
0.397,silica_fume,6.2,HDPE,5.86,2.68,21.7,6.5,13.52,2.12,1.12,2293.9,2.1,1.385,46.3,PlastiCreteAI_M1_Final_2000,experimental,mix_02128
0.488,fly_ash,23.7,HDPE,38.15,3.3,61.0,7.2,5.67,1.31,0.45,2082.0,4.31,0.763,30.4,PlastiCreteAI_M1_Final_2000,experimental,mix_02129
0.531,ggbs,21.0,HDPE,7.77,12.4,57.8,27.9,28.18,3.72,2.33,2284.9,3.78,1.251,46.3,PlastiCreteAI_M1_Final_2000,experimental,mix_02130
0.35,none,0.0,HDPE,3.34,5.27,23.9,28.2,37.39,4.71,3.85,2326.5,2.52,1.35,57.2,PlastiCreteAI_M1_Final_2000,experimental,mix_02131
0.366,silica_fume,14.8,HDPE,9.89,11.47,22.9,55.9,47.5,4.9,3.69,2303.2,1.43,1.318,76.1,PlastiCreteAI_M1_Final_2000,experimental,mix_02132
0.494,fly_ash,18.9,HDPE,32.45,3.67,18.5,27.5,11.99,2.12,0.93,2166.2,4.17,0.909,33.0,PlastiCreteAI_M1_Final_2000,experimental,mix_02133
0.51,silica_fume,19.5,HDPE,29.39,10.49,18.6,28.4,9.59,2.06,0.94,2179.4,3.57,0.993,29.6,PlastiCreteAI_M1_Final_2000,experimental,mix_02134
0.446,silica_fume,13.2,HDPE,12.48,2.11,20.6,7.5,8.72,1.74,0.77,2315.3,2.28,1.23,39.6,PlastiCreteAI_M1_Final_2000,experimental,mix_02135
0.464,ggbs,14.6,HDPE,8.58,1.63,24.1,27.6,27.72,3.12,2.61,2265.2,2.82,1.322,55.4,PlastiCreteAI_M1_Final_2000,experimental,mix_02136
0.533,ggbs,10.9,HDPE,11.51,2.39,23.6,14.3,13.17,2.51,1.0,2258.2,3.93,1.165,32.9,PlastiCreteAI_M1_Final_2000,experimental,mix_02137
0.385,none,0.0,HDPE,1.85,1.27,22.3,28.4,35.8,4.19,3.8,2323.8,2.85,1.341,55.0,PlastiCreteAI_M1_Final_2000,experimental,mix_02138
0.496,ggbs,27.5,HDPE,2.59,14.72,29.0,27.6,30.1,4.12,2.81,2327.6,3.46,1.365,54.5,PlastiCreteAI_M1_Final_2000,experimental,mix_02139
0.509,none,0.0,HDPE,9.44,3.79,23.7,6.9,9.32,1.85,0.93,2283.8,4.09,1.228,23.4,PlastiCreteAI_M1_Final_2000,experimental,mix_02140
0.35,silica_fume,15.9,HDPE,30.91,7.95,20.8,55.9,18.08,2.96,1.71,2208.4,2.31,0.955,49.6,PlastiCreteAI_M1_Final_2000,experimental,mix_02141
0.496,silica_fume,18.2,HDPE,31.14,1.95,19.9,55.8,14.57,2.26,1.35,2136.1,3.81,1.021,33.9,PlastiCreteAI_M1_Final_2000,experimental,mix_02142
0.495,none,0.0,HDPE,34.38,7.77,47.4,14.4,7.44,1.66,0.68,2148.6,4.85,0.945,22.3,PlastiCreteAI_M1_Final_2000,experimental,mix_02143
0.484,none,0.0,HDPE,23.71,1.68,30.8,7.5,5.18,1.32,0.44,2148.7,4.37,0.993,25.1,PlastiCreteAI_M1_Final_2000,experimental,mix_02144
0.35,silica_fume,16.4,HDPE,6.22,1.48,19.0,90.0,67.28,5.78,5.08,2313.1,1.71,1.371,73.6,PlastiCreteAI_M1_Final_2000,experimental,mix_02145
0.537,none,0.0,HDPE,14.7,19.95,25.1,28.4,13.96,2.32,1.19,2245.4,4.37,1.198,30.5,PlastiCreteAI_M1_Final_2000,experimental,mix_02146
0.489,none,0.0,HDPE,14.16,1.03,28.5,7.3,7.3,1.64,0.59,2234.2,3.74,1.145,19.5,PlastiCreteAI_M1_Final_2000,experimental,mix_02147
0.535,silica_fume,19.5,HDPE,14.14,1.35,38.8,55.7,24.17,3.21,2.44,2251.0,3.55,1.129,42.2,PlastiCreteAI_M1_Final_2000,experimental,mix_02148
0.482,fly_ash,24.7,HDPE,21.49,7.9,27.5,7.1,5.0,1.36,0.47,2215.1,4.03,1.093,28.0,PlastiCreteAI_M1_Final_2000,experimental,mix_02149
0.547,silica_fume,17.4,HDPE,22.04,1.18,38.3,7.2,5.2,1.38,0.47,2217.9,3.59,1.171,34.7,PlastiCreteAI_M1_Final_2000,experimental,mix_02150
0.454,silica_fume,17.6,HDPE,19.33,9.24,27.1,14.4,8.2,1.79,0.79,2243.0,3.16,1.168,36.9,PlastiCreteAI_M1_Final_2000,experimental,mix_02151
0.522,none,0.0,HDPE,16.04,1.17,44.7,3.0,5.0,1.18,0.48,2271.7,4.41,1.164,17.3,PlastiCreteAI_M1_Final_2000,experimental,mix_02152
0.418,fly_ash,13.0,HDPE,17.17,6.08,45.9,90.0,18.85,2.75,1.93,2241.6,3.01,1.114,40.4,PlastiCreteAI_M1_Final_2000,experimental,mix_02153
0.606,fly_ash,18.2,HDPE,2.49,9.04,19.0,13.9,16.7,2.69,1.3,2327.0,4.22,1.27,34.1,PlastiCreteAI_M1_Final_2000,experimental,mix_02154
0.452,ggbs,19.2,HDPE,18.92,1.75,60.7,3.4,5.0,1.33,0.4,2228.7,3.1,1.122,31.2,PlastiCreteAI_M1_Final_2000,experimental,mix_02155
0.389,fly_ash,21.1,HDPE,37.04,3.5,23.0,14.3,8.87,1.95,0.88,2097.0,3.52,0.804,31.8,PlastiCreteAI_M1_Final_2000,experimental,mix_02156
0.455,silica_fume,7.9,HDPE,27.02,3.67,23.9,90.0,19.38,2.8,1.53,2184.3,3.23,1.052,42.3,PlastiCreteAI_M1_Final_2000,experimental,mix_02157
0.461,silica_fume,11.1,HDPE,17.02,1.45,32.9,28.0,11.47,2.17,0.98,2215.5,3.06,1.15,38.1,PlastiCreteAI_M1_Final_2000,experimental,mix_02158
0.559,none,0.0,HDPE,1.08,9.15,37.1,56.0,36.53,3.91,3.44,2338.7,3.92,1.33,52.8,PlastiCreteAI_M1_Final_2000,experimental,mix_02159
0.557,fly_ash,28.2,HDPE,20.63,7.28,25.2,13.8,6.81,1.75,0.73,2188.1,4.38,1.058,28.9,PlastiCreteAI_M1_Final_2000,experimental,mix_02160
0.35,silica_fume,6.1,HDPE,4.77,19.91,19.5,55.5,53.85,4.41,5.9,2355.7,2.12,1.298,71.6,PlastiCreteAI_M1_Final_2000,experimental,mix_02161
0.512,silica_fume,18.0,HDPE,28.7,2.43,22.6,6.8,5.0,1.32,0.54,2173.2,3.61,1.01,26.7,PlastiCreteAI_M1_Final_2000,experimental,mix_02162
0.45,silica_fume,11.4,HDPE,33.79,11.06,69.7,7.4,6.26,1.5,0.57,2134.6,3.43,0.96,33.3,PlastiCreteAI_M1_Final_2000,experimental,mix_02163
0.397,silica_fume,17.2,HDPE,37.68,3.99,27.3,3.4,5.52,1.38,0.53,2096.1,2.66,0.853,32.1,PlastiCreteAI_M1_Final_2000,experimental,mix_02164
0.46,none,0.0,HDPE,9.07,16.55,28.2,14.1,14.93,2.85,1.2,2307.2,3.58,1.195,36.1,PlastiCreteAI_M1_Final_2000,experimental,mix_02165
0.35,fly_ash,29.4,HDPE,25.25,15.67,27.5,6.7,5.99,1.42,0.6,2177.2,3.03,0.991,29.7,PlastiCreteAI_M1_Final_2000,experimental,mix_02166
0.488,fly_ash,13.9,HDPE,7.11,2.24,45.8,56.2,38.13,4.29,3.23,2294.2,3.52,1.261,53.5,PlastiCreteAI_M1_Final_2000,experimental,mix_02167
0.439,silica_fume,10.8,HDPE,5.32,13.1,44.3,7.0,15.05,2.84,1.18,2297.2,2.29,1.364,41.0,PlastiCreteAI_M1_Final_2000,experimental,mix_02168
0.423,silica_fume,13.2,HDPE,31.21,5.55,34.9,28.4,14.51,2.27,1.43,2149.6,2.82,1.033,46.3,PlastiCreteAI_M1_Final_2000,experimental,mix_02169
0.46,ggbs,10.8,HDPE,33.38,2.24,36.6,3.0,5.0,1.38,0.46,2150.1,3.84,0.859,25.3,PlastiCreteAI_M1_Final_2000,experimental,mix_02170
0.509,ggbs,12.4,HDPE,2.17,1.26,25.9,27.5,27.71,3.46,2.34,2319.2,3.11,1.281,48.2,PlastiCreteAI_M1_Final_2000,experimental,mix_02171
0.465,ggbs,13.8,HDPE,23.78,1.9,61.1,28.0,11.07,2.28,1.2,2245.1,3.47,1.012,34.2,PlastiCreteAI_M1_Final_2000,experimental,mix_02172
0.575,ggbs,14.9,HDPE,25.7,12.89,23.0,6.6,5.0,1.3,0.46,2188.4,4.67,1.041,20.7,PlastiCreteAI_M1_Final_2000,experimental,mix_02173
0.511,none,0.0,HDPE,5.65,5.45,22.1,27.9,24.62,3.6,2.45,2314.1,4.26,1.313,40.2,PlastiCreteAI_M1_Final_2000,experimental,mix_02174
0.416,fly_ash,16.2,HDPE,3.41,5.69,27.6,28.0,33.54,4.16,2.75,2349.9,2.14,1.332,62.2,PlastiCreteAI_M1_Final_2000,experimental,mix_02175
0.47,silica_fume,18.1,HDPE,18.62,1.31,44.6,28.1,12.53,2.29,1.25,2224.1,3.09,1.125,36.7,PlastiCreteAI_M1_Final_2000,experimental,mix_02176
0.534,fly_ash,25.2,HDPE,13.54,1.79,27.1,7.5,8.28,1.74,0.86,2315.1,3.75,1.171,33.3,PlastiCreteAI_M1_Final_2000,experimental,mix_02177
0.536,fly_ash,21.1,HDPE,24.52,4.86,32.0,28.5,9.46,2.04,0.96,2240.5,4.13,1.001,26.0,PlastiCreteAI_M1_Final_2000,experimental,mix_02178
0.442,none,0.0,HDPE,18.08,1.8,62.2,56.0,18.4,2.72,1.45,2211.5,3.8,1.124,39.5,PlastiCreteAI_M1_Final_2000,experimental,mix_02179
0.445,silica_fume,17.6,HDPE,24.07,2.16,20.4,28.4,12.39,2.17,1.29,2192.7,2.84,1.099,38.6,PlastiCreteAI_M1_Final_2000,experimental,mix_02180
0.436,silica_fume,5.1,HDPE,39.13,1.15,22.8,55.6,17.02,2.69,1.54,2084.5,3.58,0.784,37.0,PlastiCreteAI_M1_Final_2000,experimental,mix_02181
0.542,ggbs,10.9,HDPE,13.45,8.74,24.5,55.9,22.25,3.49,2.35,2242.5,3.64,1.162,46.8,PlastiCreteAI_M1_Final_2000,experimental,mix_02182
0.542,ggbs,29.6,HDPE,33.75,1.03,23.3,3.3,5.0,1.36,0.53,2099.9,4.65,0.978,27.8,PlastiCreteAI_M1_Final_2000,experimental,mix_02183
0.47,none,0.0,HDPE,13.42,4.29,22.0,28.4,17.93,2.44,1.65,2288.4,3.76,1.192,34.8,PlastiCreteAI_M1_Final_2000,experimental,mix_02184
0.35,silica_fume,15.3,HDPE,7.01,2.58,21.8,27.7,37.81,4.4,2.92,2347.8,2.08,1.322,57.8,PlastiCreteAI_M1_Final_2000,experimental,mix_02185
0.471,fly_ash,10.8,HDPE,11.9,19.84,52.7,27.7,21.32,3.41,2.13,2277.2,3.34,1.182,45.2,PlastiCreteAI_M1_Final_2000,experimental,mix_02186
0.394,silica_fume,14.8,HDPE,36.91,1.52,20.4,55.8,19.77,2.73,2.04,2135.8,2.78,0.92,45.0,PlastiCreteAI_M1_Final_2000,experimental,mix_02187
0.526,none,0.0,HDPE,29.22,15.86,55.0,28.2,9.41,2.11,0.99,2141.8,4.77,0.936,31.4,PlastiCreteAI_M1_Final_2000,experimental,mix_02188
0.493,none,0.0,HDPE,29.37,4.38,29.0,56.2,14.34,2.61,1.25,2146.9,4.29,0.959,29.1,PlastiCreteAI_M1_Final_2000,experimental,mix_02189
0.429,fly_ash,29.8,HDPE,19.74,1.89,33.5,7.2,5.27,1.15,0.43,2220.7,2.71,1.083,32.9,PlastiCreteAI_M1_Final_2000,experimental,mix_02190
0.406,fly_ash,13.1,HDPE,28.62,1.17,19.0,7.4,5.47,1.52,0.59,2180.0,3.52,1.033,33.4,PlastiCreteAI_M1_Final_2000,experimental,mix_02191
0.377,fly_ash,23.3,HDPE,26.62,9.77,19.8,14.1,8.84,1.95,0.82,2175.3,3.16,1.023,31.0,PlastiCreteAI_M1_Final_2000,experimental,mix_02192
0.389,none,0.0,HDPE,17.43,12.96,22.9,6.7,5.41,1.3,0.43,2251.0,3.22,1.152,31.3,PlastiCreteAI_M1_Final_2000,experimental,mix_02193
0.545,ggbs,11.5,HDPE,6.23,14.08,38.0,6.7,11.27,1.97,1.0,2341.4,3.52,1.341,38.0,PlastiCreteAI_M1_Final_2000,experimental,mix_02194
0.491,fly_ash,12.9,HDPE,29.93,6.38,52.6,28.0,11.67,2.14,1.05,2163.9,3.58,0.987,33.1,PlastiCreteAI_M1_Final_2000,experimental,mix_02195
0.531,none,0.0,HDPE,20.56,3.64,21.9,7.3,5.34,1.3,0.41,2219.3,4.11,1.093,19.2,PlastiCreteAI_M1_Final_2000,experimental,mix_02196
0.601,none,0.0,HDPE,27.95,1.35,33.1,6.6,5.0,1.31,0.52,2183.1,5.54,0.989,14.5,PlastiCreteAI_M1_Final_2000,experimental,mix_02197
0.386,silica_fume,14.6,HDPE,12.51,4.13,72.7,3.4,6.37,1.59,0.52,2253.5,2.1,1.26,37.6,PlastiCreteAI_M1_Final_2000,experimental,mix_02198
0.501,silica_fume,9.0,HDPE,27.05,10.78,70.6,27.7,12.37,2.29,1.0,2180.1,3.66,1.052,31.2,PlastiCreteAI_M1_Final_2000,experimental,mix_02199
0.529,silica_fume,8.2,HDPE,30.44,8.29,25.9,28.5,11.68,2.09,1.19,2142.1,4.1,0.917,31.9,PlastiCreteAI_M1_Final_2000,experimental,mix_02200
0.526,silica_fume,19.3,HDPE,14.52,5.82,39.9,6.9,8.0,1.64,0.84,2247.8,3.82,1.207,30.1,PlastiCreteAI_M1_Final_2000,experimental,mix_02201
0.428,none,0.0,HDPE,29.21,1.85,34.9,27.8,10.56,1.9,0.85,2193.7,3.87,0.993,27.3,PlastiCreteAI_M1_Final_2000,experimental,mix_02202
0.48,none,0.0,HDPE,19.48,3.3,67.7,6.6,5.0,1.3,0.54,2229.3,4.08,1.105,22.4,PlastiCreteAI_M1_Final_2000,experimental,mix_02203
0.504,fly_ash,25.4,HDPE,12.3,4.4,26.9,3.0,5.29,1.41,0.58,2261.3,3.76,1.175,32.1,PlastiCreteAI_M1_Final_2000,experimental,mix_02204
0.379,ggbs,28.2,HDPE,13.34,18.41,20.5,28.1,22.29,2.99,2.15,2257.5,2.35,1.169,49.8,PlastiCreteAI_M1_Final_2000,experimental,mix_02205
0.519,fly_ash,26.2,HDPE,20.43,1.29,61.1,13.8,8.24,1.58,0.86,2209.4,4.33,1.075,25.7,PlastiCreteAI_M1_Final_2000,experimental,mix_02206
0.427,none,0.0,HDPE,25.02,4.75,44.9,89.8,19.5,3.17,1.48,2199.5,3.9,1.039,33.7,PlastiCreteAI_M1_Final_2000,experimental,mix_02207
0.436,silica_fume,16.6,HDPE,13.11,1.33,19.1,7.1,9.05,1.82,0.76,2289.3,2.84,1.213,33.4,PlastiCreteAI_M1_Final_2000,experimental,mix_02208
0.45,silica_fume,11.8,HDPE,17.41,1.42,39.6,27.7,10.41,1.97,0.97,2275.2,2.56,1.191,37.5,PlastiCreteAI_M1_Final_2000,experimental,mix_02209
0.407,none,0.0,HDPE,26.63,1.18,20.3,27.5,12.22,2.28,0.94,2161.0,4.16,0.986,26.1,PlastiCreteAI_M1_Final_2000,experimental,mix_02210
0.549,none,0.0,HDPE,0.25,2.45,46.1,13.9,19.09,2.7,1.62,2395.5,3.92,1.313,39.6,PlastiCreteAI_M1_Final_2000,experimental,mix_02211
0.402,none,0.0,HDPE,38.99,3.9,65.3,6.7,5.68,1.35,0.45,2142.0,4.27,0.894,28.2,PlastiCreteAI_M1_Final_2000,experimental,mix_02212
0.549,fly_ash,11.9,HDPE,15.03,2.55,32.0,28.0,12.74,2.49,1.27,2243.1,4.04,1.156,32.9,PlastiCreteAI_M1_Final_2000,experimental,mix_02213
0.497,ggbs,14.1,HDPE,25.39,15.41,18.4,55.8,15.33,2.18,1.35,2170.7,3.32,1.036,32.1,PlastiCreteAI_M1_Final_2000,experimental,mix_02214
0.452,none,0.0,HDPE,16.9,17.39,22.3,28.1,10.33,2.05,0.94,2264.4,3.87,1.141,33.1,PlastiCreteAI_M1_Final_2000,experimental,mix_02215
0.528,silica_fume,18.4,HDPE,14.2,18.99,22.9,56.0,22.34,3.19,2.21,2225.0,3.1,1.244,44.7,PlastiCreteAI_M1_Final_2000,experimental,mix_02216
0.639,ggbs,23.7,HDPE,17.85,15.75,22.0,7.2,5.0,1.5,0.46,2228.8,4.54,1.172,22.6,PlastiCreteAI_M1_Final_2000,experimental,mix_02217
0.492,ggbs,15.6,HDPE,21.61,1.38,26.4,28.2,10.66,2.25,0.88,2267.3,3.23,1.057,35.3,PlastiCreteAI_M1_Final_2000,experimental,mix_02218
0.496,ggbs,26.8,HDPE,35.87,1.88,29.2,27.8,10.2,2.34,0.77,2091.2,4.34,0.904,29.7,PlastiCreteAI_M1_Final_2000,experimental,mix_02219
0.387,none,0.0,HDPE,20.38,1.97,19.7,6.8,5.0,1.28,0.47,2180.1,3.05,1.099,22.6,PlastiCreteAI_M1_Final_2000,experimental,mix_02220
0.518,silica_fume,8.4,HDPE,6.67,1.07,43.5,56.3,42.08,4.31,3.83,2244.6,2.84,1.332,58.2,PlastiCreteAI_M1_Final_2000,experimental,mix_02221
0.596,none,0.0,HDPE,4.9,7.73,19.3,27.9,22.61,3.4,1.81,2299.3,4.91,1.345,37.4,PlastiCreteAI_M1_Final_2000,experimental,mix_02222
0.35,fly_ash,14.2,HDPE,30.44,1.56,49.4,7.0,6.19,1.59,0.49,2184.7,2.98,0.814,33.4,PlastiCreteAI_M1_Final_2000,experimental,mix_02223
0.56,silica_fume,13.5,HDPE,0.32,5.61,55.5,6.9,12.68,2.74,1.04,2346.4,3.67,1.411,29.5,PlastiCreteAI_M1_Final_2000,experimental,mix_02224
0.467,none,0.0,HDPE,39.71,1.48,23.1,13.6,7.65,1.56,0.6,2092.0,5.04,0.846,19.0,PlastiCreteAI_M1_Final_2000,experimental,mix_02225
0.494,silica_fume,9.7,HDPE,18.58,4.1,31.4,55.7,16.0,2.7,1.39,2202.2,3.42,1.157,39.8,PlastiCreteAI_M1_Final_2000,experimental,mix_02226
0.511,ggbs,23.8,HDPE,17.95,1.73,27.8,56.0,14.77,2.51,1.47,2226.7,3.66,1.098,35.4,PlastiCreteAI_M1_Final_2000,experimental,mix_02227
0.508,none,0.0,HDPE,11.73,1.39,47.9,28.1,17.44,3.05,1.87,2263.4,3.92,1.194,35.5,PlastiCreteAI_M1_Final_2000,experimental,mix_02228
0.407,ggbs,20.3,HDPE,3.74,1.52,49.9,56.3,43.31,4.6,4.0,2333.5,2.24,1.359,65.2,PlastiCreteAI_M1_Final_2000,experimental,mix_02229
0.486,silica_fume,9.7,PVC,11.05,9.46,63.1,14.0,13.01,2.58,1.18,2260.1,2.9,1.149,32.0,PlastiCreteAI_M1_Final_2000,experimental,mix_02230
0.52,ggbs,22.2,PVC,35.11,8.13,27.0,55.8,12.13,2.48,1.15,2097.2,4.21,0.585,27.9,PlastiCreteAI_M1_Final_2000,experimental,mix_02231
0.35,fly_ash,18.6,PVC,35.49,2.56,28.7,28.1,13.04,2.31,1.1,2167.9,3.31,0.592,33.6,PlastiCreteAI_M1_Final_2000,experimental,mix_02232
0.512,silica_fume,6.8,PVC,33.12,7.0,23.5,27.7,9.54,1.72,0.77,2178.3,3.33,0.676,28.2,PlastiCreteAI_M1_Final_2000,experimental,mix_02233
0.442,none,0.0,PVC,33.36,7.21,33.9,3.3,5.0,1.24,0.4,2162.2,4.4,0.661,22.2,PlastiCreteAI_M1_Final_2000,experimental,mix_02234
0.47,fly_ash,16.8,PVC,33.98,0.77,69.0,7.0,5.32,1.26,0.5,2158.4,3.86,0.58,27.1,PlastiCreteAI_M1_Final_2000,experimental,mix_02235
0.35,silica_fume,5.7,PVC,30.54,3.64,22.0,89.8,19.94,2.95,1.51,2208.8,2.85,0.665,40.0,PlastiCreteAI_M1_Final_2000,experimental,mix_02236
0.379,fly_ash,23.9,PVC,30.34,1.45,22.4,90.0,20.01,3.17,2.15,2197.4,3.38,0.696,41.0,PlastiCreteAI_M1_Final_2000,experimental,mix_02237
0.483,silica_fume,7.5,PVC,24.76,0.52,19.5,56.0,13.19,2.68,1.3,2165.4,3.25,0.915,34.8,PlastiCreteAI_M1_Final_2000,experimental,mix_02238
0.452,silica_fume,13.5,PVC,26.03,2.06,24.2,7.3,5.0,1.33,0.47,2171.8,3.27,0.762,32.7,PlastiCreteAI_M1_Final_2000,experimental,mix_02239
0.537,silica_fume,5.2,PVC,36.11,0.84,28.2,28.0,10.66,1.89,0.98,2124.8,4.26,0.58,29.7,PlastiCreteAI_M1_Final_2000,experimental,mix_02240
0.564,fly_ash,14.3,PVC,29.3,3.48,36.6,55.8,12.42,2.59,0.96,2178.1,4.49,0.691,27.8,PlastiCreteAI_M1_Final_2000,experimental,mix_02241
0.521,ggbs,28.6,PVC,12.71,9.32,27.9,55.9,18.35,3.03,1.39,2312.3,3.54,1.007,38.9,PlastiCreteAI_M1_Final_2000,experimental,mix_02242
0.464,fly_ash,12.2,PVC,20.84,2.89,38.3,28.1,11.03,1.75,0.98,2259.1,4.08,0.855,32.7,PlastiCreteAI_M1_Final_2000,experimental,mix_02243
0.519,none,0.0,PVC,23.22,10.53,23.8,6.8,5.0,1.24,0.39,2177.6,4.32,0.844,17.8,PlastiCreteAI_M1_Final_2000,experimental,mix_02244
0.563,fly_ash,16.9,PVC,23.34,0.54,29.5,7.1,5.0,1.29,0.38,2193.2,4.37,0.762,28.4,PlastiCreteAI_M1_Final_2000,experimental,mix_02245
0.506,none,0.0,PVC,14.95,0.6,36.2,27.7,9.14,2.26,0.89,2259.4,4.31,0.948,22.3,PlastiCreteAI_M1_Final_2000,experimental,mix_02246
0.482,none,0.0,PVC,14.81,0.55,29.3,27.7,9.72,1.85,0.91,2271.1,4.03,0.99,29.8,PlastiCreteAI_M1_Final_2000,experimental,mix_02247
0.487,silica_fume,16.9,PVC,12.92,1.5,24.1,27.6,14.48,2.62,1.09,2250.1,2.99,1.019,36.5,PlastiCreteAI_M1_Final_2000,experimental,mix_02248
0.475,fly_ash,10.6,PVC,2.5,1.24,27.3,27.6,27.22,3.5,2.89,2372.5,2.84,1.214,49.4,PlastiCreteAI_M1_Final_2000,experimental,mix_02249
0.524,none,0.0,PVC,39.2,0.76,28.4,13.6,6.09,1.41,0.65,2118.4,5.59,0.506,16.5,PlastiCreteAI_M1_Final_2000,experimental,mix_02250
0.565,fly_ash,12.5,PVC,3.71,4.14,30.5,28.3,26.79,3.43,2.54,2336.1,3.8,1.205,37.8,PlastiCreteAI_M1_Final_2000,experimental,mix_02251
0.449,silica_fume,18.2,PVC,16.51,1.12,33.1,89.8,19.07,2.96,1.66,2208.8,2.62,0.948,39.3,PlastiCreteAI_M1_Final_2000,experimental,mix_02252
0.506,silica_fume,16.7,PVC,3.89,2.18,28.5,56.0,38.16,4.24,3.57,2342.8,2.95,1.254,57.6,PlastiCreteAI_M1_Final_2000,experimental,mix_02253
0.43,silica_fume,19.1,PVC,18.76,3.34,43.9,27.8,11.51,2.24,1.12,2221.8,2.67,0.87,37.7,PlastiCreteAI_M1_Final_2000,experimental,mix_02254
0.509,fly_ash,23.5,PVC,9.96,1.68,27.6,13.5,13.19,2.45,1.21,2299.8,3.93,1.029,38.8,PlastiCreteAI_M1_Final_2000,experimental,mix_02255
0.464,none,0.0,PVC,3.1,2.36,25.6,27.8,25.72,3.37,2.74,2345.1,3.08,1.273,43.7,PlastiCreteAI_M1_Final_2000,experimental,mix_02256
0.54,none,0.0,PVC,22.48,7.47,23.8,90.0,14.41,2.19,1.32,2250.2,5.02,0.875,25.2,PlastiCreteAI_M1_Final_2000,experimental,mix_02257
0.5,none,0.0,PVC,16.7,0.64,27.5,89.6,14.66,2.23,1.6,2213.7,4.28,0.985,25.8,PlastiCreteAI_M1_Final_2000,experimental,mix_02258
0.449,none,0.0,PVC,28.45,0.51,27.3,13.5,6.75,1.51,0.66,2189.1,4.38,0.765,20.5,PlastiCreteAI_M1_Final_2000,experimental,mix_02259
0.36,fly_ash,13.4,PVC,27.28,1.3,18.9,6.6,5.78,1.35,0.58,2209.3,2.91,0.735,33.4,PlastiCreteAI_M1_Final_2000,experimental,mix_02260
0.441,fly_ash,17.8,PVC,11.94,10.02,18.7,14.2,11.81,2.14,0.98,2269.5,2.93,1.087,36.7,PlastiCreteAI_M1_Final_2000,experimental,mix_02261
0.387,fly_ash,16.6,PVC,31.29,9.22,22.0,90.0,21.41,2.89,2.14,2148.4,3.29,0.682,36.2,PlastiCreteAI_M1_Final_2000,experimental,mix_02262
0.49,fly_ash,14.2,PVC,28.2,7.5,26.5,28.1,9.48,2.25,0.82,2172.2,4.66,0.675,26.9,PlastiCreteAI_M1_Final_2000,experimental,mix_02263
0.445,fly_ash,20.9,PVC,35.51,2.82,21.5,28.2,10.88,2.04,1.04,2199.9,4.72,0.55,30.4,PlastiCreteAI_M1_Final_2000,experimental,mix_02264
0.401,none,0.0,PVC,26.16,0.96,28.9,14.2,8.49,1.79,0.9,2211.2,3.57,0.868,29.0,PlastiCreteAI_M1_Final_2000,experimental,mix_02265
0.449,fly_ash,17.0,PVC,10.3,8.21,59.8,55.9,29.91,3.85,2.84,2341.8,3.32,1.103,45.3,PlastiCreteAI_M1_Final_2000,experimental,mix_02266
0.594,fly_ash,19.9,PVC,33.94,0.56,47.2,28.3,10.38,2.0,1.03,2192.3,5.38,0.646,20.2,PlastiCreteAI_M1_Final_2000,experimental,mix_02267
0.411,none,0.0,PVC,33.04,4.84,29.9,7.0,5.0,1.15,0.43,2183.3,4.1,0.692,23.2,PlastiCreteAI_M1_Final_2000,experimental,mix_02268
0.546,fly_ash,22.5,PVC,32.67,10.75,23.9,56.5,12.55,2.26,1.29,2167.0,5.14,0.561,30.5,PlastiCreteAI_M1_Final_2000,experimental,mix_02269
0.503,silica_fume,12.3,PVC,4.1,2.22,45.6,28.2,33.93,4.26,2.59,2318.9,2.61,1.222,54.8,PlastiCreteAI_M1_Final_2000,experimental,mix_02270
0.396,ggbs,22.2,PVC,32.56,9.34,59.1,55.7,18.87,3.11,2.07,2127.1,3.09,0.618,42.3,PlastiCreteAI_M1_Final_2000,experimental,mix_02271
0.457,none,0.0,PVC,18.22,0.82,31.6,14.1,6.98,1.68,0.53,2262.8,3.21,0.93,24.2,PlastiCreteAI_M1_Final_2000,experimental,mix_02272
0.485,fly_ash,23.9,PVC,38.25,1.77,46.1,28.3,11.77,2.32,1.0,2136.4,4.52,0.49,23.7,PlastiCreteAI_M1_Final_2000,experimental,mix_02273
0.44,none,0.0,PVC,11.74,1.69,75.5,3.4,5.09,1.41,0.51,2302.7,3.08,1.08,31.3,PlastiCreteAI_M1_Final_2000,experimental,mix_02274
0.532,silica_fume,17.3,PVC,19.26,6.12,43.2,14.1,6.93,1.51,0.64,2243.4,3.68,0.983,28.3,PlastiCreteAI_M1_Final_2000,experimental,mix_02275
0.523,silica_fume,18.5,PVC,4.04,0.51,21.0,27.6,27.37,3.85,2.87,2322.0,2.75,1.328,47.4,PlastiCreteAI_M1_Final_2000,experimental,mix_02276
0.485,none,0.0,PVC,12.48,4.93,29.3,6.7,5.73,1.51,0.53,2282.4,3.51,1.119,24.2,PlastiCreteAI_M1_Final_2000,experimental,mix_02277
0.514,none,0.0,PVC,38.61,2.32,20.1,55.9,11.52,2.22,1.0,2126.6,4.87,0.515,22.2,PlastiCreteAI_M1_Final_2000,experimental,mix_02278
0.58,none,0.0,PVC,33.07,2.74,23.0,14.0,5.66,1.33,0.48,2136.3,5.6,0.583,15.4,PlastiCreteAI_M1_Final_2000,experimental,mix_02279
0.467,silica_fume,9.6,PVC,10.24,0.63,26.6,28.2,22.3,3.3,1.97,2303.7,3.4,1.131,51.1,PlastiCreteAI_M1_Final_2000,experimental,mix_02280
0.398,fly_ash,23.3,PVC,7.27,1.22,48.9,6.8,14.23,2.52,1.09,2322.3,2.44,1.135,35.6,PlastiCreteAI_M1_Final_2000,experimental,mix_02281
0.548,none,0.0,PVC,11.5,5.67,34.6,7.4,6.27,1.72,0.66,2307.3,4.78,1.0,18.6,PlastiCreteAI_M1_Final_2000,experimental,mix_02282
0.396,fly_ash,26.4,PVC,34.77,6.37,52.0,27.7,13.73,2.16,1.24,2215.1,3.71,0.579,30.2,PlastiCreteAI_M1_Final_2000,experimental,mix_02283
0.587,none,0.0,PVC,8.41,0.74,45.4,3.0,5.66,1.16,0.43,2298.4,4.52,1.129,24.4,PlastiCreteAI_M1_Final_2000,experimental,mix_02284
0.46,fly_ash,10.1,PVC,39.96,0.7,21.9,27.6,10.12,1.88,1.11,2132.0,4.25,0.45,23.2,PlastiCreteAI_M1_Final_2000,experimental,mix_02285
0.473,fly_ash,29.5,PVC,7.05,7.39,22.3,28.2,27.58,3.26,2.42,2314.6,3.17,1.193,48.5,PlastiCreteAI_M1_Final_2000,experimental,mix_02286
0.553,silica_fume,19.3,PVC,29.77,2.47,55.6,6.7,5.19,1.48,0.54,2179.3,4.27,0.724,20.4,PlastiCreteAI_M1_Final_2000,experimental,mix_02287
0.481,none,0.0,PVC,27.72,3.92,78.9,7.1,5.0,1.27,0.47,2168.0,4.35,0.729,23.1,PlastiCreteAI_M1_Final_2000,experimental,mix_02288
0.402,none,0.0,PVC,17.92,2.19,18.0,14.2,6.77,1.68,0.57,2277.6,3.44,0.969,28.4,PlastiCreteAI_M1_Final_2000,experimental,mix_02289
0.559,silica_fume,16.7,PVC,33.15,7.67,29.6,56.5,12.98,2.24,1.07,2146.8,4.02,0.694,28.4,PlastiCreteAI_M1_Final_2000,experimental,mix_02290
0.48,ggbs,26.4,PVC,21.89,2.79,25.4,55.7,15.32,2.5,1.6,2244.9,3.44,0.891,35.8,PlastiCreteAI_M1_Final_2000,experimental,mix_02291
0.548,fly_ash,14.5,PVC,14.25,1.2,27.8,6.6,5.18,1.22,0.4,2283.4,4.61,1.004,27.1,PlastiCreteAI_M1_Final_2000,experimental,mix_02292
0.417,ggbs,20.4,PVC,9.94,8.3,21.9,28.5,22.84,3.08,1.95,2289.8,2.46,1.15,42.3,PlastiCreteAI_M1_Final_2000,experimental,mix_02293
0.484,fly_ash,19.8,PVC,3.31,5.43,41.5,55.7,40.43,4.86,3.59,2356.5,2.75,1.245,56.4,PlastiCreteAI_M1_Final_2000,experimental,mix_02294
0.542,none,0.0,PVC,19.69,0.98,22.7,3.3,5.0,1.46,0.52,2239.9,4.68,0.816,21.3,PlastiCreteAI_M1_Final_2000,experimental,mix_02295
0.516,ggbs,19.4,PVC,39.19,1.9,60.2,3.2,5.3,1.21,0.47,2118.1,4.29,0.477,25.0,PlastiCreteAI_M1_Final_2000,experimental,mix_02296
0.461,silica_fume,17.7,PVC,34.31,3.53,65.5,13.6,8.02,1.79,0.67,2161.2,3.19,0.616,33.1,PlastiCreteAI_M1_Final_2000,experimental,mix_02297
0.456,fly_ash,16.8,PVC,39.02,0.99,18.1,6.6,5.54,1.34,0.55,2116.7,4.15,0.492,20.1,PlastiCreteAI_M1_Final_2000,experimental,mix_02298
0.387,none,0.0,PVC,28.03,0.83,26.9,56.1,15.09,2.47,1.42,2194.8,3.2,0.749,33.4,PlastiCreteAI_M1_Final_2000,experimental,mix_02299
0.435,fly_ash,18.3,PVC,36.68,4.1,79.2,28.5,13.11,2.21,1.09,2124.4,4.07,0.55,30.0,PlastiCreteAI_M1_Final_2000,experimental,mix_02300
0.356,silica_fume,10.9,PVC,23.68,1.16,20.0,27.9,13.13,2.43,1.11,2218.8,1.76,0.843,45.8,PlastiCreteAI_M1_Final_2000,experimental,mix_02301
0.459,silica_fume,14.4,PVC,27.97,1.1,26.7,55.7,14.52,2.51,1.23,2191.6,3.23,0.758,38.2,PlastiCreteAI_M1_Final_2000,experimental,mix_02302
0.539,silica_fume,6.1,PVC,6.67,0.58,34.3,13.7,17.57,2.78,1.87,2295.0,3.1,1.141,40.6,PlastiCreteAI_M1_Final_2000,experimental,mix_02303
0.577,silica_fume,11.3,PVC,29.09,1.08,35.1,27.5,10.53,1.89,0.89,2189.1,4.32,0.809,28.6,PlastiCreteAI_M1_Final_2000,experimental,mix_02304
0.465,silica_fume,8.4,PVC,13.85,1.86,26.3,27.9,13.13,2.13,1.06,2270.9,2.92,0.981,41.3,PlastiCreteAI_M1_Final_2000,experimental,mix_02305
0.457,silica_fume,13.7,PVC,37.9,11.6,29.7,55.5,14.96,2.5,1.19,2160.2,3.65,0.619,34.5,PlastiCreteAI_M1_Final_2000,experimental,mix_02306
0.496,fly_ash,13.7,PVC,16.84,0.8,27.4,27.6,9.5,1.85,0.72,2293.6,4.28,0.968,28.8,PlastiCreteAI_M1_Final_2000,experimental,mix_02307
0.527,fly_ash,17.6,PVC,18.73,4.44,54.3,3.0,5.0,1.4,0.39,2259.0,3.64,0.874,24.6,PlastiCreteAI_M1_Final_2000,experimental,mix_02308
0.497,silica_fume,13.4,PVC,19.61,5.28,29.1,27.6,9.98,1.89,1.05,2239.2,3.39,0.925,33.4,PlastiCreteAI_M1_Final_2000,experimental,mix_02309
0.53,fly_ash,10.1,PVC,3.77,0.77,23.7,14.1,17.62,2.87,1.42,2326.5,3.45,1.059,37.9,PlastiCreteAI_M1_Final_2000,experimental,mix_02310
0.556,none,0.0,PVC,11.76,1.35,38.6,90.0,26.59,3.67,2.47,2248.4,4.9,1.082,32.1,PlastiCreteAI_M1_Final_2000,experimental,mix_02311
0.417,fly_ash,12.9,PVC,15.98,5.12,26.8,28.5,10.9,2.45,1.12,2275.8,2.66,0.918,35.0,PlastiCreteAI_M1_Final_2000,experimental,mix_02312
0.392,silica_fume,7.8,PVC,5.68,5.33,22.5,90.0,49.55,4.97,4.99,2290.4,1.92,1.215,73.6,PlastiCreteAI_M1_Final_2000,experimental,mix_02313
0.511,none,0.0,PVC,6.61,1.48,22.3,27.5,20.78,3.37,2.0,2306.9,3.72,1.197,35.9,PlastiCreteAI_M1_Final_2000,experimental,mix_02314
0.448,ggbs,25.6,PVC,22.36,2.8,37.0,6.7,5.13,1.25,0.48,2249.5,3.48,0.82,24.4,PlastiCreteAI_M1_Final_2000,experimental,mix_02315
0.488,fly_ash,18.0,PVC,30.39,4.74,49.9,28.2,11.04,2.28,0.96,2124.5,4.39,0.633,29.6,PlastiCreteAI_M1_Final_2000,experimental,mix_02316
0.515,silica_fume,11.4,PVC,29.51,7.48,41.3,28.1,10.91,2.55,1.19,2190.9,3.98,0.756,27.4,PlastiCreteAI_M1_Final_2000,experimental,mix_02317
0.378,silica_fume,12.1,PVC,1.86,2.53,65.9,55.5,57.84,4.64,6.03,2340.0,2.03,1.22,71.0,PlastiCreteAI_M1_Final_2000,experimental,mix_02318
0.512,silica_fume,17.6,PVC,17.51,0.62,34.8,13.8,6.43,1.58,0.58,2243.2,3.14,0.995,32.2,PlastiCreteAI_M1_Final_2000,experimental,mix_02319
0.495,none,0.0,PVC,10.27,3.89,24.2,55.7,24.17,3.16,2.58,2297.1,3.68,1.065,37.8,PlastiCreteAI_M1_Final_2000,experimental,mix_02320
0.421,silica_fume,17.7,PVC,15.56,0.64,48.7,90.0,19.92,3.17,2.06,2235.5,2.52,1.03,46.0,PlastiCreteAI_M1_Final_2000,experimental,mix_02321
0.557,ggbs,11.4,PVC,16.75,0.64,19.2,7.4,5.0,1.4,0.42,2247.4,4.11,1.037,30.0,PlastiCreteAI_M1_Final_2000,experimental,mix_02322
0.368,ggbs,12.8,PVC,13.16,1.98,32.0,3.0,5.04,1.27,0.52,2311.3,1.96,0.984,29.0,PlastiCreteAI_M1_Final_2000,experimental,mix_02323
0.365,ggbs,15.5,PVC,20.92,2.93,70.8,14.4,9.77,1.94,0.79,2228.9,2.29,0.88,42.7,PlastiCreteAI_M1_Final_2000,experimental,mix_02324
0.451,silica_fume,18.7,PVC,2.64,1.42,27.2,28.0,35.16,4.03,3.05,2336.3,2.4,1.327,58.2,PlastiCreteAI_M1_Final_2000,experimental,mix_02325
0.37,ggbs,18.3,PVC,38.32,4.69,53.6,6.6,5.12,1.43,0.46,2122.7,3.18,0.502,34.1,PlastiCreteAI_M1_Final_2000,experimental,mix_02326
0.485,ggbs,14.8,PVC,35.9,4.22,20.2,14.5,7.25,1.44,0.7,2154.1,4.0,0.601,24.3,PlastiCreteAI_M1_Final_2000,experimental,mix_02327
0.478,none,0.0,PVC,6.59,1.63,29.8,7.4,10.11,2.09,0.78,2301.1,4.27,1.244,30.0,PlastiCreteAI_M1_Final_2000,experimental,mix_02328
0.564,none,0.0,PVC,35.57,1.83,32.3,14.3,5.82,1.46,0.46,2159.5,5.05,0.524,14.5,PlastiCreteAI_M1_Final_2000,experimental,mix_02329
0.404,fly_ash,22.9,PVC,26.95,2.97,19.4,27.7,11.5,2.24,1.0,2168.5,3.38,0.76,25.3,PlastiCreteAI_M1_Final_2000,experimental,mix_02330
0.517,ggbs,24.8,PVC,21.65,9.1,27.5,27.7,9.66,1.74,0.85,2212.2,3.72,0.856,27.5,PlastiCreteAI_M1_Final_2000,experimental,mix_02331
0.475,ggbs,15.7,PVC,34.1,1.23,29.5,28.0,11.14,1.9,0.84,2133.8,3.91,0.566,26.5,PlastiCreteAI_M1_Final_2000,experimental,mix_02332
0.364,silica_fume,12.1,PVC,15.6,1.18,21.6,27.7,12.14,2.43,1.06,2292.6,2.14,1.059,41.4,PlastiCreteAI_M1_Final_2000,experimental,mix_02333
0.379,none,0.0,PVC,30.95,2.31,40.7,28.1,11.92,2.1,1.23,2196.0,3.34,0.638,27.4,PlastiCreteAI_M1_Final_2000,experimental,mix_02334
0.557,fly_ash,10.5,PVC,4.73,3.97,62.3,90.0,43.64,5.19,3.97,2298.7,3.88,1.18,59.0,PlastiCreteAI_M1_Final_2000,experimental,mix_02335
0.437,none,0.0,PVC,39.13,2.02,28.7,90.0,15.19,2.71,1.23,2098.0,3.98,0.496,29.0,PlastiCreteAI_M1_Final_2000,experimental,mix_02336
0.544,fly_ash,20.8,PVC,29.5,2.12,20.0,55.6,12.17,2.17,1.19,2234.9,4.22,0.704,28.5,PlastiCreteAI_M1_Final_2000,experimental,mix_02337
0.473,silica_fume,15.8,PVC,23.41,7.89,20.6,14.4,7.56,1.74,0.75,2179.3,3.47,0.87,31.2,PlastiCreteAI_M1_Final_2000,experimental,mix_02338
0.567,none,0.0,PVC,35.41,0.55,19.3,7.5,5.05,1.3,0.43,2178.6,5.17,0.581,10.1,PlastiCreteAI_M1_Final_2000,experimental,mix_02339
0.429,silica_fume,12.1,PVC,27.47,3.91,24.1,27.7,13.07,2.24,1.38,2198.9,2.85,0.782,32.7,PlastiCreteAI_M1_Final_2000,experimental,mix_02340
0.456,fly_ash,17.6,PVC,3.56,1.32,36.5,90.0,44.52,5.34,4.23,2324.2,2.97,1.126,58.7,PlastiCreteAI_M1_Final_2000,experimental,mix_02341
0.434,fly_ash,22.3,PVC,9.65,0.78,32.5,55.8,35.57,4.16,3.91,2293.9,2.91,1.094,55.5,PlastiCreteAI_M1_Final_2000,experimental,mix_02342
0.554,silica_fume,13.4,PVC,28.11,2.56,29.3,28.3,10.04,1.88,1.08,2208.2,3.46,0.782,29.0,PlastiCreteAI_M1_Final_2000,experimental,mix_02343
0.569,ggbs,12.7,PVC,1.9,0.66,27.4,6.7,10.61,2.49,1.15,2334.4,3.47,1.211,25.9,PlastiCreteAI_M1_Final_2000,experimental,mix_02344
0.35,silica_fume,12.7,PVC,2.87,10.12,26.2,7.2,15.88,2.93,1.5,2394.2,1.65,1.243,45.2,PlastiCreteAI_M1_Final_2000,experimental,mix_02345
0.567,fly_ash,10.4,PVC,38.02,9.53,24.0,14.1,5.78,1.51,0.64,2107.8,5.25,0.511,20.4,PlastiCreteAI_M1_Final_2000,experimental,mix_02346
0.476,fly_ash,23.2,PVC,23.04,2.01,20.0,14.1,6.24,1.48,0.61,2255.2,4.02,0.833,21.3,PlastiCreteAI_M1_Final_2000,experimental,mix_02347
0.469,none,0.0,PVC,32.57,0.97,26.5,27.6,8.43,1.87,0.74,2200.3,4.74,0.626,21.9,PlastiCreteAI_M1_Final_2000,experimental,mix_02348
0.529,ggbs,21.0,PVC,21.84,4.05,19.5,28.3,8.63,1.93,0.65,2219.5,4.05,0.848,29.5,PlastiCreteAI_M1_Final_2000,experimental,mix_02349
0.5,none,0.0,PVC,22.66,0.75,73.8,55.5,12.77,2.41,1.04,2255.6,4.49,0.871,29.9,PlastiCreteAI_M1_Final_2000,experimental,mix_02350
0.491,silica_fume,11.9,PVC,6.65,2.27,55.7,28.2,24.14,3.52,2.18,2304.6,3.16,1.183,51.0,PlastiCreteAI_M1_Final_2000,experimental,mix_02351
0.44,none,0.0,PVC,11.49,2.29,22.0,27.8,15.97,3.08,1.24,2283.0,3.51,1.106,34.2,PlastiCreteAI_M1_Final_2000,experimental,mix_02352
0.52,none,0.0,PVC,28.03,2.3,51.4,27.7,8.8,2.08,0.81,2173.9,4.81,0.781,21.5,PlastiCreteAI_M1_Final_2000,experimental,mix_02353
0.489,ggbs,18.2,PVC,4.09,5.5,46.3,28.3,27.66,3.74,2.11,2301.0,3.01,1.253,49.9,PlastiCreteAI_M1_Final_2000,experimental,mix_02354
0.511,ggbs,12.4,PVC,27.38,1.63,19.4,55.6,11.98,2.18,1.29,2189.3,3.96,0.779,28.1,PlastiCreteAI_M1_Final_2000,experimental,mix_02355
0.47,none,0.0,PVC,5.19,3.39,38.4,56.5,36.88,4.17,2.91,2348.0,3.57,1.214,49.2,PlastiCreteAI_M1_Final_2000,experimental,mix_02356
0.603,fly_ash,15.0,PVC,27.64,2.65,27.9,90.0,13.49,2.43,1.21,2160.9,5.38,0.668,21.2,PlastiCreteAI_M1_Final_2000,experimental,mix_02357
0.385,fly_ash,14.1,PVC,1.19,1.15,56.1,6.7,15.59,2.65,1.29,2339.4,2.28,1.238,43.3,PlastiCreteAI_M1_Final_2000,experimental,mix_02358
0.518,fly_ash,20.8,PVC,12.51,0.57,24.5,55.9,18.94,3.04,2.03,2289.3,4.06,0.886,31.4,PlastiCreteAI_M1_Final_2000,experimental,mix_02359
0.493,silica_fume,14.0,PVC,1.21,1.3,53.3,27.8,31.74,4.11,3.08,2291.4,2.7,1.284,52.1,PlastiCreteAI_M1_Final_2000,experimental,mix_02360
0.35,silica_fume,6.4,PVC,20.18,1.93,18.9,28.0,13.04,2.11,1.35,2242.6,2.42,0.971,40.6,PlastiCreteAI_M1_Final_2000,experimental,mix_02361
0.536,silica_fume,10.5,PVC,14.31,0.94,44.2,7.1,5.3,1.25,0.5,2268.7,2.97,0.974,33.2,PlastiCreteAI_M1_Final_2000,experimental,mix_02362
0.394,silica_fume,14.8,PVC,15.04,8.72,29.9,6.8,5.52,1.37,0.47,2233.4,2.47,1.033,34.1,PlastiCreteAI_M1_Final_2000,experimental,mix_02363
0.469,ggbs,13.6,PVC,1.28,9.78,23.2,6.9,12.08,2.11,1.07,2356.6,3.07,1.265,33.0,PlastiCreteAI_M1_Final_2000,experimental,mix_02364
0.438,fly_ash,27.1,PVC,13.46,2.8,25.7,6.8,6.49,1.42,0.55,2303.7,3.02,1.015,32.7,PlastiCreteAI_M1_Final_2000,experimental,mix_02365
0.498,none,0.0,PVC,31.6,3.77,31.2,89.5,18.19,2.63,1.92,2216.0,4.71,0.659,28.3,PlastiCreteAI_M1_Final_2000,experimental,mix_02366
0.367,none,0.0,PVC,1.28,1.16,19.9,90.0,54.85,5.54,4.13,2385.8,2.24,1.279,65.6,PlastiCreteAI_M1_Final_2000,experimental,mix_02367
0.489,ggbs,28.1,PVC,6.19,0.53,27.7,13.9,17.03,2.7,1.79,2319.4,3.39,1.157,37.5,PlastiCreteAI_M1_Final_2000,experimental,mix_02368
0.425,silica_fume,18.4,PVC,4.45,11.07,21.8,55.5,41.92,4.23,3.78,2295.7,1.98,1.242,65.3,PlastiCreteAI_M1_Final_2000,experimental,mix_02369
0.465,ggbs,28.1,PVC,9.1,11.74,38.3,55.7,31.9,3.58,2.56,2310.0,3.09,1.122,51.4,PlastiCreteAI_M1_Final_2000,experimental,mix_02370
0.582,fly_ash,22.7,PVC,11.02,11.18,24.8,13.7,12.04,2.16,1.22,2251.9,4.17,1.061,29.1,PlastiCreteAI_M1_Final_2000,experimental,mix_02371
0.371,fly_ash,13.9,PVC,20.2,2.63,47.0,28.0,12.01,2.5,1.12,2234.6,2.77,0.891,33.5,PlastiCreteAI_M1_Final_2000,experimental,mix_02372
0.385,fly_ash,16.1,PVC,28.03,2.88,20.7,27.5,11.47,2.11,0.93,2179.5,3.3,0.753,33.9,PlastiCreteAI_M1_Final_2000,experimental,mix_02373
0.488,fly_ash,25.1,PVC,11.34,4.6,23.1,3.2,5.0,1.32,0.48,2269.8,3.83,1.082,27.6,PlastiCreteAI_M1_Final_2000,experimental,mix_02374
0.578,silica_fume,18.2,PVC,11.96,0.53,19.1,90.0,22.92,3.55,2.18,2277.1,3.72,1.13,40.1,PlastiCreteAI_M1_Final_2000,experimental,mix_02375
0.458,silica_fume,7.4,PVC,0.48,0.89,20.2,55.5,40.99,5.46,4.06,2322.5,2.74,1.408,62.0,PlastiCreteAI_M1_Final_2000,experimental,mix_02376
0.57,fly_ash,29.2,PVC,17.93,0.85,27.3,55.9,13.74,2.57,1.29,2257.6,4.56,0.923,24.9,PlastiCreteAI_M1_Final_2000,experimental,mix_02377
0.426,none,0.0,PVC,16.72,1.52,28.0,28.3,10.53,2.06,1.03,2291.3,3.25,0.94,32.7,PlastiCreteAI_M1_Final_2000,experimental,mix_02378
0.601,ggbs,29.1,PVC,25.43,7.14,20.0,13.6,5.69,1.43,0.44,2211.6,4.86,0.832,20.6,PlastiCreteAI_M1_Final_2000,experimental,mix_02379
0.35,none,0.0,PVC,8.99,5.63,41.6,7.5,12.27,2.61,1.05,2307.0,2.6,1.098,39.8,PlastiCreteAI_M1_Final_2000,experimental,mix_02380
0.525,fly_ash,10.5,PVC,2.55,4.51,22.8,14.2,17.91,2.81,1.45,2341.3,3.29,1.164,35.4,PlastiCreteAI_M1_Final_2000,experimental,mix_02381
0.504,ggbs,29.9,PVC,4.82,1.61,24.0,89.8,46.6,5.08,3.69,2315.6,3.44,1.213,67.5,PlastiCreteAI_M1_Final_2000,experimental,mix_02382
0.433,fly_ash,24.1,PVC,22.59,5.06,30.0,28.4,10.79,2.25,1.17,2253.3,3.23,0.867,30.5,PlastiCreteAI_M1_Final_2000,experimental,mix_02383
0.548,fly_ash,27.2,PVC,15.36,0.58,29.0,28.1,9.75,1.97,0.74,2262.1,4.07,0.97,28.8,PlastiCreteAI_M1_Final_2000,experimental,mix_02384
0.475,ggbs,23.3,PVC,37.11,2.12,29.0,28.0,10.87,2.04,0.96,2153.2,4.07,0.487,28.5,PlastiCreteAI_M1_Final_2000,experimental,mix_02385
0.529,none,0.0,PVC,10.26,0.6,28.3,56.3,24.09,2.94,2.58,2270.6,3.93,1.007,32.9,PlastiCreteAI_M1_Final_2000,experimental,mix_02386
0.396,ggbs,26.1,PVC,9.8,2.46,62.1,7.3,11.72,2.27,1.09,2271.3,2.32,1.08,39.6,PlastiCreteAI_M1_Final_2000,experimental,mix_02387
0.35,silica_fume,18.7,PVC,19.21,2.28,49.1,55.8,21.35,3.07,1.64,2231.7,2.4,0.878,43.0,PlastiCreteAI_M1_Final_2000,experimental,mix_02388
0.591,none,0.0,PVC,37.02,0.87,18.1,90.0,13.09,2.28,1.34,2115.8,5.67,0.585,24.1,PlastiCreteAI_M1_Final_2000,experimental,mix_02389
0.379,silica_fume,8.1,PVC,29.71,1.99,33.2,27.5,12.22,2.41,1.33,2215.3,2.71,0.658,35.0,PlastiCreteAI_M1_Final_2000,experimental,mix_02390
0.38,none,0.0,PVC,16.22,2.91,18.2,28.1,10.79,2.43,1.08,2284.8,2.62,0.982,31.9,PlastiCreteAI_M1_Final_2000,experimental,mix_02391
0.405,fly_ash,19.7,PVC,0.24,5.6,20.6,28.3,30.42,3.65,2.7,2345.6,2.46,1.208,47.0,PlastiCreteAI_M1_Final_2000,experimental,mix_02392
0.534,fly_ash,25.4,PVC,35.16,2.36,24.0,89.6,16.74,2.77,1.67,2134.2,4.44,0.533,32.3,PlastiCreteAI_M1_Final_2000,experimental,mix_02393
0.477,silica_fume,14.2,PVC,4.61,6.78,20.8,27.9,30.24,4.11,2.84,2293.6,2.58,1.228,53.0,PlastiCreteAI_M1_Final_2000,experimental,mix_02394
0.477,none,0.0,PVC,3.6,2.55,61.8,56.3,38.37,4.47,2.88,2311.8,3.31,1.278,52.3,PlastiCreteAI_M1_Final_2000,experimental,mix_02395
0.518,silica_fume,17.9,PVC,19.92,4.42,46.5,89.9,16.26,2.44,1.22,2231.2,3.55,0.848,33.2,PlastiCreteAI_M1_Final_2000,experimental,mix_02396
0.384,silica_fume,14.7,PVC,13.8,1.28,24.1,7.0,6.69,1.5,0.59,2287.7,2.21,1.043,31.6,PlastiCreteAI_M1_Final_2000,experimental,mix_02397
0.35,ggbs,19.4,PVC,11.37,6.83,74.4,14.1,18.35,2.66,1.88,2304.1,2.55,1.08,45.1,PlastiCreteAI_M1_Final_2000,experimental,mix_02398
0.438,fly_ash,22.6,PVC,11.21,4.88,24.0,55.8,26.6,3.17,2.26,2285.5,3.06,1.022,47.8,PlastiCreteAI_M1_Final_2000,experimental,mix_02399
0.356,none,0.0,PVC,1.0,0.57,44.6,55.6,45.41,5.03,4.36,2357.9,1.95,1.284,60.8,PlastiCreteAI_M1_Final_2000,experimental,mix_02400
0.518,silica_fume,12.8,PVC,26.04,7.36,35.4,13.6,7.46,1.51,0.65,2168.7,3.76,0.778,35.5,PlastiCreteAI_M1_Final_2000,experimental,mix_02401
0.374,fly_ash,20.0,PVC,5.98,1.2,26.8,7.3,13.61,2.48,1.38,2339.5,2.56,1.129,35.8,PlastiCreteAI_M1_Final_2000,experimental,mix_02402
0.432,ggbs,20.1,PVC,33.87,4.78,27.1,7.2,5.0,1.3,0.51,2168.2,3.57,0.619,21.7,PlastiCreteAI_M1_Final_2000,experimental,mix_02403
0.646,none,0.0,PVC,18.29,4.13,39.4,55.9,10.74,2.21,1.15,2247.3,5.69,0.887,19.4,PlastiCreteAI_M1_Final_2000,experimental,mix_02404
0.421,none,0.0,PVC,26.6,5.14,32.2,28.4,10.29,2.23,1.06,2167.3,3.68,0.719,29.2,PlastiCreteAI_M1_Final_2000,experimental,mix_02405
0.443,fly_ash,16.3,PVC,9.3,0.91,18.8,89.9,39.41,4.31,3.82,2298.0,3.26,1.062,56.7,PlastiCreteAI_M1_Final_2000,experimental,mix_02406
0.6,silica_fume,6.2,PVC,20.12,3.37,28.0,7.1,5.32,1.24,0.42,2242.3,4.41,0.919,18.7,PlastiCreteAI_M1_Final_2000,experimental,mix_02407
0.416,silica_fume,14.5,PVC,11.15,3.25,25.5,28.2,21.54,3.41,1.77,2269.7,2.26,1.14,47.9,PlastiCreteAI_M1_Final_2000,experimental,mix_02408
0.537,fly_ash,25.1,PVC,11.75,2.88,21.5,3.0,5.0,1.29,0.55,2269.3,3.83,1.039,23.4,PlastiCreteAI_M1_Final_2000,experimental,mix_02409
0.417,fly_ash,28.9,PVC,28.12,3.87,19.3,27.8,10.71,2.11,1.18,2196.0,3.17,0.747,26.9,PlastiCreteAI_M1_Final_2000,experimental,mix_02410
0.448,ggbs,21.2,PVC,32.04,1.71,76.4,14.5,8.16,1.76,0.63,2213.1,3.8,0.702,30.8,PlastiCreteAI_M1_Final_2000,experimental,mix_02411
0.586,ggbs,15.7,PVC,22.6,2.85,25.4,3.0,5.0,1.34,0.4,2179.9,4.91,0.861,23.3,PlastiCreteAI_M1_Final_2000,experimental,mix_02412
0.461,ggbs,17.3,PVC,33.56,3.32,25.4,28.1,10.71,2.17,0.92,2135.7,4.17,0.626,30.1,PlastiCreteAI_M1_Final_2000,experimental,mix_02413
0.492,none,0.0,PVC,25.23,1.8,29.1,13.7,6.72,1.43,0.51,2185.9,4.59,0.789,19.8,PlastiCreteAI_M1_Final_2000,experimental,mix_02414
0.378,ggbs,20.9,PVC,20.49,3.08,40.1,14.2,8.9,2.01,0.89,2253.8,2.73,0.874,37.8,PlastiCreteAI_M1_Final_2000,experimental,mix_02415
0.403,fly_ash,26.1,PVC,19.5,4.34,22.7,28.2,13.42,2.3,1.13,2233.3,3.12,0.929,32.1,PlastiCreteAI_M1_Final_2000,experimental,mix_02416
0.399,fly_ash,23.1,PVC,14.41,0.81,23.5,89.8,22.94,2.81,1.8,2192.6,3.47,0.923,43.0,PlastiCreteAI_M1_Final_2000,experimental,mix_02417
0.502,none,0.0,PVC,35.7,0.58,29.6,7.0,5.17,1.33,0.53,2143.5,5.27,0.525,19.5,PlastiCreteAI_M1_Final_2000,experimental,mix_02418
0.549,ggbs,21.6,PVC,29.52,8.75,49.8,7.4,5.25,1.16,0.57,2213.8,4.04,0.755,29.8,PlastiCreteAI_M1_Final_2000,experimental,mix_02419
0.508,none,0.0,PVC,37.48,1.88,29.2,3.1,5.31,1.36,0.54,2121.9,5.46,0.539,10.0,PlastiCreteAI_M1_Final_2000,experimental,mix_02420
0.524,fly_ash,24.9,PVC,37.77,1.18,43.3,55.6,13.86,2.1,1.16,2173.5,5.4,0.497,22.8,PlastiCreteAI_M1_Final_2000,experimental,mix_02421
0.386,fly_ash,26.5,PVC,9.37,4.87,38.6,28.3,26.25,3.85,2.16,2338.6,2.83,1.128,46.0,PlastiCreteAI_M1_Final_2000,experimental,mix_02422
0.463,fly_ash,23.4,PVC,24.87,0.79,25.1,13.6,7.48,1.55,0.75,2226.8,3.75,0.835,23.7,PlastiCreteAI_M1_Final_2000,experimental,mix_02423
0.525,fly_ash,24.8,PVC,36.41,0.51,40.2,90.0,16.38,2.89,1.55,2105.4,4.74,0.517,29.9,PlastiCreteAI_M1_Final_2000,experimental,mix_02424
0.469,silica_fume,6.2,PVC,10.76,2.02,20.1,14.2,14.63,2.46,1.42,2285.0,3.5,1.042,38.1,PlastiCreteAI_M1_Final_2000,experimental,mix_02425
0.358,silica_fume,10.3,PVC,33.49,6.7,24.5,55.6,18.73,3.11,1.63,2203.0,2.43,0.584,42.3,PlastiCreteAI_M1_Final_2000,experimental,mix_02426
0.417,fly_ash,29.0,PVC,12.29,3.91,27.0,28.3,18.05,2.75,1.75,2275.7,2.51,0.996,44.1,PlastiCreteAI_M1_Final_2000,experimental,mix_02427
0.515,ggbs,21.9,PVC,36.63,1.65,29.8,6.9,5.42,1.39,0.43,2118.7,4.43,0.499,21.5,PlastiCreteAI_M1_Final_2000,experimental,mix_02428
0.402,fly_ash,29.4,PVC,13.32,2.31,21.2,27.8,15.94,2.28,1.69,2304.1,3.07,0.946,39.9,PlastiCreteAI_M1_Final_2000,experimental,mix_02429
0.422,fly_ash,11.8,PVC,22.42,8.39,23.6,6.9,5.24,1.35,0.48,2250.1,3.55,0.886,26.4,PlastiCreteAI_M1_Final_2000,experimental,mix_02430
0.385,none,0.0,PVC,32.52,0.84,44.3,55.9,16.16,2.63,1.59,2166.8,3.32,0.645,31.3,PlastiCreteAI_M1_Final_2000,experimental,mix_02431
0.562,fly_ash,18.2,PVC,11.06,1.44,76.9,90.0,35.33,4.15,3.36,2266.7,4.02,1.011,43.5,PlastiCreteAI_M1_Final_2000,experimental,mix_02432
0.404,ggbs,12.4,PVC,3.61,1.99,47.7,13.9,24.48,3.35,1.99,2326.0,2.32,1.216,46.9,PlastiCreteAI_M1_Final_2000,experimental,mix_02433
0.562,none,0.0,PVC,5.46,7.64,71.7,90.0,41.48,4.4,3.39,2306.0,3.81,1.213,48.5,PlastiCreteAI_M1_Final_2000,experimental,mix_02434
0.562,ggbs,12.8,PVC,36.26,1.34,18.2,3.0,5.0,1.39,0.41,2163.6,4.81,0.575,21.8,PlastiCreteAI_M1_Final_2000,experimental,mix_02435
0.432,ggbs,28.8,PVC,17.23,0.8,67.1,55.9,17.69,2.61,1.91,2290.3,3.13,0.966,40.8,PlastiCreteAI_M1_Final_2000,experimental,mix_02436
0.495,ggbs,10.5,PVC,28.5,8.57,30.1,28.2,9.01,2.13,0.72,2147.7,3.96,0.761,24.5,PlastiCreteAI_M1_Final_2000,experimental,mix_02437
0.505,fly_ash,17.9,PVC,14.87,2.72,19.3,55.6,14.91,2.39,1.59,2256.6,3.82,0.978,33.3,PlastiCreteAI_M1_Final_2000,experimental,mix_02438
0.523,silica_fume,18.8,PVC,17.48,0.62,27.0,28.1,9.24,1.98,0.73,2247.1,3.26,1.019,32.5,PlastiCreteAI_M1_Final_2000,experimental,mix_02439
0.492,fly_ash,16.7,PVC,25.75,0.6,39.1,13.8,6.43,1.62,0.49,2213.2,3.86,0.705,23.5,PlastiCreteAI_M1_Final_2000,experimental,mix_02440
0.492,none,0.0,PVC,16.71,4.03,47.1,90.0,17.0,2.46,1.32,2297.8,4.14,0.959,28.9,PlastiCreteAI_M1_Final_2000,experimental,mix_02441
0.547,silica_fume,11.6,PVC,29.59,2.4,19.2,90.0,15.84,2.79,1.56,2152.1,4.1,0.72,39.3,PlastiCreteAI_M1_Final_2000,experimental,mix_02442
0.488,fly_ash,16.8,PVC,1.64,8.99,24.2,13.8,18.32,3.08,1.97,2332.7,3.57,1.245,42.0,PlastiCreteAI_M1_Final_2000,experimental,mix_02443
0.432,silica_fume,18.6,PVC,5.42,2.59,18.3,14.0,20.28,3.1,1.58,2379.0,2.32,1.191,46.4,PlastiCreteAI_M1_Final_2000,experimental,mix_02444
0.603,none,0.0,PVC,25.77,0.56,21.9,56.2,11.45,2.05,0.9,2185.8,5.58,0.767,26.0,PlastiCreteAI_M1_Final_2000,experimental,mix_02445
0.472,silica_fume,18.4,PVC,33.44,1.05,18.3,14.0,7.45,1.55,0.61,2117.8,3.46,0.663,31.0,PlastiCreteAI_M1_Final_2000,experimental,mix_02446
0.367,ggbs,15.1,PVC,4.53,9.13,21.1,13.9,19.4,3.11,2.05,2349.1,2.23,1.183,44.7,PlastiCreteAI_M1_Final_2000,experimental,mix_02447
0.498,none,0.0,PVC,5.85,3.98,26.0,27.7,23.76,3.33,2.51,2328.2,3.28,1.197,37.5,PlastiCreteAI_M1_Final_2000,experimental,mix_02448
0.478,silica_fume,12.8,PVC,36.77,7.31,62.7,6.8,5.13,1.34,0.51,2156.7,3.64,0.605,27.4,PlastiCreteAI_M1_Final_2000,experimental,mix_02449
0.445,none,0.0,PVC,33.64,11.37,21.7,89.7,16.83,3.07,1.29,2219.7,4.45,0.627,25.0,PlastiCreteAI_M1_Final_2000,experimental,mix_02450
0.492,none,0.0,PVC,14.82,2.3,41.0,28.4,10.94,1.96,0.85,2292.2,3.82,0.95,25.8,PlastiCreteAI_M1_Final_2000,experimental,mix_02451
0.415,none,0.0,PVC,32.51,2.15,67.9,90.0,20.55,3.19,1.79,2144.0,3.75,0.59,34.2,PlastiCreteAI_M1_Final_2000,experimental,mix_02452
0.531,none,0.0,PVC,15.33,0.96,21.8,3.2,5.0,1.26,0.53,2227.2,4.33,0.944,15.3,PlastiCreteAI_M1_Final_2000,experimental,mix_02453
0.63,silica_fume,7.3,PVC,30.67,5.51,25.4,3.3,5.0,1.56,0.42,2179.8,4.48,0.788,17.3,PlastiCreteAI_M1_Final_2000,experimental,mix_02454
0.381,none,0.0,PVC,21.01,2.38,27.1,27.5,12.07,1.92,1.09,2246.9,3.16,0.902,28.6,PlastiCreteAI_M1_Final_2000,experimental,mix_02455
0.459,silica_fume,19.6,PVC,18.36,1.22,23.1,28.3,11.65,2.15,0.98,2226.7,3.12,0.903,37.6,PlastiCreteAI_M1_Final_2000,experimental,mix_02456
0.439,none,0.0,PVC,36.31,4.99,18.2,28.5,10.29,1.96,0.82,2099.4,4.38,0.587,26.7,PlastiCreteAI_M1_Final_2000,experimental,mix_02457
0.501,ggbs,12.5,PVC,7.12,6.97,47.0,7.2,10.99,2.24,0.96,2327.7,3.31,1.108,32.1,PlastiCreteAI_M1_Final_2000,experimental,mix_02458
0.464,ggbs,29.7,PVC,32.83,3.02,48.7,28.0,11.38,2.38,1.02,2168.7,3.83,0.674,30.5,PlastiCreteAI_M1_Final_2000,experimental,mix_02459
0.35,fly_ash,17.6,PVC,27.34,8.52,20.7,28.5,12.59,2.45,1.05,2189.3,3.0,0.777,36.2,PlastiCreteAI_M1_Final_2000,experimental,mix_02460
0.442,ggbs,27.6,PVC,7.15,0.66,26.2,28.5,27.4,3.89,2.25,2316.0,2.87,1.137,53.6,PlastiCreteAI_M1_Final_2000,experimental,mix_02461
0.429,silica_fume,5.8,PVC,12.1,0.84,30.2,55.9,23.92,3.51,2.17,2291.5,2.06,1.079,51.0,PlastiCreteAI_M1_Final_2000,experimental,mix_02462
0.424,fly_ash,13.4,PVC,39.67,9.51,19.3,14.4,7.76,1.62,0.67,2126.5,3.72,0.494,32.1,PlastiCreteAI_M1_Final_2000,experimental,mix_02463
0.35,ggbs,22.9,PVC,14.72,2.0,18.9,3.4,5.04,1.29,0.54,2311.8,2.56,0.969,32.0,PlastiCreteAI_M1_Final_2000,experimental,mix_02464
0.65,silica_fume,8.5,PVC,11.84,6.53,33.0,14.3,11.51,1.79,1.02,2237.6,4.18,1.135,27.2,PlastiCreteAI_M1_Final_2000,experimental,mix_02465
0.525,ggbs,16.8,PVC,28.19,5.87,20.1,56.1,12.54,2.36,1.31,2149.6,4.2,0.756,33.8,PlastiCreteAI_M1_Final_2000,experimental,mix_02466
0.35,fly_ash,10.4,PVC,38.3,0.5,27.0,28.2,10.76,2.2,0.85,2169.5,3.46,0.541,38.6,PlastiCreteAI_M1_Final_2000,experimental,mix_02467
0.469,none,0.0,PVC,23.23,0.89,73.1,6.6,5.0,1.5,0.53,2193.6,3.94,0.952,21.4,PlastiCreteAI_M1_Final_2000,experimental,mix_02468
0.643,none,0.0,PVC,22.44,0.71,28.3,6.7,5.0,1.36,0.51,2190.7,5.73,0.786,15.4,PlastiCreteAI_M1_Final_2000,experimental,mix_02469
0.59,none,0.0,PVC,22.6,5.35,31.9,6.7,5.0,1.28,0.55,2198.9,4.99,0.844,17.7,PlastiCreteAI_M1_Final_2000,experimental,mix_02470
0.384,fly_ash,21.8,PVC,7.16,10.16,29.3,7.0,12.99,2.55,1.05,2357.4,2.49,1.156,39.8,PlastiCreteAI_M1_Final_2000,experimental,mix_02471
0.482,fly_ash,29.5,PVC,37.49,1.56,39.9,56.1,15.43,2.15,1.38,2087.1,4.7,0.474,30.7,PlastiCreteAI_M1_Final_2000,experimental,mix_02472
0.51,none,0.0,PVC,24.07,0.65,28.6,89.8,15.09,2.63,1.32,2217.2,4.85,0.767,23.1,PlastiCreteAI_M1_Final_2000,experimental,mix_02473
0.422,silica_fume,9.1,PVC,14.44,5.4,23.7,89.6,20.56,3.15,1.7,2268.8,2.68,1.084,45.7,PlastiCreteAI_M1_Final_2000,experimental,mix_02474
0.413,fly_ash,22.2,PVC,12.07,10.66,21.9,13.9,13.04,2.39,1.38,2329.3,2.57,1.059,32.9,PlastiCreteAI_M1_Final_2000,experimental,mix_02475
0.551,silica_fume,9.2,PVC,18.76,4.5,57.4,56.4,13.64,2.33,1.41,2270.1,4.12,0.949,35.8,PlastiCreteAI_M1_Final_2000,experimental,mix_02476
0.426,fly_ash,14.4,PVC,30.51,2.12,23.6,56.2,14.01,2.35,1.31,2165.6,3.37,0.665,33.2,PlastiCreteAI_M1_Final_2000,experimental,mix_02477
0.457,ggbs,18.0,PVC,19.61,1.35,31.6,27.9,11.01,2.08,0.92,2241.3,3.12,0.856,30.7,PlastiCreteAI_M1_Final_2000,experimental,mix_02478
0.388,ggbs,21.5,PVC,5.96,3.88,18.5,27.6,30.0,3.57,2.37,2354.0,2.21,1.162,52.9,PlastiCreteAI_M1_Final_2000,experimental,mix_02479
0.613,silica_fume,14.3,PVC,23.25,2.3,22.6,27.8,7.9,1.89,0.8,2163.5,4.41,0.824,16.7,PlastiCreteAI_M1_Final_2000,experimental,mix_02480
0.41,ggbs,19.1,PVC,15.34,4.57,38.8,6.9,5.03,1.3,0.4,2297.8,3.23,1.066,30.1,PlastiCreteAI_M1_Final_2000,experimental,mix_02481
0.509,silica_fume,7.5,PVC,21.44,4.53,61.4,6.8,5.33,1.24,0.43,2242.6,3.57,0.898,25.9,PlastiCreteAI_M1_Final_2000,experimental,mix_02482
0.497,fly_ash,18.0,PVC,19.63,2.19,45.5,13.5,7.22,1.66,0.59,2238.9,3.64,0.831,29.3,PlastiCreteAI_M1_Final_2000,experimental,mix_02483
0.452,none,0.0,PVC,4.29,0.59,35.6,14.4,17.74,3.12,1.93,2359.4,3.26,1.255,40.7,PlastiCreteAI_M1_Final_2000,experimental,mix_02484
0.474,none,0.0,PVC,2.04,5.04,38.3,55.9,41.42,3.99,4.45,2360.7,3.45,1.338,58.4,PlastiCreteAI_M1_Final_2000,experimental,mix_02485
0.492,silica_fume,14.0,PVC,23.16,9.38,22.3,55.6,14.53,2.46,1.26,2238.1,3.28,0.816,35.4,PlastiCreteAI_M1_Final_2000,experimental,mix_02486
0.602,none,0.0,PVC,34.16,9.96,29.6,28.0,7.4,2.06,0.75,2158.8,5.54,0.641,18.5,PlastiCreteAI_M1_Final_2000,experimental,mix_02487
0.481,none,0.0,PVC,22.78,0.51,64.5,3.3,5.0,1.41,0.55,2222.6,3.87,0.842,16.9,PlastiCreteAI_M1_Final_2000,experimental,mix_02488
0.536,ggbs,16.7,PVC,15.44,1.17,28.2,6.9,5.09,1.27,0.48,2276.5,3.8,0.983,22.1,PlastiCreteAI_M1_Final_2000,experimental,mix_02489
0.418,ggbs,19.0,PVC,14.76,6.68,75.1,14.1,9.0,2.04,0.72,2285.7,2.35,0.975,33.4,PlastiCreteAI_M1_Final_2000,experimental,mix_02490
0.464,none,0.0,PVC,35.88,1.61,25.8,14.4,6.71,1.58,0.55,2183.7,4.44,0.663,19.9,PlastiCreteAI_M1_Final_2000,experimental,mix_02491
0.493,silica_fume,5.1,PVC,13.78,4.75,21.1,27.9,11.96,2.53,1.24,2267.8,3.21,1.101,38.1,PlastiCreteAI_M1_Final_2000,experimental,mix_02492
0.392,silica_fume,6.1,PVC,37.6,5.13,26.7,56.4,16.3,2.8,1.25,2190.0,3.38,0.565,39.3,PlastiCreteAI_M1_Final_2000,experimental,mix_02493
0.405,fly_ash,20.7,PVC,11.04,8.19,23.4,3.0,5.13,1.23,0.41,2315.2,2.79,1.119,31.4,PlastiCreteAI_M1_Final_2000,experimental,mix_02494
0.521,none,0.0,PVC,14.64,10.98,30.3,55.7,13.43,2.27,1.26,2276.8,4.24,1.035,23.4,PlastiCreteAI_M1_Final_2000,experimental,mix_02495
0.444,silica_fume,8.2,PVC,38.45,6.75,20.8,6.5,5.21,1.28,0.53,2103.2,3.41,0.615,22.3,PlastiCreteAI_M1_Final_2000,experimental,mix_02496
0.422,fly_ash,29.3,PVC,39.53,6.16,30.7,3.3,5.0,1.26,0.45,2130.0,4.06,0.518,24.8,PlastiCreteAI_M1_Final_2000,experimental,mix_02497
0.422,none,0.0,PVC,34.31,4.66,49.4,13.9,7.37,1.67,0.65,2191.1,3.99,0.6,23.6,PlastiCreteAI_M1_Final_2000,experimental,mix_02498
0.516,none,0.0,PVC,17.88,2.54,27.1,28.1,8.63,2.19,0.67,2234.7,4.55,0.926,17.5,PlastiCreteAI_M1_Final_2000,experimental,mix_02499
0.378,fly_ash,16.4,PVC,32.13,1.64,23.5,14.0,8.65,1.87,0.69,2217.0,3.41,0.606,28.8,PlastiCreteAI_M1_Final_2000,experimental,mix_02500
0.445,ggbs,17.6,PVC,22.72,2.33,24.7,3.0,5.0,1.29,0.49,2258.0,3.2,0.799,31.4,PlastiCreteAI_M1_Final_2000,experimental,mix_02501
0.505,ggbs,12.3,PVC,23.4,2.81,18.8,28.3,9.56,1.98,0.96,2225.7,3.92,0.896,29.7,PlastiCreteAI_M1_Final_2000,experimental,mix_02502
0.514,none,0.0,PVC,25.32,2.12,22.1,28.2,8.89,1.98,0.94,2231.1,4.67,0.819,19.3,PlastiCreteAI_M1_Final_2000,experimental,mix_02503
0.457,silica_fume,5.4,PVC,6.17,1.69,24.2,28.1,22.66,3.45,2.19,2317.7,2.19,1.263,53.3,PlastiCreteAI_M1_Final_2000,experimental,mix_02504
0.569,silica_fume,12.0,PVC,37.66,9.12,29.6,28.0,9.59,2.23,0.86,2167.5,4.06,0.48,24.1,PlastiCreteAI_M1_Final_2000,experimental,mix_02505
0.48,fly_ash,21.8,PVC,38.92,1.92,25.6,27.6,10.76,2.02,1.11,2154.8,4.77,0.528,27.1,PlastiCreteAI_M1_Final_2000,experimental,mix_02506
0.455,ggbs,20.4,PVC,6.22,0.63,32.0,14.0,16.96,3.14,1.73,2304.7,2.46,1.237,44.9,PlastiCreteAI_M1_Final_2000,experimental,mix_02507
0.53,none,0.0,PVC,28.19,1.72,29.0,7.3,5.0,1.41,0.39,2202.3,5.37,0.675,14.5,PlastiCreteAI_M1_Final_2000,experimental,mix_02508
0.496,ggbs,25.2,PVC,19.31,3.1,49.1,90.0,19.56,3.06,1.57,2307.6,3.77,0.97,36.2,PlastiCreteAI_M1_Final_2000,experimental,mix_02509
0.488,fly_ash,21.4,PVC,37.24,1.6,19.7,27.5,10.84,1.89,1.1,2182.2,4.73,0.479,24.9,PlastiCreteAI_M1_Final_2000,experimental,mix_02510
0.467,ggbs,16.1,PVC,26.13,3.27,65.7,28.3,11.78,2.17,0.95,2224.0,3.78,0.787,32.6,PlastiCreteAI_M1_Final_2000,experimental,mix_02511
0.502,none,0.0,PVC,20.5,1.5,26.2,7.2,5.0,1.38,0.39,2209.2,4.13,0.959,19.4,PlastiCreteAI_M1_Final_2000,experimental,mix_02512
0.473,none,0.0,PVC,16.88,7.99,26.1,7.1,5.04,1.39,0.43,2217.0,4.04,0.971,22.1,PlastiCreteAI_M1_Final_2000,experimental,mix_02513
0.35,none,0.0,PVC,28.81,2.16,24.0,6.8,5.0,1.42,0.51,2153.2,2.91,0.725,31.9,PlastiCreteAI_M1_Final_2000,experimental,mix_02514
0.399,silica_fume,15.8,PVC,11.36,0.72,23.3,13.9,13.49,2.56,1.4,2273.1,2.16,1.056,38.1,PlastiCreteAI_M1_Final_2000,experimental,mix_02515
0.378,none,0.0,PVC,28.67,3.98,27.7,28.5,11.78,2.05,1.27,2136.6,3.24,0.797,32.5,PlastiCreteAI_M1_Final_2000,experimental,mix_02516
0.437,none,0.0,PVC,36.97,3.97,25.0,27.7,10.13,2.33,0.78,2119.0,4.73,0.567,24.2,PlastiCreteAI_M1_Final_2000,experimental,mix_02517
0.482,none,0.0,PVC,23.72,11.73,18.5,28.1,9.2,2.01,0.8,2202.0,3.94,0.831,26.1,PlastiCreteAI_M1_Final_2000,experimental,mix_02518
0.381,ggbs,15.5,PVC,12.91,7.83,19.7,3.4,5.08,1.29,0.43,2313.5,2.22,1.047,37.9,PlastiCreteAI_M1_Final_2000,experimental,mix_02519
0.447,ggbs,11.7,PVC,17.81,0.95,29.1,28.4,12.12,2.14,1.33,2288.7,2.71,0.957,35.8,PlastiCreteAI_M1_Final_2000,experimental,mix_02520
0.483,none,0.0,PVC,3.0,4.31,28.8,28.3,25.7,3.51,2.7,2305.8,3.71,1.216,42.3,PlastiCreteAI_M1_Final_2000,experimental,mix_02521
0.475,none,0.0,PVC,12.9,10.42,20.5,3.5,5.0,1.26,0.49,2280.1,3.83,1.079,20.7,PlastiCreteAI_M1_Final_2000,experimental,mix_02522
0.35,fly_ash,23.9,PVC,6.41,1.28,27.3,27.8,31.14,4.07,2.47,2355.1,1.84,1.146,60.3,PlastiCreteAI_M1_Final_2000,experimental,mix_02523
0.444,silica_fume,9.2,PVC,38.12,0.99,19.3,90.0,17.79,2.82,1.6,2111.7,3.43,0.582,42.6,PlastiCreteAI_M1_Final_2000,experimental,mix_02524
0.532,fly_ash,23.3,PVC,20.75,8.88,23.0,7.1,5.58,1.21,0.48,2248.8,4.28,0.865,26.6,PlastiCreteAI_M1_Final_2000,experimental,mix_02525
0.568,ggbs,17.3,PVC,7.19,8.06,32.3,28.4,23.3,3.17,2.38,2298.8,3.74,1.187,44.0,PlastiCreteAI_M1_Final_2000,experimental,mix_02526
0.563,none,0.0,PVC,11.77,2.24,33.7,7.5,5.97,1.34,0.48,2276.1,4.62,1.063,17.2,PlastiCreteAI_M1_Final_2000,experimental,mix_02527
0.65,silica_fume,11.8,PVC,31.41,3.94,25.3,56.4,11.23,2.15,1.07,2159.7,4.99,0.662,25.5,PlastiCreteAI_M1_Final_2000,experimental,mix_02528
0.512,none,0.0,PVC,0.84,0.59,30.2,28.4,28.91,3.74,2.2,2334.0,3.41,1.258,45.0,PlastiCreteAI_M1_Final_2000,experimental,mix_02529
0.39,none,0.0,PVC,13.87,10.4,27.6,27.9,15.0,2.5,1.39,2232.1,2.96,1.004,40.2,PlastiCreteAI_M1_Final_2000,experimental,mix_02530
0.397,none,0.0,PVC,9.53,2.71,47.3,28.2,25.96,3.29,2.01,2241.6,2.88,1.076,44.9,PlastiCreteAI_M1_Final_2000,experimental,mix_02531
0.494,silica_fume,13.0,PVC,14.83,9.35,19.6,27.9,10.0,2.11,0.86,2270.3,3.3,1.004,30.6,PlastiCreteAI_M1_Final_2000,experimental,mix_02532
0.455,silica_fume,10.0,PVC,12.44,2.91,26.4,14.0,11.91,2.18,0.97,2293.3,3.09,1.14,37.1,PlastiCreteAI_M1_Final_2000,experimental,mix_02533
0.465,ggbs,17.3,PVC,24.44,3.49,60.7,55.9,16.11,2.71,1.31,2268.3,3.36,0.78,34.3,PlastiCreteAI_M1_Final_2000,experimental,mix_02534
0.513,ggbs,19.7,PVC,11.97,1.15,46.3,89.6,28.19,3.73,2.31,2267.4,3.79,1.132,42.2,PlastiCreteAI_M1_Final_2000,experimental,mix_02535
0.352,silica_fume,19.3,PVC,15.33,0.83,36.6,28.1,14.53,2.51,1.44,2282.0,1.98,0.992,49.6,PlastiCreteAI_M1_Final_2000,experimental,mix_02536
0.513,none,0.0,PVC,0.33,1.88,47.2,56.2,40.44,4.8,3.25,2375.8,3.51,1.296,49.2,PlastiCreteAI_M1_Final_2000,experimental,mix_02537
0.507,none,0.0,PVC,8.09,8.47,28.7,28.4,19.35,3.23,1.89,2268.4,3.85,1.14,39.3,PlastiCreteAI_M1_Final_2000,experimental,mix_02538
0.542,fly_ash,24.9,PVC,5.29,1.14,45.3,56.1,32.76,4.65,3.54,2333.4,3.47,1.216,46.8,PlastiCreteAI_M1_Final_2000,experimental,mix_02539
0.478,none,0.0,PVC,31.15,2.33,74.1,3.0,5.12,1.35,0.53,2161.4,4.86,0.624,18.6,PlastiCreteAI_M1_Final_2000,experimental,mix_02540
0.489,silica_fume,8.2,PVC,34.06,6.91,24.5,7.5,5.12,1.4,0.48,2126.0,3.22,0.668,24.0,PlastiCreteAI_M1_Final_2000,experimental,mix_02541
0.513,silica_fume,8.9,PVC,29.64,11.59,25.8,55.8,13.18,2.52,1.13,2179.5,3.66,0.731,39.7,PlastiCreteAI_M1_Final_2000,experimental,mix_02542
0.35,ggbs,18.1,PVC,21.69,1.31,26.5,14.4,9.85,2.29,0.99,2232.1,2.53,0.873,34.5,PlastiCreteAI_M1_Final_2000,experimental,mix_02543
0.481,silica_fume,19.8,PVC,26.61,0.89,23.6,27.9,10.41,1.98,0.99,2191.6,3.24,0.723,30.5,PlastiCreteAI_M1_Final_2000,experimental,mix_02544
0.405,silica_fume,13.0,PVC,18.68,2.11,18.1,55.7,17.14,2.55,1.63,2255.4,2.21,0.963,48.6,PlastiCreteAI_M1_Final_2000,experimental,mix_02545
0.502,silica_fume,8.5,PVC,5.3,1.84,37.3,7.3,12.56,2.11,1.27,2335.3,3.13,1.214,32.3,PlastiCreteAI_M1_Final_2000,experimental,mix_02546
0.385,silica_fume,16.2,PVC,36.87,11.57,19.6,27.9,11.52,2.15,1.21,2137.6,2.81,0.627,40.1,PlastiCreteAI_M1_Final_2000,experimental,mix_02547
0.527,silica_fume,17.3,PVC,33.61,1.3,73.5,27.6,9.83,2.24,0.93,2162.5,3.73,0.712,30.0,PlastiCreteAI_M1_Final_2000,experimental,mix_02548
0.474,ggbs,26.4,PVC,0.22,9.22,19.3,7.3,13.93,2.42,1.14,2355.8,2.62,1.359,45.2,PlastiCreteAI_M1_Final_2000,experimental,mix_02549
0.578,fly_ash,11.3,PVC,1.39,11.77,26.1,89.6,42.14,4.6,3.84,2322.5,3.53,1.201,59.9,PlastiCreteAI_M1_Final_2000,experimental,mix_02550
0.485,silica_fume,11.8,PVC,14.4,7.64,23.9,27.9,11.8,2.21,0.9,2221.6,3.36,1.086,30.8,PlastiCreteAI_M1_Final_2000,experimental,mix_02551
0.544,fly_ash,22.0,PVC,36.62,8.27,18.7,28.2,9.56,2.04,0.83,2108.1,4.39,0.569,25.7,PlastiCreteAI_M1_Final_2000,experimental,mix_02552
0.388,silica_fume,5.9,PVC,15.78,0.87,39.3,27.8,13.44,2.32,1.44,2242.6,2.8,1.002,36.5,PlastiCreteAI_M1_Final_2000,experimental,mix_02553
0.423,silica_fume,13.4,PVC,18.13,9.74,22.9,6.5,5.12,1.34,0.53,2251.5,2.33,0.963,35.4,PlastiCreteAI_M1_Final_2000,experimental,mix_02554
0.56,none,0.0,PVC,38.27,7.19,21.9,56.0,11.91,2.09,0.92,2127.5,5.52,0.581,16.1,PlastiCreteAI_M1_Final_2000,experimental,mix_02555
0.404,ggbs,21.4,PVC,0.24,9.77,21.0,90.0,55.07,4.86,5.57,2365.2,2.27,1.283,72.9,PlastiCreteAI_M1_Final_2000,experimental,mix_02556
0.504,fly_ash,24.4,PVC,7.97,0.63,55.6,3.0,5.89,1.43,0.59,2286.7,3.09,1.071,31.7,PlastiCreteAI_M1_Final_2000,experimental,mix_02557
0.449,ggbs,19.7,PVC,13.34,2.79,35.7,28.0,13.53,2.51,1.39,2322.5,3.31,1.001,35.1,PlastiCreteAI_M1_Final_2000,experimental,mix_02558
0.45,silica_fume,7.6,PVC,4.77,1.5,49.6,27.5,30.75,4.05,3.06,2336.8,2.07,1.204,56.7,PlastiCreteAI_M1_Final_2000,experimental,mix_02559
0.492,silica_fume,16.1,PVC,32.0,0.54,22.7,56.4,12.19,2.03,1.25,2172.1,3.66,0.695,29.6,PlastiCreteAI_M1_Final_2000,experimental,mix_02560
0.514,silica_fume,15.4,PVC,18.47,0.73,40.8,6.6,5.0,1.42,0.52,2274.2,3.16,0.974,33.7,PlastiCreteAI_M1_Final_2000,experimental,mix_02561
0.487,none,0.0,PVC,36.43,0.64,43.5,14.2,6.41,1.54,0.52,2136.7,4.91,0.536,19.1,PlastiCreteAI_M1_Final_2000,experimental,mix_02562
0.486,silica_fume,17.1,PVC,7.68,1.87,23.7,27.6,22.52,2.9,2.35,2277.0,2.7,1.218,45.4,PlastiCreteAI_M1_Final_2000,experimental,mix_02563
0.49,none,0.0,PVC,6.39,0.5,50.3,6.5,9.67,2.19,1.01,2311.8,3.67,1.145,26.6,PlastiCreteAI_M1_Final_2000,experimental,mix_02564
0.416,silica_fume,7.4,PVC,21.52,2.74,26.2,28.4,12.11,2.12,1.31,2249.5,2.91,0.906,35.6,PlastiCreteAI_M1_Final_2000,experimental,mix_02565
0.404,none,0.0,PVC,13.92,0.78,21.9,13.8,8.68,2.09,0.91,2279.3,3.26,1.031,25.9,PlastiCreteAI_M1_Final_2000,experimental,mix_02566
0.461,none,0.0,PVC,7.74,0.61,22.9,7.1,9.75,1.95,0.79,2343.4,2.93,1.166,26.1,PlastiCreteAI_M1_Final_2000,experimental,mix_02567
0.499,ggbs,16.1,PVC,30.97,10.16,35.9,14.0,7.0,1.63,0.65,2194.7,3.8,0.647,23.6,PlastiCreteAI_M1_Final_2000,experimental,mix_02568
0.466,silica_fume,7.1,PVC,33.7,0.58,38.1,90.0,18.42,2.67,1.77,2159.4,3.58,0.678,40.5,PlastiCreteAI_M1_Final_2000,experimental,mix_02569
0.512,none,0.0,PVC,34.49,5.54,44.8,55.9,12.22,2.44,0.96,2150.2,4.98,0.55,21.1,PlastiCreteAI_M1_Final_2000,experimental,mix_02570
0.463,fly_ash,21.5,PVC,1.98,0.67,36.5,56.2,40.52,5.01,3.91,2346.2,2.54,1.213,59.5,PlastiCreteAI_M1_Final_2000,experimental,mix_02571
0.443,ggbs,24.6,PVC,20.41,1.23,50.6,55.7,14.96,2.62,1.36,2257.0,3.41,0.964,35.5,PlastiCreteAI_M1_Final_2000,experimental,mix_02572
0.524,fly_ash,17.9,PVC,8.4,5.85,22.6,7.0,9.4,1.86,1.0,2312.6,3.68,1.16,31.3,PlastiCreteAI_M1_Final_2000,experimental,mix_02573
0.505,ggbs,15.6,PVC,23.29,9.56,24.7,90.0,15.56,2.93,1.49,2231.6,3.67,0.825,35.1,PlastiCreteAI_M1_Final_2000,experimental,mix_02574
0.497,none,0.0,PVC,15.44,0.64,24.1,55.9,14.25,2.22,1.47,2241.4,4.16,1.024,30.3,PlastiCreteAI_M1_Final_2000,experimental,mix_02575
0.553,silica_fume,5.7,PVC,11.17,3.96,24.9,55.6,21.88,2.84,1.82,2323.2,3.39,1.129,35.6,PlastiCreteAI_M1_Final_2000,experimental,mix_02576
0.363,silica_fume,6.1,PVC,38.71,6.76,21.7,27.9,11.87,2.43,1.27,2155.0,2.72,0.522,34.8,PlastiCreteAI_M1_Final_2000,experimental,mix_02577
0.531,fly_ash,22.4,PVC,17.21,0.64,39.1,7.4,5.11,1.44,0.52,2212.5,3.95,0.954,23.3,PlastiCreteAI_M1_Final_2000,experimental,mix_02578
0.46,fly_ash,26.7,PVC,27.8,9.63,22.0,14.5,7.34,1.49,0.64,2165.1,3.94,0.738,24.5,PlastiCreteAI_M1_Final_2000,experimental,mix_02579
0.447,ggbs,21.5,PVC,23.04,7.2,27.4,28.1,10.82,1.94,0.93,2194.0,3.41,0.814,34.7,PlastiCreteAI_M1_Final_2000,experimental,mix_02580
0.437,silica_fume,6.0,PVC,25.43,9.98,34.1,56.2,16.25,2.37,1.48,2192.1,3.18,0.789,39.2,PlastiCreteAI_M1_Final_2000,experimental,mix_02581
0.569,silica_fume,13.5,PVC,25.14,1.33,29.8,90.0,14.91,2.28,1.15,2213.6,4.28,0.81,30.5,PlastiCreteAI_M1_Final_2000,experimental,mix_02582
0.516,silica_fume,15.5,PVC,11.13,6.04,80.0,56.2,26.85,3.53,2.11,2287.1,3.52,1.087,47.4,PlastiCreteAI_M1_Final_2000,experimental,mix_02583
0.468,fly_ash,19.0,PVC,2.45,4.34,24.5,28.4,29.07,3.94,2.8,2351.0,2.55,1.178,48.2,PlastiCreteAI_M1_Final_2000,experimental,mix_02584
0.475,ggbs,28.5,PVC,4.85,0.78,20.4,27.6,27.5,3.1,2.38,2297.3,2.59,1.267,49.5,PlastiCreteAI_M1_Final_2000,experimental,mix_02585
0.506,silica_fume,12.6,PVC,6.93,6.36,25.0,3.1,5.45,1.48,0.46,2301.9,3.12,1.223,35.6,PlastiCreteAI_M1_Final_2000,experimental,mix_02586
0.484,silica_fume,12.1,PVC,21.05,1.02,26.5,13.7,7.14,1.75,0.64,2224.7,3.41,0.934,31.0,PlastiCreteAI_M1_Final_2000,experimental,mix_02587
0.494,silica_fume,19.4,PVC,26.29,7.51,28.7,28.2,10.84,2.22,1.04,2125.8,3.63,0.797,34.3,PlastiCreteAI_M1_Final_2000,experimental,mix_02588
0.382,silica_fume,6.7,PVC,34.7,3.47,43.3,27.8,12.15,2.35,1.26,2195.6,3.03,0.55,36.8,PlastiCreteAI_M1_Final_2000,experimental,mix_02589
0.367,none,0.0,PVC,20.82,0.6,65.2,3.0,5.17,1.17,0.49,2251.8,3.43,0.957,27.2,PlastiCreteAI_M1_Final_2000,experimental,mix_02590
0.411,none,0.0,PVC,11.4,1.18,36.7,13.8,12.85,2.12,1.35,2302.4,2.95,1.036,33.1,PlastiCreteAI_M1_Final_2000,experimental,mix_02591
0.396,silica_fume,6.8,PVC,26.38,0.83,27.4,27.6,12.39,2.12,1.32,2204.3,2.55,0.754,44.0,PlastiCreteAI_M1_Final_2000,experimental,mix_02592
0.424,silica_fume,14.0,PVC,38.33,4.08,25.0,90.0,18.18,2.74,2.0,2147.0,3.44,0.588,37.7,PlastiCreteAI_M1_Final_2000,experimental,mix_02593
0.416,ggbs,12.0,PVC,2.29,9.57,76.7,7.2,14.81,2.33,1.16,2375.8,2.25,1.242,42.8,PlastiCreteAI_M1_Final_2000,experimental,mix_02594
0.452,fly_ash,18.5,PVC,22.32,4.87,22.3,6.7,5.37,1.36,0.49,2249.4,3.3,0.839,26.9,PlastiCreteAI_M1_Final_2000,experimental,mix_02595
0.48,ggbs,25.6,PVC,19.49,1.34,77.0,90.0,17.71,2.61,1.66,2269.2,3.15,0.9,39.3,PlastiCreteAI_M1_Final_2000,experimental,mix_02596
0.52,fly_ash,21.2,PVC,6.01,0.98,34.5,14.3,17.27,2.72,1.79,2314.1,4.0,1.211,32.9,PlastiCreteAI_M1_Final_2000,experimental,mix_02597
0.585,ggbs,18.4,PVC,4.71,4.09,71.5,6.7,11.04,2.2,1.18,2339.8,3.84,1.23,31.1,PlastiCreteAI_M1_Final_2000,experimental,mix_02598
0.526,ggbs,23.7,PVC,38.34,1.6,30.2,27.7,9.67,1.91,1.03,2103.5,4.31,0.494,24.6,PlastiCreteAI_M1_Final_2000,experimental,mix_02599
0.519,silica_fume,17.0,PVC,8.02,11.23,29.5,7.2,10.94,1.92,0.84,2300.6,2.97,1.224,38.5,PlastiCreteAI_M1_Final_2000,experimental,mix_02600
0.359,fly_ash,15.4,PVC,32.22,2.03,44.6,28.0,11.43,2.32,0.92,2141.5,3.05,0.678,37.5,PlastiCreteAI_M1_Final_2000,experimental,mix_02601
0.475,silica_fume,5.0,PVC,29.91,9.5,21.7,27.7,9.53,2.17,0.97,2199.9,3.38,0.696,29.1,PlastiCreteAI_M1_Final_2000,experimental,mix_02602
0.441,none,0.0,PVC,28.82,0.57,62.0,89.7,17.35,2.76,1.51,2214.5,4.16,0.673,34.8,PlastiCreteAI_M1_Final_2000,experimental,mix_02603
0.61,fly_ash,12.5,PVC,20.69,0.51,25.0,28.2,7.62,2.06,0.83,2219.0,4.63,0.859,25.5,PlastiCreteAI_M1_Final_2000,experimental,mix_02604
0.52,none,0.0,PVC,10.86,1.12,29.9,90.0,28.43,4.05,2.19,2246.2,4.08,1.08,38.5,PlastiCreteAI_M1_Final_2000,experimental,mix_02605
0.421,ggbs,11.4,PVC,9.66,3.84,25.7,13.7,16.18,2.43,1.23,2309.7,2.73,1.112,45.3,PlastiCreteAI_M1_Final_2000,experimental,mix_02606
0.542,none,0.0,PVC,31.33,5.32,31.7,14.4,6.09,1.52,0.53,2172.7,5.58,0.66,13.8,PlastiCreteAI_M1_Final_2000,experimental,mix_02607
0.445,silica_fume,18.0,PVC,0.37,1.48,42.4,90.0,57.4,5.56,4.5,2341.8,2.19,1.374,75.6,PlastiCreteAI_M1_Final_2000,experimental,mix_02608
0.48,silica_fume,16.8,PVC,17.24,1.21,66.1,28.4,10.63,2.48,1.0,2238.3,3.54,1.015,35.4,PlastiCreteAI_M1_Final_2000,experimental,mix_02609
0.519,ggbs,22.0,PVC,22.76,0.8,19.8,14.0,6.41,1.62,0.52,2209.2,3.82,0.831,26.2,PlastiCreteAI_M1_Final_2000,experimental,mix_02610
0.516,none,0.0,PVC,9.62,5.73,30.4,28.4,18.17,3.28,1.85,2315.6,4.19,1.098,33.2,PlastiCreteAI_M1_Final_2000,experimental,mix_02611
0.35,none,0.0,PVC,20.37,1.35,45.6,3.0,5.0,1.3,0.54,2228.6,2.55,0.873,29.7,PlastiCreteAI_M1_Final_2000,experimental,mix_02612
0.543,none,0.0,PVC,24.53,1.95,46.9,27.9,9.78,1.98,0.8,2238.7,4.67,0.808,22.6,PlastiCreteAI_M1_Final_2000,experimental,mix_02613
0.465,none,0.0,PVC,15.77,3.3,22.4,6.7,5.11,1.26,0.5,2256.3,3.96,0.915,19.0,PlastiCreteAI_M1_Final_2000,experimental,mix_02614
0.428,ggbs,28.2,PVC,35.7,0.67,65.2,13.6,9.5,1.48,0.9,2156.1,3.84,0.52,31.5,PlastiCreteAI_M1_Final_2000,experimental,mix_02615
0.408,none,0.0,PVC,15.93,0.72,20.1,14.0,6.63,1.5,0.54,2265.0,3.29,0.948,28.1,PlastiCreteAI_M1_Final_2000,experimental,mix_02616
0.531,ggbs,23.7,PVC,4.05,0.72,29.3,13.8,18.73,3.2,1.53,2319.0,3.31,1.214,38.3,PlastiCreteAI_M1_Final_2000,experimental,mix_02617
0.397,fly_ash,25.8,PVC,5.86,1.51,19.6,55.8,43.89,4.72,4.22,2367.9,2.52,1.116,62.9,PlastiCreteAI_M1_Final_2000,experimental,mix_02618
0.495,ggbs,22.2,PVC,22.88,6.46,37.2,28.2,10.78,1.88,1.07,2199.6,3.57,0.812,32.4,PlastiCreteAI_M1_Final_2000,experimental,mix_02619
0.509,silica_fume,17.0,PVC,38.88,1.61,45.0,56.0,13.68,2.36,1.32,2143.5,4.09,0.468,32.5,PlastiCreteAI_M1_Final_2000,experimental,mix_02620
0.418,silica_fume,16.4,PVC,14.12,9.59,19.3,27.8,13.96,2.42,1.3,2266.3,2.35,1.033,43.1,PlastiCreteAI_M1_Final_2000,experimental,mix_02621
0.411,none,0.0,PVC,29.73,9.17,30.5,27.6,10.57,2.11,1.09,2179.2,4.03,0.707,20.6,PlastiCreteAI_M1_Final_2000,experimental,mix_02622
0.441,none,0.0,PVC,14.62,1.27,28.4,28.2,11.1,1.99,1.02,2275.7,3.5,0.987,35.2,PlastiCreteAI_M1_Final_2000,experimental,mix_02623
0.553,silica_fume,9.5,PVC,15.94,6.33,54.2,14.3,7.6,1.66,0.73,2241.0,3.68,0.996,31.0,PlastiCreteAI_M1_Final_2000,experimental,mix_02624
0.459,fly_ash,12.6,PVC,32.91,8.27,18.1,3.1,5.0,1.38,0.53,2142.9,4.02,0.669,25.4,PlastiCreteAI_M1_Final_2000,experimental,mix_02625
0.573,ggbs,19.6,PVC,36.89,1.1,18.6,3.3,5.24,1.18,0.45,2194.9,5.16,0.592,20.0,PlastiCreteAI_M1_Final_2000,experimental,mix_02626
0.425,fly_ash,29.1,PVC,38.98,7.84,20.0,55.8,16.5,2.62,1.66,2165.9,4.1,0.582,32.0,PlastiCreteAI_M1_Final_2000,experimental,mix_02627
0.415,none,0.0,PVC,10.04,0.82,63.9,6.5,10.19,2.02,0.9,2275.3,3.11,1.119,26.1,PlastiCreteAI_M1_Final_2000,experimental,mix_02628
0.364,none,0.0,PVC,26.1,1.74,52.1,6.8,5.46,1.28,0.46,2222.4,3.28,0.736,31.0,PlastiCreteAI_M1_Final_2000,experimental,mix_02629
0.555,silica_fume,11.8,LDPE,24.39,3.37,26.5,89.8,15.53,2.83,1.69,2185.8,3.74,0.979,33.8,PlastiCreteAI_M1_Final_2000,experimental,mix_02630
0.429,none,0.0,LDPE,38.55,1.99,43.9,7.0,5.09,1.25,0.44,2076.2,4.48,0.721,18.4,PlastiCreteAI_M1_Final_2000,experimental,mix_02631
0.496,ggbs,26.1,LDPE,4.23,5.59,18.1,27.6,27.08,3.57,2.77,2355.1,3.15,1.266,49.4,PlastiCreteAI_M1_Final_2000,experimental,mix_02632
0.532,silica_fume,10.7,LDPE,14.63,14.35,27.0,14.5,10.07,1.97,0.88,2257.3,3.47,1.188,36.6,PlastiCreteAI_M1_Final_2000,experimental,mix_02633
0.448,ggbs,21.0,LDPE,30.1,1.48,49.4,55.7,18.16,2.2,1.64,2174.9,3.46,0.882,44.4,PlastiCreteAI_M1_Final_2000,experimental,mix_02634
0.387,silica_fume,12.6,LDPE,4.37,4.29,72.8,7.0,17.47,2.76,1.77,2330.3,2.14,1.333,46.6,PlastiCreteAI_M1_Final_2000,experimental,mix_02635
0.48,fly_ash,27.4,LDPE,29.19,7.95,25.3,27.6,11.35,2.15,1.12,2138.3,4.02,0.872,30.9,PlastiCreteAI_M1_Final_2000,experimental,mix_02636
0.521,fly_ash,15.2,LDPE,13.02,8.53,28.1,28.5,18.02,3.2,1.48,2283.4,3.92,1.092,34.1,PlastiCreteAI_M1_Final_2000,experimental,mix_02637
0.381,none,0.0,LDPE,37.25,12.43,44.4,27.5,13.58,2.21,1.48,2073.3,4.06,0.812,31.9,PlastiCreteAI_M1_Final_2000,experimental,mix_02638
0.392,silica_fume,9.9,LDPE,13.91,1.52,40.6,56.2,31.11,4.04,3.14,2253.9,2.23,1.156,59.8,PlastiCreteAI_M1_Final_2000,experimental,mix_02639
0.493,silica_fume,8.6,LDPE,37.67,7.26,74.6,7.3,5.2,1.55,0.5,2107.7,3.95,0.787,22.2,PlastiCreteAI_M1_Final_2000,experimental,mix_02640
0.549,none,0.0,LDPE,3.96,12.8,49.7,28.0,22.66,3.62,1.71,2322.1,4.37,1.253,40.2,PlastiCreteAI_M1_Final_2000,experimental,mix_02641
0.581,fly_ash,25.7,LDPE,1.88,2.42,60.7,7.4,13.77,2.19,1.39,2294.0,4.38,1.203,29.5,PlastiCreteAI_M1_Final_2000,experimental,mix_02642
0.532,none,0.0,LDPE,35.18,13.74,47.3,14.1,6.97,1.65,0.64,2124.7,5.15,0.819,15.9,PlastiCreteAI_M1_Final_2000,experimental,mix_02643
0.432,fly_ash,27.1,LDPE,29.38,4.18,23.4,28.5,12.49,2.19,1.1,2133.0,3.58,0.871,33.2,PlastiCreteAI_M1_Final_2000,experimental,mix_02644
0.407,ggbs,18.9,LDPE,36.99,2.44,27.3,28.4,12.15,2.28,1.07,2157.8,3.67,0.827,29.5,PlastiCreteAI_M1_Final_2000,experimental,mix_02645
0.466,fly_ash,22.9,LDPE,11.49,2.11,18.1,13.8,15.79,2.63,1.57,2268.3,3.18,1.148,42.4,PlastiCreteAI_M1_Final_2000,experimental,mix_02646
0.419,fly_ash,29.2,LDPE,24.53,1.81,43.7,6.9,5.28,1.51,0.48,2160.6,3.45,0.878,26.4,PlastiCreteAI_M1_Final_2000,experimental,mix_02647
0.569,fly_ash,24.0,LDPE,28.04,4.64,23.7,28.0,9.78,1.78,0.98,2169.0,4.72,0.877,24.8,PlastiCreteAI_M1_Final_2000,experimental,mix_02648
0.605,silica_fume,10.4,LDPE,0.71,1.48,22.6,28.0,28.4,3.73,2.69,2380.6,3.88,1.4,48.8,PlastiCreteAI_M1_Final_2000,experimental,mix_02649
0.412,fly_ash,15.0,LDPE,28.55,7.2,56.8,55.8,17.95,2.9,1.61,2162.0,3.69,0.804,41.9,PlastiCreteAI_M1_Final_2000,experimental,mix_02650
0.496,silica_fume,19.4,LDPE,9.93,6.24,21.8,28.1,24.53,3.23,2.66,2304.1,2.86,1.174,50.6,PlastiCreteAI_M1_Final_2000,experimental,mix_02651
0.535,fly_ash,10.6,LDPE,38.99,1.93,26.2,14.0,6.46,1.34,0.6,2054.6,4.69,0.663,23.8,PlastiCreteAI_M1_Final_2000,experimental,mix_02652
0.464,none,0.0,LDPE,12.67,1.49,37.5,6.7,8.1,1.76,0.76,2257.4,3.69,1.12,27.1,PlastiCreteAI_M1_Final_2000,experimental,mix_02653
0.426,silica_fume,7.5,LDPE,32.72,3.68,48.9,27.8,12.26,2.32,1.12,2143.9,3.03,0.845,39.2,PlastiCreteAI_M1_Final_2000,experimental,mix_02654
0.467,none,0.0,LDPE,17.27,3.66,48.1,14.2,8.18,1.8,0.84,2210.7,4.06,1.089,28.5,PlastiCreteAI_M1_Final_2000,experimental,mix_02655
0.463,none,0.0,LDPE,27.7,2.95,19.7,28.5,10.29,2.01,0.88,2143.0,4.6,0.865,22.4,PlastiCreteAI_M1_Final_2000,experimental,mix_02656
0.46,none,0.0,LDPE,31.85,1.62,28.6,90.0,15.42,2.27,1.16,2097.7,4.41,0.838,26.4,PlastiCreteAI_M1_Final_2000,experimental,mix_02657
0.562,ggbs,12.3,LDPE,39.89,14.9,43.3,28.1,9.27,1.96,0.99,2047.5,4.57,0.729,27.2,PlastiCreteAI_M1_Final_2000,experimental,mix_02658
0.489,silica_fume,7.6,LDPE,23.67,8.35,62.8,27.8,12.64,2.48,1.38,2209.8,3.32,0.996,38.2,PlastiCreteAI_M1_Final_2000,experimental,mix_02659
0.506,fly_ash,23.3,LDPE,20.87,3.27,27.9,89.6,17.93,2.72,1.37,2200.7,4.28,0.956,34.1,PlastiCreteAI_M1_Final_2000,experimental,mix_02660
0.456,none,0.0,LDPE,33.84,8.42,21.1,3.0,5.0,1.34,0.42,2145.5,4.56,0.83,21.7,PlastiCreteAI_M1_Final_2000,experimental,mix_02661
0.466,fly_ash,29.7,LDPE,13.39,13.62,20.2,6.9,8.46,1.68,0.69,2266.7,3.64,1.078,30.7,PlastiCreteAI_M1_Final_2000,experimental,mix_02662
0.42,fly_ash,10.1,LDPE,10.43,5.77,53.3,6.7,10.96,2.24,0.93,2308.7,3.2,1.11,30.7,PlastiCreteAI_M1_Final_2000,experimental,mix_02663
0.5,fly_ash,26.5,LDPE,34.66,2.39,67.3,6.7,5.0,1.41,0.54,2091.2,4.15,0.746,26.6,PlastiCreteAI_M1_Final_2000,experimental,mix_02664
0.536,ggbs,27.2,LDPE,0.22,1.29,21.2,7.0,12.37,2.3,1.15,2337.4,3.64,1.37,36.9,PlastiCreteAI_M1_Final_2000,experimental,mix_02665
0.525,ggbs,21.9,LDPE,18.46,7.59,19.9,28.3,9.41,2.2,0.91,2231.2,3.49,1.093,29.1,PlastiCreteAI_M1_Final_2000,experimental,mix_02666
0.538,fly_ash,28.3,LDPE,33.94,1.13,24.4,28.2,11.01,1.68,1.15,2105.3,4.76,0.83,22.1,PlastiCreteAI_M1_Final_2000,experimental,mix_02667
0.5,silica_fume,9.5,LDPE,9.26,2.45,46.0,27.5,26.36,3.59,2.39,2281.6,3.18,1.274,44.9,PlastiCreteAI_M1_Final_2000,experimental,mix_02668
0.452,none,0.0,LDPE,34.78,1.83,23.6,55.7,14.79,2.63,1.25,2112.0,4.39,0.843,26.5,PlastiCreteAI_M1_Final_2000,experimental,mix_02669
0.35,none,0.0,LDPE,32.29,1.06,37.7,6.6,5.66,1.37,0.46,2106.5,3.21,0.827,31.3,PlastiCreteAI_M1_Final_2000,experimental,mix_02670
0.51,silica_fume,15.8,LDPE,33.04,5.93,75.9,7.3,5.24,1.43,0.48,2101.2,3.9,0.845,23.1,PlastiCreteAI_M1_Final_2000,experimental,mix_02671
0.417,none,0.0,LDPE,35.53,1.75,23.9,56.2,14.96,2.62,1.49,2084.0,3.96,0.686,32.8,PlastiCreteAI_M1_Final_2000,experimental,mix_02672
0.414,fly_ash,19.2,LDPE,10.03,1.73,42.1,7.3,12.43,2.25,1.25,2251.7,2.84,1.117,40.7,PlastiCreteAI_M1_Final_2000,experimental,mix_02673
0.449,silica_fume,9.0,LDPE,20.95,6.31,29.6,3.0,5.62,1.29,0.54,2198.0,3.11,1.106,32.1,PlastiCreteAI_M1_Final_2000,experimental,mix_02674
0.391,fly_ash,19.1,LDPE,2.02,7.99,41.7,13.9,29.01,3.7,2.59,2370.0,2.59,1.259,52.7,PlastiCreteAI_M1_Final_2000,experimental,mix_02675
0.563,fly_ash,18.2,LDPE,6.23,3.99,63.0,6.6,10.22,2.1,0.96,2316.3,4.17,1.276,29.4,PlastiCreteAI_M1_Final_2000,experimental,mix_02676
0.542,fly_ash,22.5,LDPE,36.88,1.18,56.5,27.6,10.99,2.01,0.98,2085.5,5.2,0.74,23.6,PlastiCreteAI_M1_Final_2000,experimental,mix_02677
0.493,silica_fume,17.8,LDPE,21.45,1.44,28.1,55.9,14.97,2.62,1.37,2189.7,3.47,1.029,35.0,PlastiCreteAI_M1_Final_2000,experimental,mix_02678
0.575,silica_fume,7.4,LDPE,31.04,7.21,45.1,56.5,12.88,2.19,1.42,2138.9,4.26,0.846,28.1,PlastiCreteAI_M1_Final_2000,experimental,mix_02679
0.487,silica_fume,16.7,LDPE,6.41,4.81,46.8,28.0,27.74,3.51,2.62,2299.5,2.86,1.276,53.8,PlastiCreteAI_M1_Final_2000,experimental,mix_02680
0.391,none,0.0,LDPE,19.97,1.61,40.5,28.2,11.21,2.08,1.19,2261.4,3.35,0.993,32.6,PlastiCreteAI_M1_Final_2000,experimental,mix_02681
0.431,ggbs,22.7,LDPE,11.05,2.13,21.1,55.6,30.87,4.27,2.89,2275.0,2.93,1.149,56.5,PlastiCreteAI_M1_Final_2000,experimental,mix_02682
0.44,fly_ash,14.5,LDPE,27.86,1.32,39.3,13.7,7.9,1.78,0.63,2172.1,3.96,0.918,31.3,PlastiCreteAI_M1_Final_2000,experimental,mix_02683
0.551,none,0.0,LDPE,12.67,3.89,49.8,55.7,24.15,3.29,2.39,2223.7,4.58,1.136,35.0,PlastiCreteAI_M1_Final_2000,experimental,mix_02684
0.539,ggbs,10.5,LDPE,26.66,4.78,22.8,14.1,7.26,1.49,0.79,2157.1,4.32,0.978,25.3,PlastiCreteAI_M1_Final_2000,experimental,mix_02685
0.361,ggbs,25.8,LDPE,18.78,3.53,27.8,3.5,5.41,1.44,0.41,2265.4,2.42,1.077,32.6,PlastiCreteAI_M1_Final_2000,experimental,mix_02686
0.508,none,0.0,LDPE,7.6,2.0,44.7,6.9,9.78,2.1,0.93,2277.7,3.99,1.177,26.6,PlastiCreteAI_M1_Final_2000,experimental,mix_02687
0.438,ggbs,29.7,LDPE,8.87,14.73,40.7,3.0,6.0,1.75,0.62,2304.9,2.29,1.198,33.0,PlastiCreteAI_M1_Final_2000,experimental,mix_02688
0.405,fly_ash,24.0,LDPE,7.57,1.27,22.3,28.1,28.99,3.8,2.29,2271.5,2.54,1.222,50.2,PlastiCreteAI_M1_Final_2000,experimental,mix_02689
0.501,fly_ash,27.8,LDPE,38.49,5.84,28.0,28.1,9.91,2.21,0.83,2059.6,4.59,0.707,28.6,PlastiCreteAI_M1_Final_2000,experimental,mix_02690
0.412,fly_ash,21.3,LDPE,25.84,6.23,29.3,13.7,8.55,1.81,0.65,2138.3,3.31,0.886,32.9,PlastiCreteAI_M1_Final_2000,experimental,mix_02691
0.375,ggbs,14.3,LDPE,16.37,5.23,27.4,3.0,5.0,1.36,0.4,2255.5,2.61,1.082,28.8,PlastiCreteAI_M1_Final_2000,experimental,mix_02692
0.483,silica_fume,15.1,LDPE,19.25,3.53,18.6,7.4,5.15,1.33,0.52,2210.8,3.22,1.016,33.5,PlastiCreteAI_M1_Final_2000,experimental,mix_02693
0.479,fly_ash,13.0,LDPE,26.18,12.64,43.3,89.7,17.76,2.68,1.61,2144.8,4.07,0.888,29.2,PlastiCreteAI_M1_Final_2000,experimental,mix_02694
0.471,silica_fume,17.1,LDPE,33.46,5.23,66.9,7.1,5.0,1.43,0.52,2106.5,3.65,0.918,31.3,PlastiCreteAI_M1_Final_2000,experimental,mix_02695
0.565,none,0.0,LDPE,12.32,2.69,31.7,55.7,23.28,3.31,2.49,2258.2,4.95,1.177,37.0,PlastiCreteAI_M1_Final_2000,experimental,mix_02696
0.37,silica_fume,7.1,LDPE,17.8,5.77,22.6,7.1,5.48,1.43,0.5,2253.2,2.06,1.116,40.2,PlastiCreteAI_M1_Final_2000,experimental,mix_02697
0.491,ggbs,24.4,LDPE,9.69,1.01,22.4,3.2,5.96,1.14,0.47,2276.8,3.14,1.156,30.0,PlastiCreteAI_M1_Final_2000,experimental,mix_02698
0.513,fly_ash,13.9,LDPE,6.07,1.3,26.3,7.0,11.82,2.15,1.08,2317.5,3.72,1.187,35.0,PlastiCreteAI_M1_Final_2000,experimental,mix_02699
0.512,none,0.0,LDPE,16.37,8.71,44.8,6.7,5.5,1.31,0.54,2250.6,4.53,1.09,14.7,PlastiCreteAI_M1_Final_2000,experimental,mix_02700
0.435,fly_ash,20.8,LDPE,30.55,6.17,22.6,55.5,15.11,2.69,1.47,2136.0,3.41,0.93,32.5,PlastiCreteAI_M1_Final_2000,experimental,mix_02701
0.375,fly_ash,13.0,LDPE,28.11,3.2,70.3,14.5,10.52,1.92,1.02,2203.8,3.28,0.896,29.3,PlastiCreteAI_M1_Final_2000,experimental,mix_02702
0.424,fly_ash,11.5,LDPE,13.16,1.1,18.4,55.5,26.24,3.7,2.33,2281.3,2.87,1.083,47.4,PlastiCreteAI_M1_Final_2000,experimental,mix_02703
0.385,silica_fume,12.9,LDPE,22.96,1.49,30.1,27.8,12.35,2.17,1.17,2209.5,2.65,1.052,40.7,PlastiCreteAI_M1_Final_2000,experimental,mix_02704
0.48,fly_ash,23.7,LDPE,8.55,4.06,21.2,89.5,42.02,4.92,4.28,2251.8,3.69,1.177,62.2,PlastiCreteAI_M1_Final_2000,experimental,mix_02705
0.377,silica_fume,10.8,LDPE,15.21,2.64,24.7,7.1,8.8,2.06,0.95,2250.1,2.47,1.168,36.0,PlastiCreteAI_M1_Final_2000,experimental,mix_02706
0.44,fly_ash,19.9,LDPE,24.74,9.52,38.3,27.5,12.94,2.18,1.12,2143.2,3.57,0.841,33.1,PlastiCreteAI_M1_Final_2000,experimental,mix_02707
0.581,none,0.0,LDPE,26.81,1.28,21.3,27.5,8.52,1.87,0.85,2157.0,5.2,0.914,15.6,PlastiCreteAI_M1_Final_2000,experimental,mix_02708
0.582,silica_fume,13.7,LDPE,16.84,1.9,24.1,13.9,8.28,1.78,0.63,2202.1,3.75,1.09,25.8,PlastiCreteAI_M1_Final_2000,experimental,mix_02709
0.35,fly_ash,14.6,LDPE,24.7,3.58,21.1,27.9,13.41,2.43,1.05,2178.1,2.35,0.938,37.7,PlastiCreteAI_M1_Final_2000,experimental,mix_02710
0.501,fly_ash,23.2,LDPE,17.23,8.22,59.2,27.7,11.8,2.33,1.2,2233.7,3.92,1.053,31.4,PlastiCreteAI_M1_Final_2000,experimental,mix_02711
0.439,none,0.0,LDPE,26.79,1.51,47.0,14.1,7.01,1.84,0.69,2144.4,4.02,0.92,21.1,PlastiCreteAI_M1_Final_2000,experimental,mix_02712
0.416,fly_ash,15.2,LDPE,20.95,4.03,29.2,13.6,8.08,1.66,0.69,2182.1,3.44,0.93,33.8,PlastiCreteAI_M1_Final_2000,experimental,mix_02713
0.488,fly_ash,13.2,LDPE,30.06,3.98,39.1,14.4,7.92,1.67,0.84,2094.4,4.24,0.773,33.6,PlastiCreteAI_M1_Final_2000,experimental,mix_02714
0.505,fly_ash,27.7,LDPE,4.46,2.53,29.6,3.3,7.44,1.55,0.63,2356.2,3.55,1.299,36.2,PlastiCreteAI_M1_Final_2000,experimental,mix_02715
0.41,none,0.0,LDPE,24.31,10.37,30.0,56.2,15.59,2.74,1.67,2176.0,3.14,0.95,30.6,PlastiCreteAI_M1_Final_2000,experimental,mix_02716
0.615,fly_ash,16.3,LDPE,33.4,1.09,23.8,28.3,8.64,1.81,0.89,2097.5,5.8,0.819,20.4,PlastiCreteAI_M1_Final_2000,experimental,mix_02717
0.446,none,0.0,LDPE,37.94,1.42,40.5,6.5,5.26,1.21,0.43,2094.4,4.5,0.706,23.1,PlastiCreteAI_M1_Final_2000,experimental,mix_02718
0.482,fly_ash,23.1,LDPE,26.34,9.49,39.2,6.6,5.22,1.3,0.47,2188.0,4.03,0.964,28.3,PlastiCreteAI_M1_Final_2000,experimental,mix_02719
0.545,fly_ash,25.4,LDPE,24.31,12.38,22.4,28.0,10.54,2.02,1.09,2220.4,4.63,0.894,26.2,PlastiCreteAI_M1_Final_2000,experimental,mix_02720
0.38,none,0.0,LDPE,10.32,12.19,18.3,28.0,25.49,3.28,2.35,2289.4,2.04,1.268,47.6,PlastiCreteAI_M1_Final_2000,experimental,mix_02721
0.532,none,0.0,LDPE,32.29,12.57,24.1,3.0,5.19,1.2,0.41,2109.9,4.75,0.86,19.5,PlastiCreteAI_M1_Final_2000,experimental,mix_02722
0.454,ggbs,15.5,LDPE,11.6,12.89,77.6,27.7,25.19,3.49,2.21,2289.3,3.18,1.18,46.5,PlastiCreteAI_M1_Final_2000,experimental,mix_02723
0.536,ggbs,15.6,LDPE,39.23,14.19,63.3,28.4,10.99,2.17,1.01,2074.2,4.94,0.764,28.9,PlastiCreteAI_M1_Final_2000,experimental,mix_02724
0.516,ggbs,19.8,LDPE,18.23,3.59,20.8,14.3,6.89,1.59,0.55,2211.8,3.81,1.045,32.2,PlastiCreteAI_M1_Final_2000,experimental,mix_02725
0.357,none,0.0,LDPE,16.35,1.59,75.9,7.2,7.53,1.56,0.8,2229.3,2.67,1.083,25.7,PlastiCreteAI_M1_Final_2000,experimental,mix_02726
0.401,fly_ash,11.7,LDPE,5.67,12.94,27.0,27.6,31.83,3.71,3.26,2339.4,2.41,1.164,52.6,PlastiCreteAI_M1_Final_2000,experimental,mix_02727
0.496,none,0.0,LDPE,3.29,6.45,64.2,14.4,21.29,3.05,2.25,2336.4,3.8,1.316,33.7,PlastiCreteAI_M1_Final_2000,experimental,mix_02728
0.35,silica_fume,7.8,LDPE,37.52,12.17,49.6,14.0,10.92,2.09,0.89,2084.6,2.69,0.768,38.0,PlastiCreteAI_M1_Final_2000,experimental,mix_02729
0.562,none,0.0,LDPE,33.08,1.35,18.9,27.8,8.0,1.82,0.69,2137.1,5.15,0.816,25.6,PlastiCreteAI_M1_Final_2000,experimental,mix_02730
0.398,fly_ash,12.5,LDPE,34.64,12.74,52.9,55.8,18.1,3.01,1.62,2156.6,3.92,0.738,37.5,PlastiCreteAI_M1_Final_2000,experimental,mix_02731
0.553,silica_fume,8.2,LDPE,5.46,1.65,23.1,28.5,26.22,2.85,2.46,2273.4,3.34,1.291,49.0,PlastiCreteAI_M1_Final_2000,experimental,mix_02732
0.444,silica_fume,5.3,LDPE,34.83,1.89,25.4,28.0,11.38,1.91,1.11,2073.3,3.61,0.783,34.3,PlastiCreteAI_M1_Final_2000,experimental,mix_02733
0.455,silica_fume,17.7,LDPE,15.67,1.53,26.5,7.0,7.51,1.54,0.57,2233.3,3.12,1.198,32.5,PlastiCreteAI_M1_Final_2000,experimental,mix_02734
0.558,silica_fume,5.2,LDPE,17.3,1.36,25.0,6.6,5.59,1.45,0.48,2209.2,3.67,1.093,31.3,PlastiCreteAI_M1_Final_2000,experimental,mix_02735
0.523,ggbs,21.4,LDPE,25.79,4.35,51.5,3.2,5.34,1.27,0.45,2138.5,3.91,0.967,29.8,PlastiCreteAI_M1_Final_2000,experimental,mix_02736
0.591,silica_fume,16.1,LDPE,32.32,2.51,42.6,6.8,5.47,1.34,0.6,2100.6,4.84,0.943,28.4,PlastiCreteAI_M1_Final_2000,experimental,mix_02737
0.553,ggbs,26.0,LDPE,19.17,9.27,22.4,55.9,15.27,2.12,1.41,2207.1,4.03,1.18,33.6,PlastiCreteAI_M1_Final_2000,experimental,mix_02738
0.428,ggbs,25.2,LDPE,22.8,2.7,53.6,28.4,12.86,2.4,1.01,2221.8,2.96,1.001,37.6,PlastiCreteAI_M1_Final_2000,experimental,mix_02739
0.495,ggbs,14.7,LDPE,0.23,4.44,29.4,28.1,29.98,3.4,2.81,2386.6,2.72,1.367,59.0,PlastiCreteAI_M1_Final_2000,experimental,mix_02740
0.457,fly_ash,13.0,LDPE,15.46,1.7,22.6,14.1,10.67,1.93,1.12,2263.7,3.45,1.076,29.8,PlastiCreteAI_M1_Final_2000,experimental,mix_02741
0.508,ggbs,16.0,LDPE,2.85,7.04,74.7,28.5,31.41,3.58,3.2,2315.5,3.45,1.319,49.2,PlastiCreteAI_M1_Final_2000,experimental,mix_02742
0.42,none,0.0,LDPE,22.58,2.03,49.1,14.1,8.03,1.59,0.63,2225.0,3.31,0.998,25.1,PlastiCreteAI_M1_Final_2000,experimental,mix_02743
0.398,ggbs,26.0,LDPE,1.63,2.52,24.3,27.9,35.73,4.39,2.82,2344.2,2.32,1.281,57.8,PlastiCreteAI_M1_Final_2000,experimental,mix_02744
0.539,silica_fume,16.9,LDPE,34.67,14.58,23.0,27.9,10.82,1.78,0.82,2102.3,4.54,0.793,30.2,PlastiCreteAI_M1_Final_2000,experimental,mix_02745
0.438,ggbs,12.7,LDPE,39.38,1.48,50.2,27.9,12.2,2.03,1.0,2076.7,4.1,0.678,29.0,PlastiCreteAI_M1_Final_2000,experimental,mix_02746
0.414,ggbs,29.7,LDPE,36.61,2.5,46.8,27.7,13.06,2.33,1.18,2114.5,3.64,0.773,31.7,PlastiCreteAI_M1_Final_2000,experimental,mix_02747
0.364,ggbs,17.1,LDPE,15.21,9.1,33.3,55.9,28.33,3.5,2.18,2245.3,2.04,1.114,51.9,PlastiCreteAI_M1_Final_2000,experimental,mix_02748
0.536,fly_ash,20.0,LDPE,28.18,3.15,24.3,89.7,14.41,2.68,1.51,2132.3,4.6,0.852,31.5,PlastiCreteAI_M1_Final_2000,experimental,mix_02749
0.585,ggbs,11.6,LDPE,36.18,1.69,41.8,13.8,5.64,1.48,0.5,2068.6,5.03,0.785,18.8,PlastiCreteAI_M1_Final_2000,experimental,mix_02750
0.558,fly_ash,27.6,LDPE,28.6,4.84,18.2,56.4,12.52,2.17,1.22,2151.0,4.57,0.837,28.3,PlastiCreteAI_M1_Final_2000,experimental,mix_02751
0.447,fly_ash,19.3,LDPE,25.87,1.21,26.2,90.0,19.56,2.68,1.53,2155.3,3.83,0.825,39.4,PlastiCreteAI_M1_Final_2000,experimental,mix_02752
0.452,fly_ash,21.0,LDPE,23.29,1.82,24.9,28.3,10.07,2.15,0.96,2160.2,3.45,0.89,28.4,PlastiCreteAI_M1_Final_2000,experimental,mix_02753
0.482,silica_fume,10.4,LDPE,17.61,1.98,41.2,28.1,13.05,2.48,1.41,2221.4,3.19,1.144,30.7,PlastiCreteAI_M1_Final_2000,experimental,mix_02754
0.504,none,0.0,LDPE,32.73,1.13,37.9,7.1,5.4,1.28,0.46,2114.8,5.01,0.871,26.3,PlastiCreteAI_M1_Final_2000,experimental,mix_02755
0.459,ggbs,23.4,LDPE,32.78,9.17,26.5,28.5,10.93,2.09,1.1,2118.9,3.69,0.856,30.8,PlastiCreteAI_M1_Final_2000,experimental,mix_02756
0.466,ggbs,25.1,LDPE,27.22,2.54,18.3,27.9,10.89,2.25,0.89,2119.6,3.31,0.888,36.8,PlastiCreteAI_M1_Final_2000,experimental,mix_02757
0.35,silica_fume,6.1,LDPE,28.55,1.01,27.3,55.6,16.39,2.99,1.33,2205.2,2.39,0.947,54.9,PlastiCreteAI_M1_Final_2000,experimental,mix_02758
0.491,none,0.0,LDPE,8.66,3.83,54.2,14.4,16.45,2.77,1.79,2264.7,3.91,1.195,32.1,PlastiCreteAI_M1_Final_2000,experimental,mix_02759
0.385,ggbs,27.5,LDPE,31.03,1.05,51.7,28.1,14.96,2.37,1.35,2154.8,2.92,0.9,39.9,PlastiCreteAI_M1_Final_2000,experimental,mix_02760
0.452,silica_fume,10.8,LDPE,36.48,13.76,26.4,6.7,5.0,1.42,0.54,2065.5,3.4,0.804,31.1,PlastiCreteAI_M1_Final_2000,experimental,mix_02761
0.545,silica_fume,15.2,LDPE,39.87,3.04,25.9,28.5,9.89,2.17,0.75,2061.0,4.29,0.724,25.4,PlastiCreteAI_M1_Final_2000,experimental,mix_02762
0.491,ggbs,17.5,LDPE,10.7,3.42,40.0,27.9,21.21,3.09,2.03,2292.8,2.97,1.158,41.4,PlastiCreteAI_M1_Final_2000,experimental,mix_02763
0.65,silica_fume,18.5,LDPE,36.97,5.47,19.6,14.4,6.57,1.47,0.62,2084.7,5.04,0.715,22.2,PlastiCreteAI_M1_Final_2000,experimental,mix_02764
0.485,ggbs,17.5,LDPE,25.56,8.16,25.7,55.7,14.87,2.59,1.57,2218.6,3.61,0.933,41.3,PlastiCreteAI_M1_Final_2000,experimental,mix_02765
0.577,fly_ash,18.9,LDPE,16.65,3.7,78.4,3.0,5.0,1.39,0.39,2217.6,4.94,1.099,25.1,PlastiCreteAI_M1_Final_2000,experimental,mix_02766
0.378,fly_ash,15.9,LDPE,0.72,1.29,21.0,28.3,32.58,4.75,3.53,2379.8,2.1,1.205,56.8,PlastiCreteAI_M1_Final_2000,experimental,mix_02767
0.35,silica_fume,16.4,LDPE,19.82,5.34,51.3,28.3,16.07,2.75,1.29,2215.2,2.29,1.103,39.9,PlastiCreteAI_M1_Final_2000,experimental,mix_02768
0.516,silica_fume,18.2,LDPE,37.99,7.3,33.7,13.9,7.53,1.73,0.66,2072.1,3.84,0.752,29.5,PlastiCreteAI_M1_Final_2000,experimental,mix_02769
0.385,silica_fume,14.0,LDPE,19.69,1.18,30.4,7.1,5.44,1.48,0.59,2249.6,2.76,1.066,37.4,PlastiCreteAI_M1_Final_2000,experimental,mix_02770
0.561,silica_fume,10.2,LDPE,27.85,3.15,22.7,56.3,13.99,2.28,1.05,2158.8,4.22,0.961,30.5,PlastiCreteAI_M1_Final_2000,experimental,mix_02771
0.35,none,0.0,LDPE,17.56,3.6,29.1,56.3,17.35,3.24,1.35,2229.3,2.8,1.092,37.5,PlastiCreteAI_M1_Final_2000,experimental,mix_02772
0.472,ggbs,21.1,LDPE,29.65,5.72,21.6,90.0,18.64,2.62,2.01,2174.3,3.28,0.882,39.1,PlastiCreteAI_M1_Final_2000,experimental,mix_02773
0.491,none,0.0,LDPE,32.53,8.11,47.7,14.2,6.54,1.48,0.57,2117.8,5.02,0.815,20.5,PlastiCreteAI_M1_Final_2000,experimental,mix_02774
0.542,ggbs,16.2,LDPE,10.72,1.14,48.8,14.4,16.35,2.56,1.79,2260.6,4.1,1.141,35.8,PlastiCreteAI_M1_Final_2000,experimental,mix_02775
0.516,ggbs,14.9,LDPE,23.73,1.02,48.1,6.5,5.0,1.28,0.42,2187.3,4.53,0.97,25.9,PlastiCreteAI_M1_Final_2000,experimental,mix_02776
0.544,silica_fume,18.8,LDPE,19.88,5.36,45.9,6.6,5.0,1.32,0.43,2170.7,3.47,1.063,26.8,PlastiCreteAI_M1_Final_2000,experimental,mix_02777
0.433,fly_ash,19.2,LDPE,34.28,5.25,19.4,27.5,11.27,2.07,1.15,2101.0,4.16,0.781,33.0,PlastiCreteAI_M1_Final_2000,experimental,mix_02778
0.473,ggbs,27.1,LDPE,10.77,11.82,22.9,27.8,23.81,3.26,2.35,2239.4,3.05,1.15,47.1,PlastiCreteAI_M1_Final_2000,experimental,mix_02779
0.476,silica_fume,10.6,LDPE,11.04,5.64,18.4,90.0,39.6,3.42,3.19,2247.2,3.09,1.3,60.2,PlastiCreteAI_M1_Final_2000,experimental,mix_02780
0.445,fly_ash,13.3,LDPE,9.62,14.28,18.2,28.3,24.85,3.4,2.19,2296.0,3.34,1.126,43.1,PlastiCreteAI_M1_Final_2000,experimental,mix_02781
0.49,silica_fume,15.4,LDPE,22.51,1.18,19.1,28.3,11.45,1.99,1.13,2190.3,3.64,0.997,36.2,PlastiCreteAI_M1_Final_2000,experimental,mix_02782
0.421,none,0.0,LDPE,15.89,9.52,21.3,28.3,14.2,2.49,1.38,2276.3,3.48,1.082,34.4,PlastiCreteAI_M1_Final_2000,experimental,mix_02783
0.562,fly_ash,12.7,LDPE,37.82,6.27,25.8,7.1,5.41,1.24,0.44,2068.2,4.94,0.722,22.0,PlastiCreteAI_M1_Final_2000,experimental,mix_02784
0.432,fly_ash,13.5,LDPE,37.45,1.98,27.2,14.2,8.36,1.7,0.72,2072.6,4.09,0.753,25.9,PlastiCreteAI_M1_Final_2000,experimental,mix_02785
0.448,none,0.0,LDPE,25.22,1.97,32.0,28.1,10.6,1.85,1.05,2174.9,4.06,0.969,29.3,PlastiCreteAI_M1_Final_2000,experimental,mix_02786
0.559,ggbs,10.9,LDPE,13.96,3.02,23.5,28.3,14.97,2.49,1.63,2214.7,3.92,1.099,32.1,PlastiCreteAI_M1_Final_2000,experimental,mix_02787
0.426,fly_ash,17.3,LDPE,12.59,13.67,28.7,6.7,9.47,2.12,0.95,2273.2,3.26,1.097,37.1,PlastiCreteAI_M1_Final_2000,experimental,mix_02788
0.522,none,0.0,LDPE,39.08,2.19,22.2,14.0,5.98,1.5,0.61,2104.9,5.64,0.734,12.4,PlastiCreteAI_M1_Final_2000,experimental,mix_02789
0.482,ggbs,18.4,LDPE,25.1,2.81,20.4,3.0,5.17,1.35,0.49,2182.9,3.32,0.923,26.3,PlastiCreteAI_M1_Final_2000,experimental,mix_02790
0.466,silica_fume,7.1,LDPE,25.75,9.49,56.9,14.3,7.97,1.81,0.84,2168.8,3.14,0.987,32.2,PlastiCreteAI_M1_Final_2000,experimental,mix_02791
0.497,none,0.0,LDPE,3.95,6.07,22.5,28.5,24.4,3.61,2.64,2328.2,3.22,1.252,39.6,PlastiCreteAI_M1_Final_2000,experimental,mix_02792
0.458,fly_ash,20.9,LDPE,28.69,1.31,28.0,56.4,15.37,2.27,1.51,2123.0,3.87,0.828,34.9,PlastiCreteAI_M1_Final_2000,experimental,mix_02793
0.511,silica_fume,10.6,LDPE,20.27,2.34,26.9,7.2,5.26,1.26,0.42,2226.4,3.66,1.023,27.9,PlastiCreteAI_M1_Final_2000,experimental,mix_02794
0.622,none,0.0,LDPE,0.35,2.35,55.3,13.6,17.94,2.7,1.88,2351.1,4.92,1.453,23.9,PlastiCreteAI_M1_Final_2000,experimental,mix_02795
0.461,ggbs,12.4,LDPE,27.95,1.97,29.5,28.4,10.01,2.17,0.8,2143.7,3.71,0.828,34.1,PlastiCreteAI_M1_Final_2000,experimental,mix_02796
0.535,none,0.0,LDPE,14.35,1.77,20.6,28.2,14.64,2.58,1.24,2251.9,3.98,1.225,37.5,PlastiCreteAI_M1_Final_2000,experimental,mix_02797
0.446,fly_ash,29.4,LDPE,1.35,6.15,36.5,27.6,30.79,4.03,2.95,2348.6,2.84,1.284,50.7,PlastiCreteAI_M1_Final_2000,experimental,mix_02798
0.581,silica_fume,9.1,LDPE,39.51,1.04,46.4,7.1,5.23,1.24,0.55,2045.4,4.69,0.76,26.5,PlastiCreteAI_M1_Final_2000,experimental,mix_02799
0.424,silica_fume,15.3,LDPE,17.94,3.22,29.7,28.1,13.22,2.05,0.99,2195.6,3.23,1.074,39.6,PlastiCreteAI_M1_Final_2000,experimental,mix_02800
0.35,silica_fume,9.1,LDPE,32.47,2.17,26.7,7.4,6.56,1.32,0.68,2146.3,2.88,0.829,36.9,PlastiCreteAI_M1_Final_2000,experimental,mix_02801
0.479,silica_fume,8.3,LDPE,19.09,1.65,18.6,6.9,5.0,1.34,0.55,2208.6,3.17,1.043,30.4,PlastiCreteAI_M1_Final_2000,experimental,mix_02802
0.446,ggbs,24.2,LDPE,10.19,6.0,20.9,14.1,15.88,2.81,1.46,2244.9,2.96,1.141,38.8,PlastiCreteAI_M1_Final_2000,experimental,mix_02803
0.507,fly_ash,24.3,LDPE,30.62,1.21,20.4,55.9,15.27,2.77,1.17,2152.3,4.85,0.797,30.0,PlastiCreteAI_M1_Final_2000,experimental,mix_02804
0.491,silica_fume,8.3,LDPE,8.45,14.15,68.8,7.0,11.58,2.11,1.1,2257.4,3.13,1.293,35.6,PlastiCreteAI_M1_Final_2000,experimental,mix_02805
0.43,none,0.0,LDPE,39.91,5.28,19.1,28.1,10.87,2.17,1.05,2070.2,4.15,0.662,27.0,PlastiCreteAI_M1_Final_2000,experimental,mix_02806
0.452,none,0.0,LDPE,24.64,1.1,28.1,7.3,5.0,1.3,0.5,2186.9,4.4,0.881,17.5,PlastiCreteAI_M1_Final_2000,experimental,mix_02807
0.535,fly_ash,24.8,LDPE,3.35,1.18,27.7,28.3,26.72,3.99,2.3,2343.2,3.59,1.23,45.6,PlastiCreteAI_M1_Final_2000,experimental,mix_02808
0.43,fly_ash,28.6,LDPE,37.94,2.91,28.6,28.0,12.69,2.27,1.07,2147.5,4.05,0.679,29.3,PlastiCreteAI_M1_Final_2000,experimental,mix_02809
0.393,ggbs,24.7,LDPE,12.41,1.66,79.6,28.0,25.39,3.53,2.32,2302.6,2.69,1.124,45.9,PlastiCreteAI_M1_Final_2000,experimental,mix_02810
0.447,silica_fume,11.4,LDPE,9.71,4.06,42.3,6.7,12.55,2.07,1.36,2265.2,2.44,1.222,43.7,PlastiCreteAI_M1_Final_2000,experimental,mix_02811
0.473,ggbs,12.5,LDPE,30.35,12.58,27.7,28.1,10.21,2.15,0.82,2133.4,3.61,0.92,29.4,PlastiCreteAI_M1_Final_2000,experimental,mix_02812
0.416,fly_ash,20.9,LDPE,30.04,4.57,49.7,6.7,5.33,1.47,0.49,2129.9,3.66,0.824,29.9,PlastiCreteAI_M1_Final_2000,experimental,mix_02813
0.492,none,0.0,LDPE,23.91,1.32,28.2,7.4,5.33,1.44,0.45,2182.3,4.05,1.028,22.3,PlastiCreteAI_M1_Final_2000,experimental,mix_02814
0.649,silica_fume,9.0,LDPE,27.05,1.32,26.2,27.9,8.91,1.72,0.95,2180.2,4.84,0.931,29.6,PlastiCreteAI_M1_Final_2000,experimental,mix_02815
0.469,none,0.0,LDPE,37.98,1.89,23.6,28.0,10.47,2.14,1.04,2085.1,5.17,0.692,25.1,PlastiCreteAI_M1_Final_2000,experimental,mix_02816
0.507,silica_fume,10.5,LDPE,3.82,1.22,27.5,3.2,6.6,1.68,0.59,2281.5,3.25,1.336,32.2,PlastiCreteAI_M1_Final_2000,experimental,mix_02817
0.525,silica_fume,14.9,LDPE,22.33,8.82,36.5,28.0,10.72,2.12,0.84,2187.3,3.47,1.044,30.8,PlastiCreteAI_M1_Final_2000,experimental,mix_02818
0.398,none,0.0,LDPE,4.39,7.62,56.2,27.6,32.57,4.23,3.08,2306.1,2.58,1.308,54.5,PlastiCreteAI_M1_Final_2000,experimental,mix_02819
0.35,fly_ash,23.3,LDPE,10.88,7.03,24.0,27.9,28.86,3.18,2.25,2295.4,2.34,1.1,50.7,PlastiCreteAI_M1_Final_2000,experimental,mix_02820
0.588,silica_fume,15.6,LDPE,21.29,1.63,27.0,6.5,5.26,1.26,0.49,2155.1,4.69,1.009,23.1,PlastiCreteAI_M1_Final_2000,experimental,mix_02821
0.548,none,0.0,LDPE,37.6,1.93,23.4,89.7,15.61,2.51,1.26,2030.5,5.43,0.738,24.9,PlastiCreteAI_M1_Final_2000,experimental,mix_02822
0.4,none,0.0,LDPE,20.44,2.97,33.1,27.8,11.63,2.23,1.12,2215.4,3.31,0.937,30.6,PlastiCreteAI_M1_Final_2000,experimental,mix_02823
0.454,silica_fume,19.9,LDPE,27.9,12.96,20.8,7.3,5.37,1.41,0.48,2145.3,3.68,0.865,25.2,PlastiCreteAI_M1_Final_2000,experimental,mix_02824
0.549,ggbs,22.9,LDPE,35.86,6.69,24.8,6.6,5.0,1.22,0.53,2075.5,4.45,0.777,22.8,PlastiCreteAI_M1_Final_2000,experimental,mix_02825
0.359,ggbs,29.7,LDPE,2.41,10.07,64.7,6.7,17.19,2.76,1.68,2345.9,1.8,1.303,47.9,PlastiCreteAI_M1_Final_2000,experimental,mix_02826
0.495,ggbs,12.8,LDPE,13.18,14.85,25.9,14.1,10.32,2.17,0.86,2277.6,3.29,1.22,31.2,PlastiCreteAI_M1_Final_2000,experimental,mix_02827
0.528,ggbs,24.4,LDPE,11.88,4.89,22.9,27.5,20.75,3.29,1.83,2238.9,3.78,1.153,37.8,PlastiCreteAI_M1_Final_2000,experimental,mix_02828
0.497,ggbs,13.7,LDPE,10.3,2.16,29.3,6.5,10.19,1.95,0.84,2279.9,3.44,1.212,37.9,PlastiCreteAI_M1_Final_2000,experimental,mix_02829
0.625,fly_ash,18.0,LDPE,34.81,2.35,29.9,28.1,9.52,1.73,0.98,2101.2,5.37,0.815,20.7,PlastiCreteAI_M1_Final_2000,experimental,mix_02830
0.615,silica_fume,18.9,LDPE,9.77,4.62,26.5,56.2,27.74,3.64,2.3,2262.7,4.15,1.238,43.4,PlastiCreteAI_M1_Final_2000,experimental,mix_02831
0.529,silica_fume,14.8,LDPE,12.35,3.88,27.8,55.6,26.85,3.76,2.94,2254.2,3.18,1.173,48.1,PlastiCreteAI_M1_Final_2000,experimental,mix_02832
0.525,ggbs,14.1,LDPE,25.25,6.1,20.5,56.2,12.78,2.22,0.97,2151.0,4.0,0.991,24.2,PlastiCreteAI_M1_Final_2000,experimental,mix_02833
0.441,none,0.0,LDPE,16.11,13.17,31.8,90.0,22.04,3.39,1.88,2233.2,3.65,1.083,41.5,PlastiCreteAI_M1_Final_2000,experimental,mix_02834
0.432,none,0.0,LDPE,5.81,3.36,30.3,14.0,17.74,3.26,1.69,2300.9,3.0,1.281,38.8,PlastiCreteAI_M1_Final_2000,experimental,mix_02835
0.428,ggbs,11.6,LDPE,8.27,13.19,20.4,28.0,25.46,3.31,2.13,2349.1,3.04,1.181,48.3,PlastiCreteAI_M1_Final_2000,experimental,mix_02836
0.545,fly_ash,11.1,LDPE,26.56,3.1,71.9,89.8,16.87,2.79,1.59,2132.0,4.59,0.888,33.5,PlastiCreteAI_M1_Final_2000,experimental,mix_02837
0.519,none,0.0,LDPE,3.78,13.68,28.7,28.1,26.33,3.91,2.66,2342.6,4.25,1.34,34.5,PlastiCreteAI_M1_Final_2000,experimental,mix_02838
0.436,ggbs,19.6,LDPE,22.42,1.62,25.9,27.7,10.15,2.29,1.09,2178.0,2.49,0.974,34.8,PlastiCreteAI_M1_Final_2000,experimental,mix_02839
0.367,none,0.0,LDPE,15.97,6.84,25.9,28.0,15.14,2.42,1.25,2262.7,3.19,1.099,40.8,PlastiCreteAI_M1_Final_2000,experimental,mix_02840
0.369,silica_fume,12.8,LDPE,10.81,2.84,25.9,7.2,13.42,2.27,1.17,2249.1,2.02,1.216,45.1,PlastiCreteAI_M1_Final_2000,experimental,mix_02841
0.526,none,0.0,LDPE,22.38,1.06,19.8,27.8,8.94,1.98,0.94,2191.6,4.84,0.952,22.3,PlastiCreteAI_M1_Final_2000,experimental,mix_02842
0.498,none,0.0,LDPE,32.41,2.71,69.4,27.9,9.9,2.06,1.0,2092.8,4.6,0.862,22.8,PlastiCreteAI_M1_Final_2000,experimental,mix_02843
0.558,silica_fume,7.2,LDPE,38.3,4.85,29.3,56.0,13.69,2.26,1.49,2075.8,4.46,0.771,26.2,PlastiCreteAI_M1_Final_2000,experimental,mix_02844
0.353,fly_ash,16.7,LDPE,27.51,4.85,24.8,7.3,5.36,1.52,0.48,2211.0,2.94,0.944,29.4,PlastiCreteAI_M1_Final_2000,experimental,mix_02845
0.419,none,0.0,LDPE,34.62,9.9,33.6,3.3,5.0,1.51,0.38,2124.9,3.85,0.814,25.7,PlastiCreteAI_M1_Final_2000,experimental,mix_02846
0.449,ggbs,13.7,LDPE,32.6,5.28,32.8,27.6,11.4,2.19,1.09,2112.3,3.95,0.794,32.0,PlastiCreteAI_M1_Final_2000,experimental,mix_02847
0.436,silica_fume,12.5,LDPE,15.59,4.52,65.2,7.3,8.01,1.74,0.77,2252.5,2.57,1.043,39.6,PlastiCreteAI_M1_Final_2000,experimental,mix_02848
0.435,ggbs,21.3,LDPE,6.09,1.05,27.4,13.6,20.94,2.85,1.92,2280.7,2.37,1.298,49.1,PlastiCreteAI_M1_Final_2000,experimental,mix_02849
0.507,ggbs,24.4,LDPE,37.37,4.02,24.9,27.6,10.49,1.8,0.93,2080.4,4.37,0.728,30.7,PlastiCreteAI_M1_Final_2000,experimental,mix_02850
0.424,silica_fume,18.6,LDPE,11.37,13.6,22.2,28.4,27.94,3.47,2.47,2322.1,2.51,1.172,51.6,PlastiCreteAI_M1_Final_2000,experimental,mix_02851
0.519,none,0.0,LDPE,16.83,5.43,29.6,27.5,10.51,1.87,1.13,2187.8,4.57,1.056,22.0,PlastiCreteAI_M1_Final_2000,experimental,mix_02852
0.424,none,0.0,LDPE,12.77,4.27,18.3,7.1,8.53,1.77,0.79,2245.8,3.52,1.142,31.4,PlastiCreteAI_M1_Final_2000,experimental,mix_02853
0.439,none,0.0,LDPE,16.18,7.69,59.1,27.5,14.23,2.77,1.34,2238.4,3.74,1.092,32.0,PlastiCreteAI_M1_Final_2000,experimental,mix_02854
0.394,none,0.0,LDPE,36.54,9.99,47.4,27.9,11.07,2.21,1.02,2087.3,3.79,0.778,31.8,PlastiCreteAI_M1_Final_2000,experimental,mix_02855
0.413,none,0.0,LDPE,8.92,2.54,29.9,28.5,27.41,3.77,2.27,2318.3,3.11,1.208,43.8,PlastiCreteAI_M1_Final_2000,experimental,mix_02856
0.504,none,0.0,LDPE,9.58,9.08,50.3,27.7,22.77,3.25,2.29,2250.6,3.75,1.17,37.9,PlastiCreteAI_M1_Final_2000,experimental,mix_02857
0.471,silica_fume,8.9,LDPE,28.16,5.54,26.4,7.3,5.27,1.22,0.51,2156.9,3.27,0.86,35.9,PlastiCreteAI_M1_Final_2000,experimental,mix_02858
0.547,fly_ash,11.4,LDPE,38.55,5.77,29.9,6.5,5.0,1.26,0.49,2040.9,5.11,0.745,18.6,PlastiCreteAI_M1_Final_2000,experimental,mix_02859
0.439,ggbs,10.0,LDPE,20.76,1.87,44.1,89.7,19.29,2.68,2.11,2244.4,3.11,0.964,42.2,PlastiCreteAI_M1_Final_2000,experimental,mix_02860
0.424,silica_fume,13.9,LDPE,19.23,12.95,24.7,56.1,17.03,2.83,1.3,2212.9,2.57,1.062,39.3,PlastiCreteAI_M1_Final_2000,experimental,mix_02861
0.429,fly_ash,16.6,LDPE,35.2,5.19,42.8,90.0,18.06,3.27,1.44,2089.9,3.59,0.782,39.6,PlastiCreteAI_M1_Final_2000,experimental,mix_02862
0.41,silica_fume,15.8,LDPE,12.4,2.04,19.8,28.4,26.74,3.14,2.1,2253.6,2.54,1.19,53.3,PlastiCreteAI_M1_Final_2000,experimental,mix_02863
0.552,ggbs,10.0,LDPE,30.95,2.7,24.0,6.9,5.15,1.27,0.44,2129.1,4.6,0.833,22.3,PlastiCreteAI_M1_Final_2000,experimental,mix_02864
0.598,silica_fume,8.8,LDPE,7.68,7.82,25.5,7.1,9.25,1.99,0.74,2316.8,3.87,1.214,34.8,PlastiCreteAI_M1_Final_2000,experimental,mix_02865
0.51,none,0.0,LDPE,27.38,2.16,43.3,28.0,10.4,1.95,0.81,2154.2,4.56,0.907,25.8,PlastiCreteAI_M1_Final_2000,experimental,mix_02866
0.497,none,0.0,LDPE,7.52,5.58,19.6,7.0,9.11,2.35,0.75,2294.7,3.15,1.235,22.6,PlastiCreteAI_M1_Final_2000,experimental,mix_02867
0.564,ggbs,15.7,LDPE,33.79,11.35,24.8,3.0,5.38,1.19,0.54,2112.0,4.29,0.791,24.4,PlastiCreteAI_M1_Final_2000,experimental,mix_02868
0.49,silica_fume,6.4,LDPE,7.86,8.41,73.0,7.1,12.8,2.31,1.18,2342.8,2.88,1.258,44.2,PlastiCreteAI_M1_Final_2000,experimental,mix_02869
0.601,ggbs,23.1,LDPE,16.42,1.78,34.7,6.9,5.46,1.32,0.56,2250.3,4.15,1.103,25.3,PlastiCreteAI_M1_Final_2000,experimental,mix_02870
0.459,none,0.0,LDPE,38.84,2.24,29.8,55.6,14.79,2.51,1.29,2077.7,4.76,0.78,28.6,PlastiCreteAI_M1_Final_2000,experimental,mix_02871
0.437,fly_ash,24.2,LDPE,21.4,6.91,33.1,7.0,5.0,1.39,0.46,2185.4,3.32,0.979,27.5,PlastiCreteAI_M1_Final_2000,experimental,mix_02872
0.57,silica_fume,11.0,LDPE,11.21,2.7,18.7,55.6,29.75,3.88,2.71,2280.7,3.68,1.238,50.1,PlastiCreteAI_M1_Final_2000,experimental,mix_02873
0.491,fly_ash,26.4,LDPE,7.88,1.7,23.0,55.9,36.64,4.36,2.86,2310.0,3.43,1.165,49.7,PlastiCreteAI_M1_Final_2000,experimental,mix_02874
0.371,fly_ash,14.5,LDPE,36.93,1.24,29.1,89.7,21.45,3.5,1.74,2089.9,3.5,0.746,39.1,PlastiCreteAI_M1_Final_2000,experimental,mix_02875
0.376,ggbs,10.2,LDPE,1.21,13.02,35.8,28.2,38.78,3.99,4.13,2386.9,1.52,1.394,67.5,PlastiCreteAI_M1_Final_2000,experimental,mix_02876
0.585,silica_fume,8.6,LDPE,17.22,3.17,46.4,7.4,5.0,1.3,0.49,2239.4,4.0,1.09,24.6,PlastiCreteAI_M1_Final_2000,experimental,mix_02877
0.413,none,0.0,LDPE,32.96,5.04,22.9,27.8,9.65,1.91,0.98,2164.9,3.95,0.786,27.4,PlastiCreteAI_M1_Final_2000,experimental,mix_02878
0.471,fly_ash,13.3,LDPE,14.51,2.07,18.8,28.0,15.71,2.46,1.3,2276.9,3.65,1.076,41.9,PlastiCreteAI_M1_Final_2000,experimental,mix_02879
0.515,none,0.0,LDPE,19.63,12.98,18.4,28.2,8.65,2.0,0.95,2219.7,4.17,1.033,18.7,PlastiCreteAI_M1_Final_2000,experimental,mix_02880
0.35,silica_fume,13.8,LDPE,30.76,8.89,39.0,27.8,14.76,2.48,1.19,2116.6,2.05,0.89,43.7,PlastiCreteAI_M1_Final_2000,experimental,mix_02881
0.434,none,0.0,LDPE,29.03,8.12,23.4,28.4,11.99,2.03,1.19,2157.4,3.83,0.934,26.6,PlastiCreteAI_M1_Final_2000,experimental,mix_02882
0.444,ggbs,12.8,LDPE,13.59,4.89,28.6,28.2,19.82,2.92,2.0,2274.1,2.78,1.084,45.1,PlastiCreteAI_M1_Final_2000,experimental,mix_02883
0.579,fly_ash,12.2,LDPE,4.91,3.78,21.8,7.0,9.97,1.96,0.78,2264.1,4.11,1.279,30.6,PlastiCreteAI_M1_Final_2000,experimental,mix_02884
0.556,ggbs,12.2,LDPE,11.49,7.32,19.6,28.1,17.76,2.81,1.9,2288.0,3.92,1.183,40.3,PlastiCreteAI_M1_Final_2000,experimental,mix_02885
0.577,fly_ash,28.5,LDPE,14.84,1.01,32.4,90.0,22.81,3.64,1.78,2263.5,4.39,1.123,36.5,PlastiCreteAI_M1_Final_2000,experimental,mix_02886
0.594,ggbs,25.5,LDPE,22.91,2.25,52.2,14.2,6.78,1.7,0.54,2155.1,4.59,0.997,23.1,PlastiCreteAI_M1_Final_2000,experimental,mix_02887
0.472,none,0.0,LDPE,9.07,10.62,24.6,27.7,22.96,3.14,2.28,2266.5,3.39,1.249,41.7,PlastiCreteAI_M1_Final_2000,experimental,mix_02888
0.437,silica_fume,18.6,LDPE,22.28,11.62,63.5,27.5,13.45,2.14,1.42,2184.3,2.72,1.014,34.3,PlastiCreteAI_M1_Final_2000,experimental,mix_02889
0.5,silica_fume,14.0,LDPE,15.03,4.51,69.9,27.5,17.5,3.12,1.58,2242.6,3.67,1.115,44.4,PlastiCreteAI_M1_Final_2000,experimental,mix_02890
0.399,ggbs,21.2,LDPE,12.3,14.24,20.8,28.1,23.43,3.54,2.31,2242.6,2.41,1.178,48.7,PlastiCreteAI_M1_Final_2000,experimental,mix_02891
0.516,silica_fume,8.6,LDPE,3.38,1.1,33.5,13.6,20.3,2.81,1.76,2305.5,2.72,1.346,41.5,PlastiCreteAI_M1_Final_2000,experimental,mix_02892
0.452,silica_fume,5.8,LDPE,34.81,14.72,33.5,55.8,14.67,2.56,1.6,2083.0,3.81,0.787,36.5,PlastiCreteAI_M1_Final_2000,experimental,mix_02893
0.532,none,0.0,LDPE,16.88,1.02,67.4,13.5,7.93,1.71,0.82,2190.3,4.88,1.096,24.1,PlastiCreteAI_M1_Final_2000,experimental,mix_02894
0.525,fly_ash,15.5,LDPE,35.49,1.48,19.8,7.3,5.24,1.4,0.44,2124.1,4.9,0.775,23.7,PlastiCreteAI_M1_Final_2000,experimental,mix_02895
0.416,silica_fume,11.7,LDPE,6.72,2.64,30.7,27.9,32.34,3.52,3.48,2313.7,2.08,1.352,60.5,PlastiCreteAI_M1_Final_2000,experimental,mix_02896
0.531,silica_fume,13.7,LDPE,3.17,4.82,19.3,55.9,37.81,4.31,4.08,2323.5,3.22,1.356,53.5,PlastiCreteAI_M1_Final_2000,experimental,mix_02897
0.35,silica_fume,13.7,LDPE,27.74,6.67,20.3,27.8,13.77,2.22,1.23,2209.8,2.42,0.952,45.4,PlastiCreteAI_M1_Final_2000,experimental,mix_02898
0.409,fly_ash,23.6,LDPE,7.23,1.56,29.0,28.2,32.16,3.73,3.1,2313.1,2.39,1.152,51.6,PlastiCreteAI_M1_Final_2000,experimental,mix_02899
0.477,none,0.0,LDPE,21.17,1.97,30.4,7.2,5.0,1.31,0.54,2248.7,4.34,0.933,26.1,PlastiCreteAI_M1_Final_2000,experimental,mix_02900
0.496,none,0.0,LDPE,34.44,1.19,73.4,27.6,11.52,2.07,0.99,2091.0,4.89,0.821,25.7,PlastiCreteAI_M1_Final_2000,experimental,mix_02901
0.415,fly_ash,16.2,LDPE,6.57,12.88,20.3,56.5,41.79,4.46,3.62,2295.1,2.51,1.201,59.4,PlastiCreteAI_M1_Final_2000,experimental,mix_02902
0.486,ggbs,12.8,LDPE,2.05,1.95,23.6,90.0,49.52,5.24,5.15,2310.2,2.55,1.242,64.4,PlastiCreteAI_M1_Final_2000,experimental,mix_02903
0.5,silica_fume,18.7,LDPE,35.9,1.14,65.5,27.7,12.77,2.27,1.24,2102.8,3.52,0.736,41.3,PlastiCreteAI_M1_Final_2000,experimental,mix_02904
0.461,none,0.0,LDPE,5.68,4.11,18.0,3.2,6.64,1.45,0.67,2313.7,3.56,1.198,27.8,PlastiCreteAI_M1_Final_2000,experimental,mix_02905
0.485,fly_ash,18.0,LDPE,2.92,2.54,27.9,3.0,6.25,1.57,0.5,2352.7,3.16,1.244,32.5,PlastiCreteAI_M1_Final_2000,experimental,mix_02906
0.48,silica_fume,16.3,LDPE,31.17,6.4,42.7,28.3,14.15,1.97,1.11,2172.3,3.4,0.919,36.8,PlastiCreteAI_M1_Final_2000,experimental,mix_02907
0.496,ggbs,28.7,LDPE,6.21,1.42,40.8,56.2,37.7,4.86,3.03,2304.8,3.32,1.214,55.8,PlastiCreteAI_M1_Final_2000,experimental,mix_02908
0.523,fly_ash,24.4,LDPE,15.41,7.51,21.0,7.2,5.94,1.54,0.51,2265.5,4.17,1.066,27.9,PlastiCreteAI_M1_Final_2000,experimental,mix_02909
0.514,ggbs,16.7,LDPE,39.3,4.79,19.0,27.8,9.72,1.72,0.82,2063.6,4.76,0.772,20.5,PlastiCreteAI_M1_Final_2000,experimental,mix_02910
0.464,ggbs,14.0,LDPE,20.81,1.88,22.5,3.0,5.22,1.28,0.49,2223.4,3.54,0.988,30.5,PlastiCreteAI_M1_Final_2000,experimental,mix_02911
0.532,ggbs,29.3,LDPE,6.15,1.95,24.4,6.9,11.51,2.08,1.23,2317.9,3.25,1.283,38.8,PlastiCreteAI_M1_Final_2000,experimental,mix_02912
0.449,silica_fume,13.3,LDPE,22.4,4.08,44.0,28.2,12.41,2.42,1.12,2221.3,3.2,0.996,41.1,PlastiCreteAI_M1_Final_2000,experimental,mix_02913
0.406,ggbs,17.5,LDPE,33.62,11.7,37.8,27.8,11.51,2.43,0.95,2124.2,3.43,0.729,35.9,PlastiCreteAI_M1_Final_2000,experimental,mix_02914
0.567,none,0.0,LDPE,16.82,2.38,30.4,28.2,9.04,2.07,0.97,2213.2,4.94,1.049,23.1,PlastiCreteAI_M1_Final_2000,experimental,mix_02915
0.394,none,0.0,LDPE,17.56,5.68,23.8,3.0,5.71,1.37,0.62,2234.8,3.22,1.058,27.3,PlastiCreteAI_M1_Final_2000,experimental,mix_02916
0.52,fly_ash,18.9,LDPE,8.18,11.88,20.5,7.4,10.83,2.31,0.82,2277.2,3.55,1.206,36.5,PlastiCreteAI_M1_Final_2000,experimental,mix_02917
0.475,ggbs,29.0,LDPE,26.66,12.93,28.3,3.0,5.0,1.16,0.54,2151.0,3.98,0.895,25.7,PlastiCreteAI_M1_Final_2000,experimental,mix_02918
0.506,none,0.0,LDPE,37.78,1.56,35.4,56.0,13.82,2.38,1.1,2092.0,5.26,0.744,24.5,PlastiCreteAI_M1_Final_2000,experimental,mix_02919
0.504,none,0.0,LDPE,0.99,14.75,19.0,56.2,33.31,4.19,2.71,2293.7,3.66,1.312,42.5,PlastiCreteAI_M1_Final_2000,experimental,mix_02920
0.398,fly_ash,16.5,LDPE,2.87,2.19,43.1,7.1,15.66,2.4,1.46,2346.8,2.51,1.185,45.5,PlastiCreteAI_M1_Final_2000,experimental,mix_02921
0.514,ggbs,14.2,LDPE,15.27,4.2,24.8,14.0,10.47,1.89,1.14,2273.9,3.61,1.153,34.8,PlastiCreteAI_M1_Final_2000,experimental,mix_02922
0.483,fly_ash,20.2,LDPE,11.01,4.0,28.4,27.5,22.95,2.91,2.0,2278.8,3.33,1.045,45.5,PlastiCreteAI_M1_Final_2000,experimental,mix_02923
0.473,fly_ash,24.9,LDPE,1.04,1.15,26.7,90.0,51.83,5.69,4.3,2326.8,2.95,1.338,65.3,PlastiCreteAI_M1_Final_2000,experimental,mix_02924
0.415,silica_fume,16.0,LDPE,26.14,7.13,21.5,27.6,13.45,2.33,1.23,2198.2,2.87,0.962,37.7,PlastiCreteAI_M1_Final_2000,experimental,mix_02925
0.514,ggbs,27.9,LDPE,37.76,2.62,18.7,28.3,10.1,2.1,0.86,2063.0,4.79,0.696,27.5,PlastiCreteAI_M1_Final_2000,experimental,mix_02926
0.479,none,0.0,LDPE,16.39,1.03,18.1,27.5,10.89,2.22,0.88,2203.1,3.94,1.065,31.5,PlastiCreteAI_M1_Final_2000,experimental,mix_02927
0.443,ggbs,20.9,LDPE,10.94,7.42,24.9,13.7,17.78,2.85,1.76,2309.6,2.79,1.138,41.3,PlastiCreteAI_M1_Final_2000,experimental,mix_02928
0.4,none,0.0,LDPE,23.61,1.19,18.7,7.0,5.25,1.42,0.48,2193.8,3.72,0.867,27.7,PlastiCreteAI_M1_Final_2000,experimental,mix_02929
0.476,none,0.0,LDPE,10.33,1.3,20.5,28.0,21.65,3.07,2.22,2284.7,3.32,1.185,38.1,PlastiCreteAI_M1_Final_2000,experimental,mix_02930
0.507,fly_ash,12.0,LDPE,34.05,3.73,23.8,28.0,9.65,1.88,0.81,2114.2,4.83,0.778,24.3,PlastiCreteAI_M1_Final_2000,experimental,mix_02931
0.444,none,0.0,LDPE,20.12,12.28,33.7,28.3,11.11,2.11,1.0,2247.8,3.74,1.091,29.6,PlastiCreteAI_M1_Final_2000,experimental,mix_02932
0.382,ggbs,23.3,LDPE,0.91,9.45,53.9,7.1,16.66,2.75,1.36,2383.4,2.21,1.268,44.5,PlastiCreteAI_M1_Final_2000,experimental,mix_02933
0.432,silica_fume,11.0,LDPE,38.92,12.95,25.4,28.3,12.75,2.28,1.27,2033.4,3.25,0.813,37.8,PlastiCreteAI_M1_Final_2000,experimental,mix_02934
0.547,silica_fume,5.8,LDPE,6.4,10.36,21.0,13.7,15.86,2.81,1.48,2304.7,3.11,1.29,41.6,PlastiCreteAI_M1_Final_2000,experimental,mix_02935
0.39,ggbs,21.7,LDPE,4.91,2.19,35.2,13.9,25.05,3.46,2.04,2341.3,1.93,1.245,50.1,PlastiCreteAI_M1_Final_2000,experimental,mix_02936
0.353,silica_fume,11.3,LDPE,0.02,9.48,29.1,28.0,41.99,4.1,3.79,2343.4,1.41,1.32,66.7,PlastiCreteAI_M1_Final_2000,experimental,mix_02937
0.476,fly_ash,20.4,LDPE,7.74,12.04,28.1,89.9,40.87,5.43,3.09,2274.8,3.36,1.073,57.6,PlastiCreteAI_M1_Final_2000,experimental,mix_02938
0.469,silica_fume,17.9,LDPE,24.97,2.66,21.1,13.5,8.09,1.69,0.63,2207.3,3.38,0.914,29.5,PlastiCreteAI_M1_Final_2000,experimental,mix_02939
0.415,none,0.0,LDPE,37.39,4.96,20.9,7.3,5.0,1.21,0.46,2129.8,4.37,0.85,17.7,PlastiCreteAI_M1_Final_2000,experimental,mix_02940
0.521,ggbs,17.7,LDPE,22.88,3.64,46.3,14.0,7.47,1.61,0.61,2169.1,3.89,0.956,28.4,PlastiCreteAI_M1_Final_2000,experimental,mix_02941
0.589,ggbs,18.3,LDPE,27.94,11.57,26.6,56.0,12.52,2.5,1.05,2119.2,4.31,0.858,31.8,PlastiCreteAI_M1_Final_2000,experimental,mix_02942
0.35,fly_ash,29.9,LDPE,19.12,2.42,57.5,56.2,22.12,2.76,2.06,2182.5,3.01,1.035,46.1,PlastiCreteAI_M1_Final_2000,experimental,mix_02943
0.423,none,0.0,LDPE,33.81,3.65,29.5,7.1,5.65,1.29,0.49,2115.8,4.31,0.792,24.8,PlastiCreteAI_M1_Final_2000,experimental,mix_02944
0.398,none,0.0,LDPE,16.82,4.06,38.7,27.9,12.87,2.06,1.2,2228.6,2.89,1.129,33.8,PlastiCreteAI_M1_Final_2000,experimental,mix_02945
0.413,fly_ash,21.0,LDPE,27.84,1.98,20.5,14.3,8.06,1.94,0.61,2196.4,3.66,0.821,24.1,PlastiCreteAI_M1_Final_2000,experimental,mix_02946
0.483,none,0.0,LDPE,30.76,3.85,26.3,28.0,10.1,1.69,0.89,2102.7,4.78,0.912,27.0,PlastiCreteAI_M1_Final_2000,experimental,mix_02947
0.566,silica_fume,14.1,LDPE,13.1,1.03,29.4,13.7,11.63,2.11,1.14,2247.6,3.65,1.221,36.9,PlastiCreteAI_M1_Final_2000,experimental,mix_02948
0.426,ggbs,10.5,LDPE,18.56,7.14,28.9,6.9,5.01,1.22,0.43,2235.0,2.75,1.048,32.8,PlastiCreteAI_M1_Final_2000,experimental,mix_02949
0.524,ggbs,26.8,LDPE,23.82,2.11,25.8,28.1,10.05,2.32,1.07,2197.2,3.67,0.983,36.3,PlastiCreteAI_M1_Final_2000,experimental,mix_02950
0.636,ggbs,23.7,LDPE,2.48,1.16,19.4,55.6,31.21,4.18,2.87,2314.5,3.88,1.252,46.2,PlastiCreteAI_M1_Final_2000,experimental,mix_02951
0.525,fly_ash,10.1,LDPE,14.76,1.85,31.4,6.7,6.53,1.62,0.68,2258.8,4.12,1.127,27.2,PlastiCreteAI_M1_Final_2000,experimental,mix_02952
0.534,fly_ash,12.6,LDPE,7.1,3.16,28.7,6.8,11.49,2.13,1.19,2291.2,3.92,1.163,34.0,PlastiCreteAI_M1_Final_2000,experimental,mix_02953
0.505,silica_fume,7.4,LDPE,0.3,7.75,20.6,13.7,20.88,2.9,1.78,2314.2,2.82,1.441,46.2,PlastiCreteAI_M1_Final_2000,experimental,mix_02954
0.571,silica_fume,14.4,LDPE,16.79,2.73,55.2,90.0,21.46,2.76,2.34,2198.7,3.47,1.151,43.7,PlastiCreteAI_M1_Final_2000,experimental,mix_02955
0.421,fly_ash,13.4,LDPE,20.69,2.99,28.3,55.7,16.48,2.7,1.24,2244.6,2.91,1.004,35.7,PlastiCreteAI_M1_Final_2000,experimental,mix_02956
0.517,ggbs,10.1,LDPE,24.89,2.8,46.5,6.9,5.31,1.41,0.55,2177.8,4.06,0.989,28.1,PlastiCreteAI_M1_Final_2000,experimental,mix_02957
0.599,ggbs,16.2,LDPE,37.96,5.96,36.0,55.9,12.41,2.45,1.24,2084.1,5.22,0.732,27.4,PlastiCreteAI_M1_Final_2000,experimental,mix_02958
0.543,fly_ash,22.6,LDPE,9.73,2.71,25.2,56.1,29.74,3.88,3.06,2287.0,3.41,1.188,51.6,PlastiCreteAI_M1_Final_2000,experimental,mix_02959
0.408,silica_fume,8.8,LDPE,28.94,4.48,21.6,6.8,5.14,1.19,0.5,2129.1,2.97,0.848,34.5,PlastiCreteAI_M1_Final_2000,experimental,mix_02960
0.486,none,0.0,LDPE,31.46,13.69,29.6,28.3,10.18,2.03,1.1,2123.1,4.33,0.866,23.2,PlastiCreteAI_M1_Final_2000,experimental,mix_02961
0.625,none,0.0,LDPE,12.58,7.67,56.6,7.1,6.79,1.64,0.58,2212.9,5.02,1.234,22.3,PlastiCreteAI_M1_Final_2000,experimental,mix_02962
0.471,none,0.0,LDPE,32.17,8.34,18.5,6.7,5.4,1.19,0.53,2138.2,4.42,0.774,19.3,PlastiCreteAI_M1_Final_2000,experimental,mix_02963
0.508,none,0.0,LDPE,36.95,4.61,42.3,90.0,14.92,2.63,1.32,2034.9,5.11,0.758,27.2,PlastiCreteAI_M1_Final_2000,experimental,mix_02964
0.426,none,0.0,LDPE,5.95,2.43,74.0,28.3,31.41,3.93,3.08,2293.9,3.25,1.307,49.5,PlastiCreteAI_M1_Final_2000,experimental,mix_02965
0.426,fly_ash,22.3,LDPE,12.46,12.22,47.9,55.9,29.41,4.26,2.7,2237.1,3.22,1.087,51.5,PlastiCreteAI_M1_Final_2000,experimental,mix_02966
0.54,none,0.0,LDPE,13.58,10.56,18.9,7.5,7.4,1.42,0.73,2238.3,4.29,1.174,19.8,PlastiCreteAI_M1_Final_2000,experimental,mix_02967
0.446,fly_ash,21.2,LDPE,19.62,1.75,28.0,27.8,10.78,2.19,1.16,2206.3,3.34,0.935,34.7,PlastiCreteAI_M1_Final_2000,experimental,mix_02968
0.498,fly_ash,15.0,LDPE,23.13,1.02,20.4,27.9,11.22,2.09,0.93,2159.3,3.9,0.981,30.9,PlastiCreteAI_M1_Final_2000,experimental,mix_02969
0.553,ggbs,24.0,LDPE,9.05,4.87,21.0,7.4,10.63,1.89,0.89,2245.4,3.58,1.179,28.0,PlastiCreteAI_M1_Final_2000,experimental,mix_02970
0.456,silica_fume,13.0,LDPE,23.99,1.73,21.2,27.6,12.21,2.18,1.05,2182.2,3.17,0.973,37.3,PlastiCreteAI_M1_Final_2000,experimental,mix_02971
0.459,none,0.0,LDPE,7.35,4.98,18.9,6.5,10.98,2.13,0.87,2271.3,3.82,1.23,31.6,PlastiCreteAI_M1_Final_2000,experimental,mix_02972
0.57,ggbs,29.3,LDPE,2.13,5.41,22.3,28.0,28.87,3.57,2.77,2314.6,3.53,1.285,47.0,PlastiCreteAI_M1_Final_2000,experimental,mix_02973
0.484,none,0.0,LDPE,11.46,1.37,25.4,13.5,13.27,2.63,1.2,2291.7,3.81,1.133,33.0,PlastiCreteAI_M1_Final_2000,experimental,mix_02974
0.47,none,0.0,LDPE,6.89,14.93,49.2,6.7,11.24,2.17,1.05,2310.4,3.33,1.284,32.3,PlastiCreteAI_M1_Final_2000,experimental,mix_02975
0.386,silica_fume,16.6,LDPE,21.44,2.94,29.3,89.5,21.23,3.02,2.22,2187.7,2.27,1.034,44.1,PlastiCreteAI_M1_Final_2000,experimental,mix_02976
0.457,ggbs,18.3,LDPE,33.54,5.23,20.0,28.2,11.21,1.98,1.14,2141.8,3.69,0.796,36.3,PlastiCreteAI_M1_Final_2000,experimental,mix_02977
0.433,silica_fume,17.4,LDPE,25.55,2.34,30.9,28.2,13.15,2.28,1.09,2188.8,3.06,1.007,41.1,PlastiCreteAI_M1_Final_2000,experimental,mix_02978
0.596,none,0.0,LDPE,30.14,4.7,47.9,90.0,15.49,2.22,1.5,2116.8,5.58,0.843,20.3,PlastiCreteAI_M1_Final_2000,experimental,mix_02979
0.588,fly_ash,10.1,LDPE,14.06,4.39,29.7,55.6,20.42,3.07,2.13,2211.0,4.68,1.153,35.8,PlastiCreteAI_M1_Final_2000,experimental,mix_02980
0.45,fly_ash,27.8,LDPE,21.05,3.2,29.3,6.9,5.0,1.42,0.38,2249.8,4.04,0.933,27.6,PlastiCreteAI_M1_Final_2000,experimental,mix_02981
0.385,silica_fume,18.0,LDPE,5.29,6.1,55.2,89.8,60.76,5.64,5.64,2345.6,1.96,1.216,69.4,PlastiCreteAI_M1_Final_2000,experimental,mix_02982
0.546,none,0.0,LDPE,25.84,1.33,40.5,55.8,13.41,2.2,1.19,2151.8,4.9,0.866,20.8,PlastiCreteAI_M1_Final_2000,experimental,mix_02983
0.521,none,0.0,LDPE,15.87,9.14,28.7,6.8,5.22,1.36,0.48,2245.7,4.37,1.133,22.2,PlastiCreteAI_M1_Final_2000,experimental,mix_02984
0.458,fly_ash,29.4,LDPE,16.46,1.59,80.0,28.3,15.51,2.64,1.37,2229.3,3.32,1.001,28.9,PlastiCreteAI_M1_Final_2000,experimental,mix_02985
0.422,none,0.0,LDPE,36.12,4.48,22.1,28.5,10.88,1.87,0.99,2070.6,4.22,0.746,24.1,PlastiCreteAI_M1_Final_2000,experimental,mix_02986
0.52,silica_fume,10.8,LDPE,26.46,14.64,18.5,14.5,7.28,1.7,0.6,2164.2,3.97,1.036,27.4,PlastiCreteAI_M1_Final_2000,experimental,mix_02987
0.6,none,0.0,LDPE,5.91,1.18,35.6,28.1,23.79,3.54,1.81,2288.8,4.61,1.295,35.5,PlastiCreteAI_M1_Final_2000,experimental,mix_02988
0.451,ggbs,17.9,LDPE,23.86,2.16,21.1,55.7,15.27,2.56,1.5,2182.8,3.54,0.939,36.9,PlastiCreteAI_M1_Final_2000,experimental,mix_02989
0.539,ggbs,23.8,LDPE,21.04,1.83,27.5,90.0,16.25,2.74,1.59,2220.9,4.27,1.004,30.8,PlastiCreteAI_M1_Final_2000,experimental,mix_02990
0.482,silica_fume,14.3,LDPE,22.36,7.55,18.1,89.7,18.29,3.02,1.39,2216.8,3.33,1.028,39.5,PlastiCreteAI_M1_Final_2000,experimental,mix_02991
0.472,silica_fume,14.0,LDPE,38.5,4.12,21.5,27.5,10.31,2.16,0.78,2053.0,3.43,0.699,30.1,PlastiCreteAI_M1_Final_2000,experimental,mix_02992
0.35,fly_ash,22.7,LDPE,37.3,3.4,47.8,27.8,15.32,2.38,1.63,2082.2,3.33,0.682,42.4,PlastiCreteAI_M1_Final_2000,experimental,mix_02993
0.612,silica_fume,12.5,LDPE,6.6,3.05,19.1,7.0,9.9,1.73,0.87,2278.4,3.57,1.252,35.6,PlastiCreteAI_M1_Final_2000,experimental,mix_02994
0.486,silica_fume,5.5,LDPE,36.31,6.44,25.5,27.7,10.64,2.15,1.05,2092.0,3.87,0.765,33.0,PlastiCreteAI_M1_Final_2000,experimental,mix_02995
0.548,fly_ash,19.6,LDPE,36.6,2.56,29.5,28.2,9.66,2.03,0.86,2075.3,5.09,0.682,19.8,PlastiCreteAI_M1_Final_2000,experimental,mix_02996
0.516,none,0.0,LDPE,5.48,10.43,24.4,6.8,11.1,2.11,1.02,2304.8,3.65,1.277,29.9,PlastiCreteAI_M1_Final_2000,experimental,mix_02997
0.516,ggbs,26.9,LDPE,25.37,6.14,22.2,55.7,14.15,2.48,1.19,2117.1,3.87,0.964,30.3,PlastiCreteAI_M1_Final_2000,experimental,mix_02998
0.35,silica_fume,8.3,LDPE,6.99,2.86,20.5,27.9,35.79,4.78,3.07,2324.0,2.1,1.267,58.8,PlastiCreteAI_M1_Final_2000,experimental,mix_02999
0.434,none,0.0,LDPE,38.55,1.29,21.9,27.6,9.77,2.27,1.0,2089.7,4.55,0.682,25.6,PlastiCreteAI_M1_Final_2000,experimental,mix_03000
0.464,none,0.0,LDPE,15.67,5.47,71.9,90.0,24.6,3.14,2.38,2239.0,3.69,1.143,44.8,PlastiCreteAI_M1_Final_2000,experimental,mix_03001
0.556,none,0.0,LDPE,24.62,8.82,24.3,56.4,12.62,1.95,1.13,2193.5,5.16,0.93,26.1,PlastiCreteAI_M1_Final_2000,experimental,mix_03002
0.455,none,0.0,LDPE,36.06,6.28,18.9,90.0,16.73,2.62,1.32,2073.6,4.24,0.74,37.4,PlastiCreteAI_M1_Final_2000,experimental,mix_03003
0.352,fly_ash,13.5,LDPE,22.21,8.84,42.3,7.0,6.23,1.32,0.62,2211.7,2.67,0.966,34.3,PlastiCreteAI_M1_Final_2000,experimental,mix_03004
0.603,none,0.0,LDPE,37.55,1.38,21.4,28.1,7.97,1.59,0.85,2070.0,5.84,0.707,14.2,PlastiCreteAI_M1_Final_2000,experimental,mix_03005
0.393,fly_ash,29.9,LDPE,16.12,2.32,20.4,28.0,17.41,2.57,1.75,2216.9,2.81,1.038,38.0,PlastiCreteAI_M1_Final_2000,experimental,mix_03006
0.476,fly_ash,28.7,LDPE,21.56,6.9,41.4,14.0,7.71,1.71,0.8,2212.9,3.93,0.985,31.2,PlastiCreteAI_M1_Final_2000,experimental,mix_03007
0.65,silica_fume,11.4,LDPE,8.9,1.35,66.9,28.4,22.09,3.64,1.79,2267.0,4.11,1.295,44.3,PlastiCreteAI_M1_Final_2000,experimental,mix_03008
0.35,fly_ash,10.5,LDPE,12.54,3.6,26.9,90.0,39.34,4.36,4.18,2280.0,2.21,1.053,60.3,PlastiCreteAI_M1_Final_2000,experimental,mix_03009
0.516,fly_ash,27.6,LDPE,23.58,1.05,22.6,28.1,9.37,1.82,1.0,2149.7,4.65,0.972,29.9,PlastiCreteAI_M1_Final_2000,experimental,mix_03010
0.487,none,0.0,LDPE,4.71,2.28,22.6,3.0,5.25,1.34,0.43,2318.1,3.1,1.196,20.8,PlastiCreteAI_M1_Final_2000,experimental,mix_03011
0.567,ggbs,21.5,LDPE,24.63,11.74,73.0,56.1,14.1,2.42,1.52,2177.3,4.58,0.962,33.1,PlastiCreteAI_M1_Final_2000,experimental,mix_03012
0.523,fly_ash,14.1,LDPE,39.44,9.24,18.2,14.3,6.25,1.53,0.55,2061.5,4.74,0.72,23.2,PlastiCreteAI_M1_Final_2000,experimental,mix_03013
0.434,none,0.0,LDPE,17.69,3.8,35.3,56.2,13.6,2.4,1.02,2211.3,3.66,1.104,33.4,PlastiCreteAI_M1_Final_2000,experimental,mix_03014
0.399,none,0.0,LDPE,30.45,2.9,27.4,27.6,12.01,1.98,1.26,2141.7,4.05,0.824,32.9,PlastiCreteAI_M1_Final_2000,experimental,mix_03015
0.53,silica_fume,9.1,LDPE,2.29,9.0,24.2,27.8,29.09,3.38,3.14,2325.5,3.08,1.365,50.5,PlastiCreteAI_M1_Final_2000,experimental,mix_03016
0.478,none,0.0,LDPE,37.32,1.02,40.7,28.3,10.2,2.21,1.04,2056.8,4.96,0.774,23.1,PlastiCreteAI_M1_Final_2000,experimental,mix_03017
0.396,fly_ash,20.0,LDPE,35.22,3.1,29.1,14.2,9.18,1.96,0.99,2078.1,3.53,0.77,32.2,PlastiCreteAI_M1_Final_2000,experimental,mix_03018
0.611,silica_fume,14.3,LDPE,12.14,6.12,23.8,6.8,7.1,1.84,0.54,2218.2,4.01,1.159,28.9,PlastiCreteAI_M1_Final_2000,experimental,mix_03019
0.356,silica_fume,9.6,LDPE,16.22,1.43,47.2,28.0,18.94,2.73,1.43,2200.7,1.89,1.106,48.2,PlastiCreteAI_M1_Final_2000,experimental,mix_03020
0.419,ggbs,20.1,LDPE,24.42,1.81,21.2,28.1,12.29,2.47,1.07,2142.6,3.25,0.948,36.8,PlastiCreteAI_M1_Final_2000,experimental,mix_03021
0.453,silica_fume,15.4,LDPE,15.29,3.38,18.6,7.3,6.6,1.63,0.54,2204.0,2.91,1.163,37.5,PlastiCreteAI_M1_Final_2000,experimental,mix_03022
0.475,ggbs,17.5,LDPE,9.06,6.51,39.0,13.5,16.27,2.9,1.6,2284.0,2.71,1.136,39.4,PlastiCreteAI_M1_Final_2000,experimental,mix_03023
0.399,none,0.0,LDPE,19.54,13.16,19.4,55.6,15.28,2.64,1.38,2207.4,3.27,0.989,37.4,PlastiCreteAI_M1_Final_2000,experimental,mix_03024
0.435,none,0.0,LDPE,9.51,1.55,64.1,6.9,11.94,2.01,1.1,2298.6,2.81,1.131,33.5,PlastiCreteAI_M1_Final_2000,experimental,mix_03025
0.515,none,0.0,LDPE,10.98,3.2,37.3,55.6,31.68,3.88,3.0,2299.4,3.83,1.147,37.8,PlastiCreteAI_M1_Final_2000,experimental,mix_03026
0.425,fly_ash,29.2,LDPE,12.09,5.55,40.9,55.7,34.62,3.79,3.07,2263.5,3.56,1.141,55.8,PlastiCreteAI_M1_Final_2000,experimental,mix_03027
0.465,ggbs,14.2,LDPE,8.52,1.96,38.0,56.5,34.61,3.96,3.62,2294.2,2.68,1.149,56.0,PlastiCreteAI_M1_Final_2000,experimental,mix_03028
0.468,silica_fume,19.4,LDPE,7.44,6.74,26.0,13.9,19.92,2.9,1.57,2303.3,3.44,1.257,42.6,PlastiCreteAI_M1_Final_2000,experimental,mix_03029
