Plastic type,Replacement %,Particle size (mm),w/c ratio,Additive type,Additive %,Curing temperature (°C),Curing duration (days),Compressive strength (MPa),Flexural strength (MPa),Split tensile strength (MPa),Density (kg/m³),Water absorption (%),Thermal conductivity (W/m·K),Durability index
PP,0.0,19.0,0.45,none,0.0,20.0,28.0,25.3,3.47,2.11,2367.0,3.0,1.35,43.8
PP,10.0,19.0,0.45,none,0.0,20.0,28.0,27.7,4.15,2.6,2320.0,3.5,1.17,43.5
PP,20.0,19.0,0.45,none,0.0,20.0,28.0,21.5,3.28,1.91,2230.0,4.0,0.99,36.3
PP,30.0,19.0,0.45,none,0.0,20.0,28.0,19.9,2.89,1.77,2168.0,4.5,0.81,32.8
PP,0.0,19.0,0.55,none,0.0,20.0,28.0,14.4,2.46,1.52,2310.0,4.0,1.35,30.4
PP,10.0,19.0,0.55,none,0.0,20.0,28.0,25.3,4.11,2.42,2254.0,4.5,1.17,36.8
PP,20.0,19.0,0.55,none,0.0,20.0,28.0,15.9,2.33,1.44,2178.0,5.0,0.99,27.1
PP,30.0,19.0,0.55,none,0.0,20.0,28.0,14.6,2.14,1.32,2096.0,5.5,0.81,23.8
PP,0.0,19.0,0.45,none,0.0,20.0,28.0,23.5,3.1,1.97,2075.0,3.0,1.35,42.4
PP,10.0,19.0,0.45,none,0.0,20.0,28.0,24.9,3.21,1.97,2020.0,3.5,1.17,41.3
PP,20.0,19.0,0.45,none,0.0,20.0,28.0,18.8,2.6,1.66,1980.0,4.0,0.99,34.1
PP,30.0,19.0,0.45,none,0.0,20.0,28.0,15.5,2.14,1.37,1940.0,4.5,0.81,29.3
PP,0.0,19.0,0.55,none,0.0,20.0,28.0,18.6,2.47,1.56,2030.0,4.0,1.35,33.7
PP,10.0,19.0,0.55,none,0.0,20.0,28.0,18.7,2.5,1.57,1985.0,4.5,1.17,31.6
PP,20.0,19.0,0.55,none,0.0,20.0,28.0,15.3,2.07,1.36,1935.0,5.0,0.99,26.6
PP,30.0,19.0,0.55,none,0.0,20.0,28.0,14.6,1.97,1.3,1879.0,5.5,0.81,23.8
PET,0.5,10.0,0.36,none,0.0,20.0,28.0,35.5,4.8,4.4,2378.2,2.05,1.309,58.5
PET,0.75,10.0,0.36,none,0.0,20.0,28.0,32.5,4.6,4.1,2377.9,2.02,1.304,56.2
PET,1.0,10.0,0.36,none,0.0,20.0,28.0,30.0,4.3,3.8,2377.5,2.0,1.298,54.2
PET,1.25,10.0,0.36,none,0.0,20.0,28.0,26.0,3.8,3.4,2377.1,1.98,1.292,51.0
PET,0.75,10.0,0.36,none,0.0,20.0,28.0,42.78,6.71,5.27,2377.9,2.02,1.304,64.4
PET,1.0,10.0,0.36,none,0.0,20.0,28.0,39.5,5.8,4.7,2377.5,2.0,1.298,61.8
PET,1.25,10.0,0.36,none,0.0,20.0,28.0,38.5,5.5,4.5,2377.1,1.98,1.292,61.0
PET,1.5,10.0,0.36,none,0.0,20.0,28.0,35.0,4.9,4.1,2376.8,1.95,1.287,58.2
PET,1.0,10.0,0.36,none,0.0,20.0,28.0,32.5,4.7,4.1,2377.5,2.0,1.298,56.2
PET,1.25,10.0,0.36,none,0.0,20.0,28.0,30.0,4.2,3.8,2377.1,1.98,1.292,54.2
PET,1.5,10.0,0.36,none,0.0,20.0,28.0,29.0,4.0,3.6,2376.8,1.95,1.287,53.4
PET,1.75,10.0,0.36,none,0.0,20.0,28.0,26.5,3.7,3.3,2376.4,1.93,1.282,51.5
PET,1.25,10.0,0.36,none,0.0,20.0,28.0,35.0,3.8,3.5,2377.1,1.98,1.292,58.2
PET,1.5,10.0,0.36,none,0.0,20.0,28.0,26.5,3.5,3.2,2376.8,1.95,1.287,51.4
PET,1.75,10.0,0.36,none,0.0,20.0,28.0,30.5,3.2,3.1,2376.4,1.93,1.282,54.7
PET,2.0,10.0,0.36,none,0.0,20.0,28.0,25.5,2.9,3.0,2376.0,1.9,1.276,50.7
PET,3.97,7.67,0.418,silica fume,8.5,31.4,55.8,69.59,6.12,7.04,2335.9,2.08,1.29,78.0
PET,4.92,1.3,0.446,none,0.0,57.9,89.5,77.93,6.43,6.23,2355.5,2.43,1.213,69.3
PET,4.88,8.76,0.513,none,0.0,48.1,89.7,78.42,5.72,6.68,2293.7,3.32,1.286,61.5
PET,0.16,2.28,0.608,GGBS,19.5,22.5,28.4,40.13,4.59,3.53,2325.9,3.73,1.3,52.7
PET,4.2,0.52,0.468,silica fume,5.6,19.5,7.2,20.69,3.03,1.81,2376.8,2.32,1.209,50.3
PET,1.48,1.39,0.618,none,0.0,20.6,6.6,15.69,2.81,1.3,2336.2,4.09,1.332,32.4
PET,4.81,2.68,0.473,silica fume,12.8,49.4,13.5,30.91,3.82,2.42,2354.8,1.88,1.255,58.6
PET,2.67,5.55,0.539,none,0.0,24.3,56.0,54.6,5.49,5.81,2359.7,3.4,1.249,59.0
PET,4.84,3.83,0.484,fly ash,11.7,19.1,7.3,20.49,2.69,1.57,2366.7,2.81,1.181,45.3
PET,4.33,2.71,0.479,fly ash,14.8,30.2,27.9,43.98,4.22,3.61,2365.9,2.67,1.177,58.1
PET,4.63,6.5,0.464,GGBS,23.0,18.8,56.1,66.71,5.6,6.53,2327.0,2.08,1.268,70.4
PET,1.67,5.25,0.475,GGBS,14.0,19.3,13.8,31.14,4.05,2.71,2332.6,2.64,1.268,53.7
PET,2.76,8.22,0.394,none,0.0,19.2,6.9,19.44,3.01,1.75,2360.1,2.47,1.318,53.4
PET,1.27,9.37,0.49,none,0.0,21.7,55.5,62.68,5.67,5.23,2386.4,3.45,1.26,66.4
PET,3.09,0.54,0.502,fly ash,20.4,27.5,28.3,46.28,4.06,4.93,2355.4,3.0,1.223,65.0
PET,1.4,2.54,0.453,none,0.0,33.1,28.2,46.44,5.71,5.09,2354.7,2.97,1.295,64.9
PET,2.1,8.34,0.596,fly ash,25.3,19.8,13.9,28.59,3.46,3.07,2333.1,3.8,1.268,44.4
PET,3.38,11.42,0.467,GGBS,29.9,38.5,7.4,22.15,3.24,1.86,2361.6,2.05,1.235,45.9
PET,3.64,0.95,0.381,GGBS,18.1,23.6,55.9,77.49,6.2,6.36,2349.8,1.87,1.239,76.9
PET,1.41,0.77,0.414,fly ash,15.6,21.2,7.2,23.57,3.17,1.78,2349.2,2.64,1.321,51.7
PET,2.34,1.07,0.574,fly ash,26.7,27.4,55.7,58.52,5.42,5.81,2338.8,4.0,1.159,66.6
PET,3.95,3.67,0.35,GGBS,11.5,36.2,90.0,85.0,7.91,7.19,2343.1,1.21,1.118,77.3
PET,4.6,3.21,0.499,silica fume,5.2,37.2,28.0,49.73,5.04,4.37,2340.8,2.75,1.211,67.9
PET,3.25,0.85,0.395,GGBS,24.1,18.7,55.8,74.2,6.86,7.59,2316.1,1.67,1.219,70.7
PET,1.2,1.28,0.42,GGBS,22.7,73.9,89.6,84.17,7.35,6.54,2336.1,1.82,1.298,73.8
PET,0.56,10.7,0.396,none,0.0,40.6,13.9,33.36,4.13,2.56,2387.4,2.48,1.339,57.8
PET,4.79,8.81,0.35,none,0.0,25.5,27.9,55.8,5.56,5.64,2352.6,1.59,1.179,73.7
PET,2.84,3.65,0.417,silica fume,6.5,47.0,7.1,23.84,3.29,2.5,2341.7,2.02,1.386,56.4
PET,1.95,2.66,0.479,none,0.0,22.0,28.2,40.77,4.23,4.48,2356.6,3.21,1.261,57.7
PET,1.41,2.16,0.384,fly ash,16.3,23.6,6.9,23.27,3.3,2.03,2338.4,1.76,1.262,58.4
PET,3.89,1.43,0.616,fly ash,16.4,46.7,56.5,52.47,5.48,5.61,2343.1,3.9,1.211,60.1
PET,3.57,10.15,0.456,silica fume,20.0,54.2,28.2,52.89,4.8,5.55,2335.7,2.17,1.249,76.7
PET,3.49,0.62,0.407,none,0.0,18.6,28.3,46.88,4.89,4.38,2354.6,1.97,1.197,75.6
PET,4.17,14.31,0.499,fly ash,10.7,42.2,7.2,21.18,2.94,2.01,2347.6,3.29,1.2,45.1
PET,2.76,2.27,0.407,silica fume,14.3,19.2,55.6,82.37,5.98,8.0,2311.1,2.06,1.224,73.6
PET,4.51,1.23,0.35,none,0.0,31.2,28.1,53.64,5.6,5.22,2344.0,1.03,1.281,71.2
PET,4.15,0.98,0.418,fly ash,17.2,32.1,28.3,52.33,4.96,4.98,2315.3,2.03,1.152,73.1
PET,2.62,6.72,0.477,fly ash,12.5,26.8,90.0,74.34,6.93,6.91,2316.4,3.17,1.219,69.1
PET,1.3,2.11,0.581,fly ash,25.9,29.7,27.9,42.47,4.4,4.55,2321.6,4.01,1.258,58.7
PET,4.77,6.06,0.61,fly ash,21.3,22.4,13.6,24.48,2.96,2.31,2325.1,3.53,1.164,48.5
PET,0.85,4.4,0.493,fly ash,22.4,26.6,6.6,20.33,3.08,1.63,2340.5,2.99,1.263,40.5
PET,3.69,5.9,0.459,none,0.0,36.2,27.6,45.79,4.9,3.65,2325.6,3.01,1.28,64.6
PET,3.01,1.24,0.566,silica fume,19.3,29.4,3.0,9.66,1.88,1.03,2353.7,3.32,1.283,31.6
PET,4.62,2.83,0.488,none,0.0,31.4,55.8,58.8,5.79,5.23,2304.8,2.89,1.263,63.2
PET,0.16,1.67,0.437,silica fume,12.1,29.4,56.4,72.62,6.49,6.13,2326.4,2.04,1.352,77.5
PET,4.92,7.98,0.557,none,0.0,27.5,7.1,17.48,2.62,1.44,2302.1,3.5,1.143,36.7
PET,2.98,9.92,0.514,fly ash,20.0,43.4,27.8,48.94,5.2,5.06,2332.9,3.41,1.257,66.0
PET,2.28,4.18,0.448,GGBS,18.1,22.4,14.3,33.72,4.02,3.65,2304.1,2.05,1.292,54.3
PET,2.1,2.16,0.485,none,0.0,75.6,7.4,22.38,3.67,2.26,2350.5,3.38,1.223,45.9
PET,2.23,0.87,0.44,none,0.0,40.2,27.6,45.91,5.09,3.91,2330.0,2.27,1.253,64.4
PET,0.72,1.78,0.35,fly ash,25.4,26.3,27.5,58.66,5.65,4.72,2322.5,1.7,1.317,72.3
PET,3.76,5.75,0.65,fly ash,14.7,60.4,27.8,43.25,4.06,3.99,2341.3,4.32,1.273,50.0
PET,3.2,0.53,0.396,silica fume,17.5,66.0,14.0,40.61,4.58,3.86,2375.0,1.53,1.356,66.4
PET,0.59,0.53,0.482,none,0.0,26.2,56.2,61.16,5.77,4.92,2339.7,3.21,1.269,63.1
PET,1.64,1.42,0.572,none,0.0,46.8,89.9,71.48,5.88,6.06,2363.1,3.97,1.318,63.1
PET,4.37,9.81,0.529,GGBS,28.3,24.8,27.9,42.62,5.16,3.29,2354.0,3.09,1.216,65.1
PET,4.81,0.6,0.52,fly ash,29.7,20.3,55.8,65.31,5.62,5.84,2344.9,2.59,1.239,65.1
PET,1.02,4.8,0.423,silica fume,7.4,28.9,90.0,85.0,6.4,7.89,2385.2,2.18,1.338,76.6
PET,0.96,3.15,0.5,GGBS,16.4,22.3,6.5,18.88,2.59,1.9,2355.2,2.85,1.293,46.6
PET,4.87,14.85,0.483,silica fume,12.5,36.3,28.3,53.7,5.47,4.88,2345.8,2.32,1.248,68.5
PET,4.42,4.22,0.537,GGBS,12.8,22.2,27.7,41.99,4.38,3.39,2347.9,3.13,1.205,62.2
PET,2.36,1.09,0.458,fly ash,24.1,21.6,27.6,49.39,5.47,5.4,2313.8,2.42,1.227,69.2
PET,0.84,2.6,0.508,none,0.0,21.6,28.4,38.37,5.0,3.21,2308.9,3.23,1.332,51.2
PET,2.77,13.03,0.453,none,0.0,22.6,56.4,60.07,5.19,4.51,2315.6,3.04,1.3,70.7
PET,2.34,1.94,0.47,fly ash,11.9,28.6,55.7,62.81,5.63,6.07,2392.6,2.89,1.19,67.7
PET,2.97,0.59,0.464,silica fume,14.0,41.8,7.4,23.93,3.22,1.96,2379.8,1.8,1.352,55.0
PET,4.01,0.9,0.35,silica fume,18.7,27.6,90.0,85.0,7.7,6.57,2351.6,1.02,1.245,76.8
PET,4.81,0.79,0.483,GGBS,22.0,30.5,56.0,59.72,6.24,5.99,2360.1,2.45,1.192,66.3
PET,2.34,0.59,0.374,GGBS,25.5,18.5,7.0,20.23,3.69,1.94,2366.7,1.45,1.278,47.2
PET,3.11,0.62,0.465,fly ash,25.2,28.5,27.5,50.4,4.71,4.14,2353.7,1.84,1.169,79.0
PET,2.02,4.74,0.455,none,0.0,31.0,90.0,77.93,7.32,8.0,2313.9,2.5,1.259,64.2
PET,3.77,9.11,0.466,fly ash,19.6,20.1,28.1,47.19,4.58,4.49,2304.6,2.31,1.215,71.4
PET,1.73,2.16,0.481,GGBS,24.8,25.2,89.5,82.91,6.88,7.4,2307.8,2.88,1.302,68.9
PET,3.68,8.24,0.539,GGBS,17.2,25.5,28.4,44.11,4.78,4.08,2332.7,2.96,1.248,56.6
PET,1.3,0.53,0.492,silica fume,19.1,51.0,6.9,22.65,3.45,1.98,2315.6,2.54,1.385,49.2
PET,2.69,1.77,0.449,silica fume,15.1,26.0,7.2,21.74,3.03,2.38,2379.9,2.01,1.387,51.8
PET,3.47,9.63,0.478,GGBS,13.5,28.6,27.6,40.77,4.56,3.26,2299.9,2.15,1.235,64.9
PET,2.17,5.35,0.361,silica fume,17.2,26.4,55.9,80.63,7.72,6.16,2348.0,1.43,1.268,78.3
PET,1.28,1.6,0.546,silica fume,20.0,46.8,7.5,20.78,3.34,1.63,2328.7,2.57,1.277,45.3
PET,0.69,0.79,0.458,fly ash,20.5,26.8,27.8,46.98,5.56,5.13,2329.4,2.72,1.268,67.6
PET,4.34,6.94,0.499,fly ash,13.8,62.9,13.6,31.04,4.42,2.78,2355.6,2.65,1.2,56.0
PET,0.24,7.76,0.447,fly ash,18.2,69.1,27.9,53.92,5.97,4.33,2354.4,2.74,1.318,66.9
PET,3.85,1.08,0.469,GGBS,10.1,20.0,90.0,68.34,6.09,5.31,2324.1,2.07,1.22,74.0
PET,2.6,3.15,0.546,silica fume,5.1,28.7,89.8,70.21,7.16,7.68,2305.1,2.65,1.274,69.0
PET,3.58,4.44,0.372,GGBS,18.9,26.6,27.5,55.07,5.25,5.77,2384.0,1.52,1.205,73.6
PET,3.34,0.92,0.467,fly ash,13.2,35.4,13.7,33.75,4.09,2.97,2327.0,2.34,1.229,61.7
PET,2.4,0.99,0.445,fly ash,19.3,29.6,28.1,54.45,5.08,5.8,2323.4,2.59,1.253,63.6
PET,4.14,0.66,0.52,silica fume,19.5,21.7,6.7,17.91,2.74,1.55,2317.5,3.11,1.271,42.0
PET,0.55,9.76,0.35,silica fume,19.5,29.0,27.7,59.23,5.76,5.86,2357.5,1.19,1.327,80.1
PET,3.82,3.23,0.535,none,0.0,19.6,6.6,16.58,2.24,1.44,2320.4,3.74,1.192,33.8
PET,3.15,5.59,0.438,GGBS,23.3,28.0,14.2,34.81,4.43,3.46,2326.8,1.98,1.293,58.6
PET,0.37,2.12,0.43,none,0.0,27.4,56.4,71.85,6.39,6.54,2373.1,2.83,1.306,65.5
PET,4.53,0.64,0.477,silica fume,8.0,49.5,13.8,35.68,3.91,3.72,2326.5,2.07,1.264,61.9
PET,3.71,1.57,0.513,fly ash,12.5,22.1,28.4,44.58,5.45,4.64,2329.2,3.05,1.2,59.0
PET,0.29,1.0,0.613,none,0.0,43.2,27.7,38.67,4.07,3.76,2329.1,4.22,1.344,51.4
PET,4.76,5.64,0.445,GGBS,29.6,25.1,13.6,35.17,3.85,3.75,2357.4,2.66,1.216,57.7
PET,0.94,3.37,0.582,silica fume,16.6,27.2,27.7,40.45,5.2,4.41,2331.9,3.38,1.402,61.5
PET,2.17,8.73,0.443,none,0.0,26.2,3.5,11.06,2.13,1.18,2396.6,2.31,1.292,36.2
PET,4.62,0.54,0.412,silica fume,15.7,59.5,14.0,43.89,4.76,3.31,2346.3,1.66,1.272,72.2
PET,4.61,9.92,0.603,silica fume,9.8,23.9,55.9,51.72,5.31,5.51,2336.9,3.07,1.177,64.5
PET,3.34,0.64,0.53,fly ash,23.4,21.1,90.0,69.55,6.26,6.95,2328.3,3.05,1.241,69.1
PET,3.79,0.81,0.455,GGBS,20.7,26.6,89.7,72.07,7.33,6.62,2329.2,1.96,1.266,71.5
PET,2.55,12.61,0.435,GGBS,22.8,62.5,3.4,12.91,2.32,1.01,2353.3,2.4,1.273,43.4
PET,2.68,0.72,0.447,none,0.0,37.0,7.3,20.29,3.17,1.66,2313.3,2.37,1.267,42.5
PET,0.19,0.74,0.594,silica fume,13.5,44.1,27.6,41.81,5.16,3.52,2324.7,3.77,1.317,53.9
PET,3.87,11.82,0.503,none,0.0,26.6,28.2,37.86,4.46,3.68,2354.2,2.98,1.261,55.8
PET,4.64,2.96,0.445,none,0.0,44.1,28.4,44.85,5.66,4.1,2341.8,2.69,1.207,61.7
PET,0.03,2.48,0.516,silica fume,7.7,27.8,89.7,73.61,6.86,6.1,2357.2,2.87,1.394,73.6
PET,4.05,8.96,0.416,GGBS,21.2,21.1,3.0,11.31,2.17,1.17,2311.6,1.99,1.272,44.4
PET,0.75,0.9,0.399,fly ash,24.3,24.4,28.1,54.95,5.22,5.33,2366.2,2.16,1.293,73.7
PET,3.92,1.04,0.513,fly ash,23.7,21.7,7.5,18.69,2.87,1.41,2387.7,3.07,1.238,40.1
PET,0.75,0.99,0.416,none,0.0,25.9,3.0,10.05,2.05,0.98,2361.3,2.54,1.354,37.2
PET,2.89,5.63,0.492,fly ash,16.6,20.0,56.2,58.74,6.91,6.28,2338.7,2.93,1.224,62.6
PET,4.11,0.89,0.446,silica fume,16.7,44.1,6.7,21.39,3.34,2.09,2361.1,2.06,1.353,49.7
PET,4.26,8.63,0.529,GGBS,15.5,69.6,14.3,30.82,3.87,3.3,2413.8,2.81,1.227,56.9
PET,1.48,0.75,0.521,silica fume,14.8,46.3,27.6,47.35,5.83,3.92,2333.9,2.9,1.335,70.0
PET,4.71,1.9,0.404,GGBS,18.2,18.1,3.0,10.71,2.07,0.89,2359.9,1.62,1.205,44.3
PET,4.97,0.55,0.503,silica fume,15.1,19.9,27.9,42.7,5.14,3.47,2299.0,2.18,1.247,64.6
PET,0.22,2.92,0.446,fly ash,12.4,20.7,55.8,66.09,5.67,5.79,2373.3,2.59,1.234,68.4
PET,4.94,9.54,0.601,GGBS,29.7,30.2,56.3,54.43,5.55,5.53,2321.1,3.55,1.232,60.8
PET,4.37,12.14,0.466,silica fume,7.5,24.1,89.6,85.0,7.3,6.75,2350.8,2.17,1.308,71.9
PET,4.7,0.93,0.35,fly ash,30.0,79.5,28.0,62.45,6.1,6.82,2270.0,1.39,1.213,69.1
PET,4.73,7.44,0.441,silica fume,10.2,44.5,7.3,22.55,3.19,1.91,2370.4,2.0,1.246,52.4
PET,2.64,0.74,0.394,silica fume,9.0,49.1,27.8,63.27,6.05,6.84,2309.6,2.16,1.216,79.9
PET,0.47,5.04,0.417,silica fume,7.4,20.5,56.2,72.41,6.81,6.45,2360.6,2.18,1.321,75.7
PET,3.16,1.4,0.471,fly ash,21.8,38.1,7.1,19.4,3.39,1.95,2326.1,2.81,1.28,46.1
PET,1.3,13.69,0.476,GGBS,28.3,25.3,27.8,42.16,5.22,4.5,2347.8,3.12,1.308,62.5
PET,0.51,2.1,0.478,fly ash,11.5,19.7,14.3,28.46,3.59,2.4,2360.7,3.0,1.233,53.9
PET,0.85,1.14,0.601,fly ash,27.1,22.2,28.1,38.23,4.57,3.62,2314.0,4.01,1.278,47.6
PET,4.1,1.62,0.42,GGBS,27.0,23.3,13.6,34.65,4.23,3.16,2353.6,1.51,1.289,62.1
PET,1.19,4.69,0.469,GGBS,23.3,27.6,28.4,45.25,4.43,4.55,2348.5,3.05,1.227,67.0
PET,3.55,12.35,0.508,silica fume,9.7,27.2,28.5,48.71,4.95,4.25,2343.2,2.44,1.329,68.7
PET,2.05,1.3,0.35,fly ash,13.6,21.5,28.2,57.7,5.76,5.0,2371.3,1.83,1.186,80.5
PET,1.15,5.88,0.582,none,0.0,28.5,7.4,15.6,2.76,1.42,2364.1,3.99,1.233,31.5
PET,4.27,10.27,0.471,none,0.0,24.3,89.9,72.0,6.63,5.71,2300.9,2.79,1.283,67.2
PET,0.31,0.89,0.58,fly ash,24.2,21.9,6.9,16.45,2.48,1.52,2315.5,4.17,1.296,31.8
PET,1.28,3.97,0.39,none,0.0,22.7,27.5,49.03,5.03,3.76,2382.0,2.35,1.334,67.1
PET,3.43,4.43,0.43,GGBS,16.7,41.7,3.0,12.43,1.79,1.24,2326.8,1.92,1.229,44.4
PET,1.73,4.26,0.521,none,0.0,22.6,28.4,41.32,4.9,3.51,2328.0,3.3,1.311,58.9
PET,0.2,6.75,0.353,none,0.0,19.1,14.5,39.47,3.94,3.74,2368.6,2.17,1.304,65.4
PET,4.45,2.38,0.541,fly ash,24.7,25.3,55.6,61.04,5.82,4.68,2265.7,3.49,1.183,66.7
PET,0.4,1.58,0.407,silica fume,17.1,56.6,90.0,85.0,7.84,7.62,2336.6,2.32,1.427,76.9
PET,2.62,12.56,0.608,none,0.0,27.7,14.2,23.83,2.95,2.05,2325.1,4.05,1.269,41.2
PET,4.98,3.37,0.48,none,0.0,47.3,90.0,74.21,6.76,6.12,2344.5,2.79,1.228,63.5
PET,2.29,14.91,0.466,GGBS,23.3,19.1,27.7,48.56,5.79,3.92,2356.3,2.27,1.218,72.7
PET,3.81,0.8,0.357,silica fume,8.5,42.3,27.8,55.51,6.35,4.26,2379.9,0.82,1.306,82.4
PET,1.52,7.33,0.569,GGBS,16.0,20.3,13.8,26.5,3.52,2.53,2361.3,4.05,1.284,48.7
PET,2.62,7.69,0.432,none,0.0,39.0,7.3,21.11,2.91,2.05,2331.5,2.43,1.227,45.5
PET,0.17,0.54,0.561,GGBS,22.8,41.9,14.2,32.0,3.82,3.21,2319.3,3.03,1.302,52.3
PET,1.0,3.04,0.604,none,0.0,22.9,28.4,33.97,4.87,3.53,2359.3,4.02,1.365,42.0
PET,0.72,0.74,0.382,silica fume,14.5,59.7,28.0,65.54,5.64,5.26,2358.3,2.08,1.335,73.4
PET,2.52,1.05,0.476,GGBS,16.8,22.4,27.8,44.89,4.57,4.67,2343.6,2.72,1.314,62.3
PET,0.11,0.87,0.49,none,0.0,22.3,7.1,19.28,2.74,1.47,2348.0,3.12,1.256,39.5
PET,3.16,14.41,0.457,none,0.0,30.3,55.8,60.93,6.31,4.88,2320.0,2.75,1.211,69.6
PET,4.32,0.59,0.456,silica fume,12.4,29.0,55.6,67.96,6.55,6.09,2350.0,2.13,1.262,75.1
PET,2.91,10.93,0.507,fly ash,29.4,19.1,27.5,44.81,4.89,4.42,2312.5,3.27,1.196,63.9
PET,2.15,8.36,0.6,fly ash,10.3,31.7,90.0,66.7,6.63,5.36,2359.1,3.87,1.244,64.3
PET,0.76,8.98,0.474,silica fume,6.5,32.9,14.4,36.87,4.46,3.22,2352.4,1.85,1.258,59.9
PET,4.45,9.75,0.432,GGBS,19.3,38.8,56.4,70.08,5.56,6.33,2383.6,1.79,1.192,73.1
PET,2.05,4.95,0.52,silica fume,10.0,45.7,55.8,66.04,6.38,5.22,2317.3,3.03,1.366,69.6
PET,1.73,6.3,0.35,GGBS,15.0,21.9,28.2,62.53,5.1,6.68,2321.9,1.5,1.273,77.6
PET,2.88,1.09,0.414,GGBS,16.5,23.1,28.4,53.72,5.17,4.83,2348.8,2.14,1.261,73.1
PET,2.89,0.64,0.559,GGBS,17.0,68.6,6.6,20.97,2.76,2.28,2361.1,2.88,1.25,38.9
PET,3.13,0.97,0.401,fly ash,21.4,24.5,27.8,61.26,5.92,5.06,2369.7,2.25,1.178,74.4
PET,4.66,1.03,0.388,none,0.0,29.6,28.0,48.0,4.89,4.56,2394.1,2.01,1.27,69.8
PET,3.47,12.89,0.468,GGBS,23.1,72.2,3.0,11.2,1.95,1.0,2340.1,2.3,1.209,37.9
PET,2.33,0.53,0.429,fly ash,20.1,29.5,28.1,49.62,5.34,3.81,2352.4,2.38,1.216,72.1
PET,4.91,3.39,0.481,GGBS,28.5,24.5,13.7,32.24,3.86,3.14,2370.2,2.46,1.214,57.3
PET,3.9,10.79,0.376,none,0.0,68.8,28.3,57.86,5.58,5.34,2348.3,2.14,1.245,63.7
PET,2.67,0.53,0.512,none,0.0,40.6,27.6,44.5,4.64,4.79,2367.3,3.58,1.248,53.9
PET,1.56,0.9,0.422,fly ash,24.8,25.7,7.4,21.38,3.24,1.91,2312.2,2.7,1.223,50.5
PET,1.57,3.5,0.443,fly ash,15.1,26.2,7.2,19.52,3.1,1.84,2341.7,2.45,1.368,50.5
PET,0.22,12.83,0.503,none,0.0,22.6,3.1,10.61,1.84,1.05,2331.6,3.74,1.226,30.0
PET,3.18,1.71,0.421,GGBS,14.6,18.9,27.9,46.89,4.53,4.05,2365.5,2.22,1.292,68.7
PET,2.19,2.59,0.515,fly ash,26.4,35.7,27.9,46.6,5.56,3.89,2353.5,3.18,1.312,64.2
PET,3.46,10.41,0.539,none,0.0,25.4,13.7,25.0,3.59,2.28,2355.9,3.71,1.206,38.4
PET,4.62,6.54,0.568,none,0.0,79.0,90.0,67.79,6.12,5.91,2352.0,3.99,1.238,60.8
PET,3.39,2.08,0.435,none,0.0,64.7,27.8,48.22,5.35,4.78,2297.0,2.42,1.288,68.6
PET,0.57,11.17,0.464,silica fume,15.2,25.7,55.6,76.77,5.59,8.0,2348.6,2.58,1.348,73.7
PET,2.28,2.46,0.508,silica fume,15.3,45.8,14.4,33.6,4.22,2.59,2293.0,2.6,1.237,60.3
PET,3.16,9.92,0.542,silica fume,7.7,18.3,55.7,52.86,6.1,5.77,2321.1,2.51,1.303,69.5
PET,4.26,1.58,0.526,fly ash,14.4,30.9,13.9,30.72,3.77,2.61,2333.2,2.9,1.184,46.6
PET,4.29,4.13,0.499,silica fume,12.7,19.4,13.9,30.88,4.61,3.38,2319.6,2.19,1.298,60.7
PET,1.81,0.99,0.523,fly ash,11.2,29.0,14.2,31.67,3.28,2.83,2366.6,3.25,1.226,51.2
PET,4.14,5.58,0.476,none,0.0,41.4,89.5,75.82,6.74,6.06,2298.8,2.98,1.238,61.7
PET,2.09,12.32,0.57,fly ash,29.8,36.2,3.1,9.88,2.04,0.82,2347.5,3.75,1.285,33.6
PET,0.07,10.96,0.503,none,0.0,41.7,56.3,62.39,5.8,5.23,2322.6,3.28,1.313,61.9
PET,5.0,5.85,0.356,none,0.0,27.6,89.9,83.37,7.32,8.0,2364.1,1.45,1.242,71.4
PET,2.43,0.57,0.614,none,0.0,27.5,55.6,52.02,4.32,4.47,2378.1,4.18,1.209,59.8
PET,4.58,14.08,0.411,none,0.0,47.8,28.3,48.48,5.46,5.11,2353.2,2.12,1.255,65.0
PET,0.48,14.42,0.483,fly ash,27.0,26.5,7.0,19.45,3.18,1.81,2333.4,3.04,1.315,48.5
PET,0.34,2.27,0.426,silica fume,6.9,27.7,28.3,56.16,5.29,5.64,2378.1,1.89,1.311,76.3
PET,3.48,0.78,0.377,GGBS,23.1,41.6,7.3,24.57,3.7,2.69,2318.3,1.45,1.277,54.6
PET,1.82,5.62,0.462,silica fume,11.2,18.3,55.7,71.49,6.63,5.92,2317.2,2.45,1.331,75.5
PET,3.51,8.53,0.402,GGBS,24.2,74.8,28.0,55.94,5.52,5.16,2392.6,1.61,1.271,77.6
PET,0.02,0.6,0.499,GGBS,24.7,40.3,55.8,64.0,6.21,6.51,2342.7,3.06,1.31,67.7
PET,1.1,0.68,0.492,fly ash,28.9,26.1,13.8,34.26,3.66,3.63,2327.2,2.93,1.288,57.3
PET,1.52,2.69,0.35,none,0.0,36.6,56.4,77.05,5.87,7.13,2325.3,1.87,1.264,65.2
PET,2.99,6.88,0.461,none,0.0,19.0,14.3,29.48,3.94,2.34,2297.3,3.19,1.23,50.2
PET,1.37,3.58,0.535,GGBS,28.4,37.6,55.9,64.35,5.68,5.05,2337.0,2.95,1.275,64.2
PET,3.14,0.7,0.513,silica fume,5.8,29.3,7.2,20.28,2.94,1.64,2359.9,2.43,1.345,48.1
PET,2.9,2.42,0.557,fly ash,26.9,38.9,13.9,28.13,3.69,2.87,2345.1,2.99,1.246,49.5
PET,1.7,1.26,0.485,silica fume,18.9,21.2,14.0,32.06,3.35,3.22,2377.6,2.27,1.325,56.0
PET,1.75,7.17,0.477,none,0.0,21.1,90.0,75.08,6.61,7.08,2320.9,3.1,1.286,61.2
PET,3.18,0.9,0.487,GGBS,22.7,70.4,13.9,33.36,4.15,2.65,2377.4,2.53,1.228,63.8
PET,1.16,0.51,0.456,silica fume,8.4,46.2,6.9,20.9,3.33,1.59,2300.7,2.18,1.308,53.1
PET,4.55,2.23,0.523,fly ash,29.6,50.0,55.9,62.13,5.96,5.31,2309.0,3.15,1.148,65.1
PET,4.13,5.35,0.605,silica fume,18.4,57.4,13.7,28.03,3.61,2.71,2322.1,3.55,1.317,48.1
PET,1.6,9.32,0.477,silica fume,14.6,70.2,7.2,25.36,3.38,2.48,2323.7,2.46,1.297,52.0
PET,4.55,1.03,0.507,fly ash,11.7,21.1,89.9,70.57,6.38,6.86,2330.7,2.54,1.2,71.2
PET,0.92,0.88,0.43,fly ash,15.6,22.4,3.2,12.5,2.15,1.22,2325.8,2.23,1.296,44.8
PET,2.48,4.58,0.393,none,0.0,41.5,55.7,69.91,5.73,5.49,2359.5,2.42,1.26,67.4
PET,1.5,0.67,0.512,silica fume,9.0,27.4,28.0,46.61,4.95,4.85,2351.1,2.87,1.305,64.4
PET,1.2,1.86,0.371,GGBS,26.9,29.2,55.6,84.54,6.0,7.6,2370.9,1.74,1.267,74.7
PET,1.58,11.26,0.438,fly ash,17.4,38.6,56.3,73.4,5.73,6.2,2352.0,2.61,1.265,69.4
PET,4.81,2.35,0.605,none,0.0,27.0,55.7,44.12,4.69,3.72,2368.6,4.05,1.255,52.2
PET,0.29,5.19,0.368,silica fume,13.8,23.7,28.0,58.85,5.42,4.54,2350.2,1.9,1.309,82.4
PET,2.65,1.78,0.489,fly ash,26.9,79.9,7.3,22.51,3.42,2.03,2363.9,2.94,1.2,41.2
PET,0.99,2.96,0.462,none,0.0,20.9,7.1,21.03,2.74,2.21,2367.5,3.37,1.316,38.4
PET,1.31,0.91,0.506,fly ash,20.8,27.9,7.1,19.6,2.97,2.04,2332.1,3.03,1.356,46.9
PET,4.64,6.12,0.47,none,0.0,34.1,6.9,18.5,2.68,1.42,2340.3,3.04,1.199,38.1
PET,3.52,0.82,0.383,GGBS,15.8,18.1,90.0,85.0,7.26,8.0,2355.1,1.72,1.259,78.0
PET,4.52,12.9,0.35,fly ash,10.3,21.3,90.0,85.0,8.05,8.0,2355.3,1.2,1.233,72.6
PET,3.25,1.69,0.534,silica fume,19.6,21.6,13.8,29.39,3.94,2.49,2347.0,2.96,1.343,49.4
PET,4.69,1.1,0.35,none,0.0,25.1,28.0,54.7,5.52,4.2,2355.6,1.16,1.154,73.5
PET,3.11,9.63,0.483,none,0.0,39.7,90.0,71.6,6.56,7.55,2373.5,3.13,1.22,61.5
PET,4.29,4.81,0.392,GGBS,19.4,21.9,28.1,47.55,5.34,4.63,2314.8,1.54,1.278,67.4
PET,0.01,7.22,0.535,fly ash,12.0,19.8,55.7,57.24,5.51,5.21,2294.0,3.41,1.306,71.1
PET,3.45,14.86,0.35,silica fume,5.2,21.9,28.3,56.51,5.24,6.01,2325.8,1.58,1.301,75.0
PET,2.66,7.31,0.395,none,0.0,21.0,28.1,50.89,4.38,4.67,2365.1,2.08,1.256,74.3
PET,1.31,8.85,0.545,none,0.0,26.1,7.1,17.12,2.86,1.46,2342.9,4.19,1.283,34.6
PET,4.33,2.18,0.535,GGBS,23.4,50.4,13.5,29.89,3.69,3.04,2374.8,2.8,1.25,53.6
PET,0.69,2.71,0.512,none,0.0,29.4,27.7,45.49,4.47,4.79,2384.7,3.73,1.307,59.1
PET,4.31,3.18,0.574,fly ash,12.9,77.4,90.0,72.7,6.48,7.55,2335.1,3.35,1.201,66.9
PET,4.1,0.81,0.491,none,0.0,45.6,89.9,63.36,6.18,5.78,2344.1,2.94,1.304,64.0
PET,0.37,1.91,0.519,fly ash,23.2,30.5,28.2,43.98,4.66,3.91,2357.1,3.54,1.303,61.8
PET,3.43,14.93,0.552,none,0.0,37.7,56.3,53.09,5.78,4.52,2366.3,3.89,1.191,57.8
PET,3.76,1.79,0.485,silica fume,10.3,25.7,14.2,33.69,4.32,2.56,2334.0,2.46,1.266,56.4
PET,3.52,0.51,0.58,none,0.0,58.4,55.9,55.82,5.65,5.26,2368.2,3.6,1.24,61.2
PET,4.21,1.74,0.545,fly ash,14.3,24.1,89.9,63.26,5.99,5.65,2340.1,3.28,1.183,62.6
PET,4.94,0.81,0.451,fly ash,11.0,18.6,28.0,46.48,5.05,4.4,2319.0,2.47,1.119,71.6
PET,2.76,0.58,0.442,GGBS,18.5,79.4,89.8,85.0,6.51,8.0,2360.2,1.9,1.295,69.6
PET,0.32,0.76,0.474,GGBS,22.4,61.0,27.6,48.69,5.93,5.16,2362.5,2.58,1.316,71.7
PET,4.79,12.4,0.539,fly ash,21.2,18.2,6.6,16.07,3.02,1.55,2330.9,3.21,1.231,42.0
PET,2.23,2.08,0.452,GGBS,22.6,19.3,7.5,21.26,3.35,1.87,2377.4,2.18,1.278,54.7
PET,2.29,2.49,0.498,fly ash,28.0,52.1,55.8,71.56,7.05,7.03,2320.8,2.9,1.235,75.2
PET,1.88,1.58,0.45,none,0.0,27.3,27.9,44.75,5.02,4.27,2312.8,2.69,1.198,60.1
PET,4.11,1.43,0.565,none,0.0,20.8,28.5,36.46,4.9,3.08,2323.0,3.2,1.222,53.2
PET,2.79,13.67,0.529,none,0.0,22.8,27.6,40.46,4.29,4.45,2361.0,3.01,1.264,58.1
PET,0.27,0.87,0.424,fly ash,26.4,24.5,28.0,51.04,5.26,5.25,2340.6,2.61,1.331,75.6
PET,1.01,6.46,0.38,fly ash,27.3,29.4,7.2,27.0,3.51,2.52,2416.4,2.01,1.25,54.8
PET,4.85,9.67,0.482,fly ash,11.3,22.4,6.9,18.99,2.87,1.96,2344.9,2.39,1.123,45.5
PET,0.63,0.73,0.577,fly ash,28.6,21.2,89.8,65.79,7.01,5.26,2335.0,4.04,1.284,60.5
PET,3.19,7.9,0.445,fly ash,14.2,33.1,28.5,46.27,4.97,3.56,2335.4,2.33,1.153,64.3
PET,0.41,9.68,0.423,none,0.0,28.9,28.0,47.89,4.79,4.76,2376.2,2.73,1.274,72.8
PET,0.49,1.27,0.519,GGBS,27.0,20.4,3.5,10.86,2.08,0.86,2320.9,3.19,1.366,35.3
PET,4.36,2.73,0.517,fly ash,14.2,40.2,14.3,30.32,3.92,3.2,2320.0,3.05,1.173,47.2
PET,0.38,8.37,0.388,none,0.0,38.6,28.4,52.22,4.96,5.47,2337.0,2.46,1.293,68.8
PET,2.32,3.2,0.471,silica fume,10.2,43.0,7.4,24.8,3.27,2.04,2326.0,2.36,1.347,52.9
PET,0.5,1.04,0.478,silica fume,10.9,24.6,14.3,34.73,3.69,2.64,2423.5,2.7,1.36,62.6
PET,4.82,0.52,0.518,silica fume,5.3,74.8,28.4,49.64,5.32,3.98,2305.9,2.6,1.261,72.8
PET,1.84,6.25,0.56,silica fume,11.3,24.6,6.6,18.28,2.69,1.7,2313.0,2.9,1.357,35.2
PET,1.0,9.35,0.405,fly ash,19.2,22.9,6.7,22.32,3.14,2.43,2403.6,2.4,1.286,51.9
PET,3.07,1.59,0.492,none,0.0,44.9,89.6,65.37,6.94,7.0,2317.4,3.68,1.256,58.7
PET,0.34,4.27,0.38,GGBS,26.3,34.2,28.3,57.7,5.77,4.71,2348.1,2.1,1.281,74.6
PET,0.05,5.2,0.35,silica fume,9.4,35.3,6.8,26.74,3.13,2.19,2334.3,1.24,1.375,60.7
PET,1.82,3.36,0.439,none,0.0,23.0,7.3,20.77,3.09,1.74,2305.8,2.77,1.307,35.4
PET,2.29,7.36,0.458,none,0.0,77.5,90.0,79.3,6.32,6.21,2338.2,2.98,1.323,59.6
PET,3.08,2.06,0.51,fly ash,17.9,38.7,14.4,27.55,4.5,2.13,2337.1,3.28,1.241,45.6
PET,0.43,10.38,0.503,silica fume,10.3,18.6,89.6,77.31,6.8,5.89,2364.9,2.48,1.369,65.9
PET,1.56,5.58,0.597,GGBS,17.2,25.4,28.2,36.45,4.65,3.46,2355.4,3.39,1.316,54.8
PET,4.58,4.39,0.526,none,0.0,24.6,90.0,68.68,5.93,7.21,2262.1,3.22,1.211,60.0
PET,0.52,2.78,0.576,silica fume,16.8,26.7,7.0,16.54,2.93,1.49,2367.8,2.91,1.372,36.3
PET,0.95,8.79,0.466,GGBS,11.9,25.0,6.5,17.27,3.2,1.57,2328.2,2.42,1.398,44.0
PET,1.85,4.33,0.507,fly ash,18.6,25.1,7.3,20.07,3.36,2.11,2318.9,3.07,1.3,47.4
PET,3.51,1.78,0.599,silica fume,16.7,21.8,27.7,42.02,4.59,3.28,2336.5,3.08,1.261,63.2
PET,0.64,3.33,0.414,none,0.0,20.6,28.4,56.18,5.04,4.66,2365.6,2.68,1.295,64.1
PET,4.21,1.44,0.385,fly ash,22.4,51.2,13.7,38.39,4.46,3.19,2351.6,1.71,1.151,66.8
PET,4.74,6.83,0.432,none,0.0,24.7,7.0,19.27,2.74,1.78,2344.5,2.43,1.239,44.6
PET,4.45,0.51,0.446,fly ash,16.1,48.9,27.7,50.56,5.49,5.46,2381.3,1.99,1.185,74.7
PET,3.75,1.47,0.513,none,0.0,22.8,13.6,30.84,3.66,3.27,2298.5,3.35,1.27,51.7
PET,4.75,1.42,0.438,silica fume,6.1,19.1,28.0,49.51,5.72,3.76,2381.0,2.27,1.251,74.5
PET,2.03,0.91,0.519,silica fume,17.1,50.9,14.1,27.8,4.12,2.38,2320.0,2.59,1.351,53.5
PET,4.22,1.02,0.588,silica fume,10.8,42.9,28.1,38.52,4.71,3.69,2348.6,3.12,1.277,56.1
PET,1.21,0.7,0.559,fly ash,24.2,22.6,28.3,38.53,4.45,3.25,2346.0,4.09,1.197,51.1
PET,3.31,12.35,0.499,fly ash,12.2,29.3,14.1,34.58,3.68,2.95,2320.3,2.78,1.185,55.6
PET,4.84,6.19,0.49,fly ash,19.6,61.4,3.0,10.85,2.05,0.87,2314.0,2.78,1.264,36.0
PET,0.05,0.86,0.35,none,0.0,23.7,28.3,51.79,5.99,4.45,2318.3,1.91,1.349,68.2
PET,2.39,3.91,0.454,silica fume,7.1,19.9,56.0,64.71,6.34,6.63,2339.2,2.51,1.269,70.3
PET,0.61,8.5,0.511,GGBS,18.0,60.8,56.5,62.57,6.46,5.4,2367.9,3.14,1.308,70.7
PET,1.83,0.68,0.468,none,0.0,23.3,3.0,8.59,1.83,0.78,2385.1,2.52,1.318,29.4
PET,1.78,11.15,0.436,none,0.0,65.8,14.3,34.83,3.91,2.63,2343.7,2.95,1.3,51.8
PET,4.12,0.76,0.573,none,0.0,35.0,13.6,25.92,3.33,2.06,2360.0,3.92,1.311,42.2
PET,4.59,0.53,0.405,none,0.0,21.9,14.4,33.1,4.49,3.15,2350.0,2.09,1.137,52.9
PET,0.83,3.42,0.415,fly ash,18.7,24.5,27.9,57.34,5.87,4.43,2317.9,3.03,1.146,76.7
PET,0.53,1.17,0.54,silica fume,13.3,21.4,27.5,43.13,5.53,3.68,2343.1,3.27,1.376,64.7
PET,3.11,2.34,0.599,fly ash,24.2,29.2,89.6,64.16,5.97,6.69,2345.2,4.0,1.228,66.1
PET,3.48,6.49,0.517,fly ash,12.0,40.5,13.7,27.64,3.56,2.33,2336.1,2.73,1.182,46.3
PET,0.67,7.51,0.569,GGBS,19.3,25.0,28.2,38.22,4.9,3.87,2339.4,3.71,1.329,57.1
PET,3.92,0.91,0.554,GGBS,10.7,43.4,28.0,33.39,4.55,2.62,2327.6,3.04,1.277,55.5
PET,4.46,2.09,0.531,none,0.0,28.2,90.0,68.79,5.67,6.63,2351.9,2.97,1.25,64.4
PET,0.06,3.14,0.358,none,0.0,33.6,89.9,83.39,6.93,7.56,2428.3,1.82,1.359,70.4
PET,1.56,4.18,0.479,GGBS,22.9,24.4,55.9,60.78,5.91,4.87,2330.0,2.66,1.232,67.9
PET,4.73,0.8,0.575,silica fume,10.3,26.8,55.6,54.93,6.16,5.47,2366.2,3.11,1.248,63.1
PET,4.56,1.83,0.459,GGBS,13.4,31.0,27.7,43.31,5.04,4.1,2324.9,2.05,1.118,64.4
PET,4.63,1.44,0.49,GGBS,13.6,19.5,6.5,18.37,2.61,1.51,2358.1,2.78,1.266,43.0
PET,2.45,4.56,0.501,fly ash,29.9,42.9,7.5,19.26,3.22,1.57,2356.4,2.6,1.309,37.0
PET,1.19,1.63,0.552,fly ash,20.5,23.2,56.0,60.95,5.86,5.66,2313.5,3.29,1.209,67.5
PET,2.32,12.23,0.597,silica fume,14.7,24.4,7.2,18.86,2.56,1.75,2343.0,3.14,1.255,39.1
PET,0.15,0.59,0.56,silica fume,17.3,31.7,6.6,18.05,2.39,1.69,2293.9,3.46,1.386,43.5
PET,0.02,0.71,0.428,silica fume,13.2,26.9,27.7,51.45,5.59,4.71,2413.7,2.25,1.428,74.5
PET,3.57,0.82,0.497,none,0.0,25.4,27.6,40.65,4.65,3.8,2325.1,3.0,1.275,60.2
PET,1.11,8.77,0.538,GGBS,10.3,28.1,7.1,17.92,2.69,1.41,2342.9,2.81,1.212,45.7
PET,1.49,3.14,0.462,fly ash,13.5,20.2,89.7,75.06,6.39,5.87,2310.0,2.9,1.223,64.4
PET,1.74,9.67,0.508,none,0.0,19.4,89.8,68.91,6.29,7.05,2334.2,3.36,1.255,66.2
PET,3.54,6.26,0.438,silica fume,6.3,77.7,90.0,85.0,7.24,8.0,2370.1,1.77,1.287,73.0
PET,2.46,0.57,0.365,silica fume,5.9,19.3,7.3,27.88,3.34,2.13,2320.0,1.38,1.35,58.8
PET,2.1,4.49,0.486,silica fume,12.6,18.7,28.3,49.69,4.48,4.6,2349.0,3.22,1.332,74.2
PET,0.45,3.49,0.546,silica fume,19.3,28.2,14.4,30.35,3.81,2.42,2335.7,3.28,1.333,54.9
PET,4.43,12.01,0.555,none,0.0,23.2,28.2,38.09,4.13,3.94,2319.8,3.69,1.167,49.5
PET,4.65,4.47,0.44,GGBS,22.7,28.6,56.4,60.17,6.34,4.77,2330.7,1.69,1.249,72.5
PET,3.67,4.91,0.539,silica fume,15.0,63.2,27.8,49.56,4.48,5.2,2364.6,2.46,1.291,64.7
PET,4.28,1.5,0.393,none,0.0,23.0,7.3,23.59,2.84,1.97,2343.6,2.14,1.192,50.4
PET,0.74,1.31,0.526,silica fume,8.1,27.2,7.4,22.04,2.64,2.3,2326.4,3.25,1.395,44.3
PET,4.35,14.09,0.535,GGBS,21.6,19.6,28.5,38.04,4.85,3.44,2318.0,2.62,1.251,59.8
PET,3.3,1.41,0.454,fly ash,27.3,47.3,27.9,52.15,5.28,5.55,2327.6,2.32,1.194,74.0
PET,0.74,1.12,0.501,silica fume,9.6,19.2,90.0,81.26,7.46,6.59,2347.2,2.55,1.417,77.1
PET,1.64,7.74,0.501,silica fume,17.2,35.7,27.6,51.99,5.5,5.48,2319.3,2.81,1.316,67.1
PET,1.97,4.02,0.374,GGBS,20.5,28.8,28.3,57.02,5.43,4.73,2336.3,2.27,1.264,79.6
PET,0.06,3.55,0.479,fly ash,21.0,25.5,3.1,10.81,2.04,0.99,2323.5,2.99,1.264,33.6
PET,2.27,0.89,0.445,silica fume,17.7,20.2,90.0,85.0,7.68,8.0,2347.1,2.52,1.341,70.2
PET,2.42,13.42,0.466,fly ash,22.4,25.7,6.6,19.47,2.88,1.5,2378.4,2.33,1.323,42.3
PET,0.16,1.12,0.522,fly ash,26.1,29.9,13.7,30.17,3.43,3.13,2334.2,3.58,1.23,49.4
PET,4.85,2.56,0.45,none,0.0,42.4,28.0,41.35,5.06,3.53,2339.3,2.5,1.268,56.1
PET,3.37,2.53,0.469,fly ash,21.7,20.4,13.7,32.66,3.3,2.93,2361.2,2.53,1.182,50.1
PET,1.49,2.3,0.504,fly ash,12.9,21.8,28.3,45.93,4.58,4.41,2338.8,2.92,1.266,59.8
PET,2.24,10.21,0.411,none,0.0,76.2,6.6,20.22,2.9,1.58,2359.0,2.33,1.33,46.9
PET,0.12,2.2,0.53,none,0.0,23.8,90.0,64.14,6.62,5.34,2287.4,3.82,1.214,64.1
PET,1.41,6.93,0.397,fly ash,16.8,29.7,13.7,35.45,4.21,2.83,2404.3,1.99,1.209,66.1
PET,4.75,1.01,0.463,silica fume,13.8,25.2,3.0,10.72,2.13,1.06,2285.4,1.46,1.313,38.5
PET,3.0,2.96,0.376,GGBS,11.4,19.0,6.8,24.59,3.35,2.2,2351.8,1.52,1.269,56.7
PET,4.02,8.57,0.449,silica fume,19.5,27.6,56.1,74.62,6.35,7.39,2313.7,1.67,1.294,74.1
PET,2.25,3.4,0.432,fly ash,12.0,28.2,89.9,70.26,6.78,7.16,2337.4,2.82,1.207,72.7
PET,4.09,3.0,0.464,none,0.0,23.4,7.1,18.74,2.95,1.85,2330.4,2.95,1.213,37.6
PET,4.87,3.16,0.491,none,0.0,28.3,14.2,24.38,3.9,2.44,2329.2,3.1,1.177,42.1
PET,0.5,9.86,0.517,none,0.0,21.8,90.0,65.19,6.15,5.67,2361.5,3.15,1.226,65.3
PET,4.08,6.31,0.466,fly ash,17.4,76.1,28.1,47.13,5.21,4.69,2338.9,2.71,1.224,66.3
PET,1.8,0.53,0.454,none,0.0,24.8,27.6,41.85,4.15,4.56,2381.7,2.73,1.24,59.4
PET,0.27,0.59,0.5,GGBS,18.1,20.2,28.2,46.02,4.93,4.26,2287.4,2.88,1.348,71.4
PET,1.63,1.73,0.427,none,0.0,25.9,6.8,17.97,2.66,1.95,2384.6,2.74,1.25,40.0
PET,4.16,4.99,0.545,silica fume,10.9,77.4,56.4,64.17,5.64,5.03,2356.6,2.75,1.245,71.5
PET,0.25,3.78,0.383,silica fume,6.7,22.2,6.6,23.57,3.02,1.87,2349.3,2.15,1.422,54.1
PET,3.57,10.07,0.481,fly ash,14.7,28.1,89.6,66.94,5.95,6.84,2357.2,2.78,1.22,62.4
PET,2.0,0.73,0.495,silica fume,12.8,33.2,28.0,47.4,4.92,5.03,2320.4,2.67,1.272,65.9
PET,4.01,14.07,0.462,silica fume,9.2,22.2,13.8,33.97,4.28,2.56,2329.8,2.25,1.218,62.9
PET,1.52,7.03,0.413,silica fume,7.1,20.0,55.7,74.37,6.97,7.41,2395.7,1.52,1.311,72.2
PET,3.57,2.64,0.358,none,0.0,39.9,27.9,58.33,5.95,4.61,2386.1,1.88,1.263,66.7
PET,4.63,12.24,0.404,silica fume,13.9,27.6,13.7,38.97,4.53,3.2,2405.2,1.54,1.266,64.2
PET,1.4,1.13,0.478,GGBS,12.2,28.0,13.8,33.28,4.19,3.66,2335.6,2.59,1.309,59.9
PET,4.92,3.47,0.574,none,0.0,23.7,89.7,53.08,5.95,5.5,2322.5,3.66,1.302,55.8
PET,2.94,5.89,0.426,fly ash,13.3,49.3,27.9,55.66,5.76,4.53,2335.6,2.21,1.231,67.4
PET,4.93,6.41,0.444,GGBS,13.1,28.6,13.9,29.93,4.02,3.17,2323.2,2.07,1.225,49.9
PET,0.72,1.93,0.467,none,0.0,24.4,89.9,74.5,6.32,6.12,2355.1,3.08,1.329,67.1
PET,2.84,4.42,0.563,none,0.0,27.8,56.1,51.81,5.14,3.96,2338.3,4.04,1.255,61.2
PET,4.6,6.68,0.367,GGBS,15.0,18.1,13.6,35.51,4.21,3.87,2327.9,1.53,1.244,61.1
PET,3.63,12.45,0.53,silica fume,15.7,20.2,13.5,29.6,4.16,2.94,2329.3,2.83,1.305,53.4
PET,3.91,4.16,0.503,fly ash,26.8,27.5,56.0,59.42,5.79,4.46,2386.5,3.05,1.193,70.0
PET,2.48,3.34,0.456,GGBS,11.1,28.3,56.4,57.74,6.72,5.03,2337.2,2.24,1.22,68.9
PET,4.76,0.63,0.576,GGBS,20.4,21.9,56.1,53.43,4.48,5.85,2353.1,3.84,1.213,68.7
PET,0.91,0.93,0.432,silica fume,19.1,35.9,7.1,23.89,3.34,1.8,2325.7,2.35,1.364,55.1
PET,2.83,5.63,0.481,GGBS,29.6,25.9,6.5,19.7,3.0,1.5,2383.0,2.46,1.226,48.7
PET,4.74,1.15,0.406,silica fume,17.9,25.9,27.8,53.27,5.28,5.63,2339.1,1.81,1.207,74.2
PET,0.39,14.68,0.469,silica fume,15.8,25.9,28.3,50.94,5.63,5.1,2349.6,2.59,1.296,71.9
PET,0.03,1.72,0.433,none,0.0,29.0,90.0,76.75,6.05,6.93,2351.1,2.79,1.333,65.8
PET,2.32,14.26,0.65,silica fume,10.5,40.6,6.9,15.64,2.63,1.38,2323.2,3.7,1.283,34.5
PET,0.43,2.77,0.496,none,0.0,19.4,7.2,18.53,3.08,1.42,2342.7,3.46,1.333,35.6
PET,0.94,0.89,0.545,silica fume,16.4,27.1,13.6,32.13,3.73,2.62,2327.8,3.14,1.37,60.7
PET,3.26,4.6,0.432,GGBS,10.9,43.4,27.9,53.76,5.37,4.4,2327.7,2.32,1.228,71.5
PET,3.12,3.42,0.531,none,0.0,26.3,7.3,16.86,2.45,1.72,2333.1,3.44,1.225,38.9
PET,1.11,6.91,0.448,fly ash,28.6,50.0,28.2,56.41,4.74,4.44,2282.7,2.91,1.285,68.8
PET,1.41,3.34,0.445,none,0.0,46.5,27.5,48.66,5.08,4.69,2364.3,3.03,1.296,66.4
PET,0.69,13.83,0.389,none,0.0,75.2,3.0,12.73,2.51,1.28,2306.9,2.43,1.354,35.3
PET,3.75,0.99,0.486,fly ash,11.7,19.9,7.5,20.51,3.16,1.97,2328.2,2.55,1.208,45.6
PET,0.58,6.36,0.404,fly ash,26.6,25.2,56.1,82.3,6.39,8.0,2373.7,2.17,1.321,72.7
PP,16.3,14.38,0.473,GGBS,15.5,64.8,7.3,5.54,1.56,0.58,2202.6,3.62,1.052,30.3
PP,23.77,18.32,0.427,none,0.0,27.3,6.6,5.01,1.3,0.43,2149.1,4.03,0.91,27.3
PP,35.78,12.16,0.477,fly ash,16.4,56.7,6.6,5.03,1.37,0.43,2108.6,4.73,0.61,24.8
PP,8.15,8.69,0.434,silica fume,10.6,24.6,7.0,11.26,2.01,1.04,2331.1,2.63,1.278,37.9
PP,3.79,6.91,0.477,GGBS,24.9,26.6,90.0,48.14,4.96,3.82,2364.0,2.53,1.274,62.3
PP,12.8,15.26,0.455,none,0.0,31.0,13.5,10.93,2.43,1.03,2271.6,3.71,1.143,29.3
PP,16.76,4.73,0.505,silica fume,15.4,21.2,7.0,5.0,1.42,0.52,2214.6,3.13,1.155,20.9
PP,20.83,4.46,0.59,none,0.0,70.8,90.0,14.86,2.52,1.33,2178.4,5.8,1.067,21.5
PP,34.5,5.69,0.351,none,0.0,30.6,27.5,13.06,2.14,1.43,2158.6,3.85,0.713,32.9
PP,0.51,7.57,0.446,silica fume,9.1,20.6,6.9,12.48,2.55,1.06,2337.0,2.72,1.408,37.1
PP,33.09,5.33,0.383,fly ash,20.2,27.6,14.5,7.67,1.72,0.75,2144.4,3.43,0.766,27.6
PP,23.05,6.95,0.444,silica fume,5.2,24.9,27.7,11.16,1.86,0.99,2243.6,2.74,0.904,38.9
PP,32.2,9.92,0.371,GGBS,12.1,34.7,6.6,5.0,1.37,0.4,2097.9,3.14,0.768,30.5
PP,8.42,12.52,0.446,GGBS,27.8,27.0,7.0,11.55,2.1,0.91,2277.5,2.76,1.179,37.8
PP,7.74,7.51,0.591,none,0.0,25.0,90.0,29.74,4.4,3.16,2258.3,4.65,1.239,39.5
PP,18.89,12.57,0.585,silica fume,14.4,61.7,28.4,8.66,1.68,0.74,2181.4,3.86,1.029,26.2
PP,1.41,7.07,0.469,fly ash,25.0,20.3,89.6,50.25,4.89,4.71,2355.7,2.9,1.219,66.2
PP,35.08,13.93,0.552,silica fume,13.7,32.5,7.3,5.0,1.32,0.4,2088.0,4.77,0.739,24.7
PP,2.83,4.53,0.47,none,0.0,60.8,7.3,11.16,2.07,1.03,2345.8,3.1,1.34,30.3
PP,35.39,6.63,0.475,GGBS,15.2,41.9,90.0,18.09,2.44,1.47,2111.2,4.41,0.777,37.7
PP,33.24,14.75,0.406,fly ash,23.3,75.0,28.1,12.14,2.29,0.95,2118.2,3.71,0.712,33.8
PP,11.85,7.74,0.478,none,0.0,45.1,7.1,8.92,1.65,0.78,2304.4,3.54,1.188,26.7
PP,26.69,4.99,0.445,silica fume,10.7,20.3,6.8,5.0,1.21,0.49,2128.4,3.63,0.909,28.9
PP,8.08,7.31,0.47,GGBS,24.3,28.6,55.9,30.78,4.27,2.35,2280.5,3.05,1.246,51.3
PP,34.73,9.43,0.553,silica fume,12.5,22.1,27.7,9.0,1.85,0.87,2132.6,4.7,0.684,24.8
PP,7.28,8.29,0.612,fly ash,15.3,29.6,13.8,14.87,2.51,1.51,2261.8,4.29,1.137,30.9
PP,3.82,16.79,0.516,GGBS,28.6,20.0,55.7,31.13,4.8,2.62,2277.6,3.71,1.211,52.1
PP,13.06,13.94,0.509,fly ash,14.6,27.9,27.6,18.29,2.56,1.93,2235.8,3.87,1.068,37.8
PP,25.38,5.83,0.54,none,0.0,18.3,6.6,5.0,1.19,0.43,2192.8,5.0,0.866,21.1
PP,31.8,8.71,0.441,none,0.0,25.4,7.0,5.0,1.27,0.38,2119.5,4.32,0.767,17.1
PP,26.49,12.89,0.479,none,0.0,27.1,13.9,6.94,1.43,0.72,2097.4,4.66,0.893,25.2
PP,17.89,5.86,0.431,fly ash,13.3,45.3,28.0,11.14,2.05,1.2,2239.3,3.67,0.969,33.6
PP,37.52,16.83,0.404,none,0.0,29.2,7.3,5.0,1.37,0.52,2084.7,4.69,0.683,25.4
PP,23.23,5.36,0.499,none,0.0,68.9,3.0,5.0,1.38,0.41,2168.2,4.55,0.98,23.4
PP,32.96,11.12,0.431,silica fume,12.7,27.1,13.7,6.81,1.64,0.53,2140.9,3.79,0.816,27.7
PP,15.0,4.11,0.381,none,0.0,25.0,14.5,11.58,2.27,1.02,2236.1,3.07,1.052,33.9
PP,31.54,8.58,0.466,GGBS,18.7,21.5,6.8,5.47,1.38,0.45,2131.4,4.48,0.786,27.6
PP,36.42,17.98,0.508,GGBS,24.4,33.4,28.3,10.39,1.89,0.79,2091.1,4.76,0.651,23.4
PP,5.74,12.88,0.547,silica fume,16.9,20.5,7.1,10.85,2.13,1.17,2281.6,3.43,1.245,32.5
PP,27.76,8.07,0.435,none,0.0,58.7,28.4,10.11,1.95,1.02,2120.3,4.26,0.87,28.2
PP,5.96,5.97,0.35,none,0.0,25.8,7.5,13.48,2.17,1.26,2334.7,2.68,1.256,35.9
PP,15.63,5.94,0.35,fly ash,12.2,22.9,7.3,7.05,1.56,0.55,2236.8,2.67,1.071,29.5
PP,27.22,9.72,0.572,GGBS,27.9,34.7,55.6,11.78,2.15,1.29,2156.3,4.86,0.847,28.0
PP,27.62,9.31,0.521,fly ash,22.5,29.7,90.0,15.31,2.54,1.59,2161.3,4.67,0.808,32.6
PP,7.02,8.02,0.475,GGBS,10.7,23.0,27.7,23.37,3.09,1.81,2257.0,2.81,1.209,43.6
PP,13.49,10.58,0.444,none,0.0,65.1,89.7,28.87,4.14,2.6,2228.6,3.5,1.122,43.4
PP,32.18,6.93,0.508,none,0.0,25.3,3.3,5.06,1.4,0.45,2100.7,5.02,0.779,23.1
PP,34.82,6.41,0.498,none,0.0,21.9,28.4,8.54,1.92,0.89,2075.6,5.43,0.676,21.1
PP,19.73,5.31,0.396,none,0.0,43.6,89.9,17.14,3.36,1.36,2236.3,3.54,1.001,37.6
PP,18.44,4.04,0.392,none,0.0,25.0,27.9,10.15,2.27,1.0,2270.7,3.06,0.999,32.0
PP,31.91,5.97,0.421,GGBS,27.2,25.7,28.2,10.89,2.06,0.96,2102.0,3.82,0.744,33.2
PP,18.47,16.21,0.393,none,0.0,21.3,28.5,10.96,1.96,1.13,2198.0,3.43,1.007,29.3
PP,28.08,17.72,0.495,silica fume,5.1,25.2,14.3,6.38,1.53,0.67,2094.6,3.81,0.891,28.6
PP,7.27,8.34,0.388,none,0.0,41.4,13.6,19.5,3.04,1.88,2312.4,2.81,1.278,41.8
PP,19.53,4.38,0.547,fly ash,20.6,30.0,28.3,9.3,2.03,0.81,2237.7,4.51,1.014,23.2
PP,11.63,13.02,0.466,GGBS,29.0,19.4,27.6,20.41,2.86,1.67,2243.8,3.15,1.158,40.3
PP,37.21,11.45,0.636,GGBS,10.7,26.8,7.1,5.0,1.34,0.39,2101.8,5.98,0.658,14.0
PP,32.42,16.12,0.488,none,0.0,39.6,28.1,8.56,1.96,0.93,2159.0,5.32,0.758,17.0
PP,9.97,5.3,0.35,none,0.0,77.5,27.6,29.68,3.72,2.58,2253.2,2.38,1.213,45.1
PP,11.56,5.15,0.65,none,0.0,26.2,3.0,5.0,1.24,0.44,2253.2,5.84,1.102,16.9
PP,31.14,10.4,0.395,none,0.0,78.4,56.2,16.72,2.63,1.37,2089.2,3.88,0.794,32.6
PP,25.15,6.6,0.416,fly ash,25.4,24.4,13.6,7.41,1.73,0.71,2162.5,3.66,0.964,26.7
PP,26.73,5.47,0.547,GGBS,12.4,26.5,90.0,14.45,2.23,1.37,2160.4,4.56,0.86,30.4
PP,24.62,12.17,0.439,fly ash,21.2,72.2,90.0,16.77,2.74,1.52,2173.6,4.02,0.908,35.8
PP,16.19,7.15,0.513,none,0.0,29.5,89.8,19.7,2.85,1.96,2238.7,4.41,1.109,31.6
PP,14.92,5.86,0.351,silica fume,12.5,28.6,28.2,20.25,3.11,2.18,2224.3,1.96,1.112,46.2
PP,26.63,6.02,0.46,silica fume,14.1,23.5,28.4,9.9,2.04,0.85,2143.9,3.58,0.89,29.8
PP,29.51,7.6,0.352,GGBS,19.6,19.0,56.5,17.31,2.65,1.3,2115.5,3.18,0.75,37.6
PP,19.78,5.73,0.47,silica fume,19.5,28.8,89.6,18.5,2.8,1.51,2263.9,2.93,1.023,43.2
PP,20.34,4.05,0.569,GGBS,25.5,26.9,55.7,11.82,2.43,1.06,2247.0,4.77,0.945,30.1
PP,11.26,12.83,0.51,none,0.0,25.0,13.8,12.8,2.04,1.01,2215.9,4.27,1.151,24.7
PP,3.13,7.49,0.471,fly ash,28.3,66.7,55.6,42.42,4.61,4.49,2324.1,3.14,1.232,64.8
PP,17.65,5.49,0.425,none,0.0,20.1,27.8,10.34,1.87,0.87,2212.4,3.64,1.052,31.0
PP,16.21,5.91,0.535,silica fume,16.3,22.5,28.1,10.46,2.24,0.98,2233.5,4.05,1.089,32.0
PP,19.62,5.27,0.57,fly ash,11.3,48.4,7.1,5.14,1.23,0.44,2198.2,4.47,0.982,27.8
PP,18.03,13.37,0.401,none,0.0,64.9,27.8,10.14,2.45,0.94,2200.0,2.99,1.033,36.9
PP,39.85,9.78,0.374,GGBS,25.9,38.7,28.1,12.08,2.15,0.99,2053.5,3.64,0.662,33.1
PP,11.12,7.8,0.377,silica fume,19.3,74.4,3.4,7.15,1.6,0.59,2254.0,1.92,1.281,39.0
PP,5.3,18.08,0.358,fly ash,10.2,21.6,89.9,49.32,5.42,4.24,2258.9,2.22,1.203,71.9
PP,23.11,6.15,0.444,GGBS,19.2,29.8,28.3,9.21,2.07,0.95,2193.5,3.47,0.882,26.8
PP,10.3,7.88,0.399,GGBS,10.4,19.3,6.5,9.01,1.88,0.69,2313.8,2.78,1.173,42.3
PP,15.37,5.32,0.391,none,0.0,24.7,27.9,14.99,2.8,1.56,2227.2,2.93,1.029,32.4
PP,23.06,4.33,0.446,fly ash,13.9,26.0,13.6,6.38,1.53,0.56,2198.7,3.69,0.898,28.7
PP,7.22,7.53,0.438,none,0.0,24.5,89.8,42.17,3.96,4.33,2317.8,3.2,1.2,53.7
PP,26.11,8.42,0.52,none,0.0,25.4,28.5,9.12,1.59,0.95,2129.7,4.84,0.908,17.3
PP,8.69,11.06,0.508,fly ash,12.2,28.1,27.9,21.13,3.03,1.96,2290.5,3.23,1.226,37.1
PP,18.43,9.03,0.488,GGBS,10.3,18.0,27.5,8.17,1.75,0.63,2192.1,4.09,1.057,34.7
PP,24.4,14.15,0.365,silica fume,6.6,27.0,28.1,12.57,1.91,1.13,2211.8,2.59,0.91,40.1
PP,31.64,7.55,0.385,GGBS,26.8,32.2,27.7,11.37,2.22,1.08,2115.5,3.73,0.764,31.4
PP,21.56,17.99,0.4,none,0.0,20.5,27.7,10.14,1.97,0.87,2211.3,3.25,1.026,27.5
PP,37.42,13.53,0.534,none,0.0,55.6,27.5,8.58,1.87,0.76,2089.8,5.96,0.719,19.0
PP,0.0,7.18,0.437,silica fume,10.5,26.7,28.4,37.93,3.76,3.6,2357.8,2.11,1.409,61.8
PP,9.12,6.61,0.485,fly ash,14.4,43.0,28.2,23.33,2.97,2.13,2252.2,3.51,1.104,44.1
PP,24.31,7.06,0.556,fly ash,22.4,35.8,28.0,9.32,1.87,0.95,2173.0,4.83,0.94,24.5
PP,38.66,4.06,0.62,none,0.0,77.8,90.0,11.49,2.36,1.03,2039.5,6.58,0.729,14.1
PP,13.81,17.28,0.476,GGBS,12.8,26.5,27.8,16.49,2.49,1.26,2226.4,2.92,1.141,35.0
PP,19.63,6.84,0.4,fly ash,17.1,50.7,27.9,12.1,2.34,1.23,2216.2,3.14,0.975,41.4
PP,37.66,5.19,0.498,silica fume,18.6,20.0,28.3,9.57,1.97,0.81,2050.2,4.05,0.719,28.8
PP,39.92,11.78,0.52,none,0.0,44.6,28.4,9.72,1.63,1.04,2054.6,5.17,0.618,21.4
PP,14.11,7.45,0.422,fly ash,11.8,19.8,28.2,17.63,2.85,1.64,2256.9,3.33,1.031,38.5
PP,23.73,8.42,0.547,GGBS,13.5,22.5,14.3,6.48,1.51,0.65,2173.5,4.73,0.967,23.3
PP,3.73,8.11,0.619,GGBS,23.8,23.4,56.2,30.13,4.33,3.29,2304.3,3.87,1.294,46.9
PP,28.77,17.51,0.35,none,0.0,27.9,6.9,5.0,1.3,0.44,2156.4,3.47,0.869,28.1
PP,25.74,6.73,0.35,silica fume,14.6,32.6,28.1,14.1,2.46,1.54,2145.1,2.58,0.917,39.0
PP,11.7,17.87,0.401,silica fume,7.0,27.6,7.0,9.83,1.97,1.03,2260.7,2.57,1.096,42.2
PP,28.87,7.66,0.475,fly ash,12.9,46.7,27.9,9.38,2.27,0.98,2147.5,4.32,0.804,28.6
PP,22.45,14.65,0.435,none,0.0,39.3,7.2,5.0,1.34,0.42,2189.8,4.05,0.99,31.0
PP,5.06,15.21,0.524,silica fume,6.9,73.1,6.8,10.54,2.2,0.82,2314.9,3.26,1.234,31.2
PP,26.82,12.91,0.579,silica fume,11.0,66.3,28.2,9.78,1.95,0.85,2134.8,4.37,0.944,24.0
PP,13.78,9.72,0.35,GGBS,11.7,43.0,27.9,22.19,2.79,2.15,2263.8,2.01,1.162,50.3
PP,31.64,11.94,0.505,none,0.0,57.6,14.1,6.25,1.54,0.53,2069.3,5.36,0.776,19.7
PP,37.42,5.74,0.434,none,0.0,54.5,27.9,10.63,1.75,1.0,2088.5,5.38,0.721,24.7
PP,7.22,7.23,0.554,none,0.0,24.0,7.4,9.27,1.89,0.92,2306.8,3.99,1.167,27.1
PP,36.58,5.67,0.537,silica fume,11.3,42.6,3.0,5.0,1.23,0.45,2089.3,4.09,0.742,23.2
PP,25.43,10.19,0.416,fly ash,22.4,41.5,13.5,7.98,1.74,0.81,2124.2,3.83,0.881,31.2
PP,26.47,17.45,0.416,silica fume,12.9,59.6,3.0,5.13,1.22,0.39,2169.9,3.44,0.905,36.2
PP,25.93,8.31,0.488,fly ash,22.7,26.1,28.3,10.14,1.94,0.94,2121.6,3.97,0.847,33.3
PP,23.84,12.29,0.473,GGBS,16.0,45.3,55.8,13.09,2.94,1.43,2216.6,3.84,0.937,33.2
PP,19.85,5.1,0.365,none,0.0,44.6,13.9,8.17,1.82,0.62,2202.7,3.06,1.01,32.4
PP,15.03,7.09,0.445,GGBS,17.9,62.1,28.4,14.88,3.09,1.29,2224.7,2.85,1.057,46.8
PP,33.8,4.48,0.35,silica fume,9.3,43.6,6.8,5.0,1.38,0.49,2096.6,3.29,0.77,30.8
PP,8.08,4.56,0.518,none,0.0,29.1,56.0,27.21,3.98,2.91,2318.9,3.93,1.223,40.3
PP,37.4,17.71,0.542,silica fume,11.6,24.2,14.3,6.8,1.49,0.6,2081.7,4.53,0.724,28.0
PP,38.21,13.83,0.469,GGBS,10.1,19.2,56.0,12.67,2.19,1.12,2060.8,4.4,0.682,29.6
PP,4.09,14.82,0.431,GGBS,16.5,46.0,14.1,20.7,3.54,2.05,2300.9,2.77,1.282,45.6
PP,29.53,13.95,0.571,none,0.0,28.6,55.8,10.16,2.12,1.03,2169.0,5.4,0.887,13.9
PP,29.98,7.92,0.398,none,0.0,38.4,27.8,11.82,1.99,1.2,2078.2,4.3,0.829,30.2
PP,33.01,6.67,0.49,GGBS,23.1,68.0,27.8,10.88,1.9,0.89,2066.7,4.29,0.739,29.4
PP,25.66,5.45,0.5,GGBS,10.0,22.4,14.2,5.88,1.47,0.48,2158.7,4.04,0.883,22.1
PP,37.27,12.44,0.514,none,0.0,38.9,89.9,14.48,2.52,1.17,2097.4,5.57,0.66,26.2
PP,35.89,9.38,0.443,none,0.0,61.3,3.0,5.01,1.1,0.45,2078.0,4.76,0.723,22.9
PP,9.25,6.34,0.444,silica fume,11.2,26.1,13.9,17.89,2.8,1.4,2291.8,2.58,1.153,45.1
PP,33.25,5.98,0.357,GGBS,13.8,73.5,55.7,16.79,3.12,1.46,2119.9,3.44,0.776,39.6
PP,28.09,11.25,0.497,silica fume,7.5,18.2,28.1,9.04,1.94,0.83,2137.5,3.73,0.844,30.9
PP,37.29,5.52,0.447,fly ash,21.9,22.6,7.1,5.0,1.18,0.5,2106.9,4.52,0.716,26.2
PP,10.5,4.31,0.61,none,0.0,18.1,56.1,19.6,3.48,2.09,2229.0,5.18,1.096,32.0
PP,30.1,8.93,0.479,silica fume,13.8,50.6,55.5,15.9,2.44,1.3,2147.6,3.76,0.827,37.7
PP,15.67,12.0,0.507,fly ash,13.4,64.0,28.2,14.0,2.18,1.45,2198.7,3.41,1.013,35.4
PP,33.04,9.18,0.421,fly ash,15.4,25.3,28.5,10.93,1.96,0.97,2080.1,3.66,0.753,38.0
PP,35.64,8.95,0.506,none,0.0,31.4,27.7,9.11,1.94,0.73,2150.5,5.01,0.794,24.2
PP,4.2,11.79,0.468,GGBS,20.4,24.7,28.2,26.29,3.56,2.85,2329.0,3.14,1.28,51.3
PP,6.54,4.38,0.35,GGBS,16.8,56.1,27.7,33.97,4.16,2.57,2303.3,2.46,1.23,51.9
PP,3.29,10.44,0.4,GGBS,10.0,32.7,28.0,29.77,4.2,2.4,2315.7,2.11,1.288,54.0
PP,26.09,10.96,0.437,GGBS,13.1,19.4,90.0,18.04,2.81,1.39,2175.8,3.27,0.893,34.2
PP,7.13,10.51,0.447,none,0.0,46.0,56.3,39.56,4.83,3.77,2271.4,3.04,1.249,58.1
PP,5.3,11.44,0.463,silica fume,18.1,44.2,6.7,11.27,2.09,1.02,2303.4,2.95,1.341,35.9
PP,12.38,4.01,0.415,silica fume,15.0,29.2,7.4,9.39,2.03,0.82,2251.6,2.02,1.157,42.2
PP,3.07,13.24,0.605,GGBS,22.4,18.5,7.1,8.95,1.82,0.7,2304.2,3.93,1.335,30.8
PP,22.37,4.7,0.433,none,0.0,24.0,13.9,6.73,1.43,0.51,2135.4,3.89,1.003,23.1
PP,15.59,5.38,0.451,GGBS,24.4,23.3,28.1,14.81,2.29,1.56,2269.5,3.57,1.027,31.6
PP,21.24,12.12,0.568,silica fume,8.3,19.3,28.4,8.89,1.92,0.76,2179.8,3.92,1.027,24.6
PP,2.27,8.32,0.426,silica fume,10.8,22.7,56.1,44.25,4.22,4.15,2315.7,2.36,1.28,68.3
PP,24.79,9.72,0.501,fly ash,17.9,22.3,28.1,9.46,1.81,0.93,2108.3,4.15,0.832,27.5
PP,6.03,13.11,0.35,silica fume,14.9,34.2,27.9,31.75,4.39,3.31,2307.3,1.81,1.292,57.6
PP,5.84,14.12,0.532,fly ash,20.7,23.9,27.8,25.01,3.03,2.24,2274.2,3.9,1.205,42.3
PP,15.43,4.63,0.431,silica fume,18.8,18.2,56.1,20.96,3.03,1.8,2251.1,2.36,1.089,50.9
PP,22.16,6.87,0.468,GGBS,19.3,20.6,56.4,12.65,2.63,1.32,2186.2,3.82,0.874,34.8
PP,8.73,9.71,0.56,none,0.0,29.1,56.5,25.3,3.47,2.67,2275.4,4.5,1.185,32.8
PP,32.8,5.71,0.476,GGBS,17.0,24.5,56.3,12.52,2.15,1.22,2088.8,4.3,0.77,29.7
PP,38.29,16.5,0.549,silica fume,12.5,29.2,28.0,9.7,2.15,0.99,2058.8,4.34,0.596,26.0
PP,33.22,6.61,0.371,none,0.0,73.2,14.0,7.04,1.83,0.59,2095.3,3.67,0.754,29.8
PP,37.03,9.51,0.57,silica fume,13.4,22.9,89.7,13.96,2.34,1.07,2049.4,4.84,0.711,32.0
PP,36.03,6.81,0.35,none,0.0,37.0,7.1,5.73,1.22,0.44,2103.5,3.74,0.648,27.6
PP,38.37,8.21,0.377,fly ash,19.7,79.5,56.1,18.09,2.58,1.56,2007.3,3.85,0.67,43.1
PP,15.49,5.16,0.529,none,0.0,28.3,28.1,12.4,1.98,1.05,2238.3,5.16,1.096,24.1
PP,8.41,6.01,0.445,none,0.0,57.5,27.5,25.77,3.19,2.32,2302.7,3.34,1.224,39.3
PP,39.36,9.35,0.427,none,0.0,20.5,27.9,10.26,1.65,0.86,2032.6,4.67,0.665,17.4
PP,22.68,13.01,0.457,none,0.0,29.3,28.1,10.07,1.95,0.97,2160.1,4.34,0.909,23.5
PP,31.43,10.75,0.495,fly ash,15.6,67.6,56.2,12.63,2.13,1.32,2145.5,4.7,0.74,26.1
PP,16.23,10.67,0.505,silica fume,18.3,43.6,89.7,18.19,3.26,1.38,2196.2,3.27,1.104,35.7
PP,19.07,8.9,0.556,none,0.0,23.7,90.0,12.87,2.37,1.34,2200.0,4.61,1.022,21.4
PP,0.58,15.61,0.547,fly ash,10.4,27.9,14.3,16.24,2.87,1.74,2334.7,3.56,1.265,34.5
PP,16.05,15.1,0.557,fly ash,13.4,28.6,27.9,10.54,2.21,1.01,2205.3,4.77,1.07,26.4
PP,35.96,11.7,0.551,GGBS,21.1,18.0,13.6,5.87,1.46,0.56,2095.5,4.73,0.63,24.4
PP,10.43,8.98,0.401,silica fume,11.5,23.3,28.0,27.0,3.11,2.19,2245.2,2.47,1.212,52.7
PP,24.58,7.99,0.44,fly ash,23.6,37.0,27.9,11.0,2.14,0.84,2194.3,3.74,0.865,30.5
PP,10.45,18.13,0.538,fly ash,10.2,44.0,27.6,20.72,2.64,1.7,2247.9,3.72,1.172,40.5
PP,22.8,14.94,0.538,GGBS,12.7,25.6,28.3,8.98,1.97,0.88,2154.0,4.46,0.924,32.1
PP,36.33,11.57,0.41,none,0.0,29.4,6.9,5.1,1.29,0.49,2073.5,4.3,0.763,19.2
PP,9.16,4.22,0.52,none,0.0,32.9,14.4,11.97,2.62,0.97,2245.8,4.46,1.197,26.9
PP,22.98,7.4,0.511,silica fume,7.6,29.4,14.4,6.37,1.66,0.67,2143.0,3.31,1.006,25.4
PP,15.56,7.12,0.403,none,0.0,26.7,56.0,19.39,3.26,1.56,2222.9,3.27,1.088,33.8
PP,14.14,10.73,0.571,silica fume,11.5,48.3,7.2,7.21,1.71,0.69,2240.4,3.47,1.118,30.6
PP,30.47,8.03,0.464,fly ash,17.8,25.6,90.0,16.69,2.97,1.3,2144.7,4.14,0.661,39.6
PP,9.34,6.72,0.504,silica fume,11.9,19.6,7.4,9.82,1.89,1.04,2263.3,3.43,1.204,32.7
PP,21.19,12.09,0.38,fly ash,19.1,69.6,28.1,13.66,2.41,1.46,2231.6,3.41,0.954,35.2
PP,3.14,12.2,0.463,fly ash,28.8,72.5,14.0,20.85,3.62,2.28,2324.8,2.78,1.18,48.6
PP,38.17,8.23,0.35,none,0.0,25.2,27.9,11.56,1.83,1.11,2075.4,4.07,0.691,31.8
PP,37.12,5.23,0.405,GGBS,27.2,41.6,13.9,8.1,1.54,0.72,2033.8,3.99,0.716,31.8
PP,14.07,5.09,0.445,GGBS,23.0,43.3,28.1,17.73,2.71,1.55,2247.1,2.89,1.087,36.3
PP,16.02,10.96,0.358,silica fume,10.1,23.5,7.0,7.33,1.67,0.73,2234.5,2.28,1.052,35.7
PP,0.23,13.44,0.379,GGBS,16.3,26.1,6.8,12.9,2.42,1.19,2304.0,2.23,1.308,42.9
PP,10.89,5.66,0.423,silica fume,13.5,24.5,3.3,6.13,1.58,0.51,2263.6,2.54,1.17,29.7
PP,3.68,4.4,0.35,fly ash,14.1,66.0,6.9,17.31,2.4,1.86,2346.8,1.97,1.29,39.7
PP,26.81,14.76,0.418,fly ash,23.7,58.4,6.5,5.02,1.28,0.45,2192.6,3.92,0.879,29.0
PP,16.47,11.82,0.396,silica fume,14.2,28.6,6.7,6.37,1.61,0.48,2251.5,2.42,1.11,31.5
PP,27.4,7.75,0.397,fly ash,29.6,19.3,89.7,16.07,3.01,1.43,2136.1,3.77,0.904,42.7
PP,7.08,7.76,0.44,none,0.0,28.8,55.7,34.57,4.21,2.6,2255.1,3.4,1.199,43.2
PP,32.0,9.53,0.56,fly ash,18.3,24.0,13.9,5.9,1.5,0.47,2112.2,5.04,0.762,19.5
PP,32.0,5.34,0.392,fly ash,22.1,27.8,27.8,11.94,1.94,1.28,2133.1,3.91,0.782,28.3
PP,31.97,4.53,0.516,silica fume,13.8,32.9,55.7,12.98,2.13,1.12,2145.8,4.33,0.83,37.7
PP,6.49,15.88,0.381,GGBS,29.0,42.8,28.3,34.01,3.78,3.49,2295.9,2.18,1.232,56.2
PP,19.36,7.13,0.528,silica fume,6.3,37.2,6.8,5.35,1.38,0.45,2217.3,4.03,0.999,23.8
PP,19.79,17.78,0.527,GGBS,23.1,36.3,90.0,16.69,2.88,1.62,2171.9,4.32,0.978,39.1
PP,6.16,15.51,0.471,GGBS,20.0,28.2,14.5,16.98,2.86,1.5,2325.7,2.89,1.258,43.2
PP,16.11,12.58,0.527,silica fume,12.9,23.5,7.3,5.69,1.32,0.54,2216.8,3.68,1.121,22.1
PP,23.99,6.79,0.417,fly ash,18.0,23.6,6.8,5.2,1.45,0.42,2193.4,3.66,0.875,27.7
PP,3.44,9.54,0.419,GGBS,14.0,29.4,56.0,40.5,4.27,4.12,2309.8,3.08,1.238,62.7
PP,30.3,8.52,0.509,none,0.0,18.2,89.7,12.95,2.29,1.2,2154.9,5.52,0.754,27.5
PP,21.97,7.99,0.454,none,0.0,21.7,7.1,5.0,1.23,0.54,2169.5,4.44,1.015,27.8
PP,38.15,12.89,0.492,none,0.0,18.8,27.8,8.79,1.89,0.72,2066.7,5.21,0.644,22.4
PP,0.34,14.02,0.649,silica fume,8.1,52.3,55.7,31.81,4.1,2.69,2302.6,3.95,1.491,49.6
PP,22.61,5.4,0.429,GGBS,27.1,29.0,90.0,17.89,2.6,1.83,2230.3,2.81,0.932,44.6
PP,31.33,5.5,0.45,none,0.0,27.9,90.0,15.67,2.61,1.57,2159.2,4.53,0.802,24.1
PP,3.46,6.25,0.451,fly ash,24.2,28.3,27.8,30.92,4.2,3.2,2317.0,3.0,1.259,51.8
PP,29.28,6.94,0.411,GGBS,13.4,70.3,28.0,12.62,2.15,1.26,2124.2,3.73,0.872,29.2
PP,7.45,7.06,0.35,none,0.0,28.2,90.0,45.63,5.37,3.65,2365.0,2.19,1.158,64.8
PP,25.89,8.33,0.393,silica fume,8.2,24.9,28.1,11.45,2.24,1.06,2181.6,2.62,0.889,33.7
PP,32.9,8.34,0.493,fly ash,28.3,19.3,90.0,15.49,2.41,1.35,2170.6,4.71,0.735,29.0
PP,7.19,4.68,0.417,none,0.0,18.9,56.5,36.35,4.45,3.8,2317.0,2.91,1.267,51.6
PP,35.61,5.19,0.557,silica fume,11.8,30.6,14.0,6.33,1.67,0.49,2118.4,4.69,0.733,23.8
PP,24.23,12.5,0.405,silica fume,11.2,28.7,56.4,16.07,2.68,1.72,2158.6,2.83,0.968,43.8
PP,24.88,9.77,0.489,silica fume,19.3,19.5,3.3,5.0,1.28,0.51,2156.2,3.64,0.865,29.5
PP,29.92,5.99,0.46,none,0.0,74.6,28.0,9.55,1.98,1.0,2110.8,4.78,0.796,27.9
PP,2.51,7.34,0.35,fly ash,18.3,29.3,55.7,47.3,5.25,4.25,2335.3,1.62,1.162,73.2
PP,33.27,11.77,0.366,none,0.0,28.8,27.7,9.85,2.17,1.0,2141.8,3.88,0.752,27.3
PP,11.03,16.15,0.434,fly ash,21.3,25.6,90.0,35.24,4.46,2.71,2272.8,3.32,1.069,53.2
PP,15.96,9.71,0.427,silica fume,17.0,22.0,89.6,22.82,3.2,2.18,2244.0,3.1,1.109,46.8
PP,11.96,11.14,0.471,fly ash,28.4,69.4,27.8,22.4,2.89,1.79,2255.5,3.29,1.106,40.1
PP,26.64,7.0,0.515,none,0.0,40.8,7.1,5.31,1.2,0.44,2142.5,5.34,0.914,22.7
PP,25.29,11.06,0.477,silica fume,14.6,22.1,90.0,16.53,2.73,1.38,2182.8,3.58,0.934,40.8
PP,5.28,10.59,0.438,silica fume,17.3,27.8,14.2,21.5,3.14,1.71,2298.3,2.03,1.35,49.7
PP,29.88,11.25,0.548,GGBS,17.7,64.8,13.7,6.04,1.46,0.63,2147.8,4.79,0.799,26.2
PP,24.59,14.15,0.35,GGBS,28.1,60.9,13.6,9.53,1.87,0.8,2182.9,2.76,0.926,35.0
PP,24.43,9.82,0.489,GGBS,16.1,25.5,28.2,10.22,1.97,0.99,2171.6,3.86,0.884,24.0
PP,15.51,7.64,0.468,none,0.0,31.6,7.3,5.89,1.66,0.57,2218.4,4.02,1.116,25.8
PP,14.44,6.54,0.435,none,0.0,79.3,27.6,15.51,2.58,1.21,2278.4,3.77,1.115,32.3
PP,14.56,7.34,0.501,silica fume,17.2,46.3,14.4,10.03,2.36,0.95,2266.2,3.1,1.108,38.3
PP,8.28,5.43,0.511,silica fume,14.6,20.9,27.9,22.65,3.59,1.78,2286.0,3.36,1.244,44.1
PP,37.68,4.73,0.543,fly ash,12.8,43.3,28.4,8.8,1.99,0.82,2078.0,5.52,0.656,12.7
PP,19.0,11.05,0.403,fly ash,25.0,26.9,13.7,6.7,1.77,0.6,2209.3,3.15,0.983,35.9
PP,9.14,4.73,0.497,GGBS,22.2,18.9,55.7,26.21,3.84,2.46,2245.6,3.1,1.174,50.5
PP,26.1,10.33,0.42,GGBS,19.8,26.4,55.6,15.62,2.9,1.7,2160.3,3.65,0.887,35.4
PP,4.13,8.01,0.405,none,0.0,42.5,28.1,28.79,4.25,2.48,2372.1,2.8,1.281,46.9
PP,4.37,16.98,0.466,fly ash,18.9,27.8,28.1,23.82,3.58,1.9,2285.9,3.39,1.245,43.1
PP,31.33,6.92,0.396,none,0.0,20.6,56.2,14.17,2.35,1.4,2128.9,3.94,0.754,24.6
PP,1.28,14.3,0.479,none,0.0,23.4,56.0,39.44,4.03,3.94,2367.1,3.08,1.298,55.5
PP,4.54,7.1,0.533,fly ash,25.0,23.1,14.3,17.11,2.5,1.54,2302.7,3.98,1.277,36.9
PP,18.05,8.05,0.466,GGBS,13.8,29.0,3.5,5.0,1.24,0.46,2245.7,3.64,1.107,29.9
PP,17.62,6.23,0.503,none,0.0,20.1,3.2,5.36,1.27,0.56,2230.4,4.33,1.066,21.2
PP,24.82,7.97,0.37,fly ash,19.6,26.4,6.8,5.63,1.16,0.45,2203.6,2.55,0.896,30.0
PP,24.15,16.43,0.573,silica fume,11.2,25.4,89.7,14.74,2.57,1.16,2213.0,3.91,1.033,34.6
PP,34.83,11.44,0.543,silica fume,7.4,34.4,13.6,6.68,1.41,0.67,2092.1,4.43,0.766,27.6
PP,10.29,13.17,0.515,silica fume,14.5,21.2,14.1,14.62,2.74,1.49,2227.3,3.38,1.122,40.2
PP,33.04,8.8,0.488,silica fume,8.6,28.5,6.9,5.0,1.3,0.43,2115.9,4.08,0.794,33.2
PP,1.92,9.15,0.534,none,0.0,20.4,7.5,10.76,2.12,0.87,2283.5,3.57,1.275,24.8
PP,31.8,4.97,0.374,none,0.0,67.5,90.0,20.8,2.82,2.21,2123.9,4.05,0.826,37.7
PP,3.8,6.85,0.475,none,0.0,18.4,3.0,5.0,1.29,0.39,2312.3,3.49,1.275,29.1
PP,10.35,11.04,0.435,fly ash,25.5,38.7,6.7,11.59,1.9,1.13,2303.0,3.43,1.151,31.0
PP,25.8,8.48,0.43,fly ash,28.5,20.4,6.6,5.0,1.4,0.43,2164.4,4.02,0.881,29.6
PP,39.24,13.18,0.482,fly ash,21.1,26.4,89.9,16.62,2.56,1.8,2044.2,5.05,0.627,27.9
PP,12.5,7.85,0.453,silica fume,9.3,21.5,7.0,9.16,1.93,0.72,2214.0,2.8,1.178,32.3
PP,1.25,4.32,0.503,none,0.0,38.4,55.9,34.26,4.37,3.11,2291.0,3.22,1.331,54.1
PP,3.08,12.06,0.635,none,0.0,24.8,28.1,19.45,3.16,1.92,2284.4,4.99,1.328,31.9
PP,33.04,7.74,0.436,fly ash,14.7,66.7,27.7,12.56,1.91,1.19,2157.5,4.54,0.745,29.2
PP,2.08,7.3,0.463,silica fume,9.3,56.3,55.6,36.55,4.77,3.85,2360.1,2.56,1.384,65.8
PP,29.22,9.18,0.546,fly ash,18.8,24.9,55.8,12.25,1.91,1.13,2118.0,4.98,0.771,25.0
PP,19.38,12.7,0.473,none,0.0,37.5,6.7,5.0,1.22,0.41,2247.0,3.95,0.993,23.4
PP,8.8,18.41,0.451,silica fume,17.1,27.3,55.7,34.53,4.73,2.84,2285.0,2.18,1.196,54.3
PP,33.05,4.92,0.511,none,0.0,51.6,56.0,13.6,2.16,1.46,2121.7,5.33,0.706,26.8
PP,30.93,17.03,0.477,none,0.0,23.8,55.5,12.26,2.05,1.27,2113.7,4.83,0.771,23.2
PP,20.78,5.64,0.463,none,0.0,65.8,13.6,6.72,1.66,0.74,2189.1,4.25,0.958,29.8
PP,5.55,10.68,0.393,fly ash,21.7,35.7,55.8,43.63,4.71,3.33,2331.9,2.52,1.23,60.6
PP,27.03,8.4,0.437,none,0.0,29.0,28.3,10.1,1.93,0.79,2080.9,3.81,0.862,31.6
PP,11.4,7.12,0.433,silica fume,9.7,29.9,27.7,22.14,3.39,2.3,2284.3,2.35,1.109,43.3
PP,25.53,16.27,0.547,GGBS,28.9,33.2,28.0,9.09,1.62,1.0,2208.0,4.68,0.881,24.1
PP,14.24,15.88,0.475,fly ash,26.4,23.0,6.5,6.75,1.64,0.58,2197.4,3.57,1.069,28.6
PP,12.62,10.06,0.467,GGBS,15.6,19.1,14.3,13.18,2.4,1.26,2272.8,3.28,1.14,32.8
PP,0.68,6.21,0.426,none,0.0,27.3,14.4,19.42,2.73,2.09,2366.5,2.68,1.327,42.0
PP,35.52,6.37,0.403,GGBS,20.9,24.9,6.6,5.0,1.31,0.42,2157.0,3.3,0.611,30.8
PP,9.67,6.34,0.436,silica fume,5.3,49.3,28.1,26.74,3.24,2.59,2282.4,2.27,1.242,53.4
PP,22.16,6.93,0.408,silica fume,18.2,25.4,7.1,5.0,1.31,0.41,2224.1,2.64,1.002,32.9
PP,6.86,4.36,0.577,none,0.0,43.3,14.0,13.92,2.49,1.47,2319.1,4.62,1.235,23.3
PP,1.1,5.97,0.458,silica fume,8.6,27.1,14.2,19.78,2.93,1.64,2344.7,2.62,1.377,45.0
PP,22.63,4.83,0.456,fly ash,14.8,23.6,28.4,10.12,1.82,0.98,2165.3,3.83,0.866,29.7
PP,23.85,6.44,0.545,none,0.0,58.4,90.0,14.21,2.53,1.14,2184.3,5.01,0.943,22.8
PP,2.4,15.46,0.396,silica fume,7.4,24.2,6.9,14.82,2.55,1.37,2350.4,1.9,1.383,44.4
PP,23.84,8.26,0.583,none,0.0,24.1,27.8,6.85,1.67,0.59,2153.9,5.21,0.966,17.2
PP,0.54,16.21,0.436,silica fume,17.4,30.0,7.3,13.44,2.28,1.41,2336.5,2.75,1.343,48.0
PP,22.87,15.71,0.451,none,0.0,37.0,7.3,5.04,1.31,0.44,2224.2,3.93,0.883,24.5
PP,4.5,5.21,0.381,GGBS,10.5,19.2,28.4,29.83,4.06,3.08,2335.8,1.66,1.263,54.6
PP,8.84,4.0,0.493,GGBS,12.8,36.8,14.2,17.54,2.67,1.76,2289.5,3.41,1.215,41.2
PP,36.26,6.37,0.438,GGBS,25.8,45.7,6.9,5.0,1.26,0.45,2104.8,4.53,0.713,21.1
PP,3.21,4.71,0.43,silica fume,14.9,24.9,90.0,47.37,5.62,4.97,2297.7,2.64,1.308,67.4
PP,39.81,7.44,0.484,fly ash,12.5,20.3,90.0,14.92,2.19,1.62,2050.5,5.01,0.56,32.3
PP,33.82,7.94,0.416,none,0.0,18.1,28.2,11.38,1.66,0.9,2108.8,4.1,0.798,22.2
PP,20.41,18.49,0.437,fly ash,13.4,26.9,27.9,11.1,2.13,1.16,2192.1,3.58,1.015,36.0
PP,21.77,8.0,0.404,silica fume,6.7,21.0,27.7,10.98,2.13,1.18,2216.9,3.34,0.98,33.3
PP,14.47,7.59,0.552,fly ash,14.6,19.6,56.1,17.78,2.94,1.7,2221.9,4.99,1.012,37.1
PP,14.8,15.29,0.394,silica fume,5.1,38.7,56.1,24.13,3.44,2.39,2262.4,2.45,1.103,50.5
PP,32.13,5.4,0.496,silica fume,10.8,74.9,28.2,11.16,1.98,1.15,2104.7,3.8,0.751,25.8
PP,22.98,9.95,0.498,silica fume,18.8,44.6,3.0,5.0,1.15,0.43,2187.5,3.8,0.904,28.7
PP,24.25,13.24,0.601,GGBS,28.1,68.1,90.0,15.62,2.3,1.4,2184.6,4.53,0.896,26.7
PP,0.13,5.91,0.522,fly ash,16.1,26.1,13.9,16.13,2.68,1.7,2322.0,3.14,1.339,38.5
PP,24.87,4.66,0.421,fly ash,26.2,21.0,13.7,6.12,1.74,0.56,2131.7,3.7,0.815,32.1
PP,26.84,7.67,0.424,GGBS,26.6,69.0,13.6,8.14,1.72,0.77,2127.5,3.22,0.866,26.1
PP,25.77,14.07,0.389,fly ash,13.5,21.1,27.6,10.45,2.17,1.01,2182.9,3.15,0.827,34.6
PP,21.76,6.09,0.396,silica fume,11.5,32.3,28.0,11.92,2.38,0.93,2166.6,2.62,0.958,36.6
PP,39.54,4.38,0.439,silica fume,19.1,19.9,7.1,5.14,1.23,0.42,2040.8,4.37,0.7,20.8
PP,37.23,8.1,0.466,GGBS,16.8,26.1,28.4,11.03,2.13,0.96,2072.6,4.76,0.673,29.2
PP,30.36,15.51,0.486,silica fume,17.0,72.3,27.6,10.92,2.13,1.1,2148.0,3.93,0.776,32.8
PP,23.68,9.35,0.492,fly ash,26.3,19.1,14.4,7.5,1.46,0.66,2188.2,4.31,0.797,29.2
PP,9.75,18.49,0.484,none,0.0,22.8,28.2,22.36,2.77,1.91,2304.3,4.04,1.152,34.8
PP,32.78,6.48,0.414,silica fume,13.2,27.8,14.5,7.54,1.8,0.69,2119.9,3.72,0.75,35.1
PP,38.2,5.82,0.458,none,0.0,27.0,27.8,9.37,1.93,0.75,2060.9,4.77,0.647,29.3
PP,18.35,6.06,0.487,none,0.0,29.9,14.4,6.61,1.5,0.56,2236.0,4.62,0.938,22.6
PP,14.69,7.17,0.444,none,0.0,22.3,7.2,6.04,1.47,0.61,2266.3,3.92,1.066,22.9
PP,2.44,9.33,0.369,silica fume,8.9,30.0,27.9,35.11,4.15,2.74,2365.3,2.26,1.365,60.1
PP,28.59,4.58,0.46,none,0.0,70.0,6.8,5.0,1.26,0.53,2129.7,4.43,0.842,27.2
PP,19.81,6.1,0.432,silica fume,14.1,25.6,28.5,11.65,2.12,0.89,2183.4,2.65,0.974,40.6
PP,37.84,10.3,0.515,silica fume,12.8,27.3,7.4,5.0,1.35,0.44,2095.2,4.46,0.65,22.2
PP,39.22,5.36,0.52,GGBS,21.6,32.3,28.3,9.56,1.83,0.99,2035.0,5.19,0.562,24.7
PP,0.97,6.3,0.483,fly ash,28.7,23.2,56.4,35.51,4.28,2.77,2358.4,3.38,1.289,55.2
PP,4.91,9.4,0.46,fly ash,29.4,43.3,28.3,29.19,3.54,2.57,2327.0,2.71,1.13,51.2
PP,35.04,9.21,0.505,none,0.0,29.7,56.0,12.6,2.11,1.11,2048.7,5.23,0.62,23.4
PP,2.58,17.54,0.47,fly ash,10.8,28.9,6.5,10.55,2.07,0.83,2288.2,2.96,1.173,32.5
PP,5.3,18.47,0.35,GGBS,19.2,56.4,28.3,31.86,4.39,2.8,2310.8,1.85,1.342,56.6
PP,15.15,4.28,0.491,GGBS,25.0,44.1,27.6,13.91,2.47,1.22,2199.4,3.55,1.094,36.4
PP,30.05,6.18,0.371,fly ash,27.0,54.4,28.1,12.84,2.21,1.34,2115.8,3.63,0.851,36.2
PP,33.24,6.72,0.44,fly ash,27.2,45.9,28.4,11.05,2.1,1.19,2117.9,4.23,0.732,27.2
PP,6.57,6.04,0.412,fly ash,11.4,39.8,90.0,39.85,5.04,4.12,2347.4,2.76,1.193,58.8
PP,19.42,16.43,0.466,none,0.0,28.8,28.3,9.32,1.76,1.0,2212.6,4.23,1.057,27.5
PP,10.02,16.32,0.518,GGBS,13.4,23.2,3.1,5.0,1.41,0.38,2264.7,3.64,1.138,31.2
PP,29.41,5.63,0.577,fly ash,21.1,47.6,7.3,5.0,1.31,0.47,2157.8,5.33,0.793,25.2
PP,5.05,4.32,0.399,silica fume,11.4,48.1,27.6,35.7,3.94,3.83,2290.6,2.04,1.249,58.9
PP,35.52,17.53,0.418,fly ash,10.7,20.1,3.0,5.0,1.31,0.5,2084.9,4.19,0.678,27.7
PP,38.52,11.82,0.445,fly ash,17.3,22.3,89.7,16.64,2.96,1.31,2091.8,4.41,0.636,31.1
PP,26.99,6.99,0.436,none,0.0,22.1,6.9,5.0,1.33,0.5,2173.9,4.09,0.86,19.6
PP,6.87,5.15,0.552,fly ash,11.9,55.7,89.7,37.03,4.42,3.36,2286.1,3.82,1.205,52.8
PP,39.39,8.79,0.499,fly ash,26.0,25.3,14.2,6.46,1.48,0.51,2055.6,5.03,0.608,20.2
PP,17.54,7.36,0.404,GGBS,29.1,28.1,28.4,11.87,2.16,1.26,2195.3,2.49,1.029,41.7
PP,38.69,8.42,0.582,silica fume,14.0,29.1,90.0,14.47,2.45,1.2,2052.1,5.11,0.655,30.0
PP,25.32,7.5,0.421,fly ash,22.1,18.6,13.6,6.94,1.57,0.74,2157.2,3.66,0.844,26.9
PP,39.07,6.17,0.356,GGBS,13.1,22.0,14.4,7.86,1.62,0.75,2054.2,3.29,0.625,28.9
PP,13.54,4.8,0.44,none,0.0,22.7,27.9,15.57,2.9,1.38,2254.5,3.65,1.053,32.6
PP,17.1,8.76,0.417,none,0.0,25.7,13.7,8.51,1.49,0.81,2216.3,3.76,1.036,29.1
PP,18.8,6.46,0.418,GGBS,18.1,24.6,55.8,15.42,2.22,1.36,2219.6,2.35,1.026,40.6
PP,16.4,12.29,0.381,silica fume,14.0,65.5,28.0,17.24,2.64,1.87,2232.9,2.32,1.098,45.1
PP,39.57,10.33,0.461,none,0.0,76.2,28.3,9.32,2.17,0.96,2080.7,4.91,0.593,23.3
PP,12.93,8.81,0.398,fly ash,17.6,26.5,55.5,26.56,3.5,2.91,2303.8,3.32,1.049,48.4
PP,31.25,5.99,0.426,silica fume,15.1,25.8,3.2,5.0,1.33,0.46,2149.9,3.42,0.814,30.9
PP,32.68,4.71,0.504,none,0.0,22.5,55.9,11.02,2.24,0.99,2107.2,5.15,0.791,27.4
PP,4.76,11.28,0.35,none,0.0,24.1,56.5,40.76,4.68,3.54,2360.6,2.3,1.293,63.6
PP,11.45,7.85,0.481,GGBS,10.2,26.1,13.6,12.69,2.11,1.01,2241.0,3.4,1.163,33.7
PP,18.65,15.27,0.388,none,0.0,23.6,28.0,10.24,2.23,0.8,2163.9,3.61,0.993,26.4
PP,34.77,18.08,0.395,fly ash,26.6,26.9,14.4,7.6,1.7,0.68,2127.5,4.04,0.715,27.5
PP,22.42,15.84,0.45,GGBS,28.9,21.7,28.3,11.49,1.92,0.87,2166.2,3.32,0.887,33.8
PP,36.7,4.62,0.434,silica fume,13.5,36.7,55.5,15.55,2.41,1.45,2080.9,3.77,0.745,39.2
PP,20.83,5.56,0.389,none,0.0,71.0,55.7,15.93,2.63,1.36,2202.1,3.14,0.96,30.4
PP,7.54,8.12,0.524,none,0.0,27.6,13.7,13.6,2.42,1.39,2241.2,4.05,1.206,29.2
PP,30.22,6.5,0.425,GGBS,28.7,71.6,7.1,5.5,1.42,0.42,2132.9,3.69,0.902,29.1
PP,20.74,4.61,0.35,fly ash,16.4,52.0,28.0,14.23,2.45,1.15,2235.4,2.58,0.999,41.8
PP,5.08,8.17,0.583,silica fume,8.6,22.0,89.9,39.18,4.2,4.21,2334.3,4.03,1.306,55.1
PP,9.12,10.9,0.441,none,0.0,28.4,56.2,36.47,3.28,3.8,2227.4,3.7,1.207,51.7
PP,9.04,9.18,0.574,GGBS,19.5,28.0,89.6,33.95,4.17,3.12,2246.0,4.19,1.189,47.6
PP,29.96,10.11,0.364,GGBS,17.8,25.3,28.2,12.56,2.13,1.3,2166.5,3.07,0.7,44.1
PP,14.64,11.38,0.52,GGBS,18.6,19.5,28.3,13.48,2.16,1.04,2262.8,3.66,1.109,34.2
PP,34.17,4.97,0.481,silica fume,7.4,78.1,7.2,5.0,1.43,0.47,2110.8,3.88,0.85,25.7
PP,15.61,10.57,0.418,silica fume,5.2,21.0,27.8,15.2,2.26,1.59,2243.4,2.47,1.161,41.2
PP,19.39,9.71,0.526,fly ash,16.7,68.6,28.3,9.1,1.94,0.81,2185.2,4.26,1.038,32.6
PP,23.43,5.26,0.523,silica fume,19.8,64.9,55.6,13.32,2.48,1.12,2168.7,3.72,0.954,36.9
PP,36.76,14.56,0.467,none,0.0,27.1,7.4,5.2,1.33,0.44,2082.6,5.3,0.679,14.9
PP,32.53,13.7,0.448,GGBS,27.8,18.6,14.3,7.1,1.61,0.69,2071.1,4.09,0.665,30.5
PP,39.2,11.45,0.487,GGBS,25.8,42.0,7.5,5.46,1.24,0.46,2098.1,4.55,0.586,27.2
PP,31.16,14.07,0.543,none,0.0,20.8,14.4,6.43,1.47,0.7,2101.2,5.95,0.747,18.8
PP,11.94,14.76,0.404,fly ash,13.9,27.0,6.9,8.55,1.65,0.82,2291.9,3.45,0.994,32.5
PP,35.99,9.3,0.462,fly ash,11.1,65.5,27.6,10.81,1.94,0.86,2092.4,4.55,0.684,23.6
PP,26.5,18.74,0.358,fly ash,17.5,27.7,55.6,16.79,2.41,1.4,2126.6,2.84,0.825,37.0
PP,4.84,11.7,0.452,none,0.0,25.5,6.8,10.3,2.42,0.91,2311.7,3.27,1.271,27.0
PP,33.12,7.84,0.497,none,0.0,43.8,89.6,13.25,2.49,1.37,2142.1,4.89,0.754,22.1
PP,30.69,7.01,0.449,silica fume,12.7,77.1,56.2,17.2,2.55,1.84,2145.0,3.15,0.796,41.7
PP,38.11,12.65,0.447,none,0.0,25.8,28.3,10.56,1.74,1.14,2077.5,5.19,0.658,23.1
PP,20.69,12.16,0.436,none,0.0,47.8,28.3,11.15,2.1,1.18,2185.5,3.91,1.006,27.1
PP,1.25,11.92,0.62,silica fume,11.3,29.1,89.6,41.31,4.42,4.37,2308.6,4.2,1.32,58.1
HDPE,25.73,1.0,0.518,GGBS,18.2,47.9,89.8,18.67,2.94,1.94,2184.5,4.3,0.969,32.9
HDPE,27.52,10.43,0.455,silica fume,19.5,26.0,28.4,12.39,2.2,0.97,2201.2,2.98,1.076,36.0
HDPE,1.2,1.28,0.499,GGBS,18.2,27.8,7.3,14.56,2.43,1.27,2351.3,2.94,1.4,38.2
HDPE,4.06,13.58,0.518,silica fume,9.1,31.3,28.0,30.79,4.28,3.01,2329.4,3.26,1.335,51.9
HDPE,24.67,2.51,0.35,GGBS,13.6,22.0,14.4,9.12,1.73,0.92,2189.5,2.32,1.096,38.3
HDPE,28.19,3.3,0.423,none,0.0,27.0,56.2,13.84,2.34,1.08,2201.9,3.45,0.975,29.2
HDPE,27.71,7.93,0.426,silica fume,15.5,24.8,28.3,12.09,2.4,1.19,2130.8,2.93,0.984,36.8
HDPE,32.14,4.09,0.553,none,0.0,65.9,90.0,16.67,2.88,1.63,2181.5,5.64,0.918,24.8
HDPE,18.14,1.48,0.454,none,0.0,24.7,27.7,9.91,1.94,0.94,2260.5,3.64,1.112,31.8
HDPE,5.42,2.9,0.516,silica fume,6.4,24.3,55.9,37.32,3.64,2.93,2302.0,2.9,1.367,58.1
HDPE,7.73,6.54,0.521,GGBS,18.0,25.2,13.5,15.58,2.83,1.61,2311.1,3.46,1.221,40.1
HDPE,39.02,1.24,0.35,none,0.0,44.2,90.0,22.49,3.17,2.27,2139.3,3.4,0.826,42.4
HDPE,4.96,11.49,0.388,fly ash,16.2,31.1,14.0,22.82,3.3,2.05,2334.1,2.57,1.229,46.4
HDPE,17.61,16.75,0.568,none,0.0,39.8,7.2,5.0,1.23,0.4,2256.0,5.13,1.182,13.9
HDPE,0.54,19.54,0.588,silica fume,10.9,19.3,28.5,26.52,3.61,2.51,2300.1,3.34,1.395,46.0
HDPE,27.12,2.33,0.566,GGBS,18.4,26.5,6.7,5.68,1.46,0.61,2163.8,4.41,1.054,22.4
HDPE,31.57,1.54,0.484,GGBS,26.1,19.1,27.9,11.58,2.08,1.23,2131.8,4.18,0.976,35.2
HDPE,7.41,3.02,0.38,none,0.0,21.1,28.1,26.75,3.33,2.5,2294.8,2.32,1.238,49.5
HDPE,10.01,16.63,0.501,silica fume,8.6,26.4,89.7,38.45,4.61,3.45,2266.1,3.07,1.322,56.7
HDPE,28.89,8.78,0.513,silica fume,6.6,36.8,13.9,6.77,1.67,0.61,2129.8,4.5,1.081,27.1
HDPE,8.43,17.35,0.368,fly ash,29.8,31.1,90.0,50.01,4.75,4.15,2276.1,2.41,1.272,71.3
HDPE,11.19,1.84,0.54,none,0.0,28.5,28.0,18.74,2.76,2.0,2240.0,4.66,1.204,32.5
HDPE,38.37,1.24,0.459,GGBS,14.7,49.1,28.4,11.59,2.19,0.88,2085.5,3.97,0.807,31.7
HDPE,32.27,13.34,0.39,GGBS,19.2,22.2,28.2,12.72,2.2,1.33,2129.8,3.64,0.929,38.9
HDPE,11.2,1.19,0.535,fly ash,24.2,59.9,7.4,10.38,1.99,1.11,2298.4,3.87,1.141,33.2
HDPE,4.11,15.43,0.427,none,0.0,24.5,27.7,29.85,3.46,2.86,2294.9,3.12,1.332,46.7
HDPE,31.1,4.43,0.533,fly ash,18.2,23.9,55.7,14.14,2.46,1.43,2162.4,4.93,0.895,27.4
HDPE,11.75,13.49,0.393,silica fume,15.6,27.5,28.5,26.37,3.61,2.42,2345.9,1.99,1.209,58.0
HDPE,28.68,7.18,0.407,silica fume,6.4,40.1,14.5,9.05,1.74,0.97,2149.5,2.76,0.952,31.2
HDPE,20.57,1.74,0.439,silica fume,9.0,22.9,7.3,5.0,1.32,0.48,2184.0,2.77,1.101,33.9
HDPE,26.02,1.7,0.447,silica fume,15.7,21.8,28.1,11.05,2.4,1.09,2168.5,2.94,1.095,34.3
HDPE,4.7,8.53,0.496,GGBS,12.8,25.4,56.1,39.14,4.69,3.0,2336.5,3.35,1.245,58.0
HDPE,22.46,1.68,0.45,silica fume,7.0,21.1,89.9,18.73,2.83,1.74,2245.7,3.01,1.032,43.4
HDPE,19.77,8.15,0.468,GGBS,24.7,28.2,27.6,11.69,2.29,1.16,2198.9,3.62,1.111,28.7
HDPE,33.04,2.24,0.35,none,0.0,45.7,13.9,8.86,1.94,0.94,2132.7,3.44,0.928,30.9
HDPE,16.46,1.81,0.413,GGBS,19.5,47.4,55.9,17.71,3.2,1.77,2274.6,2.43,1.151,45.7
HDPE,31.64,4.16,0.478,GGBS,27.7,24.9,56.4,16.79,2.67,1.35,2111.6,3.87,0.915,36.5
HDPE,34.6,1.54,0.415,GGBS,24.1,22.4,3.5,5.0,1.45,0.5,2110.1,3.86,0.862,27.8
HDPE,12.14,7.27,0.504,fly ash,27.3,33.6,28.1,21.26,2.8,2.19,2251.3,4.1,1.146,40.5
HDPE,3.54,8.96,0.448,silica fume,10.4,67.4,6.9,17.46,2.46,1.92,2357.7,2.21,1.326,47.8
HDPE,2.98,2.36,0.355,silica fume,7.1,33.2,27.5,41.2,4.04,3.36,2370.1,1.61,1.308,69.3
HDPE,2.56,12.34,0.442,fly ash,12.8,32.3,13.5,20.91,2.88,1.87,2361.0,2.9,1.28,48.4
HDPE,23.29,18.39,0.556,fly ash,25.7,51.9,56.1,15.97,2.61,1.23,2173.7,4.8,1.027,27.4
HDPE,16.11,16.25,0.484,none,0.0,71.1,55.6,16.95,2.74,1.72,2271.9,3.99,1.115,35.3
HDPE,30.35,10.86,0.497,silica fume,6.5,29.2,7.2,5.53,1.45,0.54,2120.6,3.3,1.022,32.3
HDPE,19.11,9.44,0.493,fly ash,20.5,28.9,7.3,5.07,1.19,0.39,2230.0,3.57,1.044,23.2
HDPE,34.54,3.84,0.561,none,0.0,74.4,28.5,9.82,2.06,0.97,2088.4,5.62,0.898,22.1
HDPE,22.51,5.28,0.396,GGBS,12.8,28.2,6.9,5.76,1.59,0.51,2166.8,2.88,1.052,31.4
HDPE,9.33,8.17,0.445,none,0.0,65.8,13.9,17.23,2.64,1.63,2285.5,3.57,1.226,38.0
HDPE,36.33,9.36,0.511,none,0.0,22.0,28.4,9.73,2.05,1.03,2120.2,5.08,0.851,20.9
HDPE,22.22,3.02,0.508,GGBS,27.2,23.1,89.7,16.04,3.1,1.67,2215.8,3.77,1.085,42.0
HDPE,38.8,3.85,0.399,fly ash,17.2,22.7,89.6,21.22,2.92,2.19,2143.7,3.5,0.797,40.6
HDPE,2.52,7.6,0.418,silica fume,9.5,29.5,90.0,54.84,5.89,5.19,2355.2,1.9,1.33,75.6
HDPE,21.03,1.78,0.561,silica fume,19.7,49.2,28.2,10.01,2.01,0.91,2234.1,3.72,1.147,32.3
HDPE,30.41,1.05,0.415,fly ash,11.3,27.0,14.1,8.42,1.89,0.91,2157.3,3.43,0.872,28.9
HDPE,31.13,2.66,0.55,fly ash,23.2,28.1,27.7,10.53,1.91,1.03,2106.8,5.08,0.931,23.6
HDPE,24.28,8.04,0.512,fly ash,26.4,23.5,14.4,6.52,1.55,0.54,2175.0,4.4,1.036,26.4
HDPE,32.52,1.37,0.412,none,0.0,19.7,56.4,15.27,2.61,1.35,2136.1,3.8,0.925,30.4
HDPE,32.78,11.71,0.49,fly ash,13.5,19.4,28.4,8.76,1.74,0.87,2089.9,4.61,0.887,26.4
HDPE,2.25,1.13,0.423,fly ash,16.3,24.6,27.7,36.83,4.39,3.36,2303.3,2.79,1.3,59.0
HDPE,30.54,1.71,0.443,none,0.0,28.4,13.9,6.57,1.74,0.64,2106.6,3.75,0.898,29.4
HDPE,34.37,3.3,0.527,fly ash,10.0,28.2,28.1,10.6,1.81,1.14,2117.3,4.8,0.879,29.9
HDPE,13.95,6.73,0.414,none,0.0,20.1,13.6,11.61,2.32,1.21,2254.9,2.97,1.228,35.4
HDPE,35.63,13.4,0.407,GGBS,24.0,30.0,55.5,18.35,3.06,1.98,2126.7,3.14,0.878,43.5
HDPE,39.82,10.62,0.497,none,0.0,45.6,89.9,16.61,2.87,1.4,2081.7,5.18,0.849,32.0
HDPE,21.0,4.88,0.429,none,0.0,25.0,27.9,11.18,1.87,1.04,2241.6,3.9,1.102,28.7
HDPE,14.61,1.61,0.386,silica fume,12.0,43.0,27.8,19.65,2.9,1.66,2234.6,2.43,1.263,45.2
HDPE,17.39,2.65,0.521,none,0.0,35.4,28.4,9.54,1.97,0.99,2232.1,4.43,1.173,23.8
HDPE,20.97,1.08,0.472,GGBS,25.3,20.2,28.2,12.84,2.36,1.0,2204.7,3.38,1.089,34.2
HDPE,20.25,2.31,0.486,silica fume,6.8,19.5,56.1,15.99,2.32,1.36,2214.0,3.01,1.159,39.1
HDPE,35.18,7.39,0.5,silica fume,5.0,37.2,56.2,15.17,2.41,1.45,2118.5,3.56,0.931,43.2
HDPE,5.86,1.37,0.395,GGBS,28.2,39.4,27.8,34.08,4.53,3.68,2295.2,2.26,1.254,59.7
HDPE,36.79,2.07,0.516,silica fume,5.6,19.5,14.1,7.56,1.69,0.71,2116.6,3.86,0.898,32.6
HDPE,18.88,18.34,0.513,none,0.0,20.7,13.7,5.66,1.56,0.44,2236.3,4.8,1.17,20.3
HDPE,31.27,15.54,0.561,none,0.0,22.6,28.4,9.23,1.88,0.86,2130.5,5.2,0.967,21.6
HDPE,12.48,1.55,0.486,none,0.0,26.1,14.5,12.64,2.14,1.05,2250.7,4.13,1.195,30.6
HDPE,29.43,3.01,0.526,none,0.0,24.3,27.5,9.3,2.0,0.75,2147.5,4.38,0.967,23.0
HDPE,19.67,2.7,0.583,none,0.0,21.2,14.3,5.58,1.38,0.56,2238.8,5.26,1.111,19.0
HDPE,16.35,9.92,0.374,GGBS,29.6,20.1,14.2,11.83,2.01,1.12,2246.3,2.54,1.146,41.7
HDPE,21.06,8.11,0.421,silica fume,17.5,25.8,90.0,21.4,2.99,1.9,2194.6,2.72,1.118,45.7
HDPE,36.95,2.16,0.479,GGBS,13.4,36.3,27.9,10.36,2.14,0.82,2123.6,3.93,0.814,37.1
HDPE,18.81,17.05,0.451,GGBS,19.2,22.9,89.6,19.43,2.78,1.52,2233.8,3.61,1.118,39.6
HDPE,2.29,1.57,0.35,none,0.0,23.3,27.9,37.8,3.97,3.34,2363.9,2.21,1.279,58.6
HDPE,0.59,3.25,0.35,fly ash,24.7,29.5,90.0,69.21,6.46,6.18,2330.5,1.81,1.31,69.5
HDPE,11.11,11.67,0.379,fly ash,19.9,24.1,13.8,19.23,2.83,1.58,2311.7,2.42,1.138,44.1
HDPE,18.94,8.16,0.464,none,0.0,22.9,13.8,6.76,1.5,0.69,2256.7,3.46,1.197,22.7
HDPE,27.94,8.08,0.424,fly ash,18.8,27.7,56.1,17.07,2.82,1.79,2190.9,3.29,0.908,37.6
HDPE,30.2,2.36,0.448,GGBS,22.5,42.0,14.3,8.55,1.89,0.74,2219.7,3.7,0.898,29.3
HDPE,9.83,5.38,0.424,GGBS,11.7,22.8,28.2,28.1,3.36,2.53,2297.5,2.69,1.27,55.3
HDPE,39.2,8.51,0.519,fly ash,23.8,41.9,56.4,14.77,2.5,1.32,2050.9,5.2,0.884,23.7
HDPE,1.54,10.88,0.458,GGBS,15.2,22.2,27.9,30.36,3.77,2.95,2332.3,2.62,1.393,55.4
HDPE,5.27,6.63,0.434,GGBS,23.9,25.0,28.0,26.32,4.21,2.13,2313.6,2.65,1.221,49.9
HDPE,24.43,6.21,0.502,fly ash,21.0,25.1,7.0,5.0,1.3,0.43,2160.5,4.16,1.055,24.8
HDPE,19.01,1.08,0.517,none,0.0,26.8,7.0,5.76,1.36,0.53,2192.2,4.34,1.136,23.7
HDPE,34.03,2.19,0.533,none,0.0,23.2,13.7,6.25,1.45,0.58,2102.7,5.12,0.891,22.6
HDPE,12.96,8.68,0.393,none,0.0,52.2,7.5,10.04,2.03,0.78,2232.2,3.15,1.181,31.4
HDPE,7.47,1.66,0.411,none,0.0,79.0,3.5,7.47,1.86,0.74,2228.3,2.82,1.259,26.5
HDPE,25.5,5.67,0.509,none,0.0,35.5,14.0,6.94,1.7,0.55,2166.9,4.64,1.007,20.5
HDPE,36.57,2.19,0.479,none,0.0,76.9,28.3,11.21,2.15,1.02,2088.1,4.99,0.817,23.3
HDPE,17.55,17.42,0.407,GGBS,24.0,29.3,28.3,11.54,2.01,0.91,2233.6,3.04,1.175,40.4
HDPE,20.47,1.98,0.508,fly ash,18.2,19.6,89.5,17.71,2.84,1.77,2226.1,4.12,1.123,35.6
HDPE,34.4,4.89,0.597,fly ash,26.7,26.2,14.3,6.66,1.54,0.55,2136.3,5.45,0.902,18.1
HDPE,1.39,2.06,0.483,none,0.0,27.5,14.1,20.48,2.86,2.22,2336.8,3.64,1.355,39.1
HDPE,25.66,3.15,0.466,none,0.0,48.6,28.0,11.21,2.12,1.16,2202.3,4.67,0.984,27.6
HDPE,26.77,6.71,0.426,none,0.0,21.8,27.6,10.59,2.26,0.97,2175.2,3.62,1.035,31.2
HDPE,19.12,7.72,0.401,fly ash,29.5,38.4,89.8,21.39,3.28,2.09,2166.1,2.9,1.057,38.7
HDPE,36.18,7.96,0.464,none,0.0,30.3,90.0,17.47,2.43,1.47,2116.7,4.92,0.976,29.9
HDPE,38.12,2.16,0.538,silica fume,5.2,25.6,14.1,7.65,1.56,0.69,2096.2,3.99,0.843,29.4
HDPE,38.49,19.09,0.442,none,0.0,26.0,90.0,16.52,2.88,1.35,2107.9,4.38,0.788,31.4
HDPE,3.89,12.53,0.6,none,0.0,27.8,3.4,5.75,1.51,0.54,2300.5,4.95,1.388,24.2
HDPE,11.35,1.57,0.405,silica fume,14.7,23.0,7.5,11.81,2.12,1.02,2271.7,2.69,1.28,40.5
HDPE,12.29,19.95,0.471,GGBS,28.8,24.3,28.4,21.91,3.32,2.09,2262.6,3.23,1.165,43.3
HDPE,31.72,7.48,0.537,silica fume,11.9,24.9,56.5,14.84,2.39,1.55,2116.8,3.78,1.005,31.7
HDPE,0.7,1.12,0.52,fly ash,19.4,25.8,56.0,40.06,4.36,3.16,2282.8,3.47,1.396,57.3
HDPE,15.77,1.12,0.43,GGBS,11.0,19.1,27.6,13.35,2.51,1.31,2268.7,3.4,1.086,36.8
HDPE,3.51,14.85,0.466,none,0.0,23.8,27.8,28.98,3.76,2.73,2348.8,2.74,1.37,42.6
HDPE,29.91,1.48,0.47,none,0.0,20.9,90.0,16.95,2.51,1.68,2174.9,4.74,0.971,33.9
HDPE,38.1,4.94,0.456,silica fume,14.6,21.7,56.0,13.93,2.58,1.43,2054.6,3.13,0.911,37.3
HDPE,13.61,1.02,0.575,none,0.0,24.8,6.7,6.53,1.46,0.65,2201.4,4.37,1.19,20.8
HDPE,33.82,3.75,0.403,silica fume,13.3,20.1,7.2,5.64,1.35,0.46,2135.2,3.12,1.04,34.1
HDPE,13.86,7.91,0.466,silica fume,11.4,23.3,14.0,13.4,1.98,1.24,2240.6,2.88,1.233,40.4
HDPE,0.05,7.89,0.469,silica fume,5.9,22.8,90.0,54.55,5.11,5.32,2426.3,2.39,1.44,72.9
HDPE,0.28,4.12,0.358,fly ash,15.4,64.6,7.1,20.32,3.22,2.13,2363.4,1.67,1.332,46.6
HDPE,35.66,1.57,0.463,none,0.0,26.9,27.8,9.56,2.08,0.98,2089.4,4.58,0.865,20.6
HDPE,26.84,4.84,0.512,fly ash,13.5,29.4,28.5,10.09,2.15,1.01,2155.3,4.14,0.973,29.3
HDPE,37.95,14.31,0.597,none,0.0,27.6,28.3,9.62,1.95,0.76,2071.7,6.0,0.852,14.7
HDPE,9.92,2.66,0.503,fly ash,19.7,25.1,28.0,22.81,3.21,2.27,2256.1,3.76,1.261,35.6
HDPE,21.17,7.92,0.466,none,0.0,27.9,14.0,6.55,1.62,0.63,2187.3,4.18,1.035,23.1
HDPE,7.19,17.51,0.398,fly ash,23.6,37.4,7.3,14.9,2.72,1.5,2290.2,2.3,1.23,38.6
HDPE,19.32,4.87,0.489,silica fume,12.8,20.1,14.4,7.82,1.8,0.67,2211.2,2.53,1.077,33.5
HDPE,4.2,2.25,0.472,silica fume,13.0,23.9,28.0,30.37,4.01,3.13,2317.4,2.47,1.41,52.1
HDPE,24.77,10.79,0.558,silica fume,18.5,24.9,27.9,11.31,1.94,1.08,2173.1,3.88,1.056,33.6
HDPE,39.51,4.38,0.521,silica fume,5.0,24.1,14.2,6.6,1.58,0.55,2076.4,3.98,0.861,27.8
HDPE,31.58,15.23,0.448,none,0.0,32.1,90.0,16.82,3.07,1.38,2135.0,4.43,0.902,24.5
HDPE,29.92,1.63,0.459,silica fume,19.7,24.8,27.9,11.81,2.21,1.16,2144.7,3.2,1.005,36.8
HDPE,9.99,5.89,0.508,none,0.0,34.4,27.9,21.78,3.01,1.96,2307.9,4.32,1.261,29.8
HDPE,0.12,3.47,0.518,none,0.0,42.3,28.1,27.72,3.64,2.63,2385.9,3.1,1.423,41.4
HDPE,28.18,6.03,0.56,fly ash,26.9,26.7,6.8,5.16,1.24,0.52,2153.2,5.25,0.924,18.3
HDPE,8.67,2.13,0.35,none,0.0,35.2,27.8,30.82,3.87,2.66,2320.4,2.76,1.298,50.7
HDPE,26.3,3.38,0.539,none,0.0,19.5,28.0,9.25,1.77,0.99,2140.7,4.61,1.043,27.1
HDPE,6.17,10.4,0.431,silica fume,10.0,28.7,7.0,15.16,2.37,1.54,2330.4,2.31,1.32,40.6
HDPE,8.59,9.96,0.468,fly ash,17.5,55.9,56.5,38.18,4.33,4.07,2301.1,3.66,1.177,58.5
HDPE,38.18,1.85,0.527,fly ash,23.6,35.5,27.8,10.82,2.1,0.92,2084.4,4.86,0.798,26.9
HDPE,24.86,9.27,0.484,GGBS,28.9,21.3,28.2,11.34,1.97,0.94,2152.3,3.46,1.044,33.0
HDPE,2.37,10.67,0.611,silica fume,19.7,60.2,55.7,40.71,4.14,3.67,2330.8,3.34,1.326,56.7
HDPE,23.38,12.18,0.599,none,0.0,61.5,6.9,5.39,1.4,0.54,2168.3,5.57,1.057,20.6
HDPE,25.77,3.62,0.396,none,0.0,52.5,6.6,5.0,1.26,0.46,2191.2,3.43,1.075,31.1
HDPE,33.26,9.79,0.571,fly ash,28.5,26.0,28.1,8.41,2.25,0.78,2099.2,5.04,0.929,20.9
HDPE,36.37,3.7,0.562,GGBS,26.0,19.2,56.3,12.82,2.5,0.97,2083.4,4.83,0.766,25.2
HDPE,14.16,15.61,0.444,none,0.0,24.3,27.7,18.18,2.83,1.4,2256.3,3.69,1.204,34.0
HDPE,31.37,1.15,0.581,GGBS,29.1,58.8,28.1,10.2,1.96,1.02,2138.0,4.29,0.936,27.3
HDPE,5.98,2.78,0.498,GGBS,15.5,42.6,27.6,29.33,3.74,2.27,2287.6,3.14,1.258,47.6
HDPE,33.18,1.08,0.35,none,0.0,18.2,56.4,16.95,2.72,1.5,2143.5,3.5,0.969,36.6
HDPE,2.91,15.25,0.443,GGBS,28.4,19.7,7.2,14.21,2.28,1.44,2352.9,2.85,1.316,40.3
HDPE,32.69,10.68,0.449,none,0.0,39.8,14.0,7.65,1.94,0.8,2121.7,4.02,0.915,27.8
HDPE,39.19,2.97,0.453,silica fume,8.8,34.7,89.5,21.38,3.26,2.3,2071.8,3.63,0.882,38.9
HDPE,23.82,4.6,0.44,silica fume,8.3,68.1,28.2,12.76,2.33,1.05,2198.4,3.31,1.04,34.7
HDPE,16.24,1.16,0.489,GGBS,13.2,37.5,27.7,11.19,2.47,1.06,2233.2,3.11,1.162,34.2
HDPE,32.18,2.53,0.35,GGBS,17.0,41.2,28.2,15.26,2.71,1.23,2171.8,2.82,0.88,42.1
HDPE,34.96,5.73,0.521,fly ash,20.6,28.9,7.1,5.0,1.24,0.5,2132.0,4.9,0.922,26.2
HDPE,19.37,19.04,0.531,GGBS,21.2,21.7,28.3,10.33,2.2,1.13,2240.3,3.69,1.052,29.2
HDPE,38.97,3.36,0.401,silica fume,12.5,44.5,28.5,14.62,2.67,1.31,2085.8,2.84,0.894,40.9
HDPE,25.77,10.95,0.566,GGBS,27.3,19.5,14.2,6.68,1.42,0.73,2169.3,4.37,1.022,24.4
HDPE,22.04,11.21,0.456,none,0.0,45.2,27.6,10.25,1.87,0.99,2221.3,3.67,1.016,31.5
HDPE,5.87,5.46,0.564,GGBS,18.1,27.6,56.4,34.82,3.99,2.81,2290.6,3.5,1.29,51.6
HDPE,38.68,12.06,0.35,none,0.0,41.4,14.1,8.82,1.82,0.96,2132.5,3.34,0.816,29.0
HDPE,33.1,1.42,0.557,silica fume,18.0,23.1,13.7,6.16,1.96,0.6,2098.4,3.94,0.976,22.2
HDPE,35.43,1.37,0.437,fly ash,18.2,21.3,7.2,5.13,1.37,0.46,2157.9,3.64,0.901,30.6
HDPE,14.43,12.44,0.568,silica fume,19.2,66.0,28.2,15.19,2.36,1.2,2261.2,3.68,1.127,34.5
HDPE,5.11,2.86,0.518,GGBS,21.8,36.1,6.8,12.4,2.14,1.04,2301.3,3.39,1.381,36.3
HDPE,17.15,17.23,0.52,GGBS,28.5,19.8,7.0,5.0,1.38,0.5,2191.1,3.65,1.106,18.6
HDPE,35.4,1.1,0.621,none,0.0,24.3,6.7,5.14,1.26,0.43,2101.5,6.25,0.912,17.6
HDPE,23.91,12.56,0.439,GGBS,17.8,39.6,90.0,19.27,2.86,1.68,2201.4,3.35,1.075,39.8
HDPE,13.06,1.82,0.601,GGBS,29.8,26.3,55.7,22.48,3.07,1.93,2273.0,4.28,1.285,43.3
HDPE,24.04,5.52,0.65,GGBS,16.2,47.3,14.0,5.96,1.42,0.56,2177.3,4.78,1.008,18.5
HDPE,24.63,4.6,0.35,fly ash,18.0,24.9,56.1,20.74,2.96,2.23,2189.2,2.7,0.977,48.9
HDPE,1.23,4.94,0.492,fly ash,10.1,34.2,28.2,30.2,3.54,2.4,2334.8,3.52,1.378,49.1
HDPE,27.4,9.78,0.446,fly ash,13.1,26.6,13.8,7.43,1.74,0.6,2159.3,3.74,0.945,26.4
HDPE,35.98,2.85,0.492,none,0.0,35.5,28.3,10.58,2.29,1.13,2099.9,4.87,0.899,21.9
HDPE,37.62,10.95,0.519,GGBS,15.9,25.0,28.3,9.55,1.92,0.98,2125.0,4.52,0.869,23.6
HDPE,16.4,1.17,0.465,silica fume,10.6,51.2,13.9,9.6,2.0,0.75,2196.1,3.15,1.286,33.8
HDPE,37.57,9.36,0.504,fly ash,13.7,35.9,7.3,5.59,1.47,0.45,2084.6,4.48,0.774,23.9
HDPE,27.01,3.19,0.524,none,0.0,18.9,27.9,9.7,1.75,1.0,2156.8,4.99,0.974,26.6
HDPE,28.4,2.09,0.482,none,0.0,25.0,89.6,16.78,2.68,1.56,2137.7,4.29,0.967,29.9
HDPE,17.36,16.74,0.442,fly ash,19.8,27.3,6.7,5.0,1.41,0.49,2247.8,3.45,1.073,30.9
HDPE,34.37,19.94,0.35,none,0.0,47.3,14.1,9.58,1.82,0.9,2139.0,3.59,0.861,27.6
HDPE,27.19,8.99,0.628,silica fume,15.4,29.8,28.4,9.38,1.79,1.02,2157.8,4.28,1.022,23.9
HDPE,36.03,7.15,0.449,GGBS,22.2,56.4,56.0,17.55,2.61,1.58,2095.4,3.78,0.833,36.1
HDPE,38.12,1.6,0.447,fly ash,24.8,41.9,14.5,8.05,1.7,0.7,2133.7,3.8,0.816,30.4
HDPE,2.05,1.1,0.43,none,0.0,55.5,7.4,13.67,2.71,1.41,2318.0,3.23,1.374,30.9
HDPE,0.99,6.82,0.452,fly ash,26.7,20.6,28.4,34.48,4.25,2.69,2372.1,2.98,1.279,51.6
HDPE,38.76,4.75,0.51,none,0.0,37.4,28.4,10.78,2.21,0.99,2095.9,4.88,0.847,27.5
HDPE,21.97,3.45,0.366,fly ash,26.3,35.8,28.0,14.72,2.78,1.54,2242.5,3.43,1.056,38.6
HDPE,39.32,2.9,0.392,none,0.0,24.1,27.6,11.57,2.36,0.88,2099.8,3.97,0.803,30.2
HDPE,7.56,1.08,0.357,silica fume,18.7,35.4,28.5,34.69,3.71,2.83,2276.2,1.92,1.309,63.0
HDPE,22.66,2.81,0.453,GGBS,13.2,28.0,89.9,17.96,2.79,1.39,2218.7,3.41,1.151,36.7
HDPE,23.62,6.69,0.484,none,0.0,27.9,27.9,10.38,2.33,1.04,2173.7,4.37,1.098,28.9
HDPE,34.16,13.18,0.485,silica fume,7.2,72.3,14.0,8.63,1.71,0.65,2097.0,3.82,0.908,31.6
HDPE,36.73,10.76,0.35,fly ash,24.6,20.0,14.3,9.94,2.14,0.88,2123.5,3.24,0.88,31.3
HDPE,35.57,8.74,0.538,fly ash,10.3,79.2,3.3,5.0,1.5,0.47,2121.7,4.71,0.757,21.0
HDPE,36.33,1.47,0.459,GGBS,19.7,54.5,55.8,16.92,2.76,1.35,2052.3,3.78,0.88,42.4
HDPE,31.9,7.27,0.35,silica fume,5.7,37.3,90.0,22.57,3.17,2.42,2133.4,2.82,0.959,51.2
HDPE,6.2,2.28,0.52,fly ash,29.1,40.1,7.5,12.37,2.36,1.08,2306.7,3.95,1.284,31.1
HDPE,19.29,8.36,0.473,fly ash,21.7,78.2,7.4,5.82,1.4,0.49,2209.3,3.29,1.043,26.1
HDPE,32.14,1.16,0.392,none,0.0,52.2,14.0,7.66,1.79,0.81,2130.9,4.25,0.928,28.9
HDPE,28.63,1.44,0.469,none,0.0,47.3,55.6,14.21,2.42,1.55,2139.6,4.27,0.964,26.5
HDPE,22.8,7.46,0.463,GGBS,14.7,22.1,89.8,16.71,2.89,1.48,2210.4,3.49,1.105,32.2
HDPE,36.61,2.16,0.422,fly ash,15.7,77.3,27.9,13.51,2.03,1.36,2118.6,3.84,0.832,33.3
HDPE,19.36,1.79,0.426,none,0.0,49.2,7.0,5.0,1.28,0.49,2230.2,3.26,1.058,26.7
HDPE,29.39,17.58,0.507,fly ash,21.9,52.0,28.1,11.75,2.13,1.04,2180.3,4.35,0.927,29.6
HDPE,8.03,1.22,0.463,none,0.0,35.8,28.0,27.42,3.31,2.53,2330.6,3.27,1.296,49.4
HDPE,37.67,3.24,0.415,fly ash,17.8,27.6,14.1,8.73,1.67,0.9,2102.8,4.13,0.779,27.7
HDPE,22.49,4.36,0.542,none,0.0,46.0,13.6,5.99,1.58,0.6,2171.3,5.18,1.005,20.5
HDPE,37.47,16.61,0.451,GGBS,14.7,22.4,6.9,5.11,1.24,0.53,2127.2,3.39,0.805,25.9
HDPE,30.2,1.15,0.446,GGBS,25.8,24.2,28.2,12.81,1.94,1.25,2173.8,3.9,0.962,35.4
HDPE,21.37,1.23,0.409,none,0.0,43.9,7.3,5.06,1.27,0.47,2193.0,3.35,1.114,27.5
HDPE,23.06,3.71,0.588,GGBS,10.9,22.6,28.3,8.23,1.82,0.72,2177.1,4.48,1.053,30.2
HDPE,26.83,7.01,0.52,silica fume,19.2,61.0,7.2,5.56,1.33,0.48,2175.9,3.76,1.059,25.6
HDPE,21.66,10.5,0.406,GGBS,19.1,47.1,56.1,17.46,2.42,1.78,2189.0,2.9,1.034,47.3
HDPE,35.58,2.95,0.602,silica fume,5.5,59.0,90.0,15.23,2.93,1.46,2132.4,4.91,0.919,24.1
HDPE,39.47,1.01,0.517,GGBS,26.5,21.7,7.1,5.0,1.31,0.5,2094.9,4.57,0.805,20.9
HDPE,1.51,2.37,0.442,silica fume,14.1,23.7,56.4,49.22,5.08,4.41,2298.3,2.21,1.43,69.6
HDPE,26.56,5.63,0.527,fly ash,10.6,28.6,13.9,7.18,1.73,0.64,2168.8,4.51,0.972,21.9
HDPE,16.96,1.88,0.389,none,0.0,26.9,27.9,12.52,2.06,1.11,2267.6,2.83,1.172,32.9
HDPE,15.43,17.32,0.4,GGBS,28.1,34.3,13.5,11.53,2.29,0.95,2205.7,2.62,1.214,42.8
HDPE,20.01,14.37,0.395,fly ash,26.4,22.1,6.5,5.49,1.18,0.46,2217.4,3.3,1.079,30.6
HDPE,20.96,4.25,0.469,fly ash,22.0,29.9,7.4,5.0,1.29,0.44,2213.4,3.43,1.071,29.0
HDPE,29.78,5.57,0.43,silica fume,18.2,23.3,13.6,8.87,2.08,0.81,2173.1,3.17,1.019,37.0
HDPE,0.26,1.38,0.525,none,0.0,29.4,27.9,24.68,3.34,2.43,2360.6,3.89,1.443,47.3
HDPE,15.79,17.97,0.524,fly ash,21.6,25.0,55.9,17.71,2.67,1.35,2305.9,4.07,1.16,32.9
HDPE,28.91,3.51,0.48,none,0.0,27.7,55.9,13.13,2.53,1.19,2176.6,4.31,0.97,26.3
HDPE,28.24,6.9,0.485,GGBS,12.4,26.6,90.0,18.24,2.95,1.72,2135.6,3.86,0.974,39.1
HDPE,19.07,1.49,0.505,fly ash,18.2,29.8,90.0,18.22,2.88,1.96,2211.5,4.0,1.065,28.7
HDPE,20.27,2.25,0.472,silica fume,7.5,26.7,14.1,7.36,1.76,0.77,2229.2,3.22,1.1,31.4
HDPE,15.96,12.55,0.401,none,0.0,23.7,56.0,18.78,2.59,1.5,2233.1,2.66,1.136,31.3
HDPE,37.93,1.31,0.511,none,0.0,24.0,6.6,5.37,1.24,0.45,2070.8,4.86,0.815,21.2
HDPE,28.34,1.2,0.504,fly ash,11.2,60.9,28.1,11.44,1.95,1.08,2192.0,4.64,0.945,26.9
HDPE,37.74,6.45,0.53,GGBS,27.3,56.7,27.6,10.93,2.32,1.07,2065.8,4.51,0.858,24.6
HDPE,23.11,9.26,0.428,fly ash,30.0,29.1,27.6,13.13,2.39,1.01,2223.8,3.53,1.024,34.9
HDPE,27.49,2.45,0.437,none,0.0,31.5,14.1,7.22,1.82,0.57,2218.1,3.79,0.979,27.1
HDPE,16.57,3.1,0.489,GGBS,29.7,36.8,55.8,15.21,2.51,1.45,2237.5,3.48,1.082,36.8
HDPE,5.81,13.21,0.479,silica fume,19.1,49.1,28.5,33.69,4.01,2.72,2346.7,2.69,1.355,53.6
HDPE,30.39,1.71,0.527,silica fume,6.2,45.6,89.7,19.16,3.01,1.88,2118.4,3.82,0.973,37.8
HDPE,15.22,3.93,0.499,GGBS,21.3,78.3,27.9,16.09,2.77,1.66,2212.1,3.16,1.217,40.6
HDPE,11.13,6.04,0.431,silica fume,12.8,51.3,90.0,45.74,4.24,4.93,2275.6,2.41,1.28,69.1
HDPE,34.68,6.02,0.518,silica fume,15.9,42.8,28.2,11.54,2.03,1.0,2126.4,4.28,0.984,32.6
HDPE,10.69,7.93,0.43,silica fume,10.6,21.4,28.2,28.39,3.38,2.18,2292.1,1.86,1.251,52.7
HDPE,16.68,4.37,0.35,GGBS,27.3,26.6,28.3,14.3,2.73,1.44,2250.2,2.14,1.208,43.5
HDPE,14.91,4.02,0.572,fly ash,29.5,19.1,28.2,13.51,2.6,1.15,2201.7,4.88,1.186,28.8
HDPE,0.19,6.38,0.512,silica fume,7.5,56.4,14.0,23.46,3.5,1.83,2336.9,2.47,1.436,48.9
HDPE,38.66,4.47,0.391,GGBS,12.2,77.0,56.2,19.64,2.99,1.54,2111.7,3.64,0.882,39.6
HDPE,26.38,7.63,0.516,none,0.0,42.1,7.3,5.0,1.18,0.38,2207.2,4.25,0.975,16.1
HDPE,14.33,16.8,0.493,GGBS,12.5,29.9,14.1,11.03,2.05,0.95,2292.7,3.19,1.132,36.0
HDPE,33.44,3.76,0.454,fly ash,23.6,22.1,27.8,11.92,2.28,1.3,2134.7,4.1,0.891,30.1
HDPE,38.94,3.49,0.405,fly ash,26.8,35.3,27.8,12.89,2.44,1.19,2138.5,3.84,0.806,34.4
HDPE,19.66,15.56,0.395,GGBS,13.1,22.1,13.9,8.1,1.74,0.78,2212.7,2.7,1.182,36.7
HDPE,29.59,13.4,0.558,fly ash,11.4,22.3,7.4,5.0,1.28,0.42,2175.9,5.21,0.968,19.9
HDPE,4.94,1.09,0.39,silica fume,11.6,67.0,6.8,17.94,2.97,1.4,2324.4,2.3,1.29,55.0
HDPE,26.16,1.71,0.35,silica fume,14.2,28.3,55.8,19.92,2.78,1.75,2196.0,2.47,1.047,48.9
HDPE,32.78,5.47,0.49,none,0.0,29.7,14.2,7.49,1.71,0.72,2118.6,4.94,0.889,16.7
HDPE,4.72,7.59,0.439,silica fume,18.4,23.2,13.8,21.43,3.04,2.12,2329.0,2.53,1.325,52.1
HDPE,18.55,1.21,0.359,GGBS,16.1,26.8,28.3,12.56,2.48,1.2,2193.2,2.82,1.092,36.4
HDPE,19.36,2.79,0.458,none,0.0,30.0,28.1,12.4,2.18,0.99,2233.1,3.18,1.095,29.2
HDPE,36.1,3.32,0.35,none,0.0,68.5,7.2,6.37,1.54,0.48,2125.3,3.58,0.916,32.4
HDPE,7.2,11.92,0.535,none,0.0,18.1,14.2,15.55,2.54,1.53,2293.1,4.13,1.286,28.0
HDPE,21.38,6.41,0.558,silica fume,19.5,18.0,90.0,18.0,2.86,1.96,2233.8,3.49,1.11,36.0
HDPE,12.56,1.04,0.395,none,0.0,27.4,90.0,39.2,3.88,3.03,2262.2,3.2,1.135,56.2
HDPE,35.4,6.36,0.35,none,0.0,47.5,27.8,13.82,2.11,1.43,2138.5,3.3,0.875,35.8
HDPE,22.54,17.97,0.476,silica fume,11.2,29.1,6.7,5.52,1.18,0.48,2180.0,3.73,1.215,30.6
HDPE,7.71,8.28,0.479,silica fume,9.2,42.3,6.8,12.3,2.2,1.29,2293.5,2.89,1.341,40.4
HDPE,27.4,1.36,0.536,fly ash,11.7,36.8,28.2,9.63,2.21,0.74,2123.2,4.91,0.97,33.3
HDPE,25.38,1.93,0.439,fly ash,19.0,21.2,27.9,11.17,2.25,1.02,2186.0,3.87,1.019,32.8
HDPE,26.63,5.1,0.446,fly ash,13.1,22.6,28.1,11.94,2.23,0.94,2192.8,3.98,0.991,30.0
HDPE,1.4,14.98,0.354,GGBS,20.1,24.2,27.7,42.41,4.27,3.95,2379.3,1.37,1.338,69.0
HDPE,36.39,4.1,0.513,fly ash,27.6,24.6,14.0,6.8,1.55,0.61,2121.1,4.47,0.857,21.1
HDPE,34.36,15.74,0.405,GGBS,11.4,27.0,14.3,8.72,1.69,0.89,2109.8,2.86,0.902,28.8
HDPE,4.19,1.81,0.573,fly ash,27.7,45.7,13.5,19.6,3.33,1.88,2277.0,3.82,1.346,37.6
HDPE,39.84,10.78,0.489,none,0.0,19.8,13.6,6.98,1.39,0.72,2082.2,4.88,0.791,20.2
HDPE,5.86,1.6,0.581,none,0.0,20.3,14.1,15.13,2.65,1.45,2358.4,4.4,1.281,30.7
HDPE,6.39,1.82,0.546,silica fume,17.2,28.3,56.4,38.39,4.87,3.92,2331.7,3.68,1.39,54.5
HDPE,13.33,11.1,0.577,silica fume,11.8,42.1,27.7,19.2,2.9,2.06,2232.1,3.36,1.253,36.0
HDPE,20.12,2.39,0.35,fly ash,15.5,66.6,28.3,15.18,2.75,1.66,2225.3,2.1,1.085,37.7
HDPE,3.22,1.01,0.478,silica fume,14.8,35.9,28.0,32.93,4.11,3.1,2322.6,2.46,1.375,57.9
HDPE,15.68,4.86,0.373,GGBS,19.4,28.7,14.3,11.17,2.09,0.9,2268.4,2.66,1.242,38.9
HDPE,32.07,5.17,0.514,none,0.0,19.4,7.0,5.47,1.39,0.48,2161.5,5.11,0.868,16.2
HDPE,27.67,9.56,0.393,none,0.0,20.7,14.4,7.87,1.89,0.83,2194.0,3.27,1.007,26.2
HDPE,35.6,1.62,0.393,none,0.0,39.0,27.6,10.53,1.98,0.93,2141.2,3.26,0.87,29.7
HDPE,39.56,13.69,0.439,fly ash,16.3,34.2,28.0,11.52,2.17,1.03,2120.3,3.91,0.792,26.6
HDPE,19.8,1.95,0.497,silica fume,13.2,27.5,56.1,15.44,2.48,1.25,2269.3,3.58,1.18,39.3
HDPE,2.93,16.11,0.474,silica fume,8.3,40.9,55.7,43.67,4.86,4.7,2316.6,2.04,1.316,69.2
HDPE,26.29,5.39,0.61,none,0.0,26.6,55.5,11.69,2.28,1.24,2163.5,5.35,0.999,17.7
HDPE,11.27,4.1,0.386,silica fume,14.6,28.1,6.6,10.99,2.13,0.87,2239.6,2.13,1.298,39.8
HDPE,12.41,5.37,0.35,none,0.0,34.0,28.0,24.77,3.63,1.93,2333.1,2.49,1.238,40.8
HDPE,38.67,14.77,0.47,fly ash,19.7,46.0,3.0,5.0,1.29,0.43,2094.6,4.22,0.746,24.6
HDPE,7.43,12.74,0.608,GGBS,20.4,43.5,28.1,25.05,3.56,2.73,2301.7,3.74,1.275,36.7
HDPE,0.14,12.73,0.409,fly ash,14.3,50.3,13.7,24.82,3.33,1.92,2370.2,2.22,1.375,53.7
HDPE,6.67,5.36,0.38,GGBS,16.3,20.6,27.5,35.47,4.5,3.3,2312.5,2.32,1.231,58.3
HDPE,11.68,14.86,0.35,fly ash,24.0,77.1,89.9,42.12,4.71,4.51,2306.8,2.3,1.12,62.2
HDPE,5.86,2.68,0.397,silica fume,6.2,21.7,6.5,13.52,2.12,1.12,2293.9,2.1,1.385,46.3
HDPE,38.15,3.3,0.488,fly ash,23.7,61.0,7.2,5.67,1.31,0.45,2082.0,4.31,0.763,30.4
HDPE,7.77,12.4,0.531,GGBS,21.0,57.8,27.9,28.18,3.72,2.33,2284.9,3.78,1.251,46.3
HDPE,3.34,5.27,0.35,none,0.0,23.9,28.2,37.39,4.71,3.85,2326.5,2.52,1.35,57.2
HDPE,9.89,11.47,0.366,silica fume,14.8,22.9,55.9,47.5,4.9,3.69,2303.2,1.43,1.318,76.1
HDPE,32.45,3.67,0.494,fly ash,18.9,18.5,27.5,11.99,2.12,0.93,2166.2,4.17,0.909,33.0
HDPE,29.39,10.49,0.51,silica fume,19.5,18.6,28.4,9.59,2.06,0.94,2179.4,3.57,0.993,29.6
HDPE,12.48,2.11,0.446,silica fume,13.2,20.6,7.5,8.72,1.74,0.77,2315.3,2.28,1.23,39.6
HDPE,8.58,1.63,0.464,GGBS,14.6,24.1,27.6,27.72,3.12,2.61,2265.2,2.82,1.322,55.4
HDPE,11.51,2.39,0.533,GGBS,10.9,23.6,14.3,13.17,2.51,1.0,2258.2,3.93,1.165,32.9
HDPE,1.85,1.27,0.385,none,0.0,22.3,28.4,35.8,4.19,3.8,2323.8,2.85,1.341,55.0
HDPE,2.59,14.72,0.496,GGBS,27.5,29.0,27.6,30.1,4.12,2.81,2327.6,3.46,1.365,54.5
HDPE,9.44,3.79,0.509,none,0.0,23.7,6.9,9.32,1.85,0.93,2283.8,4.09,1.228,23.4
HDPE,30.91,7.95,0.35,silica fume,15.9,20.8,55.9,18.08,2.96,1.71,2208.4,2.31,0.955,49.6
HDPE,31.14,1.95,0.496,silica fume,18.2,19.9,55.8,14.57,2.26,1.35,2136.1,3.81,1.021,33.9
HDPE,34.38,7.77,0.495,none,0.0,47.4,14.4,7.44,1.66,0.68,2148.6,4.85,0.945,22.3
HDPE,23.71,1.68,0.484,none,0.0,30.8,7.5,5.18,1.32,0.44,2148.7,4.37,0.993,25.1
HDPE,6.22,1.48,0.35,silica fume,16.4,19.0,90.0,67.28,5.78,5.08,2313.1,1.71,1.371,73.6
HDPE,14.7,19.95,0.537,none,0.0,25.1,28.4,13.96,2.32,1.19,2245.4,4.37,1.198,30.5
HDPE,14.16,1.03,0.489,none,0.0,28.5,7.3,7.3,1.64,0.59,2234.2,3.74,1.145,19.5
HDPE,14.14,1.35,0.535,silica fume,19.5,38.8,55.7,24.17,3.21,2.44,2251.0,3.55,1.129,42.2
HDPE,21.49,7.9,0.482,fly ash,24.7,27.5,7.1,5.0,1.36,0.47,2215.1,4.03,1.093,28.0
HDPE,22.04,1.18,0.547,silica fume,17.4,38.3,7.2,5.2,1.38,0.47,2217.9,3.59,1.171,34.7
HDPE,19.33,9.24,0.454,silica fume,17.6,27.1,14.4,8.2,1.79,0.79,2243.0,3.16,1.168,36.9
HDPE,16.04,1.17,0.522,none,0.0,44.7,3.0,5.0,1.18,0.48,2271.7,4.41,1.164,17.3
HDPE,17.17,6.08,0.418,fly ash,13.0,45.9,90.0,18.85,2.75,1.93,2241.6,3.01,1.114,40.4
HDPE,2.49,9.04,0.606,fly ash,18.2,19.0,13.9,16.7,2.69,1.3,2327.0,4.22,1.27,34.1
HDPE,18.92,1.75,0.452,GGBS,19.2,60.7,3.4,5.0,1.33,0.4,2228.7,3.1,1.122,31.2
HDPE,37.04,3.5,0.389,fly ash,21.1,23.0,14.3,8.87,1.95,0.88,2097.0,3.52,0.804,31.8
HDPE,27.02,3.67,0.455,silica fume,7.9,23.9,90.0,19.38,2.8,1.53,2184.3,3.23,1.052,42.3
HDPE,17.02,1.45,0.461,silica fume,11.1,32.9,28.0,11.47,2.17,0.98,2215.5,3.06,1.15,38.1
HDPE,1.08,9.15,0.559,none,0.0,37.1,56.0,36.53,3.91,3.44,2338.7,3.92,1.33,52.8
HDPE,20.63,7.28,0.557,fly ash,28.2,25.2,13.8,6.81,1.75,0.73,2188.1,4.38,1.058,28.9
HDPE,4.77,19.91,0.35,silica fume,6.1,19.5,55.5,53.85,4.41,5.9,2355.7,2.12,1.298,71.6
HDPE,28.7,2.43,0.512,silica fume,18.0,22.6,6.8,5.0,1.32,0.54,2173.2,3.61,1.01,26.7
HDPE,33.79,11.06,0.45,silica fume,11.4,69.7,7.4,6.26,1.5,0.57,2134.6,3.43,0.96,33.3
HDPE,37.68,3.99,0.397,silica fume,17.2,27.3,3.4,5.52,1.38,0.53,2096.1,2.66,0.853,32.1
HDPE,9.07,16.55,0.46,none,0.0,28.2,14.1,14.93,2.85,1.2,2307.2,3.58,1.195,36.1
HDPE,25.25,15.67,0.35,fly ash,29.4,27.5,6.7,5.99,1.42,0.6,2177.2,3.03,0.991,29.7
HDPE,7.11,2.24,0.488,fly ash,13.9,45.8,56.2,38.13,4.29,3.23,2294.2,3.52,1.261,53.5
HDPE,5.32,13.1,0.439,silica fume,10.8,44.3,7.0,15.05,2.84,1.18,2297.2,2.29,1.364,41.0
HDPE,31.21,5.55,0.423,silica fume,13.2,34.9,28.4,14.51,2.27,1.43,2149.6,2.82,1.033,46.3
HDPE,33.38,2.24,0.46,GGBS,10.8,36.6,3.0,5.0,1.38,0.46,2150.1,3.84,0.859,25.3
HDPE,2.17,1.26,0.509,GGBS,12.4,25.9,27.5,27.71,3.46,2.34,2319.2,3.11,1.281,48.2
HDPE,23.78,1.9,0.465,GGBS,13.8,61.1,28.0,11.07,2.28,1.2,2245.1,3.47,1.012,34.2
HDPE,25.7,12.89,0.575,GGBS,14.9,23.0,6.6,5.0,1.3,0.46,2188.4,4.67,1.041,20.7
HDPE,5.65,5.45,0.511,none,0.0,22.1,27.9,24.62,3.6,2.45,2314.1,4.26,1.313,40.2
HDPE,3.41,5.69,0.416,fly ash,16.2,27.6,28.0,33.54,4.16,2.75,2349.9,2.14,1.332,62.2
HDPE,18.62,1.31,0.47,silica fume,18.1,44.6,28.1,12.53,2.29,1.25,2224.1,3.09,1.125,36.7
HDPE,13.54,1.79,0.534,fly ash,25.2,27.1,7.5,8.28,1.74,0.86,2315.1,3.75,1.171,33.3
HDPE,24.52,4.86,0.536,fly ash,21.1,32.0,28.5,9.46,2.04,0.96,2240.5,4.13,1.001,26.0
HDPE,18.08,1.8,0.442,none,0.0,62.2,56.0,18.4,2.72,1.45,2211.5,3.8,1.124,39.5
HDPE,24.07,2.16,0.445,silica fume,17.6,20.4,28.4,12.39,2.17,1.29,2192.7,2.84,1.099,38.6
HDPE,39.13,1.15,0.436,silica fume,5.1,22.8,55.6,17.02,2.69,1.54,2084.5,3.58,0.784,37.0
HDPE,13.45,8.74,0.542,GGBS,10.9,24.5,55.9,22.25,3.49,2.35,2242.5,3.64,1.162,46.8
HDPE,33.75,1.03,0.542,GGBS,29.6,23.3,3.3,5.0,1.36,0.53,2099.9,4.65,0.978,27.8
HDPE,13.42,4.29,0.47,none,0.0,22.0,28.4,17.93,2.44,1.65,2288.4,3.76,1.192,34.8
HDPE,7.01,2.58,0.35,silica fume,15.3,21.8,27.7,37.81,4.4,2.92,2347.8,2.08,1.322,57.8
HDPE,11.9,19.84,0.471,fly ash,10.8,52.7,27.7,21.32,3.41,2.13,2277.2,3.34,1.182,45.2
HDPE,36.91,1.52,0.394,silica fume,14.8,20.4,55.8,19.77,2.73,2.04,2135.8,2.78,0.92,45.0
HDPE,29.22,15.86,0.526,none,0.0,55.0,28.2,9.41,2.11,0.99,2141.8,4.77,0.936,31.4
HDPE,29.37,4.38,0.493,none,0.0,29.0,56.2,14.34,2.61,1.25,2146.9,4.29,0.959,29.1
HDPE,19.74,1.89,0.429,fly ash,29.8,33.5,7.2,5.27,1.15,0.43,2220.7,2.71,1.083,32.9
HDPE,28.62,1.17,0.406,fly ash,13.1,19.0,7.4,5.47,1.52,0.59,2180.0,3.52,1.033,33.4
HDPE,26.62,9.77,0.377,fly ash,23.3,19.8,14.1,8.84,1.95,0.82,2175.3,3.16,1.023,31.0
HDPE,17.43,12.96,0.389,none,0.0,22.9,6.7,5.41,1.3,0.43,2251.0,3.22,1.152,31.3
HDPE,6.23,14.08,0.545,GGBS,11.5,38.0,6.7,11.27,1.97,1.0,2341.4,3.52,1.341,38.0
HDPE,29.93,6.38,0.491,fly ash,12.9,52.6,28.0,11.67,2.14,1.05,2163.9,3.58,0.987,33.1
HDPE,20.56,3.64,0.531,none,0.0,21.9,7.3,5.34,1.3,0.41,2219.3,4.11,1.093,19.2
HDPE,27.95,1.35,0.601,none,0.0,33.1,6.6,5.0,1.31,0.52,2183.1,5.54,0.989,14.5
HDPE,12.51,4.13,0.386,silica fume,14.6,72.7,3.4,6.37,1.59,0.52,2253.5,2.1,1.26,37.6
HDPE,27.05,10.78,0.501,silica fume,9.0,70.6,27.7,12.37,2.29,1.0,2180.1,3.66,1.052,31.2
HDPE,30.44,8.29,0.529,silica fume,8.2,25.9,28.5,11.68,2.09,1.19,2142.1,4.1,0.917,31.9
HDPE,14.52,5.82,0.526,silica fume,19.3,39.9,6.9,8.0,1.64,0.84,2247.8,3.82,1.207,30.1
HDPE,29.21,1.85,0.428,none,0.0,34.9,27.8,10.56,1.9,0.85,2193.7,3.87,0.993,27.3
HDPE,19.48,3.3,0.48,none,0.0,67.7,6.6,5.0,1.3,0.54,2229.3,4.08,1.105,22.4
HDPE,12.3,4.4,0.504,fly ash,25.4,26.9,3.0,5.29,1.41,0.58,2261.3,3.76,1.175,32.1
HDPE,13.34,18.41,0.379,GGBS,28.2,20.5,28.1,22.29,2.99,2.15,2257.5,2.35,1.169,49.8
HDPE,20.43,1.29,0.519,fly ash,26.2,61.1,13.8,8.24,1.58,0.86,2209.4,4.33,1.075,25.7
HDPE,25.02,4.75,0.427,none,0.0,44.9,89.8,19.5,3.17,1.48,2199.5,3.9,1.039,33.7
HDPE,13.11,1.33,0.436,silica fume,16.6,19.1,7.1,9.05,1.82,0.76,2289.3,2.84,1.213,33.4
HDPE,17.41,1.42,0.45,silica fume,11.8,39.6,27.7,10.41,1.97,0.97,2275.2,2.56,1.191,37.5
HDPE,26.63,1.18,0.407,none,0.0,20.3,27.5,12.22,2.28,0.94,2161.0,4.16,0.986,26.1
HDPE,0.25,2.45,0.549,none,0.0,46.1,13.9,19.09,2.7,1.62,2395.5,3.92,1.313,39.6
HDPE,38.99,3.9,0.402,none,0.0,65.3,6.7,5.68,1.35,0.45,2142.0,4.27,0.894,28.2
HDPE,15.03,2.55,0.549,fly ash,11.9,32.0,28.0,12.74,2.49,1.27,2243.1,4.04,1.156,32.9
HDPE,25.39,15.41,0.497,GGBS,14.1,18.4,55.8,15.33,2.18,1.35,2170.7,3.32,1.036,32.1
HDPE,16.9,17.39,0.452,none,0.0,22.3,28.1,10.33,2.05,0.94,2264.4,3.87,1.141,33.1
HDPE,14.2,18.99,0.528,silica fume,18.4,22.9,56.0,22.34,3.19,2.21,2225.0,3.1,1.244,44.7
HDPE,17.85,15.75,0.639,GGBS,23.7,22.0,7.2,5.0,1.5,0.46,2228.8,4.54,1.172,22.6
HDPE,21.61,1.38,0.492,GGBS,15.6,26.4,28.2,10.66,2.25,0.88,2267.3,3.23,1.057,35.3
HDPE,35.87,1.88,0.496,GGBS,26.8,29.2,27.8,10.2,2.34,0.77,2091.2,4.34,0.904,29.7
HDPE,20.38,1.97,0.387,none,0.0,19.7,6.8,5.0,1.28,0.47,2180.1,3.05,1.099,22.6
HDPE,6.67,1.07,0.518,silica fume,8.4,43.5,56.3,42.08,4.31,3.83,2244.6,2.84,1.332,58.2
HDPE,4.9,7.73,0.596,none,0.0,19.3,27.9,22.61,3.4,1.81,2299.3,4.91,1.345,37.4
HDPE,30.44,1.56,0.35,fly ash,14.2,49.4,7.0,6.19,1.59,0.49,2184.7,2.98,0.814,33.4
HDPE,0.32,5.61,0.56,silica fume,13.5,55.5,6.9,12.68,2.74,1.04,2346.4,3.67,1.411,29.5
HDPE,39.71,1.48,0.467,none,0.0,23.1,13.6,7.65,1.56,0.6,2092.0,5.04,0.846,19.0
HDPE,18.58,4.1,0.494,silica fume,9.7,31.4,55.7,16.0,2.7,1.39,2202.2,3.42,1.157,39.8
HDPE,17.95,1.73,0.511,GGBS,23.8,27.8,56.0,14.77,2.51,1.47,2226.7,3.66,1.098,35.4
HDPE,11.73,1.39,0.508,none,0.0,47.9,28.1,17.44,3.05,1.87,2263.4,3.92,1.194,35.5
HDPE,3.74,1.52,0.407,GGBS,20.3,49.9,56.3,43.31,4.6,4.0,2333.5,2.24,1.359,65.2
PVC,11.05,9.46,0.486,silica fume,9.7,63.1,14.0,13.01,2.58,1.18,2260.1,2.9,1.149,32.0
PVC,35.11,8.13,0.52,GGBS,22.2,27.0,55.8,12.13,2.48,1.15,2097.2,4.21,0.585,27.9
PVC,35.49,2.56,0.35,fly ash,18.6,28.7,28.1,13.04,2.31,1.1,2167.9,3.31,0.592,33.6
PVC,33.12,7.0,0.512,silica fume,6.8,23.5,27.7,9.54,1.72,0.77,2178.3,3.33,0.676,28.2
PVC,33.36,7.21,0.442,none,0.0,33.9,3.3,5.0,1.24,0.4,2162.2,4.4,0.661,22.2
PVC,33.98,0.77,0.47,fly ash,16.8,69.0,7.0,5.32,1.26,0.5,2158.4,3.86,0.58,27.1
PVC,30.54,3.64,0.35,silica fume,5.7,22.0,89.8,19.94,2.95,1.51,2208.8,2.85,0.665,40.0
PVC,30.34,1.45,0.379,fly ash,23.9,22.4,90.0,20.01,3.17,2.15,2197.4,3.38,0.696,41.0
PVC,24.76,0.52,0.483,silica fume,7.5,19.5,56.0,13.19,2.68,1.3,2165.4,3.25,0.915,34.8
PVC,26.03,2.06,0.452,silica fume,13.5,24.2,7.3,5.0,1.33,0.47,2171.8,3.27,0.762,32.7
PVC,36.11,0.84,0.537,silica fume,5.2,28.2,28.0,10.66,1.89,0.98,2124.8,4.26,0.58,29.7
PVC,29.3,3.48,0.564,fly ash,14.3,36.6,55.8,12.42,2.59,0.96,2178.1,4.49,0.691,27.8
PVC,12.71,9.32,0.521,GGBS,28.6,27.9,55.9,18.35,3.03,1.39,2312.3,3.54,1.007,38.9
PVC,20.84,2.89,0.464,fly ash,12.2,38.3,28.1,11.03,1.75,0.98,2259.1,4.08,0.855,32.7
PVC,23.22,10.53,0.519,none,0.0,23.8,6.8,5.0,1.24,0.39,2177.6,4.32,0.844,17.8
PVC,23.34,0.54,0.563,fly ash,16.9,29.5,7.1,5.0,1.29,0.38,2193.2,4.37,0.762,28.4
PVC,14.95,0.6,0.506,none,0.0,36.2,27.7,9.14,2.26,0.89,2259.4,4.31,0.948,22.3
PVC,14.81,0.55,0.482,none,0.0,29.3,27.7,9.72,1.85,0.91,2271.1,4.03,0.99,29.8
PVC,12.92,1.5,0.487,silica fume,16.9,24.1,27.6,14.48,2.62,1.09,2250.1,2.99,1.019,36.5
PVC,2.5,1.24,0.475,fly ash,10.6,27.3,27.6,27.22,3.5,2.89,2372.5,2.84,1.214,49.4
PVC,39.2,0.76,0.524,none,0.0,28.4,13.6,6.09,1.41,0.65,2118.4,5.59,0.506,16.5
PVC,3.71,4.14,0.565,fly ash,12.5,30.5,28.3,26.79,3.43,2.54,2336.1,3.8,1.205,37.8
PVC,16.51,1.12,0.449,silica fume,18.2,33.1,89.8,19.07,2.96,1.66,2208.8,2.62,0.948,39.3
PVC,3.89,2.18,0.506,silica fume,16.7,28.5,56.0,38.16,4.24,3.57,2342.8,2.95,1.254,57.6
PVC,18.76,3.34,0.43,silica fume,19.1,43.9,27.8,11.51,2.24,1.12,2221.8,2.67,0.87,37.7
PVC,9.96,1.68,0.509,fly ash,23.5,27.6,13.5,13.19,2.45,1.21,2299.8,3.93,1.029,38.8
PVC,3.1,2.36,0.464,none,0.0,25.6,27.8,25.72,3.37,2.74,2345.1,3.08,1.273,43.7
PVC,22.48,7.47,0.54,none,0.0,23.8,90.0,14.41,2.19,1.32,2250.2,5.02,0.875,25.2
PVC,16.7,0.64,0.5,none,0.0,27.5,89.6,14.66,2.23,1.6,2213.7,4.28,0.985,25.8
PVC,28.45,0.51,0.449,none,0.0,27.3,13.5,6.75,1.51,0.66,2189.1,4.38,0.765,20.5
PVC,27.28,1.3,0.36,fly ash,13.4,18.9,6.6,5.78,1.35,0.58,2209.3,2.91,0.735,33.4
PVC,11.94,10.02,0.441,fly ash,17.8,18.7,14.2,11.81,2.14,0.98,2269.5,2.93,1.087,36.7
PVC,31.29,9.22,0.387,fly ash,16.6,22.0,90.0,21.41,2.89,2.14,2148.4,3.29,0.682,36.2
PVC,28.2,7.5,0.49,fly ash,14.2,26.5,28.1,9.48,2.25,0.82,2172.2,4.66,0.675,26.9
PVC,35.51,2.82,0.445,fly ash,20.9,21.5,28.2,10.88,2.04,1.04,2199.9,4.72,0.55,30.4
PVC,26.16,0.96,0.401,none,0.0,28.9,14.2,8.49,1.79,0.9,2211.2,3.57,0.868,29.0
PVC,10.3,8.21,0.449,fly ash,17.0,59.8,55.9,29.91,3.85,2.84,2341.8,3.32,1.103,45.3
PVC,33.94,0.56,0.594,fly ash,19.9,47.2,28.3,10.38,2.0,1.03,2192.3,5.38,0.646,20.2
PVC,33.04,4.84,0.411,none,0.0,29.9,7.0,5.0,1.15,0.43,2183.3,4.1,0.692,23.2
PVC,32.67,10.75,0.546,fly ash,22.5,23.9,56.5,12.55,2.26,1.29,2167.0,5.14,0.561,30.5
PVC,4.1,2.22,0.503,silica fume,12.3,45.6,28.2,33.93,4.26,2.59,2318.9,2.61,1.222,54.8
PVC,32.56,9.34,0.396,GGBS,22.2,59.1,55.7,18.87,3.11,2.07,2127.1,3.09,0.618,42.3
PVC,18.22,0.82,0.457,none,0.0,31.6,14.1,6.98,1.68,0.53,2262.8,3.21,0.93,24.2
PVC,38.25,1.77,0.485,fly ash,23.9,46.1,28.3,11.77,2.32,1.0,2136.4,4.52,0.49,23.7
PVC,11.74,1.69,0.44,none,0.0,75.5,3.4,5.09,1.41,0.51,2302.7,3.08,1.08,31.3
PVC,19.26,6.12,0.532,silica fume,17.3,43.2,14.1,6.93,1.51,0.64,2243.4,3.68,0.983,28.3
PVC,4.04,0.51,0.523,silica fume,18.5,21.0,27.6,27.37,3.85,2.87,2322.0,2.75,1.328,47.4
PVC,12.48,4.93,0.485,none,0.0,29.3,6.7,5.73,1.51,0.53,2282.4,3.51,1.119,24.2
PVC,38.61,2.32,0.514,none,0.0,20.1,55.9,11.52,2.22,1.0,2126.6,4.87,0.515,22.2
PVC,33.07,2.74,0.58,none,0.0,23.0,14.0,5.66,1.33,0.48,2136.3,5.6,0.583,15.4
PVC,10.24,0.63,0.467,silica fume,9.6,26.6,28.2,22.3,3.3,1.97,2303.7,3.4,1.131,51.1
PVC,7.27,1.22,0.398,fly ash,23.3,48.9,6.8,14.23,2.52,1.09,2322.3,2.44,1.135,35.6
PVC,11.5,5.67,0.548,none,0.0,34.6,7.4,6.27,1.72,0.66,2307.3,4.78,1.0,18.6
PVC,34.77,6.37,0.396,fly ash,26.4,52.0,27.7,13.73,2.16,1.24,2215.1,3.71,0.579,30.2
PVC,8.41,0.74,0.587,none,0.0,45.4,3.0,5.66,1.16,0.43,2298.4,4.52,1.129,24.4
PVC,39.96,0.7,0.46,fly ash,10.1,21.9,27.6,10.12,1.88,1.11,2132.0,4.25,0.45,23.2
PVC,7.05,7.39,0.473,fly ash,29.5,22.3,28.2,27.58,3.26,2.42,2314.6,3.17,1.193,48.5
PVC,29.77,2.47,0.553,silica fume,19.3,55.6,6.7,5.19,1.48,0.54,2179.3,4.27,0.724,20.4
PVC,27.72,3.92,0.481,none,0.0,78.9,7.1,5.0,1.27,0.47,2168.0,4.35,0.729,23.1
PVC,17.92,2.19,0.402,none,0.0,18.0,14.2,6.77,1.68,0.57,2277.6,3.44,0.969,28.4
PVC,33.15,7.67,0.559,silica fume,16.7,29.6,56.5,12.98,2.24,1.07,2146.8,4.02,0.694,28.4
PVC,21.89,2.79,0.48,GGBS,26.4,25.4,55.7,15.32,2.5,1.6,2244.9,3.44,0.891,35.8
PVC,14.25,1.2,0.548,fly ash,14.5,27.8,6.6,5.18,1.22,0.4,2283.4,4.61,1.004,27.1
PVC,9.94,8.3,0.417,GGBS,20.4,21.9,28.5,22.84,3.08,1.95,2289.8,2.46,1.15,42.3
PVC,3.31,5.43,0.484,fly ash,19.8,41.5,55.7,40.43,4.86,3.59,2356.5,2.75,1.245,56.4
PVC,19.69,0.98,0.542,none,0.0,22.7,3.3,5.0,1.46,0.52,2239.9,4.68,0.816,21.3
PVC,39.19,1.9,0.516,GGBS,19.4,60.2,3.2,5.3,1.21,0.47,2118.1,4.29,0.477,25.0
PVC,34.31,3.53,0.461,silica fume,17.7,65.5,13.6,8.02,1.79,0.67,2161.2,3.19,0.616,33.1
PVC,39.02,0.99,0.456,fly ash,16.8,18.1,6.6,5.54,1.34,0.55,2116.7,4.15,0.492,20.1
PVC,28.03,0.83,0.387,none,0.0,26.9,56.1,15.09,2.47,1.42,2194.8,3.2,0.749,33.4
PVC,36.68,4.1,0.435,fly ash,18.3,79.2,28.5,13.11,2.21,1.09,2124.4,4.07,0.55,30.0
PVC,23.68,1.16,0.356,silica fume,10.9,20.0,27.9,13.13,2.43,1.11,2218.8,1.76,0.843,45.8
PVC,27.97,1.1,0.459,silica fume,14.4,26.7,55.7,14.52,2.51,1.23,2191.6,3.23,0.758,38.2
PVC,6.67,0.58,0.539,silica fume,6.1,34.3,13.7,17.57,2.78,1.87,2295.0,3.1,1.141,40.6
PVC,29.09,1.08,0.577,silica fume,11.3,35.1,27.5,10.53,1.89,0.89,2189.1,4.32,0.809,28.6
PVC,13.85,1.86,0.465,silica fume,8.4,26.3,27.9,13.13,2.13,1.06,2270.9,2.92,0.981,41.3
PVC,37.9,11.6,0.457,silica fume,13.7,29.7,55.5,14.96,2.5,1.19,2160.2,3.65,0.619,34.5
PVC,16.84,0.8,0.496,fly ash,13.7,27.4,27.6,9.5,1.85,0.72,2293.6,4.28,0.968,28.8
PVC,18.73,4.44,0.527,fly ash,17.6,54.3,3.0,5.0,1.4,0.39,2259.0,3.64,0.874,24.6
PVC,19.61,5.28,0.497,silica fume,13.4,29.1,27.6,9.98,1.89,1.05,2239.2,3.39,0.925,33.4
PVC,3.77,0.77,0.53,fly ash,10.1,23.7,14.1,17.62,2.87,1.42,2326.5,3.45,1.059,37.9
PVC,11.76,1.35,0.556,none,0.0,38.6,90.0,26.59,3.67,2.47,2248.4,4.9,1.082,32.1
PVC,15.98,5.12,0.417,fly ash,12.9,26.8,28.5,10.9,2.45,1.12,2275.8,2.66,0.918,35.0
PVC,5.68,5.33,0.392,silica fume,7.8,22.5,90.0,49.55,4.97,4.99,2290.4,1.92,1.215,73.6
PVC,6.61,1.48,0.511,none,0.0,22.3,27.5,20.78,3.37,2.0,2306.9,3.72,1.197,35.9
PVC,22.36,2.8,0.448,GGBS,25.6,37.0,6.7,5.13,1.25,0.48,2249.5,3.48,0.82,24.4
PVC,30.39,4.74,0.488,fly ash,18.0,49.9,28.2,11.04,2.28,0.96,2124.5,4.39,0.633,29.6
PVC,29.51,7.48,0.515,silica fume,11.4,41.3,28.1,10.91,2.55,1.19,2190.9,3.98,0.756,27.4
PVC,1.86,2.53,0.378,silica fume,12.1,65.9,55.5,57.84,4.64,6.03,2340.0,2.03,1.22,71.0
PVC,17.51,0.62,0.512,silica fume,17.6,34.8,13.8,6.43,1.58,0.58,2243.2,3.14,0.995,32.2
PVC,10.27,3.89,0.495,none,0.0,24.2,55.7,24.17,3.16,2.58,2297.1,3.68,1.065,37.8
PVC,15.56,0.64,0.421,silica fume,17.7,48.7,90.0,19.92,3.17,2.06,2235.5,2.52,1.03,46.0
PVC,16.75,0.64,0.557,GGBS,11.4,19.2,7.4,5.0,1.4,0.42,2247.4,4.11,1.037,30.0
PVC,13.16,1.98,0.368,GGBS,12.8,32.0,3.0,5.04,1.27,0.52,2311.3,1.96,0.984,29.0
PVC,20.92,2.93,0.365,GGBS,15.5,70.8,14.4,9.77,1.94,0.79,2228.9,2.29,0.88,42.7
PVC,2.64,1.42,0.451,silica fume,18.7,27.2,28.0,35.16,4.03,3.05,2336.3,2.4,1.327,58.2
PVC,38.32,4.69,0.37,GGBS,18.3,53.6,6.6,5.12,1.43,0.46,2122.7,3.18,0.502,34.1
PVC,35.9,4.22,0.485,GGBS,14.8,20.2,14.5,7.25,1.44,0.7,2154.1,4.0,0.601,24.3
PVC,6.59,1.63,0.478,none,0.0,29.8,7.4,10.11,2.09,0.78,2301.1,4.27,1.244,30.0
PVC,35.57,1.83,0.564,none,0.0,32.3,14.3,5.82,1.46,0.46,2159.5,5.05,0.524,14.5
PVC,26.95,2.97,0.404,fly ash,22.9,19.4,27.7,11.5,2.24,1.0,2168.5,3.38,0.76,25.3
PVC,21.65,9.1,0.517,GGBS,24.8,27.5,27.7,9.66,1.74,0.85,2212.2,3.72,0.856,27.5
PVC,34.1,1.23,0.475,GGBS,15.7,29.5,28.0,11.14,1.9,0.84,2133.8,3.91,0.566,26.5
PVC,15.6,1.18,0.364,silica fume,12.1,21.6,27.7,12.14,2.43,1.06,2292.6,2.14,1.059,41.4
PVC,30.95,2.31,0.379,none,0.0,40.7,28.1,11.92,2.1,1.23,2196.0,3.34,0.638,27.4
PVC,4.73,3.97,0.557,fly ash,10.5,62.3,90.0,43.64,5.19,3.97,2298.7,3.88,1.18,59.0
PVC,39.13,2.02,0.437,none,0.0,28.7,90.0,15.19,2.71,1.23,2098.0,3.98,0.496,29.0
PVC,29.5,2.12,0.544,fly ash,20.8,20.0,55.6,12.17,2.17,1.19,2234.9,4.22,0.704,28.5
PVC,23.41,7.89,0.473,silica fume,15.8,20.6,14.4,7.56,1.74,0.75,2179.3,3.47,0.87,31.2
PVC,35.41,0.55,0.567,none,0.0,19.3,7.5,5.05,1.3,0.43,2178.6,5.17,0.581,10.1
PVC,27.47,3.91,0.429,silica fume,12.1,24.1,27.7,13.07,2.24,1.38,2198.9,2.85,0.782,32.7
PVC,3.56,1.32,0.456,fly ash,17.6,36.5,90.0,44.52,5.34,4.23,2324.2,2.97,1.126,58.7
PVC,9.65,0.78,0.434,fly ash,22.3,32.5,55.8,35.57,4.16,3.91,2293.9,2.91,1.094,55.5
PVC,28.11,2.56,0.554,silica fume,13.4,29.3,28.3,10.04,1.88,1.08,2208.2,3.46,0.782,29.0
PVC,1.9,0.66,0.569,GGBS,12.7,27.4,6.7,10.61,2.49,1.15,2334.4,3.47,1.211,25.9
PVC,2.87,10.12,0.35,silica fume,12.7,26.2,7.2,15.88,2.93,1.5,2394.2,1.65,1.243,45.2
PVC,38.02,9.53,0.567,fly ash,10.4,24.0,14.1,5.78,1.51,0.64,2107.8,5.25,0.511,20.4
PVC,23.04,2.01,0.476,fly ash,23.2,20.0,14.1,6.24,1.48,0.61,2255.2,4.02,0.833,21.3
PVC,32.57,0.97,0.469,none,0.0,26.5,27.6,8.43,1.87,0.74,2200.3,4.74,0.626,21.9
PVC,21.84,4.05,0.529,GGBS,21.0,19.5,28.3,8.63,1.93,0.65,2219.5,4.05,0.848,29.5
PVC,22.66,0.75,0.5,none,0.0,73.8,55.5,12.77,2.41,1.04,2255.6,4.49,0.871,29.9
PVC,6.65,2.27,0.491,silica fume,11.9,55.7,28.2,24.14,3.52,2.18,2304.6,3.16,1.183,51.0
PVC,11.49,2.29,0.44,none,0.0,22.0,27.8,15.97,3.08,1.24,2283.0,3.51,1.106,34.2
PVC,28.03,2.3,0.52,none,0.0,51.4,27.7,8.8,2.08,0.81,2173.9,4.81,0.781,21.5
PVC,4.09,5.5,0.489,GGBS,18.2,46.3,28.3,27.66,3.74,2.11,2301.0,3.01,1.253,49.9
PVC,27.38,1.63,0.511,GGBS,12.4,19.4,55.6,11.98,2.18,1.29,2189.3,3.96,0.779,28.1
PVC,5.19,3.39,0.47,none,0.0,38.4,56.5,36.88,4.17,2.91,2348.0,3.57,1.214,49.2
PVC,27.64,2.65,0.603,fly ash,15.0,27.9,90.0,13.49,2.43,1.21,2160.9,5.38,0.668,21.2
PVC,1.19,1.15,0.385,fly ash,14.1,56.1,6.7,15.59,2.65,1.29,2339.4,2.28,1.238,43.3
PVC,12.51,0.57,0.518,fly ash,20.8,24.5,55.9,18.94,3.04,2.03,2289.3,4.06,0.886,31.4
PVC,1.21,1.3,0.493,silica fume,14.0,53.3,27.8,31.74,4.11,3.08,2291.4,2.7,1.284,52.1
PVC,20.18,1.93,0.35,silica fume,6.4,18.9,28.0,13.04,2.11,1.35,2242.6,2.42,0.971,40.6
PVC,14.31,0.94,0.536,silica fume,10.5,44.2,7.1,5.3,1.25,0.5,2268.7,2.97,0.974,33.2
PVC,15.04,8.72,0.394,silica fume,14.8,29.9,6.8,5.52,1.37,0.47,2233.4,2.47,1.033,34.1
PVC,1.28,9.78,0.469,GGBS,13.6,23.2,6.9,12.08,2.11,1.07,2356.6,3.07,1.265,33.0
PVC,13.46,2.8,0.438,fly ash,27.1,25.7,6.8,6.49,1.42,0.55,2303.7,3.02,1.015,32.7
PVC,31.6,3.77,0.498,none,0.0,31.2,89.5,18.19,2.63,1.92,2216.0,4.71,0.659,28.3
PVC,1.28,1.16,0.367,none,0.0,19.9,90.0,54.85,5.54,4.13,2385.8,2.24,1.279,65.6
PVC,6.19,0.53,0.489,GGBS,28.1,27.7,13.9,17.03,2.7,1.79,2319.4,3.39,1.157,37.5
PVC,4.45,11.07,0.425,silica fume,18.4,21.8,55.5,41.92,4.23,3.78,2295.7,1.98,1.242,65.3
PVC,9.1,11.74,0.465,GGBS,28.1,38.3,55.7,31.9,3.58,2.56,2310.0,3.09,1.122,51.4
PVC,11.02,11.18,0.582,fly ash,22.7,24.8,13.7,12.04,2.16,1.22,2251.9,4.17,1.061,29.1
PVC,20.2,2.63,0.371,fly ash,13.9,47.0,28.0,12.01,2.5,1.12,2234.6,2.77,0.891,33.5
PVC,28.03,2.88,0.385,fly ash,16.1,20.7,27.5,11.47,2.11,0.93,2179.5,3.3,0.753,33.9
PVC,11.34,4.6,0.488,fly ash,25.1,23.1,3.2,5.0,1.32,0.48,2269.8,3.83,1.082,27.6
PVC,11.96,0.53,0.578,silica fume,18.2,19.1,90.0,22.92,3.55,2.18,2277.1,3.72,1.13,40.1
PVC,0.48,0.89,0.458,silica fume,7.4,20.2,55.5,40.99,5.46,4.06,2322.5,2.74,1.408,62.0
PVC,17.93,0.85,0.57,fly ash,29.2,27.3,55.9,13.74,2.57,1.29,2257.6,4.56,0.923,24.9
PVC,16.72,1.52,0.426,none,0.0,28.0,28.3,10.53,2.06,1.03,2291.3,3.25,0.94,32.7
PVC,25.43,7.14,0.601,GGBS,29.1,20.0,13.6,5.69,1.43,0.44,2211.6,4.86,0.832,20.6
PVC,8.99,5.63,0.35,none,0.0,41.6,7.5,12.27,2.61,1.05,2307.0,2.6,1.098,39.8
PVC,2.55,4.51,0.525,fly ash,10.5,22.8,14.2,17.91,2.81,1.45,2341.3,3.29,1.164,35.4
PVC,4.82,1.61,0.504,GGBS,29.9,24.0,89.8,46.6,5.08,3.69,2315.6,3.44,1.213,67.5
PVC,22.59,5.06,0.433,fly ash,24.1,30.0,28.4,10.79,2.25,1.17,2253.3,3.23,0.867,30.5
PVC,15.36,0.58,0.548,fly ash,27.2,29.0,28.1,9.75,1.97,0.74,2262.1,4.07,0.97,28.8
PVC,37.11,2.12,0.475,GGBS,23.3,29.0,28.0,10.87,2.04,0.96,2153.2,4.07,0.487,28.5
PVC,10.26,0.6,0.529,none,0.0,28.3,56.3,24.09,2.94,2.58,2270.6,3.93,1.007,32.9
PVC,9.8,2.46,0.396,GGBS,26.1,62.1,7.3,11.72,2.27,1.09,2271.3,2.32,1.08,39.6
PVC,19.21,2.28,0.35,silica fume,18.7,49.1,55.8,21.35,3.07,1.64,2231.7,2.4,0.878,43.0
PVC,37.02,0.87,0.591,none,0.0,18.1,90.0,13.09,2.28,1.34,2115.8,5.67,0.585,24.1
PVC,29.71,1.99,0.379,silica fume,8.1,33.2,27.5,12.22,2.41,1.33,2215.3,2.71,0.658,35.0
PVC,16.22,2.91,0.38,none,0.0,18.2,28.1,10.79,2.43,1.08,2284.8,2.62,0.982,31.9
PVC,0.24,5.6,0.405,fly ash,19.7,20.6,28.3,30.42,3.65,2.7,2345.6,2.46,1.208,47.0
PVC,35.16,2.36,0.534,fly ash,25.4,24.0,89.6,16.74,2.77,1.67,2134.2,4.44,0.533,32.3
PVC,4.61,6.78,0.477,silica fume,14.2,20.8,27.9,30.24,4.11,2.84,2293.6,2.58,1.228,53.0
PVC,3.6,2.55,0.477,none,0.0,61.8,56.3,38.37,4.47,2.88,2311.8,3.31,1.278,52.3
PVC,19.92,4.42,0.518,silica fume,17.9,46.5,89.9,16.26,2.44,1.22,2231.2,3.55,0.848,33.2
PVC,13.8,1.28,0.384,silica fume,14.7,24.1,7.0,6.69,1.5,0.59,2287.7,2.21,1.043,31.6
PVC,11.37,6.83,0.35,GGBS,19.4,74.4,14.1,18.35,2.66,1.88,2304.1,2.55,1.08,45.1
PVC,11.21,4.88,0.438,fly ash,22.6,24.0,55.8,26.6,3.17,2.26,2285.5,3.06,1.022,47.8
PVC,1.0,0.57,0.356,none,0.0,44.6,55.6,45.41,5.03,4.36,2357.9,1.95,1.284,60.8
PVC,26.04,7.36,0.518,silica fume,12.8,35.4,13.6,7.46,1.51,0.65,2168.7,3.76,0.778,35.5
PVC,5.98,1.2,0.374,fly ash,20.0,26.8,7.3,13.61,2.48,1.38,2339.5,2.56,1.129,35.8
PVC,33.87,4.78,0.432,GGBS,20.1,27.1,7.2,5.0,1.3,0.51,2168.2,3.57,0.619,21.7
PVC,18.29,4.13,0.646,none,0.0,39.4,55.9,10.74,2.21,1.15,2247.3,5.69,0.887,19.4
PVC,26.6,5.14,0.421,none,0.0,32.2,28.4,10.29,2.23,1.06,2167.3,3.68,0.719,29.2
PVC,9.3,0.91,0.443,fly ash,16.3,18.8,89.9,39.41,4.31,3.82,2298.0,3.26,1.062,56.7
PVC,20.12,3.37,0.6,silica fume,6.2,28.0,7.1,5.32,1.24,0.42,2242.3,4.41,0.919,18.7
PVC,11.15,3.25,0.416,silica fume,14.5,25.5,28.2,21.54,3.41,1.77,2269.7,2.26,1.14,47.9
PVC,11.75,2.88,0.537,fly ash,25.1,21.5,3.0,5.0,1.29,0.55,2269.3,3.83,1.039,23.4
PVC,28.12,3.87,0.417,fly ash,28.9,19.3,27.8,10.71,2.11,1.18,2196.0,3.17,0.747,26.9
PVC,32.04,1.71,0.448,GGBS,21.2,76.4,14.5,8.16,1.76,0.63,2213.1,3.8,0.702,30.8
PVC,22.6,2.85,0.586,GGBS,15.7,25.4,3.0,5.0,1.34,0.4,2179.9,4.91,0.861,23.3
PVC,33.56,3.32,0.461,GGBS,17.3,25.4,28.1,10.71,2.17,0.92,2135.7,4.17,0.626,30.1
PVC,25.23,1.8,0.492,none,0.0,29.1,13.7,6.72,1.43,0.51,2185.9,4.59,0.789,19.8
PVC,20.49,3.08,0.378,GGBS,20.9,40.1,14.2,8.9,2.01,0.89,2253.8,2.73,0.874,37.8
PVC,19.5,4.34,0.403,fly ash,26.1,22.7,28.2,13.42,2.3,1.13,2233.3,3.12,0.929,32.1
PVC,14.41,0.81,0.399,fly ash,23.1,23.5,89.8,22.94,2.81,1.8,2192.6,3.47,0.923,43.0
PVC,35.7,0.58,0.502,none,0.0,29.6,7.0,5.17,1.33,0.53,2143.5,5.27,0.525,19.5
PVC,29.52,8.75,0.549,GGBS,21.6,49.8,7.4,5.25,1.16,0.57,2213.8,4.04,0.755,29.8
PVC,37.48,1.88,0.508,none,0.0,29.2,3.1,5.31,1.36,0.54,2121.9,5.46,0.539,10.0
PVC,37.77,1.18,0.524,fly ash,24.9,43.3,55.6,13.86,2.1,1.16,2173.5,5.4,0.497,22.8
PVC,9.37,4.87,0.386,fly ash,26.5,38.6,28.3,26.25,3.85,2.16,2338.6,2.83,1.128,46.0
PVC,24.87,0.79,0.463,fly ash,23.4,25.1,13.6,7.48,1.55,0.75,2226.8,3.75,0.835,23.7
PVC,36.41,0.51,0.525,fly ash,24.8,40.2,90.0,16.38,2.89,1.55,2105.4,4.74,0.517,29.9
PVC,10.76,2.02,0.469,silica fume,6.2,20.1,14.2,14.63,2.46,1.42,2285.0,3.5,1.042,38.1
PVC,33.49,6.7,0.358,silica fume,10.3,24.5,55.6,18.73,3.11,1.63,2203.0,2.43,0.584,42.3
PVC,12.29,3.91,0.417,fly ash,29.0,27.0,28.3,18.05,2.75,1.75,2275.7,2.51,0.996,44.1
PVC,36.63,1.65,0.515,GGBS,21.9,29.8,6.9,5.42,1.39,0.43,2118.7,4.43,0.499,21.5
PVC,13.32,2.31,0.402,fly ash,29.4,21.2,27.8,15.94,2.28,1.69,2304.1,3.07,0.946,39.9
PVC,22.42,8.39,0.422,fly ash,11.8,23.6,6.9,5.24,1.35,0.48,2250.1,3.55,0.886,26.4
PVC,32.52,0.84,0.385,none,0.0,44.3,55.9,16.16,2.63,1.59,2166.8,3.32,0.645,31.3
PVC,11.06,1.44,0.562,fly ash,18.2,76.9,90.0,35.33,4.15,3.36,2266.7,4.02,1.011,43.5
PVC,3.61,1.99,0.404,GGBS,12.4,47.7,13.9,24.48,3.35,1.99,2326.0,2.32,1.216,46.9
PVC,5.46,7.64,0.562,none,0.0,71.7,90.0,41.48,4.4,3.39,2306.0,3.81,1.213,48.5
PVC,36.26,1.34,0.562,GGBS,12.8,18.2,3.0,5.0,1.39,0.41,2163.6,4.81,0.575,21.8
PVC,17.23,0.8,0.432,GGBS,28.8,67.1,55.9,17.69,2.61,1.91,2290.3,3.13,0.966,40.8
PVC,28.5,8.57,0.495,GGBS,10.5,30.1,28.2,9.01,2.13,0.72,2147.7,3.96,0.761,24.5
PVC,14.87,2.72,0.505,fly ash,17.9,19.3,55.6,14.91,2.39,1.59,2256.6,3.82,0.978,33.3
PVC,17.48,0.62,0.523,silica fume,18.8,27.0,28.1,9.24,1.98,0.73,2247.1,3.26,1.019,32.5
PVC,25.75,0.6,0.492,fly ash,16.7,39.1,13.8,6.43,1.62,0.49,2213.2,3.86,0.705,23.5
PVC,16.71,4.03,0.492,none,0.0,47.1,90.0,17.0,2.46,1.32,2297.8,4.14,0.959,28.9
PVC,29.59,2.4,0.547,silica fume,11.6,19.2,90.0,15.84,2.79,1.56,2152.1,4.1,0.72,39.3
PVC,1.64,8.99,0.488,fly ash,16.8,24.2,13.8,18.32,3.08,1.97,2332.7,3.57,1.245,42.0
PVC,5.42,2.59,0.432,silica fume,18.6,18.3,14.0,20.28,3.1,1.58,2379.0,2.32,1.191,46.4
PVC,25.77,0.56,0.603,none,0.0,21.9,56.2,11.45,2.05,0.9,2185.8,5.58,0.767,26.0
PVC,33.44,1.05,0.472,silica fume,18.4,18.3,14.0,7.45,1.55,0.61,2117.8,3.46,0.663,31.0
PVC,4.53,9.13,0.367,GGBS,15.1,21.1,13.9,19.4,3.11,2.05,2349.1,2.23,1.183,44.7
PVC,5.85,3.98,0.498,none,0.0,26.0,27.7,23.76,3.33,2.51,2328.2,3.28,1.197,37.5
PVC,36.77,7.31,0.478,silica fume,12.8,62.7,6.8,5.13,1.34,0.51,2156.7,3.64,0.605,27.4
PVC,33.64,11.37,0.445,none,0.0,21.7,89.7,16.83,3.07,1.29,2219.7,4.45,0.627,25.0
PVC,14.82,2.3,0.492,none,0.0,41.0,28.4,10.94,1.96,0.85,2292.2,3.82,0.95,25.8
PVC,32.51,2.15,0.415,none,0.0,67.9,90.0,20.55,3.19,1.79,2144.0,3.75,0.59,34.2
PVC,15.33,0.96,0.531,none,0.0,21.8,3.2,5.0,1.26,0.53,2227.2,4.33,0.944,15.3
PVC,30.67,5.51,0.63,silica fume,7.3,25.4,3.3,5.0,1.56,0.42,2179.8,4.48,0.788,17.3
PVC,21.01,2.38,0.381,none,0.0,27.1,27.5,12.07,1.92,1.09,2246.9,3.16,0.902,28.6
PVC,18.36,1.22,0.459,silica fume,19.6,23.1,28.3,11.65,2.15,0.98,2226.7,3.12,0.903,37.6
PVC,36.31,4.99,0.439,none,0.0,18.2,28.5,10.29,1.96,0.82,2099.4,4.38,0.587,26.7
PVC,7.12,6.97,0.501,GGBS,12.5,47.0,7.2,10.99,2.24,0.96,2327.7,3.31,1.108,32.1
PVC,32.83,3.02,0.464,GGBS,29.7,48.7,28.0,11.38,2.38,1.02,2168.7,3.83,0.674,30.5
PVC,27.34,8.52,0.35,fly ash,17.6,20.7,28.5,12.59,2.45,1.05,2189.3,3.0,0.777,36.2
PVC,7.15,0.66,0.442,GGBS,27.6,26.2,28.5,27.4,3.89,2.25,2316.0,2.87,1.137,53.6
PVC,12.1,0.84,0.429,silica fume,5.8,30.2,55.9,23.92,3.51,2.17,2291.5,2.06,1.079,51.0
PVC,39.67,9.51,0.424,fly ash,13.4,19.3,14.4,7.76,1.62,0.67,2126.5,3.72,0.494,32.1
PVC,14.72,2.0,0.35,GGBS,22.9,18.9,3.4,5.04,1.29,0.54,2311.8,2.56,0.969,32.0
PVC,11.84,6.53,0.65,silica fume,8.5,33.0,14.3,11.51,1.79,1.02,2237.6,4.18,1.135,27.2
PVC,28.19,5.87,0.525,GGBS,16.8,20.1,56.1,12.54,2.36,1.31,2149.6,4.2,0.756,33.8
PVC,38.3,0.5,0.35,fly ash,10.4,27.0,28.2,10.76,2.2,0.85,2169.5,3.46,0.541,38.6
PVC,23.23,0.89,0.469,none,0.0,73.1,6.6,5.0,1.5,0.53,2193.6,3.94,0.952,21.4
PVC,22.44,0.71,0.643,none,0.0,28.3,6.7,5.0,1.36,0.51,2190.7,5.73,0.786,15.4
PVC,22.6,5.35,0.59,none,0.0,31.9,6.7,5.0,1.28,0.55,2198.9,4.99,0.844,17.7
PVC,7.16,10.16,0.384,fly ash,21.8,29.3,7.0,12.99,2.55,1.05,2357.4,2.49,1.156,39.8
PVC,37.49,1.56,0.482,fly ash,29.5,39.9,56.1,15.43,2.15,1.38,2087.1,4.7,0.474,30.7
PVC,24.07,0.65,0.51,none,0.0,28.6,89.8,15.09,2.63,1.32,2217.2,4.85,0.767,23.1
PVC,14.44,5.4,0.422,silica fume,9.1,23.7,89.6,20.56,3.15,1.7,2268.8,2.68,1.084,45.7
PVC,12.07,10.66,0.413,fly ash,22.2,21.9,13.9,13.04,2.39,1.38,2329.3,2.57,1.059,32.9
PVC,18.76,4.5,0.551,silica fume,9.2,57.4,56.4,13.64,2.33,1.41,2270.1,4.12,0.949,35.8
PVC,30.51,2.12,0.426,fly ash,14.4,23.6,56.2,14.01,2.35,1.31,2165.6,3.37,0.665,33.2
PVC,19.61,1.35,0.457,GGBS,18.0,31.6,27.9,11.01,2.08,0.92,2241.3,3.12,0.856,30.7
PVC,5.96,3.88,0.388,GGBS,21.5,18.5,27.6,30.0,3.57,2.37,2354.0,2.21,1.162,52.9
PVC,23.25,2.3,0.613,silica fume,14.3,22.6,27.8,7.9,1.89,0.8,2163.5,4.41,0.824,16.7
PVC,15.34,4.57,0.41,GGBS,19.1,38.8,6.9,5.03,1.3,0.4,2297.8,3.23,1.066,30.1
PVC,21.44,4.53,0.509,silica fume,7.5,61.4,6.8,5.33,1.24,0.43,2242.6,3.57,0.898,25.9
PVC,19.63,2.19,0.497,fly ash,18.0,45.5,13.5,7.22,1.66,0.59,2238.9,3.64,0.831,29.3
PVC,4.29,0.59,0.452,none,0.0,35.6,14.4,17.74,3.12,1.93,2359.4,3.26,1.255,40.7
PVC,2.04,5.04,0.474,none,0.0,38.3,55.9,41.42,3.99,4.45,2360.7,3.45,1.338,58.4
PVC,23.16,9.38,0.492,silica fume,14.0,22.3,55.6,14.53,2.46,1.26,2238.1,3.28,0.816,35.4
PVC,34.16,9.96,0.602,none,0.0,29.6,28.0,7.4,2.06,0.75,2158.8,5.54,0.641,18.5
PVC,22.78,0.51,0.481,none,0.0,64.5,3.3,5.0,1.41,0.55,2222.6,3.87,0.842,16.9
PVC,15.44,1.17,0.536,GGBS,16.7,28.2,6.9,5.09,1.27,0.48,2276.5,3.8,0.983,22.1
PVC,14.76,6.68,0.418,GGBS,19.0,75.1,14.1,9.0,2.04,0.72,2285.7,2.35,0.975,33.4
PVC,35.88,1.61,0.464,none,0.0,25.8,14.4,6.71,1.58,0.55,2183.7,4.44,0.663,19.9
PVC,13.78,4.75,0.493,silica fume,5.1,21.1,27.9,11.96,2.53,1.24,2267.8,3.21,1.101,38.1
PVC,37.6,5.13,0.392,silica fume,6.1,26.7,56.4,16.3,2.8,1.25,2190.0,3.38,0.565,39.3
PVC,11.04,8.19,0.405,fly ash,20.7,23.4,3.0,5.13,1.23,0.41,2315.2,2.79,1.119,31.4
PVC,14.64,10.98,0.521,none,0.0,30.3,55.7,13.43,2.27,1.26,2276.8,4.24,1.035,23.4
PVC,38.45,6.75,0.444,silica fume,8.2,20.8,6.5,5.21,1.28,0.53,2103.2,3.41,0.615,22.3
PVC,39.53,6.16,0.422,fly ash,29.3,30.7,3.3,5.0,1.26,0.45,2130.0,4.06,0.518,24.8
PVC,34.31,4.66,0.422,none,0.0,49.4,13.9,7.37,1.67,0.65,2191.1,3.99,0.6,23.6
PVC,17.88,2.54,0.516,none,0.0,27.1,28.1,8.63,2.19,0.67,2234.7,4.55,0.926,17.5
PVC,32.13,1.64,0.378,fly ash,16.4,23.5,14.0,8.65,1.87,0.69,2217.0,3.41,0.606,28.8
PVC,22.72,2.33,0.445,GGBS,17.6,24.7,3.0,5.0,1.29,0.49,2258.0,3.2,0.799,31.4
PVC,23.4,2.81,0.505,GGBS,12.3,18.8,28.3,9.56,1.98,0.96,2225.7,3.92,0.896,29.7
PVC,25.32,2.12,0.514,none,0.0,22.1,28.2,8.89,1.98,0.94,2231.1,4.67,0.819,19.3
PVC,6.17,1.69,0.457,silica fume,5.4,24.2,28.1,22.66,3.45,2.19,2317.7,2.19,1.263,53.3
PVC,37.66,9.12,0.569,silica fume,12.0,29.6,28.0,9.59,2.23,0.86,2167.5,4.06,0.48,24.1
PVC,38.92,1.92,0.48,fly ash,21.8,25.6,27.6,10.76,2.02,1.11,2154.8,4.77,0.528,27.1
PVC,6.22,0.63,0.455,GGBS,20.4,32.0,14.0,16.96,3.14,1.73,2304.7,2.46,1.237,44.9
PVC,28.19,1.72,0.53,none,0.0,29.0,7.3,5.0,1.41,0.39,2202.3,5.37,0.675,14.5
PVC,19.31,3.1,0.496,GGBS,25.2,49.1,90.0,19.56,3.06,1.57,2307.6,3.77,0.97,36.2
PVC,37.24,1.6,0.488,fly ash,21.4,19.7,27.5,10.84,1.89,1.1,2182.2,4.73,0.479,24.9
PVC,26.13,3.27,0.467,GGBS,16.1,65.7,28.3,11.78,2.17,0.95,2224.0,3.78,0.787,32.6
PVC,20.5,1.5,0.502,none,0.0,26.2,7.2,5.0,1.38,0.39,2209.2,4.13,0.959,19.4
PVC,16.88,7.99,0.473,none,0.0,26.1,7.1,5.04,1.39,0.43,2217.0,4.04,0.971,22.1
PVC,28.81,2.16,0.35,none,0.0,24.0,6.8,5.0,1.42,0.51,2153.2,2.91,0.725,31.9
PVC,11.36,0.72,0.399,silica fume,15.8,23.3,13.9,13.49,2.56,1.4,2273.1,2.16,1.056,38.1
PVC,28.67,3.98,0.378,none,0.0,27.7,28.5,11.78,2.05,1.27,2136.6,3.24,0.797,32.5
PVC,36.97,3.97,0.437,none,0.0,25.0,27.7,10.13,2.33,0.78,2119.0,4.73,0.567,24.2
PVC,23.72,11.73,0.482,none,0.0,18.5,28.1,9.2,2.01,0.8,2202.0,3.94,0.831,26.1
PVC,12.91,7.83,0.381,GGBS,15.5,19.7,3.4,5.08,1.29,0.43,2313.5,2.22,1.047,37.9
PVC,17.81,0.95,0.447,GGBS,11.7,29.1,28.4,12.12,2.14,1.33,2288.7,2.71,0.957,35.8
PVC,3.0,4.31,0.483,none,0.0,28.8,28.3,25.7,3.51,2.7,2305.8,3.71,1.216,42.3
PVC,12.9,10.42,0.475,none,0.0,20.5,3.5,5.0,1.26,0.49,2280.1,3.83,1.079,20.7
PVC,6.41,1.28,0.35,fly ash,23.9,27.3,27.8,31.14,4.07,2.47,2355.1,1.84,1.146,60.3
PVC,38.12,0.99,0.444,silica fume,9.2,19.3,90.0,17.79,2.82,1.6,2111.7,3.43,0.582,42.6
PVC,20.75,8.88,0.532,fly ash,23.3,23.0,7.1,5.58,1.21,0.48,2248.8,4.28,0.865,26.6
PVC,7.19,8.06,0.568,GGBS,17.3,32.3,28.4,23.3,3.17,2.38,2298.8,3.74,1.187,44.0
PVC,11.77,2.24,0.563,none,0.0,33.7,7.5,5.97,1.34,0.48,2276.1,4.62,1.063,17.2
PVC,31.41,3.94,0.65,silica fume,11.8,25.3,56.4,11.23,2.15,1.07,2159.7,4.99,0.662,25.5
PVC,0.84,0.59,0.512,none,0.0,30.2,28.4,28.91,3.74,2.2,2334.0,3.41,1.258,45.0
PVC,13.87,10.4,0.39,none,0.0,27.6,27.9,15.0,2.5,1.39,2232.1,2.96,1.004,40.2
PVC,9.53,2.71,0.397,none,0.0,47.3,28.2,25.96,3.29,2.01,2241.6,2.88,1.076,44.9
PVC,14.83,9.35,0.494,silica fume,13.0,19.6,27.9,10.0,2.11,0.86,2270.3,3.3,1.004,30.6
PVC,12.44,2.91,0.455,silica fume,10.0,26.4,14.0,11.91,2.18,0.97,2293.3,3.09,1.14,37.1
PVC,24.44,3.49,0.465,GGBS,17.3,60.7,55.9,16.11,2.71,1.31,2268.3,3.36,0.78,34.3
PVC,11.97,1.15,0.513,GGBS,19.7,46.3,89.6,28.19,3.73,2.31,2267.4,3.79,1.132,42.2
PVC,15.33,0.83,0.352,silica fume,19.3,36.6,28.1,14.53,2.51,1.44,2282.0,1.98,0.992,49.6
PVC,0.33,1.88,0.513,none,0.0,47.2,56.2,40.44,4.8,3.25,2375.8,3.51,1.296,49.2
PVC,8.09,8.47,0.507,none,0.0,28.7,28.4,19.35,3.23,1.89,2268.4,3.85,1.14,39.3
PVC,5.29,1.14,0.542,fly ash,24.9,45.3,56.1,32.76,4.65,3.54,2333.4,3.47,1.216,46.8
PVC,31.15,2.33,0.478,none,0.0,74.1,3.0,5.12,1.35,0.53,2161.4,4.86,0.624,18.6
PVC,34.06,6.91,0.489,silica fume,8.2,24.5,7.5,5.12,1.4,0.48,2126.0,3.22,0.668,24.0
PVC,29.64,11.59,0.513,silica fume,8.9,25.8,55.8,13.18,2.52,1.13,2179.5,3.66,0.731,39.7
PVC,21.69,1.31,0.35,GGBS,18.1,26.5,14.4,9.85,2.29,0.99,2232.1,2.53,0.873,34.5
PVC,26.61,0.89,0.481,silica fume,19.8,23.6,27.9,10.41,1.98,0.99,2191.6,3.24,0.723,30.5
PVC,18.68,2.11,0.405,silica fume,13.0,18.1,55.7,17.14,2.55,1.63,2255.4,2.21,0.963,48.6
PVC,5.3,1.84,0.502,silica fume,8.5,37.3,7.3,12.56,2.11,1.27,2335.3,3.13,1.214,32.3
PVC,36.87,11.57,0.385,silica fume,16.2,19.6,27.9,11.52,2.15,1.21,2137.6,2.81,0.627,40.1
PVC,33.61,1.3,0.527,silica fume,17.3,73.5,27.6,9.83,2.24,0.93,2162.5,3.73,0.712,30.0
PVC,0.22,9.22,0.474,GGBS,26.4,19.3,7.3,13.93,2.42,1.14,2355.8,2.62,1.359,45.2
PVC,1.39,11.77,0.578,fly ash,11.3,26.1,89.6,42.14,4.6,3.84,2322.5,3.53,1.201,59.9
PVC,14.4,7.64,0.485,silica fume,11.8,23.9,27.9,11.8,2.21,0.9,2221.6,3.36,1.086,30.8
PVC,36.62,8.27,0.544,fly ash,22.0,18.7,28.2,9.56,2.04,0.83,2108.1,4.39,0.569,25.7
PVC,15.78,0.87,0.388,silica fume,5.9,39.3,27.8,13.44,2.32,1.44,2242.6,2.8,1.002,36.5
PVC,18.13,9.74,0.423,silica fume,13.4,22.9,6.5,5.12,1.34,0.53,2251.5,2.33,0.963,35.4
PVC,38.27,7.19,0.56,none,0.0,21.9,56.0,11.91,2.09,0.92,2127.5,5.52,0.581,16.1
PVC,0.24,9.77,0.404,GGBS,21.4,21.0,90.0,55.07,4.86,5.57,2365.2,2.27,1.283,72.9
PVC,7.97,0.63,0.504,fly ash,24.4,55.6,3.0,5.89,1.43,0.59,2286.7,3.09,1.071,31.7
PVC,13.34,2.79,0.449,GGBS,19.7,35.7,28.0,13.53,2.51,1.39,2322.5,3.31,1.001,35.1
PVC,4.77,1.5,0.45,silica fume,7.6,49.6,27.5,30.75,4.05,3.06,2336.8,2.07,1.204,56.7
PVC,32.0,0.54,0.492,silica fume,16.1,22.7,56.4,12.19,2.03,1.25,2172.1,3.66,0.695,29.6
PVC,18.47,0.73,0.514,silica fume,15.4,40.8,6.6,5.0,1.42,0.52,2274.2,3.16,0.974,33.7
PVC,36.43,0.64,0.487,none,0.0,43.5,14.2,6.41,1.54,0.52,2136.7,4.91,0.536,19.1
PVC,7.68,1.87,0.486,silica fume,17.1,23.7,27.6,22.52,2.9,2.35,2277.0,2.7,1.218,45.4
PVC,6.39,0.5,0.49,none,0.0,50.3,6.5,9.67,2.19,1.01,2311.8,3.67,1.145,26.6
PVC,21.52,2.74,0.416,silica fume,7.4,26.2,28.4,12.11,2.12,1.31,2249.5,2.91,0.906,35.6
PVC,13.92,0.78,0.404,none,0.0,21.9,13.8,8.68,2.09,0.91,2279.3,3.26,1.031,25.9
PVC,7.74,0.61,0.461,none,0.0,22.9,7.1,9.75,1.95,0.79,2343.4,2.93,1.166,26.1
PVC,30.97,10.16,0.499,GGBS,16.1,35.9,14.0,7.0,1.63,0.65,2194.7,3.8,0.647,23.6
PVC,33.7,0.58,0.466,silica fume,7.1,38.1,90.0,18.42,2.67,1.77,2159.4,3.58,0.678,40.5
PVC,34.49,5.54,0.512,none,0.0,44.8,55.9,12.22,2.44,0.96,2150.2,4.98,0.55,21.1
PVC,1.98,0.67,0.463,fly ash,21.5,36.5,56.2,40.52,5.01,3.91,2346.2,2.54,1.213,59.5
PVC,20.41,1.23,0.443,GGBS,24.6,50.6,55.7,14.96,2.62,1.36,2257.0,3.41,0.964,35.5
PVC,8.4,5.85,0.524,fly ash,17.9,22.6,7.0,9.4,1.86,1.0,2312.6,3.68,1.16,31.3
PVC,23.29,9.56,0.505,GGBS,15.6,24.7,90.0,15.56,2.93,1.49,2231.6,3.67,0.825,35.1
PVC,15.44,0.64,0.497,none,0.0,24.1,55.9,14.25,2.22,1.47,2241.4,4.16,1.024,30.3
PVC,11.17,3.96,0.553,silica fume,5.7,24.9,55.6,21.88,2.84,1.82,2323.2,3.39,1.129,35.6
PVC,38.71,6.76,0.363,silica fume,6.1,21.7,27.9,11.87,2.43,1.27,2155.0,2.72,0.522,34.8
PVC,17.21,0.64,0.531,fly ash,22.4,39.1,7.4,5.11,1.44,0.52,2212.5,3.95,0.954,23.3
PVC,27.8,9.63,0.46,fly ash,26.7,22.0,14.5,7.34,1.49,0.64,2165.1,3.94,0.738,24.5
PVC,23.04,7.2,0.447,GGBS,21.5,27.4,28.1,10.82,1.94,0.93,2194.0,3.41,0.814,34.7
PVC,25.43,9.98,0.437,silica fume,6.0,34.1,56.2,16.25,2.37,1.48,2192.1,3.18,0.789,39.2
PVC,25.14,1.33,0.569,silica fume,13.5,29.8,90.0,14.91,2.28,1.15,2213.6,4.28,0.81,30.5
PVC,11.13,6.04,0.516,silica fume,15.5,80.0,56.2,26.85,3.53,2.11,2287.1,3.52,1.087,47.4
PVC,2.45,4.34,0.468,fly ash,19.0,24.5,28.4,29.07,3.94,2.8,2351.0,2.55,1.178,48.2
PVC,4.85,0.78,0.475,GGBS,28.5,20.4,27.6,27.5,3.1,2.38,2297.3,2.59,1.267,49.5
PVC,6.93,6.36,0.506,silica fume,12.6,25.0,3.1,5.45,1.48,0.46,2301.9,3.12,1.223,35.6
PVC,21.05,1.02,0.484,silica fume,12.1,26.5,13.7,7.14,1.75,0.64,2224.7,3.41,0.934,31.0
PVC,26.29,7.51,0.494,silica fume,19.4,28.7,28.2,10.84,2.22,1.04,2125.8,3.63,0.797,34.3
PVC,34.7,3.47,0.382,silica fume,6.7,43.3,27.8,12.15,2.35,1.26,2195.6,3.03,0.55,36.8
PVC,20.82,0.6,0.367,none,0.0,65.2,3.0,5.17,1.17,0.49,2251.8,3.43,0.957,27.2
PVC,11.4,1.18,0.411,none,0.0,36.7,13.8,12.85,2.12,1.35,2302.4,2.95,1.036,33.1
PVC,26.38,0.83,0.396,silica fume,6.8,27.4,27.6,12.39,2.12,1.32,2204.3,2.55,0.754,44.0
PVC,38.33,4.08,0.424,silica fume,14.0,25.0,90.0,18.18,2.74,2.0,2147.0,3.44,0.588,37.7
PVC,2.29,9.57,0.416,GGBS,12.0,76.7,7.2,14.81,2.33,1.16,2375.8,2.25,1.242,42.8
PVC,22.32,4.87,0.452,fly ash,18.5,22.3,6.7,5.37,1.36,0.49,2249.4,3.3,0.839,26.9
PVC,19.49,1.34,0.48,GGBS,25.6,77.0,90.0,17.71,2.61,1.66,2269.2,3.15,0.9,39.3
PVC,6.01,0.98,0.52,fly ash,21.2,34.5,14.3,17.27,2.72,1.79,2314.1,4.0,1.211,32.9
PVC,4.71,4.09,0.585,GGBS,18.4,71.5,6.7,11.04,2.2,1.18,2339.8,3.84,1.23,31.1
PVC,38.34,1.6,0.526,GGBS,23.7,30.2,27.7,9.67,1.91,1.03,2103.5,4.31,0.494,24.6
PVC,8.02,11.23,0.519,silica fume,17.0,29.5,7.2,10.94,1.92,0.84,2300.6,2.97,1.224,38.5
PVC,32.22,2.03,0.359,fly ash,15.4,44.6,28.0,11.43,2.32,0.92,2141.5,3.05,0.678,37.5
PVC,29.91,9.5,0.475,silica fume,5.0,21.7,27.7,9.53,2.17,0.97,2199.9,3.38,0.696,29.1
PVC,28.82,0.57,0.441,none,0.0,62.0,89.7,17.35,2.76,1.51,2214.5,4.16,0.673,34.8
PVC,20.69,0.51,0.61,fly ash,12.5,25.0,28.2,7.62,2.06,0.83,2219.0,4.63,0.859,25.5
PVC,10.86,1.12,0.52,none,0.0,29.9,90.0,28.43,4.05,2.19,2246.2,4.08,1.08,38.5
PVC,9.66,3.84,0.421,GGBS,11.4,25.7,13.7,16.18,2.43,1.23,2309.7,2.73,1.112,45.3
PVC,31.33,5.32,0.542,none,0.0,31.7,14.4,6.09,1.52,0.53,2172.7,5.58,0.66,13.8
PVC,0.37,1.48,0.445,silica fume,18.0,42.4,90.0,57.4,5.56,4.5,2341.8,2.19,1.374,75.6
PVC,17.24,1.21,0.48,silica fume,16.8,66.1,28.4,10.63,2.48,1.0,2238.3,3.54,1.015,35.4
PVC,22.76,0.8,0.519,GGBS,22.0,19.8,14.0,6.41,1.62,0.52,2209.2,3.82,0.831,26.2
PVC,9.62,5.73,0.516,none,0.0,30.4,28.4,18.17,3.28,1.85,2315.6,4.19,1.098,33.2
PVC,20.37,1.35,0.35,none,0.0,45.6,3.0,5.0,1.3,0.54,2228.6,2.55,0.873,29.7
PVC,24.53,1.95,0.543,none,0.0,46.9,27.9,9.78,1.98,0.8,2238.7,4.67,0.808,22.6
PVC,15.77,3.3,0.465,none,0.0,22.4,6.7,5.11,1.26,0.5,2256.3,3.96,0.915,19.0
PVC,35.7,0.67,0.428,GGBS,28.2,65.2,13.6,9.5,1.48,0.9,2156.1,3.84,0.52,31.5
PVC,15.93,0.72,0.408,none,0.0,20.1,14.0,6.63,1.5,0.54,2265.0,3.29,0.948,28.1
PVC,4.05,0.72,0.531,GGBS,23.7,29.3,13.8,18.73,3.2,1.53,2319.0,3.31,1.214,38.3
PVC,5.86,1.51,0.397,fly ash,25.8,19.6,55.8,43.89,4.72,4.22,2367.9,2.52,1.116,62.9
PVC,22.88,6.46,0.495,GGBS,22.2,37.2,28.2,10.78,1.88,1.07,2199.6,3.57,0.812,32.4
PVC,38.88,1.61,0.509,silica fume,17.0,45.0,56.0,13.68,2.36,1.32,2143.5,4.09,0.468,32.5
PVC,14.12,9.59,0.418,silica fume,16.4,19.3,27.8,13.96,2.42,1.3,2266.3,2.35,1.033,43.1
PVC,29.73,9.17,0.411,none,0.0,30.5,27.6,10.57,2.11,1.09,2179.2,4.03,0.707,20.6
PVC,14.62,1.27,0.441,none,0.0,28.4,28.2,11.1,1.99,1.02,2275.7,3.5,0.987,35.2
PVC,15.94,6.33,0.553,silica fume,9.5,54.2,14.3,7.6,1.66,0.73,2241.0,3.68,0.996,31.0
PVC,32.91,8.27,0.459,fly ash,12.6,18.1,3.1,5.0,1.38,0.53,2142.9,4.02,0.669,25.4
PVC,36.89,1.1,0.573,GGBS,19.6,18.6,3.3,5.24,1.18,0.45,2194.9,5.16,0.592,20.0
PVC,38.98,7.84,0.425,fly ash,29.1,20.0,55.8,16.5,2.62,1.66,2165.9,4.1,0.582,32.0
PVC,10.04,0.82,0.415,none,0.0,63.9,6.5,10.19,2.02,0.9,2275.3,3.11,1.119,26.1
PVC,26.1,1.74,0.364,none,0.0,52.1,6.8,5.46,1.28,0.46,2222.4,3.28,0.736,31.0
LDPE,24.39,3.37,0.555,silica fume,11.8,26.5,89.8,15.53,2.83,1.69,2185.8,3.74,0.979,33.8
LDPE,38.55,1.99,0.429,none,0.0,43.9,7.0,5.09,1.25,0.44,2076.2,4.48,0.721,18.4
LDPE,4.23,5.59,0.496,GGBS,26.1,18.1,27.6,27.08,3.57,2.77,2355.1,3.15,1.266,49.4
LDPE,14.63,14.35,0.532,silica fume,10.7,27.0,14.5,10.07,1.97,0.88,2257.3,3.47,1.188,36.6
LDPE,30.1,1.48,0.448,GGBS,21.0,49.4,55.7,18.16,2.2,1.64,2174.9,3.46,0.882,44.4
LDPE,4.37,4.29,0.387,silica fume,12.6,72.8,7.0,17.47,2.76,1.77,2330.3,2.14,1.333,46.6
LDPE,29.19,7.95,0.48,fly ash,27.4,25.3,27.6,11.35,2.15,1.12,2138.3,4.02,0.872,30.9
LDPE,13.02,8.53,0.521,fly ash,15.2,28.1,28.5,18.02,3.2,1.48,2283.4,3.92,1.092,34.1
LDPE,37.25,12.43,0.381,none,0.0,44.4,27.5,13.58,2.21,1.48,2073.3,4.06,0.812,31.9
LDPE,13.91,1.52,0.392,silica fume,9.9,40.6,56.2,31.11,4.04,3.14,2253.9,2.23,1.156,59.8
LDPE,37.67,7.26,0.493,silica fume,8.6,74.6,7.3,5.2,1.55,0.5,2107.7,3.95,0.787,22.2
LDPE,3.96,12.8,0.549,none,0.0,49.7,28.0,22.66,3.62,1.71,2322.1,4.37,1.253,40.2
LDPE,1.88,2.42,0.581,fly ash,25.7,60.7,7.4,13.77,2.19,1.39,2294.0,4.38,1.203,29.5
LDPE,35.18,13.74,0.532,none,0.0,47.3,14.1,6.97,1.65,0.64,2124.7,5.15,0.819,15.9
LDPE,29.38,4.18,0.432,fly ash,27.1,23.4,28.5,12.49,2.19,1.1,2133.0,3.58,0.871,33.2
LDPE,36.99,2.44,0.407,GGBS,18.9,27.3,28.4,12.15,2.28,1.07,2157.8,3.67,0.827,29.5
LDPE,11.49,2.11,0.466,fly ash,22.9,18.1,13.8,15.79,2.63,1.57,2268.3,3.18,1.148,42.4
LDPE,24.53,1.81,0.419,fly ash,29.2,43.7,6.9,5.28,1.51,0.48,2160.6,3.45,0.878,26.4
LDPE,28.04,4.64,0.569,fly ash,24.0,23.7,28.0,9.78,1.78,0.98,2169.0,4.72,0.877,24.8
LDPE,0.71,1.48,0.605,silica fume,10.4,22.6,28.0,28.4,3.73,2.69,2380.6,3.88,1.4,48.8
LDPE,28.55,7.2,0.412,fly ash,15.0,56.8,55.8,17.95,2.9,1.61,2162.0,3.69,0.804,41.9
LDPE,9.93,6.24,0.496,silica fume,19.4,21.8,28.1,24.53,3.23,2.66,2304.1,2.86,1.174,50.6
LDPE,38.99,1.93,0.535,fly ash,10.6,26.2,14.0,6.46,1.34,0.6,2054.6,4.69,0.663,23.8
LDPE,12.67,1.49,0.464,none,0.0,37.5,6.7,8.1,1.76,0.76,2257.4,3.69,1.12,27.1
LDPE,32.72,3.68,0.426,silica fume,7.5,48.9,27.8,12.26,2.32,1.12,2143.9,3.03,0.845,39.2
LDPE,17.27,3.66,0.467,none,0.0,48.1,14.2,8.18,1.8,0.84,2210.7,4.06,1.089,28.5
LDPE,27.7,2.95,0.463,none,0.0,19.7,28.5,10.29,2.01,0.88,2143.0,4.6,0.865,22.4
LDPE,31.85,1.62,0.46,none,0.0,28.6,90.0,15.42,2.27,1.16,2097.7,4.41,0.838,26.4
LDPE,39.89,14.9,0.562,GGBS,12.3,43.3,28.1,9.27,1.96,0.99,2047.5,4.57,0.729,27.2
LDPE,23.67,8.35,0.489,silica fume,7.6,62.8,27.8,12.64,2.48,1.38,2209.8,3.32,0.996,38.2
LDPE,20.87,3.27,0.506,fly ash,23.3,27.9,89.6,17.93,2.72,1.37,2200.7,4.28,0.956,34.1
LDPE,33.84,8.42,0.456,none,0.0,21.1,3.0,5.0,1.34,0.42,2145.5,4.56,0.83,21.7
LDPE,13.39,13.62,0.466,fly ash,29.7,20.2,6.9,8.46,1.68,0.69,2266.7,3.64,1.078,30.7
LDPE,10.43,5.77,0.42,fly ash,10.1,53.3,6.7,10.96,2.24,0.93,2308.7,3.2,1.11,30.7
LDPE,34.66,2.39,0.5,fly ash,26.5,67.3,6.7,5.0,1.41,0.54,2091.2,4.15,0.746,26.6
LDPE,0.22,1.29,0.536,GGBS,27.2,21.2,7.0,12.37,2.3,1.15,2337.4,3.64,1.37,36.9
LDPE,18.46,7.59,0.525,GGBS,21.9,19.9,28.3,9.41,2.2,0.91,2231.2,3.49,1.093,29.1
LDPE,33.94,1.13,0.538,fly ash,28.3,24.4,28.2,11.01,1.68,1.15,2105.3,4.76,0.83,22.1
LDPE,9.26,2.45,0.5,silica fume,9.5,46.0,27.5,26.36,3.59,2.39,2281.6,3.18,1.274,44.9
LDPE,34.78,1.83,0.452,none,0.0,23.6,55.7,14.79,2.63,1.25,2112.0,4.39,0.843,26.5
LDPE,32.29,1.06,0.35,none,0.0,37.7,6.6,5.66,1.37,0.46,2106.5,3.21,0.827,31.3
LDPE,33.04,5.93,0.51,silica fume,15.8,75.9,7.3,5.24,1.43,0.48,2101.2,3.9,0.845,23.1
LDPE,35.53,1.75,0.417,none,0.0,23.9,56.2,14.96,2.62,1.49,2084.0,3.96,0.686,32.8
LDPE,10.03,1.73,0.414,fly ash,19.2,42.1,7.3,12.43,2.25,1.25,2251.7,2.84,1.117,40.7
LDPE,20.95,6.31,0.449,silica fume,9.0,29.6,3.0,5.62,1.29,0.54,2198.0,3.11,1.106,32.1
LDPE,2.02,7.99,0.391,fly ash,19.1,41.7,13.9,29.01,3.7,2.59,2370.0,2.59,1.259,52.7
LDPE,6.23,3.99,0.563,fly ash,18.2,63.0,6.6,10.22,2.1,0.96,2316.3,4.17,1.276,29.4
LDPE,36.88,1.18,0.542,fly ash,22.5,56.5,27.6,10.99,2.01,0.98,2085.5,5.2,0.74,23.6
LDPE,21.45,1.44,0.493,silica fume,17.8,28.1,55.9,14.97,2.62,1.37,2189.7,3.47,1.029,35.0
LDPE,31.04,7.21,0.575,silica fume,7.4,45.1,56.5,12.88,2.19,1.42,2138.9,4.26,0.846,28.1
LDPE,6.41,4.81,0.487,silica fume,16.7,46.8,28.0,27.74,3.51,2.62,2299.5,2.86,1.276,53.8
LDPE,19.97,1.61,0.391,none,0.0,40.5,28.2,11.21,2.08,1.19,2261.4,3.35,0.993,32.6
LDPE,11.05,2.13,0.431,GGBS,22.7,21.1,55.6,30.87,4.27,2.89,2275.0,2.93,1.149,56.5
LDPE,27.86,1.32,0.44,fly ash,14.5,39.3,13.7,7.9,1.78,0.63,2172.1,3.96,0.918,31.3
LDPE,12.67,3.89,0.551,none,0.0,49.8,55.7,24.15,3.29,2.39,2223.7,4.58,1.136,35.0
LDPE,26.66,4.78,0.539,GGBS,10.5,22.8,14.1,7.26,1.49,0.79,2157.1,4.32,0.978,25.3
LDPE,18.78,3.53,0.361,GGBS,25.8,27.8,3.5,5.41,1.44,0.41,2265.4,2.42,1.077,32.6
LDPE,7.6,2.0,0.508,none,0.0,44.7,6.9,9.78,2.1,0.93,2277.7,3.99,1.177,26.6
LDPE,8.87,14.73,0.438,GGBS,29.7,40.7,3.0,6.0,1.75,0.62,2304.9,2.29,1.198,33.0
LDPE,7.57,1.27,0.405,fly ash,24.0,22.3,28.1,28.99,3.8,2.29,2271.5,2.54,1.222,50.2
LDPE,38.49,5.84,0.501,fly ash,27.8,28.0,28.1,9.91,2.21,0.83,2059.6,4.59,0.707,28.6
LDPE,25.84,6.23,0.412,fly ash,21.3,29.3,13.7,8.55,1.81,0.65,2138.3,3.31,0.886,32.9
LDPE,16.37,5.23,0.375,GGBS,14.3,27.4,3.0,5.0,1.36,0.4,2255.5,2.61,1.082,28.8
LDPE,19.25,3.53,0.483,silica fume,15.1,18.6,7.4,5.15,1.33,0.52,2210.8,3.22,1.016,33.5
LDPE,26.18,12.64,0.479,fly ash,13.0,43.3,89.7,17.76,2.68,1.61,2144.8,4.07,0.888,29.2
LDPE,33.46,5.23,0.471,silica fume,17.1,66.9,7.1,5.0,1.43,0.52,2106.5,3.65,0.918,31.3
LDPE,12.32,2.69,0.565,none,0.0,31.7,55.7,23.28,3.31,2.49,2258.2,4.95,1.177,37.0
LDPE,17.8,5.77,0.37,silica fume,7.1,22.6,7.1,5.48,1.43,0.5,2253.2,2.06,1.116,40.2
LDPE,9.69,1.01,0.491,GGBS,24.4,22.4,3.2,5.96,1.14,0.47,2276.8,3.14,1.156,30.0
LDPE,6.07,1.3,0.513,fly ash,13.9,26.3,7.0,11.82,2.15,1.08,2317.5,3.72,1.187,35.0
LDPE,16.37,8.71,0.512,none,0.0,44.8,6.7,5.5,1.31,0.54,2250.6,4.53,1.09,14.7
LDPE,30.55,6.17,0.435,fly ash,20.8,22.6,55.5,15.11,2.69,1.47,2136.0,3.41,0.93,32.5
LDPE,28.11,3.2,0.375,fly ash,13.0,70.3,14.5,10.52,1.92,1.02,2203.8,3.28,0.896,29.3
LDPE,13.16,1.1,0.424,fly ash,11.5,18.4,55.5,26.24,3.7,2.33,2281.3,2.87,1.083,47.4
LDPE,22.96,1.49,0.385,silica fume,12.9,30.1,27.8,12.35,2.17,1.17,2209.5,2.65,1.052,40.7
LDPE,8.55,4.06,0.48,fly ash,23.7,21.2,89.5,42.02,4.92,4.28,2251.8,3.69,1.177,62.2
LDPE,15.21,2.64,0.377,silica fume,10.8,24.7,7.1,8.8,2.06,0.95,2250.1,2.47,1.168,36.0
LDPE,24.74,9.52,0.44,fly ash,19.9,38.3,27.5,12.94,2.18,1.12,2143.2,3.57,0.841,33.1
LDPE,26.81,1.28,0.581,none,0.0,21.3,27.5,8.52,1.87,0.85,2157.0,5.2,0.914,15.6
LDPE,16.84,1.9,0.582,silica fume,13.7,24.1,13.9,8.28,1.78,0.63,2202.1,3.75,1.09,25.8
LDPE,24.7,3.58,0.35,fly ash,14.6,21.1,27.9,13.41,2.43,1.05,2178.1,2.35,0.938,37.7
LDPE,17.23,8.22,0.501,fly ash,23.2,59.2,27.7,11.8,2.33,1.2,2233.7,3.92,1.053,31.4
LDPE,26.79,1.51,0.439,none,0.0,47.0,14.1,7.01,1.84,0.69,2144.4,4.02,0.92,21.1
LDPE,20.95,4.03,0.416,fly ash,15.2,29.2,13.6,8.08,1.66,0.69,2182.1,3.44,0.93,33.8
LDPE,30.06,3.98,0.488,fly ash,13.2,39.1,14.4,7.92,1.67,0.84,2094.4,4.24,0.773,33.6
LDPE,4.46,2.53,0.505,fly ash,27.7,29.6,3.3,7.44,1.55,0.63,2356.2,3.55,1.299,36.2
LDPE,24.31,10.37,0.41,none,0.0,30.0,56.2,15.59,2.74,1.67,2176.0,3.14,0.95,30.6
LDPE,33.4,1.09,0.615,fly ash,16.3,23.8,28.3,8.64,1.81,0.89,2097.5,5.8,0.819,20.4
LDPE,37.94,1.42,0.446,none,0.0,40.5,6.5,5.26,1.21,0.43,2094.4,4.5,0.706,23.1
LDPE,26.34,9.49,0.482,fly ash,23.1,39.2,6.6,5.22,1.3,0.47,2188.0,4.03,0.964,28.3
LDPE,24.31,12.38,0.545,fly ash,25.4,22.4,28.0,10.54,2.02,1.09,2220.4,4.63,0.894,26.2
LDPE,10.32,12.19,0.38,none,0.0,18.3,28.0,25.49,3.28,2.35,2289.4,2.04,1.268,47.6
LDPE,32.29,12.57,0.532,none,0.0,24.1,3.0,5.19,1.2,0.41,2109.9,4.75,0.86,19.5
LDPE,11.6,12.89,0.454,GGBS,15.5,77.6,27.7,25.19,3.49,2.21,2289.3,3.18,1.18,46.5
LDPE,39.23,14.19,0.536,GGBS,15.6,63.3,28.4,10.99,2.17,1.01,2074.2,4.94,0.764,28.9
LDPE,18.23,3.59,0.516,GGBS,19.8,20.8,14.3,6.89,1.59,0.55,2211.8,3.81,1.045,32.2
LDPE,16.35,1.59,0.357,none,0.0,75.9,7.2,7.53,1.56,0.8,2229.3,2.67,1.083,25.7
LDPE,5.67,12.94,0.401,fly ash,11.7,27.0,27.6,31.83,3.71,3.26,2339.4,2.41,1.164,52.6
LDPE,3.29,6.45,0.496,none,0.0,64.2,14.4,21.29,3.05,2.25,2336.4,3.8,1.316,33.7
LDPE,37.52,12.17,0.35,silica fume,7.8,49.6,14.0,10.92,2.09,0.89,2084.6,2.69,0.768,38.0
LDPE,33.08,1.35,0.562,none,0.0,18.9,27.8,8.0,1.82,0.69,2137.1,5.15,0.816,25.6
LDPE,34.64,12.74,0.398,fly ash,12.5,52.9,55.8,18.1,3.01,1.62,2156.6,3.92,0.738,37.5
LDPE,5.46,1.65,0.553,silica fume,8.2,23.1,28.5,26.22,2.85,2.46,2273.4,3.34,1.291,49.0
LDPE,34.83,1.89,0.444,silica fume,5.3,25.4,28.0,11.38,1.91,1.11,2073.3,3.61,0.783,34.3
LDPE,15.67,1.53,0.455,silica fume,17.7,26.5,7.0,7.51,1.54,0.57,2233.3,3.12,1.198,32.5
LDPE,17.3,1.36,0.558,silica fume,5.2,25.0,6.6,5.59,1.45,0.48,2209.2,3.67,1.093,31.3
LDPE,25.79,4.35,0.523,GGBS,21.4,51.5,3.2,5.34,1.27,0.45,2138.5,3.91,0.967,29.8
LDPE,32.32,2.51,0.591,silica fume,16.1,42.6,6.8,5.47,1.34,0.6,2100.6,4.84,0.943,28.4
LDPE,19.17,9.27,0.553,GGBS,26.0,22.4,55.9,15.27,2.12,1.41,2207.1,4.03,1.18,33.6
LDPE,22.8,2.7,0.428,GGBS,25.2,53.6,28.4,12.86,2.4,1.01,2221.8,2.96,1.001,37.6
LDPE,0.23,4.44,0.495,GGBS,14.7,29.4,28.1,29.98,3.4,2.81,2386.6,2.72,1.367,59.0
LDPE,15.46,1.7,0.457,fly ash,13.0,22.6,14.1,10.67,1.93,1.12,2263.7,3.45,1.076,29.8
LDPE,2.85,7.04,0.508,GGBS,16.0,74.7,28.5,31.41,3.58,3.2,2315.5,3.45,1.319,49.2
LDPE,22.58,2.03,0.42,none,0.0,49.1,14.1,8.03,1.59,0.63,2225.0,3.31,0.998,25.1
LDPE,1.63,2.52,0.398,GGBS,26.0,24.3,27.9,35.73,4.39,2.82,2344.2,2.32,1.281,57.8
LDPE,34.67,14.58,0.539,silica fume,16.9,23.0,27.9,10.82,1.78,0.82,2102.3,4.54,0.793,30.2
LDPE,39.38,1.48,0.438,GGBS,12.7,50.2,27.9,12.2,2.03,1.0,2076.7,4.1,0.678,29.0
LDPE,36.61,2.5,0.414,GGBS,29.7,46.8,27.7,13.06,2.33,1.18,2114.5,3.64,0.773,31.7
LDPE,15.21,9.1,0.364,GGBS,17.1,33.3,55.9,28.33,3.5,2.18,2245.3,2.04,1.114,51.9
LDPE,28.18,3.15,0.536,fly ash,20.0,24.3,89.7,14.41,2.68,1.51,2132.3,4.6,0.852,31.5
LDPE,36.18,1.69,0.585,GGBS,11.6,41.8,13.8,5.64,1.48,0.5,2068.6,5.03,0.785,18.8
LDPE,28.6,4.84,0.558,fly ash,27.6,18.2,56.4,12.52,2.17,1.22,2151.0,4.57,0.837,28.3
LDPE,25.87,1.21,0.447,fly ash,19.3,26.2,90.0,19.56,2.68,1.53,2155.3,3.83,0.825,39.4
LDPE,23.29,1.82,0.452,fly ash,21.0,24.9,28.3,10.07,2.15,0.96,2160.2,3.45,0.89,28.4
LDPE,17.61,1.98,0.482,silica fume,10.4,41.2,28.1,13.05,2.48,1.41,2221.4,3.19,1.144,30.7
LDPE,32.73,1.13,0.504,none,0.0,37.9,7.1,5.4,1.28,0.46,2114.8,5.01,0.871,26.3
LDPE,32.78,9.17,0.459,GGBS,23.4,26.5,28.5,10.93,2.09,1.1,2118.9,3.69,0.856,30.8
LDPE,27.22,2.54,0.466,GGBS,25.1,18.3,27.9,10.89,2.25,0.89,2119.6,3.31,0.888,36.8
LDPE,28.55,1.01,0.35,silica fume,6.1,27.3,55.6,16.39,2.99,1.33,2205.2,2.39,0.947,54.9
LDPE,8.66,3.83,0.491,none,0.0,54.2,14.4,16.45,2.77,1.79,2264.7,3.91,1.195,32.1
LDPE,31.03,1.05,0.385,GGBS,27.5,51.7,28.1,14.96,2.37,1.35,2154.8,2.92,0.9,39.9
LDPE,36.48,13.76,0.452,silica fume,10.8,26.4,6.7,5.0,1.42,0.54,2065.5,3.4,0.804,31.1
LDPE,39.87,3.04,0.545,silica fume,15.2,25.9,28.5,9.89,2.17,0.75,2061.0,4.29,0.724,25.4
LDPE,10.7,3.42,0.491,GGBS,17.5,40.0,27.9,21.21,3.09,2.03,2292.8,2.97,1.158,41.4
LDPE,36.97,5.47,0.65,silica fume,18.5,19.6,14.4,6.57,1.47,0.62,2084.7,5.04,0.715,22.2
LDPE,25.56,8.16,0.485,GGBS,17.5,25.7,55.7,14.87,2.59,1.57,2218.6,3.61,0.933,41.3
LDPE,16.65,3.7,0.577,fly ash,18.9,78.4,3.0,5.0,1.39,0.39,2217.6,4.94,1.099,25.1
LDPE,0.72,1.29,0.378,fly ash,15.9,21.0,28.3,32.58,4.75,3.53,2379.8,2.1,1.205,56.8
LDPE,19.82,5.34,0.35,silica fume,16.4,51.3,28.3,16.07,2.75,1.29,2215.2,2.29,1.103,39.9
LDPE,37.99,7.3,0.516,silica fume,18.2,33.7,13.9,7.53,1.73,0.66,2072.1,3.84,0.752,29.5
LDPE,19.69,1.18,0.385,silica fume,14.0,30.4,7.1,5.44,1.48,0.59,2249.6,2.76,1.066,37.4
LDPE,27.85,3.15,0.561,silica fume,10.2,22.7,56.3,13.99,2.28,1.05,2158.8,4.22,0.961,30.5
LDPE,17.56,3.6,0.35,none,0.0,29.1,56.3,17.35,3.24,1.35,2229.3,2.8,1.092,37.5
LDPE,29.65,5.72,0.472,GGBS,21.1,21.6,90.0,18.64,2.62,2.01,2174.3,3.28,0.882,39.1
LDPE,32.53,8.11,0.491,none,0.0,47.7,14.2,6.54,1.48,0.57,2117.8,5.02,0.815,20.5
LDPE,10.72,1.14,0.542,GGBS,16.2,48.8,14.4,16.35,2.56,1.79,2260.6,4.1,1.141,35.8
LDPE,23.73,1.02,0.516,GGBS,14.9,48.1,6.5,5.0,1.28,0.42,2187.3,4.53,0.97,25.9
LDPE,19.88,5.36,0.544,silica fume,18.8,45.9,6.6,5.0,1.32,0.43,2170.7,3.47,1.063,26.8
LDPE,34.28,5.25,0.433,fly ash,19.2,19.4,27.5,11.27,2.07,1.15,2101.0,4.16,0.781,33.0
LDPE,10.77,11.82,0.473,GGBS,27.1,22.9,27.8,23.81,3.26,2.35,2239.4,3.05,1.15,47.1
LDPE,11.04,5.64,0.476,silica fume,10.6,18.4,90.0,39.6,3.42,3.19,2247.2,3.09,1.3,60.2
LDPE,9.62,14.28,0.445,fly ash,13.3,18.2,28.3,24.85,3.4,2.19,2296.0,3.34,1.126,43.1
LDPE,22.51,1.18,0.49,silica fume,15.4,19.1,28.3,11.45,1.99,1.13,2190.3,3.64,0.997,36.2
LDPE,15.89,9.52,0.421,none,0.0,21.3,28.3,14.2,2.49,1.38,2276.3,3.48,1.082,34.4
LDPE,37.82,6.27,0.562,fly ash,12.7,25.8,7.1,5.41,1.24,0.44,2068.2,4.94,0.722,22.0
LDPE,37.45,1.98,0.432,fly ash,13.5,27.2,14.2,8.36,1.7,0.72,2072.6,4.09,0.753,25.9
LDPE,25.22,1.97,0.448,none,0.0,32.0,28.1,10.6,1.85,1.05,2174.9,4.06,0.969,29.3
LDPE,13.96,3.02,0.559,GGBS,10.9,23.5,28.3,14.97,2.49,1.63,2214.7,3.92,1.099,32.1
LDPE,12.59,13.67,0.426,fly ash,17.3,28.7,6.7,9.47,2.12,0.95,2273.2,3.26,1.097,37.1
LDPE,39.08,2.19,0.522,none,0.0,22.2,14.0,5.98,1.5,0.61,2104.9,5.64,0.734,12.4
LDPE,25.1,2.81,0.482,GGBS,18.4,20.4,3.0,5.17,1.35,0.49,2182.9,3.32,0.923,26.3
LDPE,25.75,9.49,0.466,silica fume,7.1,56.9,14.3,7.97,1.81,0.84,2168.8,3.14,0.987,32.2
LDPE,3.95,6.07,0.497,none,0.0,22.5,28.5,24.4,3.61,2.64,2328.2,3.22,1.252,39.6
LDPE,28.69,1.31,0.458,fly ash,20.9,28.0,56.4,15.37,2.27,1.51,2123.0,3.87,0.828,34.9
LDPE,20.27,2.34,0.511,silica fume,10.6,26.9,7.2,5.26,1.26,0.42,2226.4,3.66,1.023,27.9
LDPE,0.35,2.35,0.622,none,0.0,55.3,13.6,17.94,2.7,1.88,2351.1,4.92,1.453,23.9
LDPE,27.95,1.97,0.461,GGBS,12.4,29.5,28.4,10.01,2.17,0.8,2143.7,3.71,0.828,34.1
LDPE,14.35,1.77,0.535,none,0.0,20.6,28.2,14.64,2.58,1.24,2251.9,3.98,1.225,37.5
LDPE,1.35,6.15,0.446,fly ash,29.4,36.5,27.6,30.79,4.03,2.95,2348.6,2.84,1.284,50.7
LDPE,39.51,1.04,0.581,silica fume,9.1,46.4,7.1,5.23,1.24,0.55,2045.4,4.69,0.76,26.5
LDPE,17.94,3.22,0.424,silica fume,15.3,29.7,28.1,13.22,2.05,0.99,2195.6,3.23,1.074,39.6
LDPE,32.47,2.17,0.35,silica fume,9.1,26.7,7.4,6.56,1.32,0.68,2146.3,2.88,0.829,36.9
LDPE,19.09,1.65,0.479,silica fume,8.3,18.6,6.9,5.0,1.34,0.55,2208.6,3.17,1.043,30.4
LDPE,10.19,6.0,0.446,GGBS,24.2,20.9,14.1,15.88,2.81,1.46,2244.9,2.96,1.141,38.8
LDPE,30.62,1.21,0.507,fly ash,24.3,20.4,55.9,15.27,2.77,1.17,2152.3,4.85,0.797,30.0
LDPE,8.45,14.15,0.491,silica fume,8.3,68.8,7.0,11.58,2.11,1.1,2257.4,3.13,1.293,35.6
LDPE,39.91,5.28,0.43,none,0.0,19.1,28.1,10.87,2.17,1.05,2070.2,4.15,0.662,27.0
LDPE,24.64,1.1,0.452,none,0.0,28.1,7.3,5.0,1.3,0.5,2186.9,4.4,0.881,17.5
LDPE,3.35,1.18,0.535,fly ash,24.8,27.7,28.3,26.72,3.99,2.3,2343.2,3.59,1.23,45.6
LDPE,37.94,2.91,0.43,fly ash,28.6,28.6,28.0,12.69,2.27,1.07,2147.5,4.05,0.679,29.3
LDPE,12.41,1.66,0.393,GGBS,24.7,79.6,28.0,25.39,3.53,2.32,2302.6,2.69,1.124,45.9
LDPE,9.71,4.06,0.447,silica fume,11.4,42.3,6.7,12.55,2.07,1.36,2265.2,2.44,1.222,43.7
LDPE,30.35,12.58,0.473,GGBS,12.5,27.7,28.1,10.21,2.15,0.82,2133.4,3.61,0.92,29.4
LDPE,30.04,4.57,0.416,fly ash,20.9,49.7,6.7,5.33,1.47,0.49,2129.9,3.66,0.824,29.9
LDPE,23.91,1.32,0.492,none,0.0,28.2,7.4,5.33,1.44,0.45,2182.3,4.05,1.028,22.3
LDPE,27.05,1.32,0.649,silica fume,9.0,26.2,27.9,8.91,1.72,0.95,2180.2,4.84,0.931,29.6
LDPE,37.98,1.89,0.469,none,0.0,23.6,28.0,10.47,2.14,1.04,2085.1,5.17,0.692,25.1
LDPE,3.82,1.22,0.507,silica fume,10.5,27.5,3.2,6.6,1.68,0.59,2281.5,3.25,1.336,32.2
LDPE,22.33,8.82,0.525,silica fume,14.9,36.5,28.0,10.72,2.12,0.84,2187.3,3.47,1.044,30.8
LDPE,4.39,7.62,0.398,none,0.0,56.2,27.6,32.57,4.23,3.08,2306.1,2.58,1.308,54.5
LDPE,10.88,7.03,0.35,fly ash,23.3,24.0,27.9,28.86,3.18,2.25,2295.4,2.34,1.1,50.7
LDPE,21.29,1.63,0.588,silica fume,15.6,27.0,6.5,5.26,1.26,0.49,2155.1,4.69,1.009,23.1
LDPE,37.6,1.93,0.548,none,0.0,23.4,89.7,15.61,2.51,1.26,2030.5,5.43,0.738,24.9
LDPE,20.44,2.97,0.4,none,0.0,33.1,27.8,11.63,2.23,1.12,2215.4,3.31,0.937,30.6
LDPE,27.9,12.96,0.454,silica fume,19.9,20.8,7.3,5.37,1.41,0.48,2145.3,3.68,0.865,25.2
LDPE,35.86,6.69,0.549,GGBS,22.9,24.8,6.6,5.0,1.22,0.53,2075.5,4.45,0.777,22.8
LDPE,2.41,10.07,0.359,GGBS,29.7,64.7,6.7,17.19,2.76,1.68,2345.9,1.8,1.303,47.9
LDPE,13.18,14.85,0.495,GGBS,12.8,25.9,14.1,10.32,2.17,0.86,2277.6,3.29,1.22,31.2
LDPE,11.88,4.89,0.528,GGBS,24.4,22.9,27.5,20.75,3.29,1.83,2238.9,3.78,1.153,37.8
LDPE,10.3,2.16,0.497,GGBS,13.7,29.3,6.5,10.19,1.95,0.84,2279.9,3.44,1.212,37.9
LDPE,34.81,2.35,0.625,fly ash,18.0,29.9,28.1,9.52,1.73,0.98,2101.2,5.37,0.815,20.7
LDPE,9.77,4.62,0.615,silica fume,18.9,26.5,56.2,27.74,3.64,2.3,2262.7,4.15,1.238,43.4
LDPE,12.35,3.88,0.529,silica fume,14.8,27.8,55.6,26.85,3.76,2.94,2254.2,3.18,1.173,48.1
LDPE,25.25,6.1,0.525,GGBS,14.1,20.5,56.2,12.78,2.22,0.97,2151.0,4.0,0.991,24.2
LDPE,16.11,13.17,0.441,none,0.0,31.8,90.0,22.04,3.39,1.88,2233.2,3.65,1.083,41.5
LDPE,5.81,3.36,0.432,none,0.0,30.3,14.0,17.74,3.26,1.69,2300.9,3.0,1.281,38.8
LDPE,8.27,13.19,0.428,GGBS,11.6,20.4,28.0,25.46,3.31,2.13,2349.1,3.04,1.181,48.3
LDPE,26.56,3.1,0.545,fly ash,11.1,71.9,89.8,16.87,2.79,1.59,2132.0,4.59,0.888,33.5
LDPE,3.78,13.68,0.519,none,0.0,28.7,28.1,26.33,3.91,2.66,2342.6,4.25,1.34,34.5
LDPE,22.42,1.62,0.436,GGBS,19.6,25.9,27.7,10.15,2.29,1.09,2178.0,2.49,0.974,34.8
LDPE,15.97,6.84,0.367,none,0.0,25.9,28.0,15.14,2.42,1.25,2262.7,3.19,1.099,40.8
LDPE,10.81,2.84,0.369,silica fume,12.8,25.9,7.2,13.42,2.27,1.17,2249.1,2.02,1.216,45.1
LDPE,22.38,1.06,0.526,none,0.0,19.8,27.8,8.94,1.98,0.94,2191.6,4.84,0.952,22.3
LDPE,32.41,2.71,0.498,none,0.0,69.4,27.9,9.9,2.06,1.0,2092.8,4.6,0.862,22.8
LDPE,38.3,4.85,0.558,silica fume,7.2,29.3,56.0,13.69,2.26,1.49,2075.8,4.46,0.771,26.2
LDPE,27.51,4.85,0.353,fly ash,16.7,24.8,7.3,5.36,1.52,0.48,2211.0,2.94,0.944,29.4
LDPE,34.62,9.9,0.419,none,0.0,33.6,3.3,5.0,1.51,0.38,2124.9,3.85,0.814,25.7
LDPE,32.6,5.28,0.449,GGBS,13.7,32.8,27.6,11.4,2.19,1.09,2112.3,3.95,0.794,32.0
LDPE,15.59,4.52,0.436,silica fume,12.5,65.2,7.3,8.01,1.74,0.77,2252.5,2.57,1.043,39.6
LDPE,6.09,1.05,0.435,GGBS,21.3,27.4,13.6,20.94,2.85,1.92,2280.7,2.37,1.298,49.1
LDPE,37.37,4.02,0.507,GGBS,24.4,24.9,27.6,10.49,1.8,0.93,2080.4,4.37,0.728,30.7
LDPE,11.37,13.6,0.424,silica fume,18.6,22.2,28.4,27.94,3.47,2.47,2322.1,2.51,1.172,51.6
LDPE,16.83,5.43,0.519,none,0.0,29.6,27.5,10.51,1.87,1.13,2187.8,4.57,1.056,22.0
LDPE,12.77,4.27,0.424,none,0.0,18.3,7.1,8.53,1.77,0.79,2245.8,3.52,1.142,31.4
LDPE,16.18,7.69,0.439,none,0.0,59.1,27.5,14.23,2.77,1.34,2238.4,3.74,1.092,32.0
LDPE,36.54,9.99,0.394,none,0.0,47.4,27.9,11.07,2.21,1.02,2087.3,3.79,0.778,31.8
LDPE,8.92,2.54,0.413,none,0.0,29.9,28.5,27.41,3.77,2.27,2318.3,3.11,1.208,43.8
LDPE,9.58,9.08,0.504,none,0.0,50.3,27.7,22.77,3.25,2.29,2250.6,3.75,1.17,37.9
LDPE,28.16,5.54,0.471,silica fume,8.9,26.4,7.3,5.27,1.22,0.51,2156.9,3.27,0.86,35.9
LDPE,38.55,5.77,0.547,fly ash,11.4,29.9,6.5,5.0,1.26,0.49,2040.9,5.11,0.745,18.6
LDPE,20.76,1.87,0.439,GGBS,10.0,44.1,89.7,19.29,2.68,2.11,2244.4,3.11,0.964,42.2
LDPE,19.23,12.95,0.424,silica fume,13.9,24.7,56.1,17.03,2.83,1.3,2212.9,2.57,1.062,39.3
LDPE,35.2,5.19,0.429,fly ash,16.6,42.8,90.0,18.06,3.27,1.44,2089.9,3.59,0.782,39.6
LDPE,12.4,2.04,0.41,silica fume,15.8,19.8,28.4,26.74,3.14,2.1,2253.6,2.54,1.19,53.3
LDPE,30.95,2.7,0.552,GGBS,10.0,24.0,6.9,5.15,1.27,0.44,2129.1,4.6,0.833,22.3
LDPE,7.68,7.82,0.598,silica fume,8.8,25.5,7.1,9.25,1.99,0.74,2316.8,3.87,1.214,34.8
LDPE,27.38,2.16,0.51,none,0.0,43.3,28.0,10.4,1.95,0.81,2154.2,4.56,0.907,25.8
LDPE,7.52,5.58,0.497,none,0.0,19.6,7.0,9.11,2.35,0.75,2294.7,3.15,1.235,22.6
LDPE,33.79,11.35,0.564,GGBS,15.7,24.8,3.0,5.38,1.19,0.54,2112.0,4.29,0.791,24.4
LDPE,7.86,8.41,0.49,silica fume,6.4,73.0,7.1,12.8,2.31,1.18,2342.8,2.88,1.258,44.2
LDPE,16.42,1.78,0.601,GGBS,23.1,34.7,6.9,5.46,1.32,0.56,2250.3,4.15,1.103,25.3
LDPE,38.84,2.24,0.459,none,0.0,29.8,55.6,14.79,2.51,1.29,2077.7,4.76,0.78,28.6
LDPE,21.4,6.91,0.437,fly ash,24.2,33.1,7.0,5.0,1.39,0.46,2185.4,3.32,0.979,27.5
LDPE,11.21,2.7,0.57,silica fume,11.0,18.7,55.6,29.75,3.88,2.71,2280.7,3.68,1.238,50.1
LDPE,7.88,1.7,0.491,fly ash,26.4,23.0,55.9,36.64,4.36,2.86,2310.0,3.43,1.165,49.7
LDPE,36.93,1.24,0.371,fly ash,14.5,29.1,89.7,21.45,3.5,1.74,2089.9,3.5,0.746,39.1
LDPE,1.21,13.02,0.376,GGBS,10.2,35.8,28.2,38.78,3.99,4.13,2386.9,1.52,1.394,67.5
LDPE,17.22,3.17,0.585,silica fume,8.6,46.4,7.4,5.0,1.3,0.49,2239.4,4.0,1.09,24.6
LDPE,32.96,5.04,0.413,none,0.0,22.9,27.8,9.65,1.91,0.98,2164.9,3.95,0.786,27.4
LDPE,14.51,2.07,0.471,fly ash,13.3,18.8,28.0,15.71,2.46,1.3,2276.9,3.65,1.076,41.9
LDPE,19.63,12.98,0.515,none,0.0,18.4,28.2,8.65,2.0,0.95,2219.7,4.17,1.033,18.7
LDPE,30.76,8.89,0.35,silica fume,13.8,39.0,27.8,14.76,2.48,1.19,2116.6,2.05,0.89,43.7
LDPE,29.03,8.12,0.434,none,0.0,23.4,28.4,11.99,2.03,1.19,2157.4,3.83,0.934,26.6
LDPE,13.59,4.89,0.444,GGBS,12.8,28.6,28.2,19.82,2.92,2.0,2274.1,2.78,1.084,45.1
LDPE,4.91,3.78,0.579,fly ash,12.2,21.8,7.0,9.97,1.96,0.78,2264.1,4.11,1.279,30.6
LDPE,11.49,7.32,0.556,GGBS,12.2,19.6,28.1,17.76,2.81,1.9,2288.0,3.92,1.183,40.3
LDPE,14.84,1.01,0.577,fly ash,28.5,32.4,90.0,22.81,3.64,1.78,2263.5,4.39,1.123,36.5
LDPE,22.91,2.25,0.594,GGBS,25.5,52.2,14.2,6.78,1.7,0.54,2155.1,4.59,0.997,23.1
LDPE,9.07,10.62,0.472,none,0.0,24.6,27.7,22.96,3.14,2.28,2266.5,3.39,1.249,41.7
LDPE,22.28,11.62,0.437,silica fume,18.6,63.5,27.5,13.45,2.14,1.42,2184.3,2.72,1.014,34.3
LDPE,15.03,4.51,0.5,silica fume,14.0,69.9,27.5,17.5,3.12,1.58,2242.6,3.67,1.115,44.4
LDPE,12.3,14.24,0.399,GGBS,21.2,20.8,28.1,23.43,3.54,2.31,2242.6,2.41,1.178,48.7
LDPE,3.38,1.1,0.516,silica fume,8.6,33.5,13.6,20.3,2.81,1.76,2305.5,2.72,1.346,41.5
LDPE,34.81,14.72,0.452,silica fume,5.8,33.5,55.8,14.67,2.56,1.6,2083.0,3.81,0.787,36.5
LDPE,16.88,1.02,0.532,none,0.0,67.4,13.5,7.93,1.71,0.82,2190.3,4.88,1.096,24.1
LDPE,35.49,1.48,0.525,fly ash,15.5,19.8,7.3,5.24,1.4,0.44,2124.1,4.9,0.775,23.7
LDPE,6.72,2.64,0.416,silica fume,11.7,30.7,27.9,32.34,3.52,3.48,2313.7,2.08,1.352,60.5
LDPE,3.17,4.82,0.531,silica fume,13.7,19.3,55.9,37.81,4.31,4.08,2323.5,3.22,1.356,53.5
LDPE,27.74,6.67,0.35,silica fume,13.7,20.3,27.8,13.77,2.22,1.23,2209.8,2.42,0.952,45.4
LDPE,7.23,1.56,0.409,fly ash,23.6,29.0,28.2,32.16,3.73,3.1,2313.1,2.39,1.152,51.6
LDPE,21.17,1.97,0.477,none,0.0,30.4,7.2,5.0,1.31,0.54,2248.7,4.34,0.933,26.1
LDPE,34.44,1.19,0.496,none,0.0,73.4,27.6,11.52,2.07,0.99,2091.0,4.89,0.821,25.7
LDPE,6.57,12.88,0.415,fly ash,16.2,20.3,56.5,41.79,4.46,3.62,2295.1,2.51,1.201,59.4
LDPE,2.05,1.95,0.486,GGBS,12.8,23.6,90.0,49.52,5.24,5.15,2310.2,2.55,1.242,64.4
LDPE,35.9,1.14,0.5,silica fume,18.7,65.5,27.7,12.77,2.27,1.24,2102.8,3.52,0.736,41.3
LDPE,5.68,4.11,0.461,none,0.0,18.0,3.2,6.64,1.45,0.67,2313.7,3.56,1.198,27.8
LDPE,2.92,2.54,0.485,fly ash,18.0,27.9,3.0,6.25,1.57,0.5,2352.7,3.16,1.244,32.5
LDPE,31.17,6.4,0.48,silica fume,16.3,42.7,28.3,14.15,1.97,1.11,2172.3,3.4,0.919,36.8
LDPE,6.21,1.42,0.496,GGBS,28.7,40.8,56.2,37.7,4.86,3.03,2304.8,3.32,1.214,55.8
LDPE,15.41,7.51,0.523,fly ash,24.4,21.0,7.2,5.94,1.54,0.51,2265.5,4.17,1.066,27.9
LDPE,39.3,4.79,0.514,GGBS,16.7,19.0,27.8,9.72,1.72,0.82,2063.6,4.76,0.772,20.5
LDPE,20.81,1.88,0.464,GGBS,14.0,22.5,3.0,5.22,1.28,0.49,2223.4,3.54,0.988,30.5
LDPE,6.15,1.95,0.532,GGBS,29.3,24.4,6.9,11.51,2.08,1.23,2317.9,3.25,1.283,38.8
LDPE,22.4,4.08,0.449,silica fume,13.3,44.0,28.2,12.41,2.42,1.12,2221.3,3.2,0.996,41.1
LDPE,33.62,11.7,0.406,GGBS,17.5,37.8,27.8,11.51,2.43,0.95,2124.2,3.43,0.729,35.9
LDPE,16.82,2.38,0.567,none,0.0,30.4,28.2,9.04,2.07,0.97,2213.2,4.94,1.049,23.1
LDPE,17.56,5.68,0.394,none,0.0,23.8,3.0,5.71,1.37,0.62,2234.8,3.22,1.058,27.3
LDPE,8.18,11.88,0.52,fly ash,18.9,20.5,7.4,10.83,2.31,0.82,2277.2,3.55,1.206,36.5
LDPE,26.66,12.93,0.475,GGBS,29.0,28.3,3.0,5.0,1.16,0.54,2151.0,3.98,0.895,25.7
LDPE,37.78,1.56,0.506,none,0.0,35.4,56.0,13.82,2.38,1.1,2092.0,5.26,0.744,24.5
LDPE,0.99,14.75,0.504,none,0.0,19.0,56.2,33.31,4.19,2.71,2293.7,3.66,1.312,42.5
LDPE,2.87,2.19,0.398,fly ash,16.5,43.1,7.1,15.66,2.4,1.46,2346.8,2.51,1.185,45.5
LDPE,15.27,4.2,0.514,GGBS,14.2,24.8,14.0,10.47,1.89,1.14,2273.9,3.61,1.153,34.8
LDPE,11.01,4.0,0.483,fly ash,20.2,28.4,27.5,22.95,2.91,2.0,2278.8,3.33,1.045,45.5
LDPE,1.04,1.15,0.473,fly ash,24.9,26.7,90.0,51.83,5.69,4.3,2326.8,2.95,1.338,65.3
LDPE,26.14,7.13,0.415,silica fume,16.0,21.5,27.6,13.45,2.33,1.23,2198.2,2.87,0.962,37.7
LDPE,37.76,2.62,0.514,GGBS,27.9,18.7,28.3,10.1,2.1,0.86,2063.0,4.79,0.696,27.5
LDPE,16.39,1.03,0.479,none,0.0,18.1,27.5,10.89,2.22,0.88,2203.1,3.94,1.065,31.5
LDPE,10.94,7.42,0.443,GGBS,20.9,24.9,13.7,17.78,2.85,1.76,2309.6,2.79,1.138,41.3
LDPE,23.61,1.19,0.4,none,0.0,18.7,7.0,5.25,1.42,0.48,2193.8,3.72,0.867,27.7
LDPE,10.33,1.3,0.476,none,0.0,20.5,28.0,21.65,3.07,2.22,2284.7,3.32,1.185,38.1
LDPE,34.05,3.73,0.507,fly ash,12.0,23.8,28.0,9.65,1.88,0.81,2114.2,4.83,0.778,24.3
LDPE,20.12,12.28,0.444,none,0.0,33.7,28.3,11.11,2.11,1.0,2247.8,3.74,1.091,29.6
LDPE,0.91,9.45,0.382,GGBS,23.3,53.9,7.1,16.66,2.75,1.36,2383.4,2.21,1.268,44.5
LDPE,38.92,12.95,0.432,silica fume,11.0,25.4,28.3,12.75,2.28,1.27,2033.4,3.25,0.813,37.8
LDPE,6.4,10.36,0.547,silica fume,5.8,21.0,13.7,15.86,2.81,1.48,2304.7,3.11,1.29,41.6
LDPE,4.91,2.19,0.39,GGBS,21.7,35.2,13.9,25.05,3.46,2.04,2341.3,1.93,1.245,50.1
LDPE,0.02,9.48,0.353,silica fume,11.3,29.1,28.0,41.99,4.1,3.79,2343.4,1.41,1.32,66.7
LDPE,7.74,12.04,0.476,fly ash,20.4,28.1,89.9,40.87,5.43,3.09,2274.8,3.36,1.073,57.6
LDPE,24.97,2.66,0.469,silica fume,17.9,21.1,13.5,8.09,1.69,0.63,2207.3,3.38,0.914,29.5
LDPE,37.39,4.96,0.415,none,0.0,20.9,7.3,5.0,1.21,0.46,2129.8,4.37,0.85,17.7
LDPE,22.88,3.64,0.521,GGBS,17.7,46.3,14.0,7.47,1.61,0.61,2169.1,3.89,0.956,28.4
LDPE,27.94,11.57,0.589,GGBS,18.3,26.6,56.0,12.52,2.5,1.05,2119.2,4.31,0.858,31.8
LDPE,19.12,2.42,0.35,fly ash,29.9,57.5,56.2,22.12,2.76,2.06,2182.5,3.01,1.035,46.1
LDPE,33.81,3.65,0.423,none,0.0,29.5,7.1,5.65,1.29,0.49,2115.8,4.31,0.792,24.8
LDPE,16.82,4.06,0.398,none,0.0,38.7,27.9,12.87,2.06,1.2,2228.6,2.89,1.129,33.8
LDPE,27.84,1.98,0.413,fly ash,21.0,20.5,14.3,8.06,1.94,0.61,2196.4,3.66,0.821,24.1
LDPE,30.76,3.85,0.483,none,0.0,26.3,28.0,10.1,1.69,0.89,2102.7,4.78,0.912,27.0
LDPE,13.1,1.03,0.566,silica fume,14.1,29.4,13.7,11.63,2.11,1.14,2247.6,3.65,1.221,36.9
LDPE,18.56,7.14,0.426,GGBS,10.5,28.9,6.9,5.01,1.22,0.43,2235.0,2.75,1.048,32.8
LDPE,23.82,2.11,0.524,GGBS,26.8,25.8,28.1,10.05,2.32,1.07,2197.2,3.67,0.983,36.3
LDPE,2.48,1.16,0.636,GGBS,23.7,19.4,55.6,31.21,4.18,2.87,2314.5,3.88,1.252,46.2
LDPE,14.76,1.85,0.525,fly ash,10.1,31.4,6.7,6.53,1.62,0.68,2258.8,4.12,1.127,27.2
LDPE,7.1,3.16,0.534,fly ash,12.6,28.7,6.8,11.49,2.13,1.19,2291.2,3.92,1.163,34.0
LDPE,0.3,7.75,0.505,silica fume,7.4,20.6,13.7,20.88,2.9,1.78,2314.2,2.82,1.441,46.2
LDPE,16.79,2.73,0.571,silica fume,14.4,55.2,90.0,21.46,2.76,2.34,2198.7,3.47,1.151,43.7
LDPE,20.69,2.99,0.421,fly ash,13.4,28.3,55.7,16.48,2.7,1.24,2244.6,2.91,1.004,35.7
LDPE,24.89,2.8,0.517,GGBS,10.1,46.5,6.9,5.31,1.41,0.55,2177.8,4.06,0.989,28.1
LDPE,37.96,5.96,0.599,GGBS,16.2,36.0,55.9,12.41,2.45,1.24,2084.1,5.22,0.732,27.4
LDPE,9.73,2.71,0.543,fly ash,22.6,25.2,56.1,29.74,3.88,3.06,2287.0,3.41,1.188,51.6
LDPE,28.94,4.48,0.408,silica fume,8.8,21.6,6.8,5.14,1.19,0.5,2129.1,2.97,0.848,34.5
LDPE,31.46,13.69,0.486,none,0.0,29.6,28.3,10.18,2.03,1.1,2123.1,4.33,0.866,23.2
LDPE,12.58,7.67,0.625,none,0.0,56.6,7.1,6.79,1.64,0.58,2212.9,5.02,1.234,22.3
LDPE,32.17,8.34,0.471,none,0.0,18.5,6.7,5.4,1.19,0.53,2138.2,4.42,0.774,19.3
LDPE,36.95,4.61,0.508,none,0.0,42.3,90.0,14.92,2.63,1.32,2034.9,5.11,0.758,27.2
LDPE,5.95,2.43,0.426,none,0.0,74.0,28.3,31.41,3.93,3.08,2293.9,3.25,1.307,49.5
LDPE,12.46,12.22,0.426,fly ash,22.3,47.9,55.9,29.41,4.26,2.7,2237.1,3.22,1.087,51.5
LDPE,13.58,10.56,0.54,none,0.0,18.9,7.5,7.4,1.42,0.73,2238.3,4.29,1.174,19.8
LDPE,19.62,1.75,0.446,fly ash,21.2,28.0,27.8,10.78,2.19,1.16,2206.3,3.34,0.935,34.7
LDPE,23.13,1.02,0.498,fly ash,15.0,20.4,27.9,11.22,2.09,0.93,2159.3,3.9,0.981,30.9
LDPE,9.05,4.87,0.553,GGBS,24.0,21.0,7.4,10.63,1.89,0.89,2245.4,3.58,1.179,28.0
LDPE,23.99,1.73,0.456,silica fume,13.0,21.2,27.6,12.21,2.18,1.05,2182.2,3.17,0.973,37.3
LDPE,7.35,4.98,0.459,none,0.0,18.9,6.5,10.98,2.13,0.87,2271.3,3.82,1.23,31.6
LDPE,2.13,5.41,0.57,GGBS,29.3,22.3,28.0,28.87,3.57,2.77,2314.6,3.53,1.285,47.0
LDPE,11.46,1.37,0.484,none,0.0,25.4,13.5,13.27,2.63,1.2,2291.7,3.81,1.133,33.0
LDPE,6.89,14.93,0.47,none,0.0,49.2,6.7,11.24,2.17,1.05,2310.4,3.33,1.284,32.3
LDPE,21.44,2.94,0.386,silica fume,16.6,29.3,89.5,21.23,3.02,2.22,2187.7,2.27,1.034,44.1
LDPE,33.54,5.23,0.457,GGBS,18.3,20.0,28.2,11.21,1.98,1.14,2141.8,3.69,0.796,36.3
LDPE,25.55,2.34,0.433,silica fume,17.4,30.9,28.2,13.15,2.28,1.09,2188.8,3.06,1.007,41.1
LDPE,30.14,4.7,0.596,none,0.0,47.9,90.0,15.49,2.22,1.5,2116.8,5.58,0.843,20.3
LDPE,14.06,4.39,0.588,fly ash,10.1,29.7,55.6,20.42,3.07,2.13,2211.0,4.68,1.153,35.8
LDPE,21.05,3.2,0.45,fly ash,27.8,29.3,6.9,5.0,1.42,0.38,2249.8,4.04,0.933,27.6
LDPE,5.29,6.1,0.385,silica fume,18.0,55.2,89.8,60.76,5.64,5.64,2345.6,1.96,1.216,69.4
LDPE,25.84,1.33,0.546,none,0.0,40.5,55.8,13.41,2.2,1.19,2151.8,4.9,0.866,20.8
LDPE,15.87,9.14,0.521,none,0.0,28.7,6.8,5.22,1.36,0.48,2245.7,4.37,1.133,22.2
LDPE,16.46,1.59,0.458,fly ash,29.4,80.0,28.3,15.51,2.64,1.37,2229.3,3.32,1.001,28.9
LDPE,36.12,4.48,0.422,none,0.0,22.1,28.5,10.88,1.87,0.99,2070.6,4.22,0.746,24.1
LDPE,26.46,14.64,0.52,silica fume,10.8,18.5,14.5,7.28,1.7,0.6,2164.2,3.97,1.036,27.4
LDPE,5.91,1.18,0.6,none,0.0,35.6,28.1,23.79,3.54,1.81,2288.8,4.61,1.295,35.5
LDPE,23.86,2.16,0.451,GGBS,17.9,21.1,55.7,15.27,2.56,1.5,2182.8,3.54,0.939,36.9
LDPE,21.04,1.83,0.539,GGBS,23.8,27.5,90.0,16.25,2.74,1.59,2220.9,4.27,1.004,30.8
LDPE,22.36,7.55,0.482,silica fume,14.3,18.1,89.7,18.29,3.02,1.39,2216.8,3.33,1.028,39.5
LDPE,38.5,4.12,0.472,silica fume,14.0,21.5,27.5,10.31,2.16,0.78,2053.0,3.43,0.699,30.1
LDPE,37.3,3.4,0.35,fly ash,22.7,47.8,27.8,15.32,2.38,1.63,2082.2,3.33,0.682,42.4
LDPE,6.6,3.05,0.612,silica fume,12.5,19.1,7.0,9.9,1.73,0.87,2278.4,3.57,1.252,35.6
LDPE,36.31,6.44,0.486,silica fume,5.5,25.5,27.7,10.64,2.15,1.05,2092.0,3.87,0.765,33.0
LDPE,36.6,2.56,0.548,fly ash,19.6,29.5,28.2,9.66,2.03,0.86,2075.3,5.09,0.682,19.8
LDPE,5.48,10.43,0.516,none,0.0,24.4,6.8,11.1,2.11,1.02,2304.8,3.65,1.277,29.9
LDPE,25.37,6.14,0.516,GGBS,26.9,22.2,55.7,14.15,2.48,1.19,2117.1,3.87,0.964,30.3
LDPE,6.99,2.86,0.35,silica fume,8.3,20.5,27.9,35.79,4.78,3.07,2324.0,2.1,1.267,58.8
LDPE,38.55,1.29,0.434,none,0.0,21.9,27.6,9.77,2.27,1.0,2089.7,4.55,0.682,25.6
LDPE,15.67,5.47,0.464,none,0.0,71.9,90.0,24.6,3.14,2.38,2239.0,3.69,1.143,44.8
LDPE,24.62,8.82,0.556,none,0.0,24.3,56.4,12.62,1.95,1.13,2193.5,5.16,0.93,26.1
LDPE,36.06,6.28,0.455,none,0.0,18.9,90.0,16.73,2.62,1.32,2073.6,4.24,0.74,37.4
LDPE,22.21,8.84,0.352,fly ash,13.5,42.3,7.0,6.23,1.32,0.62,2211.7,2.67,0.966,34.3
LDPE,37.55,1.38,0.603,none,0.0,21.4,28.1,7.97,1.59,0.85,2070.0,5.84,0.707,14.2
LDPE,16.12,2.32,0.393,fly ash,29.9,20.4,28.0,17.41,2.57,1.75,2216.9,2.81,1.038,38.0
LDPE,21.56,6.9,0.476,fly ash,28.7,41.4,14.0,7.71,1.71,0.8,2212.9,3.93,0.985,31.2
LDPE,8.9,1.35,0.65,silica fume,11.4,66.9,28.4,22.09,3.64,1.79,2267.0,4.11,1.295,44.3
LDPE,12.54,3.6,0.35,fly ash,10.5,26.9,90.0,39.34,4.36,4.18,2280.0,2.21,1.053,60.3
LDPE,23.58,1.05,0.516,fly ash,27.6,22.6,28.1,9.37,1.82,1.0,2149.7,4.65,0.972,29.9
LDPE,4.71,2.28,0.487,none,0.0,22.6,3.0,5.25,1.34,0.43,2318.1,3.1,1.196,20.8
LDPE,24.63,11.74,0.567,GGBS,21.5,73.0,56.1,14.1,2.42,1.52,2177.3,4.58,0.962,33.1
LDPE,39.44,9.24,0.523,fly ash,14.1,18.2,14.3,6.25,1.53,0.55,2061.5,4.74,0.72,23.2
LDPE,17.69,3.8,0.434,none,0.0,35.3,56.2,13.6,2.4,1.02,2211.3,3.66,1.104,33.4
LDPE,30.45,2.9,0.399,none,0.0,27.4,27.6,12.01,1.98,1.26,2141.7,4.05,0.824,32.9
LDPE,2.29,9.0,0.53,silica fume,9.1,24.2,27.8,29.09,3.38,3.14,2325.5,3.08,1.365,50.5
LDPE,37.32,1.02,0.478,none,0.0,40.7,28.3,10.2,2.21,1.04,2056.8,4.96,0.774,23.1
LDPE,35.22,3.1,0.396,fly ash,20.0,29.1,14.2,9.18,1.96,0.99,2078.1,3.53,0.77,32.2
LDPE,12.14,6.12,0.611,silica fume,14.3,23.8,6.8,7.1,1.84,0.54,2218.2,4.01,1.159,28.9
LDPE,16.22,1.43,0.356,silica fume,9.6,47.2,28.0,18.94,2.73,1.43,2200.7,1.89,1.106,48.2
LDPE,24.42,1.81,0.419,GGBS,20.1,21.2,28.1,12.29,2.47,1.07,2142.6,3.25,0.948,36.8
LDPE,15.29,3.38,0.453,silica fume,15.4,18.6,7.3,6.6,1.63,0.54,2204.0,2.91,1.163,37.5
LDPE,9.06,6.51,0.475,GGBS,17.5,39.0,13.5,16.27,2.9,1.6,2284.0,2.71,1.136,39.4
LDPE,19.54,13.16,0.399,none,0.0,19.4,55.6,15.28,2.64,1.38,2207.4,3.27,0.989,37.4
LDPE,9.51,1.55,0.435,none,0.0,64.1,6.9,11.94,2.01,1.1,2298.6,2.81,1.131,33.5
LDPE,10.98,3.2,0.515,none,0.0,37.3,55.6,31.68,3.88,3.0,2299.4,3.83,1.147,37.8
LDPE,12.09,5.55,0.425,fly ash,29.2,40.9,55.7,34.62,3.79,3.07,2263.5,3.56,1.141,55.8
LDPE,8.52,1.96,0.465,GGBS,14.2,38.0,56.5,34.61,3.96,3.62,2294.2,2.68,1.149,56.0
LDPE,7.44,6.74,0.468,silica fume,19.4,26.0,13.9,19.92,2.9,1.57,2303.3,3.44,1.257,42.6
